"jp_text","kr_text"
子供は風の子、寒くても外で元気に遊ぶ。,"아이는 바람의 아이, 추워도 밖에서 씩씩하게 논다."
庭に木がたくさん生えている。,뜰에는 나무가 많이 자라고 있다.
外国の言葉を話せるようになりたい。,외국어를 할 수 있게 되고 싶다.
お盆には、親類一同が実家に集まる。,오봉(백중날)에는 친척 일동이 본가에 모인다.
彼女は、ピアノの演奏がとても達者だ。,그녀는 피아노 연주가 매우 능숙하다.
赤ちゃんにおしゃぶりをくわえさせると、すぐに泣き止んで眠った。,아기에게 쪽쪽이를 물려주자 금방 울음을 그치고 잠들었다.
赤ちゃんの夜泣きが激しくて、両親は寝不足の日々を送っている。,아기의 밤울음이 심해서 부모는 수면 부족인 나날을 보내고 있다.
とんでもないです。私たちも今来たところです。,천만에요. 저희도 방금 막 온 참입니다.
ビザの申請には、たくさんの書類が必要だ。,비자 신청에는 많은 서류가 필요하다.
会議で部長に名指しで意見を求められた。,회의에서 부장에게 지목당해 의견을 요구받았다.
試験で不正をすると厳しく処分される。,시험에서 부정을 하면 엄하게 처분된다.
水は透明な物質だが、海では青く見える。,물은 투명한 물질이지만 바다에서는 파랗게 보인다.
風邪をひいたのか、体が怠い。,감기에 걸렸는지 몸이 나른하다.
寒いから厚い靴下を履きます。,추우니까 두꺼운 양말을 신습니다。
話すのが好きな友達がいます。,이야기하는 것을 좋아하는 친구가 있습니다.
ここはうちの縄張だから、勝手に入るなと睨まれた。,여긴 자기 구역이라며 함부로 들어오지 말라고 노려보았다.
最近この辺りは物騒だから気をつけて。,요즘 이 근처는 뒤숭숭하니까 조심해.
トップバッターは私から失礼します。,첫 순서는 제가 실례하겠습니다.
事情を聞くと、彼に同情してしまった。,사정을 들으니 그에게 동정하게 되었다.
娘は来年、大学に進学する予定だ。,딸은 내년에 대학에 진학할 예정이다.
荷物は大小二つの箱に分けて送った。,짐을 크고 작은 두 상자로 나눠 보냈다。
棚の上にある本を取ってください。,선반 위에 있는 책을 집어 주세요。
こちらこそ、有意義な時間をありがとうございました。,저야말로 유익한 시간을 보내게 해주셔서 감사합니다.
彼はこの春入社した新人です。,그는 올봄에 입사한 신입입니다.
週末に家族で動物園に行った。,주말에 가족과 함께 동물원에 갔다.
渡る前に、右と左をよく見て。,건너기 전에 오른쪽과 왼쪽을 잘 보고.
白い雲が、空に浮かんでいる。,하얀 구름이 하늘에 떠 있다.
工事のためこの道はしばらく塞がっています。,공사 때문에 이 길은 한동안 막혀 있습니다.
被災地で無料の施療が行われた。,재난 지역에서 무료 진료가 이뤄졌다.
寒い冬に咲く赤い椿の花が印象的だった。,추운 겨울에 피는 붉은 동백꽃이 인상적이었다.
洋服をたたんで、タンスにしまう。,양복을 개서 장롱에 넣는다.
鉛筆の芯が折れたので、鉛筆削りを使った。,연필심이 부러져서 연필깎이를 사용했다.
社長夫人がパーティーに出席した。,사장 부인이 파티에 참석했다.
暗くて見えないので、電気のスイッチを入れた。,어두워서 보이지 않으니 전등 스위치를 켰다.
新しい靴を履いて出かけます。,새 신발을 신고 외출합니다。
産後は体がデリケートな時期なので、無理をせずゆっくり休むべきだ。,산후에는 몸이 예민한 시기이므로 무리하지 말고 푹 쉬어야 한다.
毎朝、子供と手を繋いで幼稚園に登園するのが日課になっている。,매일 아침 아이와 손을 잡고 유치원에 등원하는 것이 일과가 되었다.
この橋の構造について、エンジニアがわかりやすく説明してくれた。,이 다리의 구조에 대해 엔지니어가 알기 쉽게 설명해 주었다.
会議中、部長は不在だった。,회의 중에는 부장이 부재였다.
昨日は一日中雨が降っていました。,어제는 하루 종일 비가 내렸습니다。
作文の宿題で、夏の思い出を書いた。,작문 숙제로 여름의 추억을 썼다.
廊下は走らないで、静かに歩きましょう。,복도에서는 뛰지 말고 조용히 걸읍시다.
朝起きて、まず水道の水を一杯飲む。,아침에 일어나서 먼저 수도물을 한 잔 마신다.
バスが来るまでここで待ちます。,버스가 올 때까지 여기서 기다립니다。
便利にはなりましたが、昔ながらの景色が消えていくのは少し寂しいですね。,"편리해지기는 했지만, 옛날의 풍경이 사라져 가는 것은 조금 쓸쓸하네요."
魔法使いが竜を召喚した。,마법사가 용을 소환했다。
公園で犬と一緒に走ります。,공원에서 개와 함께 달립니다。
負債を減らすために事業を縮小した。,부채를 줄이기 위해 사업을 축소했다.
野球部は冬の間、下半身を鍛えるために徹底的な走り込みを行う。,야구부는 겨울 동안 하반신을 단련하기 위해 철저한 러닝 훈련을 실시한다.
この学部は社会人にも門戸を開いている。,이 학부는 직장인에게도 문호를 개방하고 있다.
親は子の健康を憂えるあまり、夜中に何度も様子を見に行った。,부모는 아이의 건강을 걱정한 나머지 한밤중에 여러 번 상태를 보러 갔다.
後ほど、改めてご挨拶に伺います。,"잠시 후, 다시 인사드리러 가겠습니다."
彼はその政権による迫害から逃れるために国を出た。,그는 그 정권의 박해를 피해 나라를 떠났다.
昨夜は睡眠時間が短く、とても眠い。,어젯밤은 수면 시간이 짧아서 매우 졸리다.
今回のセミナーには専門家を講師として招いた。,이번 세미나에는 전문가를 강사로 초청했다.
質実なデザインがかえって信頼感を与える。,소박하고 실속 있는 디자인이 오히려 신뢰감을 준다.
大きい犬も小さい犬も、どっちも可愛い。,"큰 개도 작은 개도, 둘 다 귀여워."
遠足で動物園に行きました。,소풍으로 동물원에 갔습니다.
公衆トイレはみんなで清潔に使いましょう。,공중 화장실은 모두가 깨끗이 사용합시다.
これからの世界がどうなっていくのか、少し不安に思う時があります。,"앞으로의 세계가 어떻게 될 것인지, 조금 불안하게 느껴질 때가 있습니다."
私は数学の問題を解くのが好きだ。,나는 수학 문제를 푸는 것을 좋아한다.
信用を失うのは一瞬だが、取り戻すのは難しい。,신용을 잃는 것은 한순간이지만 되찾기는 어렵다.
子どもたちは七夕の歌を歌いながら、星を探した。,아이들은 칠석 노래를 부르며 별을 찾았다.
彼はなんて図々しい人なんだろう。,그는 어쩜 저렇게 뻔뻔스러운 사람일까.
寺に布施を納めて、手を合わせた。,절에 보시를 드리고 두 손을 모았다.
祭りの日、稚児が鈴を鳴らして笑った。,축제 날 의식복을 입은 아이가 방울을 울리며 웃었다.
耳でよく聞きましょう。,귀로 잘 들읍시다.
田中さんのことは、山田さんからよく伺っています。,다나카 씨에 대해서는 야마다 씨에게서 자주 듣고 있습니다.
新製品の広告が駅のあちこちに貼られている。,신제품 광고가 역 곳곳에 붙어 있다.
今月の末に、家賃を払わなければならない。,이달 말에 집세를 내야 한다.
口を大きく開けて、歌を歌います。,입을 크게 벌리고 노래를 부릅니다.
自分でできることは、自分でやりましょう。,스스로 할 수 있는 일은 스스로 합시다.
この問題の意味が分かりません。,이 문제의 의미를 모르겠습니다.
彼の研究は環境保護に大きく貢献している。,그의 연구는 환경 보호에 크게 공헌하고 있다.
本当のことを話してください。,진실을 말해주세요.
祖母の寿を祝い、みんなで乾杯した。,할머니의 수(장수)를 축하하며 다 함께 건배했다.
風が強かったので、首にスカーフを巻いた。,바람이 강해서 목에 스카프를 둘렀다.
高度経済成長の裏では、公害も深刻化していた。,고도 경제 성장의 이면에서는 공해도 심각해지고 있었다.
この谷では棚田での耕作が今も続いている。,이 골짜기에서는 계단식 논에서의 경작이 지금도 이어지고 있다.
生まれた子に「海斗」と名付けた。,태어난 아이에게 ‘카이토’라고 이름 지었다.
地域ぐるみで少年の非行を防ぐ取り組みをしている。,지역 차원에서 소년 비행을 막기 위한 노력을 하고 있다.
夏の夜は花火をします。,여름밤에는 불꽃놀이를 합니다.
教育的見地から、その映像は放送されなかった。,교육적인 견지에서 그 영상은 방영되지 않았다.
子どもを甘やかすばかりでは、自分で考える力が育たない。,아이를 달래기만 하면 스스로 생각하는 힘이 자라지 않는다.
八百屋さんで野菜を買います。,야채 가게에서 채소를 삽니다.
渋が強い茶は、少し冷ますと飲みやすい。,떫은맛이 강한 차는 조금 식히면 마시기 쉽다.
焦らないこと。自分のペースで、自分が信じる道を進むのが一番だよ。,조급해하지 않는 것. 자신의 페이스대로 자신이 믿는 길을 나아가는 것이 최고야.
原油価格の変動が世界経済に大きな影響を与える。,원유 가격의 변동이 세계 경제에 큰 영향을 준다.
冬になると手がひどく荒れてしまう。,겨울이 되면 손이 심하게 텄다.
科学の実験はわくわくします。,과학 실험은 두근두근합니다.
ここは昔は畑だったが、今では草だらけの荒れ地だ。,이곳은 예전에는 밭이었지만 지금은 잡초뿐인 황무지다.
米寿のお祝いに、黄色いちゃんちゃんこを贈った。,미수(88세) 축하로 노란 조끼(찬찬코)를 선물했다.
我慢にも限度があることを分かってほしい。,참음에도 한도가 있다는 걸 알아 줬으면 한다.
けがをしたので、学校の保健室で手当てをしてもらった。,다쳐서 학교 보건실에서 치료를 받았다.
元首が公式訪問のために隣国を訪れた。,원수가 공식 방문을 위해 인접국을 찾았다.
いらっしゃい。初めてのお客さんだね。,어서 와. 처음 보는 손님이네.
いつもありがとうございます。,항상 감사합니다.
子供たちは泥だらけになって、夢中で泥遊びを楽しんでいる。,"아이들은 진투성이가 되어, 정신없이 진흙 놀이를 즐기고 있다."
彼は一晩で草稿を書き上げ、翌日に推敲を始めた。,그는 하룻밤 만에 초고를 써 올리고 다음 날 퇴고를 시작했다.
木枯らしが吹き、街路樹の葉が一気に散った。,나뭇잎을 말리는 찬바람이 불어 가로수의 잎이 한꺼번에 흩어졌다.
彼女は難病と闘って、少しずつ回復している。,그녀는 난치병과 싸우며 조금씩 회복하고 있다.
服装で自分の個性を表現したい。,옷차림으로 자신의 개성을 표현하고 싶다.
今回の調査結果は統計から除外された。,이번 조사 결과는 통계에서 제외되었다.
木の上に鳥の巣があります。,나무 위에 새 둥지가 있습니다.
理想の年の取り方って、どんなだと思いますか？,이상적인 나이 듦이란 어떤 것이라고 생각하세요?
いつまでも好奇心を忘れずに、新しいことに挑戦し続ける人でありたいですね。,언제까지나 호기심을 잊지 않고 새로운 것에 계속 도전하는 사람이고 싶네요.
美しい放物線を描いたシュートが、リングに吸い込まれていきます。,"아름다운 포물선을 그린 슛이, 링으로 빨려 들어갑니다."
兵士は小銃を肩にかけ、巡回に出た。,병사는 소총을 어깨에 메고 순찰에 나섰다.
先生のほうを見てください。,선생님 쪽을 보세요.
赤ちゃんを優しくぎゅっと抱きしめた。,아기를 부드럽게 꼭 껴안았다.
友達と一緒におにごっこをして遊ぶ。,친구와 함께 술래잡기를 하며 논다.
その話は外に出すな、と上司に念を押された。,그 이야기는 밖에 내보내지 말라고 상사에게 거듭 당부받았다.
土曜日は、朝からアニメを見る。,토요일은 아침부터 애니메이션을 본다.
〇〇社の佐藤様でいらっしゃいますね。,〇〇사의 사토 님이시군요.
女の子たちが縄跳びをしている。,여자아이들이 줄넘기를 하고 있다.
母の作る料理は世界一です。,어머니가 만드시는 요리는 세계 최고입니다.
一緒のテーブルになりましたね。よろしくお願いします。,같은 테이블이 되었네요. 잘 부탁드립니다.
険しい山道を登って、ようやく山頂にたどり着いた。,험한 산길을 올라 겨우 정상에 도착했다.
地震で倒壊した街の再建が少しずつ進んでいる。,지진으로 붕괴된 마을의 재건이 조금씩 진행되고 있다.
心身ともに健康であることが一番だ。,심신 모두 건강한 것이 최고다.
インターネットに接続して、最新のニュースを確認する。,인터넷에 접속해서 최신 뉴스를 확인한다.
時計が狂うと、一日の予定がすべて乱れてしまう。,시계가 틀어지면 하루 일정이 전부 어긋나 버린다.
去年の夏は、とても暑かった。,작년 여름은 매우 더웠다.
人の努力をすぐ貶すのはよくない。,다른 사람의 노력을 금방 깎아내리는 것은 좋지 않다.
一つ、二つ、三つと、おはじきを数える。,"하나, 둘, 셋 하고 구슬을 세다."
お片付けをしたら、おやつを食べようねと約束した。,정리 정돈을 하면 간식을 먹자고 약속했다.
諸君、今日は最後までしっかり聞いてほしい。,"제군들, 오늘은 끝까지 잘 들어주기 바란다."
彼は愛情に飢えていた子ども時代を振り返った。,그는 애정에 굶주렸던 어린 시절을 회상했다.
保育園に行く前に、「行ってきます」と手を振った。,"어린이집에 가기 전에 ""다녀오겠습니다""라며 손을 흔들었다."
避暑のために高原のペンションに泊まった。,피서를 위해 고원의 펜션에 묵었다。
新しいメンバーがプロジェクトに加わることになった。,새 멤버가 프로젝트에 합류하게 되었다.
春になると桜が咲きます。,봄이 되면 벚꽃이 핍니다。
切符を買って、電車に乗ります。,표를 사서 전철을 탑니다.
専門家の助言を受けて計画を見直した。,전문가의 조언을 받아 계획을 재검토했다.
親に連絡もせず心配をかけるのは不孝だ。,부모에게 연락도 하지 않아 걱정을 끼치는 것은 불효이다.
路上でパフォーマンスをする人たちに人だかりができていた。,길거리에서 퍼포먼스를 하는 사람들에게 인파가 몰려 있었다.
どうも最近集中力が続かなくて困っている。,요즘 영 집중력이 안 이어져서 고민이야.
悪いことをした後は、「ごめんなさい」と謝った。,"나쁜 짓을 한 뒤에는 ""미안합니다""라고 사과했다."
こちらの用紙にご記入ください。,이쪽 용지에 기입해 주십시오.
今は忙しいから、あとでゆっくり話そう。,지금은 바쁘니까 나중에 천천히 이야기하자.
昔の役所では、書類を謄写して記録に残した。,옛 관청에서는 서류를 베껴 써서 기록으로 남겼다.
カメラの瞬き検出が働いて、写真が撮り直しになった。,카메라의 눈깜빡임 감지가 작동해 사진을 다시 찍게 됐다.
既に決まった方針を今から覆すのは難しい。,이미 정해진 방침을 지금 뒤집기는 어렵다.
お腹いっぱい食べて、「ごちそうさまでした」。,"배불리 먹고 ""잘 먹었습니다""."
離れ島の宿は星空が格別だった。,외딴 섬의 숙소는 별하늘이 각별했다.
家で宿題の勉強をします。,집에서 숙제 공부를 합니다.
赤い車がブーブーって走ってる。,빨간 자동차가 빵빵하고 달리고 있어.
島民たちは台風に備えて船を固定した。,섬 주민들은 태풍에 대비해 배를 고정했다.
この国は資源の少ない島国だ。,이 나라는 자원이 적은 섬나라다.
朝は元気に「おはよう」と挨拶をする。,"아침에는 활기차게 ""좋은 아침""이라고 인사를 한다."
姉が絵本を読んでくれた。,누나가 그림책을 읽어주었다.
藤色のストールが、春の服にぴったりだった。,등색(연보라)의 숄이 봄옷에 딱 어울렸다.
彼はまだ若いが、白髪が目立つ。,그는 아직 젊지만 흰머리가 눈에 띈다.
彼は社会的なスティグマを恐れて、真実を話せなかった。,그는 사회적인 낙인을 두려워하여 진실을 말하지 못했다.
彼の現在の所在は誰も知らない。,그의 현재 소재는 아무도 모른다.
図書館の中では静かにしてください。,도서관 안에서는 조용히 해주세요.
最近、夜泣きがひどくて寝不足だ。,요즘 밤에 우는 것이 심해서 잠이 부족하다.
擂り鉢で胡麻を擂ると、いい香りがする。,절구(스리바치)로 깨를 갈면 좋은 향기가 난다.
飼っていたペットが死んで悲しいです。,키우던 반려동물이 죽어서 슬픕니다.
好きなキャラクターが嬉しい顔をしています。,좋아하는 캐릭터가 기쁜 얼굴을 하고 있습니다.
彼は、離婚をめぐって妻と訴訟を起こしている。,그는 이혼을 둘러싸고 아내와 소송을 벌이고 있다.
水道の管が古くなって取り替えが必要だ。,수도관이 오래돼서 교체가 필요하다.
赤ちゃんのために、安全な環境を整えることが大切だ。,아기를 위해 안전한 환경을 조성하는 것이 중요하다.
雪道での走行は、スリップしやすく危険だ。,눈길 주행은 미끄러지기 쉬워 위험하다.
安全第一という原則を忘れてはいけない。,안전 제일이라는 원칙을 잊어서는 안 된다.
パパにおんぶされて、嬉しそうだ。,아빠에게 업혀서 기쁜 듯하다.
丸い月が空に浮かんでいます。,둥근 달이 하늘에 떠 있습니다.
川で魚が泳いでいるのが見えます。,강에서 물고기가 헤엄치고 있는 것이 보입니다.
彼は掌中のスマホを見つめたまま、返事を迷っていた。,그는 손바닥 안의 스마트폰을 바라본 채 답장을 망설였다.
アニメが好きで、よく見ます。,애니메이션을 좋아해서 자주 봅니다.
女の子が花に水をやっています。,여자아이가 꽃에 물을 주고 있습니다.
作り置きは小分けして冷凍すると便利だ。,만든 반찬은 소분해 냉동하면 편리하다.
口座の不正利用を疑い、カードを凍結した。,계좌의 부정 사용을 의심해 카드를 동결했다.
新入社員は朝から張り切って仕事をしている。,신입사원은 아침부터 의욕적으로 일을 하고 있다.
彼は自分の祖先が有名な侍だと自慢している。,그는 자신의 조상이 유명한 사무라이라고 자랑하고 있다.
山中での遭難は凍死の危険が高い。,산중 조난은 동사 위험이 크다.
赤ちゃんの笑顔は家族みんなを幸せにする。,아기의 웃는 얼굴은 온 가족을 행복하게 한다.
ベビーベッドで一人で眠れるようになった。,아기 침대에서 혼자 잠들 수 있게 되었다.
人見知りが始まって、知らない人を見ると泣いてしまう。,낯가림이 시작되어 모르는 사람을 보면 울어버린다.
図書館の静かな書架の間を、気になる本を探して歩いた。,도서관의 고요한 서가 사이를 마음에 드는 책을 찾으며 걸었다.
今日は赤ちゃんの予防接種の日だ。,오늘은 아기 예방접종일이다.
公園の砂場で泥だらけになって遊んだ。,공원 모래밭에서 흙투성이가 되어 놀았다.
窓から外の景色を見ます。,창문으로 바깥 경치를 봅니다.
キャンプで、みんなで焚き火を囲んで歌を歌った。,캠프에서 다 함께 모닥불을 둘러싸고 노래를 불렀다.
彼女は成功しても決して自慢せず、いつも謙虚だ。,그녀는 성공해도 절대 잘난 체하지 않고 항상 겸손하다.
教師たちは学校の風紀の乱れを心配している。,교사들은 학교 풍기의 문란을 걱정하고 있다.
いやいや、こちらこそ。また来るよ。,"아니에요, 저야말로. 또 올게요."
食べ物を粗末にしないでください。,음식을 함부로(소홀히) 대하지 마세요.
お互いに少しずつ妥協して、合意点を見つけた。,서로 조금씩 타협해서 합의점을 찾았다.
毎朝コップ一杯の水を飲む。,매일 아침 컵 한 잔의 물을 마신다.
被災地への募金活動が駅前で行われた。,재해 지역을 위한 모금 활동이 역 앞에서 열렸다.
義理で参加した飲み会だったが、意外と楽しかった。,의리로 참석한 술자리였지만 의외로 즐거웠다.
山の上では冷たい気流が頬を打った。,산 위에서는 차가운 기류가 뺨을 스쳤다.
浴室の壁は、青いタイルで装飾されている。,욕실 벽은 파란 타일로 장식되어 있다.
階段で足を滑らせて倒れるところだった。,계단에서 발이 미끄러져 넘어질 뻔했다.
若い頃からジャズに傾倒している。,젊을 때부터 재즈에 심취해 있다.
彼女は淑女らしく、丁寧にお辞儀をした。,그녀는 숙녀답게 정중히 인사했다.
おしゃぶりがないと、なかなか寝付けない。,공갈 젖꼭지가 없으면 좀처럼 잠들지 못한다.
締め切りまであと三日しか残っていない。,마감까지 이제 사흘밖에 남지 않았다.
仕事が終わったらまっすぐ家に帰るつもりだ。,일이 끝나면 곧장 집에 돌아갈 생각이다.
彼の演説は聴衆を圧倒した。,그의 연설은 청중을 압도했다.
祖父の財産を相続することになった。,할아버지의 재산을 상속하게 되었다.
静かに本を読むなら図書館がいいです。,조용히 책을 읽으려면 도서관이 좋습니다。
じっくり考えれば、今やるべきことはそれほど多くないと分かる。,차분히 생각해 보면 지금 해야 할 일은 그리 많지 않다는 걸 알게 돼.
工事現場の音が騒々しくて集中できない。,공사 현장 소리가 시끄러워서 집중할 수 없다.
健康のために体力をつけたい。,건강을 위해 체력을 기르고 싶다.
日本の伝統的な部屋には畳が敷かれている。,일본의 전통적인 방에는 다다미가 깔려 있다.
よだれかけのおかげで、服が汚れずに済んだ。,턱받이 덕분에 옷이 더러워지지 않고 끝났다.
はい、山田ですが...どちら様でしたっけ？,"네, 야마다입니다만... 누구셨더라?"
そんな下品な冗談はやめてくれないか。,그런 저속한 농담은 그만해 줄래?
テーブルの真ん中に花瓶を置いた。,테이블 한가운데에 꽃병을 놓았다.
彼、今日はなんだか様子が変だね。,걔 오늘 뭔가 상태가 이상하네.
寝ている時の顔はまるで天使のようだ。,자고 있을 때의 얼굴은 마치 천사 같다.
夏は髪を短く切ります。,여름에는 머리를 짧게 자릅니다。
口をもぐもぐさせて、何か言いたそうだ。,입을 오물거리며 무언가 말하고 싶어하는 것 같다.
残りの席はわずかです。,남은 좌석은 얼마 없습니다.
親しい友だちと久しぶりに会って話し込んだ。,오랫동안 못 만난 친한 친구와 오랜만에 만나 수다를 떨었다.
医者が患者の胸に聴診器を当てて聴診している。,의사가 환자의 가슴에 청진기를 대고 청진하고 있다.
広い公園でサッカーをします。,넓은 공원에서 축구를 합니다。
彼の表情が変わる場面が特に印象的だった。,그의 표정이 바뀌는 장면이 특히 인상적이었다.
乳歯が抜けて、枕の下にそっと置いた。,유치가 빠져서 베개 밑에 살짝 두었다.
山で遭難しかけた災難を、今でも夢に見る。,산에서 조난당할 뻔한 재난을 지금도 꿈에서 본다.
追試の通知が来て、胸がどきっとした。,재시험 통지가 와서 가슴이 철렁했다.
見たい番組があるので、テレビのチャンネルを回した。,보고 싶은 방송이 있어서 TV 채널을 돌렸다.
寒い日はお風呂にゆっくり入ります。,추운 날에는 욕조에 느긋하게 들어갑니다。
我が家の長女は、今年で二十歳になりました。,우리 집 큰딸이 올해로 스무 살이 되었습니다.
古文の授業で、江戸時代の候文の手紙を読み解いた。,고문 수업에서 에도 시대의 후보문 편지를 해독했다.
厳密に言えば、その二つは同じ意味ではない。,엄밀히 말하면 그 둘은 같은 의미가 아니다.
雌しべに花粉が付くと、実ができる。,암술머리에 꽃가루가 붙으면 열매가 맺힌다.
巨大なクレーンがビルの建設現場で動いている。,거대한 크레인이 빌딩 건설 현장에서 움직이고 있다.
みんなで一緒に歌を歌いましょう。,다 함께 노래를 부릅시다。
火山の岩石を採取して成分を調べた。,화산암을 채취해 성분을 조사했다.
キラキラした目で、新しい世界を見つめている。,반짝이는 눈으로 새로운 세상을 바라보고 있다.
ママの鼻を触るのが好きみたい。,엄마 코를 만지는 것을 좋아하는 것 같다.
荷物の重量が制限を5キロも超過してしまった。,짐 무게가 제한을 5킬로그램이나 초과해 버렸다.
お風呂の時間だよ。アヒルのおもちゃで遊ぼう。,목욕 시간이야. 오리 장난감 가지고 놀자.
寺で経文を写し、心が静まった。,절에서 경문을 옮겨 적으며 마음이 가라앉았다.
風が強くて、木が揺れています。,바람이 강해서 나무가 흔들리고 있습니다。
虫を逃がしてあげたら、窓の外へ飛んでいった。,벌레를 놓아주니 창밖으로 날아갔다.
彼の浅ましい根性には、ほとほと嫌気がさした。,그의 한심스러운 근성에는 아주 싫증이 났다.
西の空に夕日が沈んでいきます。,서쪽 하늘로 저녁 해가 지고 있습니다.
新しい家族が増えて、家の中がにぎやかになった。,새로운 가족이 늘어 집안이 활기차졌다.
目をこすっているから、もう眠いんだね。,눈을 비비는 걸 보니 이제 졸린 거구나.
あの映画は世界中で愛されている名作だ。,그 영화는 전 세계에서 사랑받는 명작이다.
自由な言論は民主主義の土台だ。,자유로운 언론은 민주주의의 토대이다.
医師が内視鏡で喉頭の状態を詳しく観察した。,의사가 내시경으로 후두 상태를 자세히 관찰했다.
このジュースは、合成着色料を一切使用していません。,이 주스는 합성 착색료를 일절 사용하지 않았습니다.
彼は事故当時の状況を警察に詳しく口述した。,그는 사고 당시 상황을 경찰에 자세히 구두 진술했다.
彼は交通事故で足を負傷し、現在入院している。,그는 교통사고로 다리를 부상당해 현재 입원 중이다.
この装置は顕微レベルの微細な動きも測定できる。,이 장치는 현미 수준의 미세한 움직임도 측정할 수 있다.
新婚の二人は、毎日が幸せそうで、見ているこちらも微笑ましい。,신혼인 두 사람은 매일 행복해 보여서 보는 이쪽도 미소가 지어진다.
今昔の違いを比べる展示が面白い。,지금과 옛날의 차이를 비교하는 전시가 재미있다.
病気は、薬を飲んで大分よくなりました。,병은 약을 먹고 상당히 좋아졌습니다.
赤ちゃんの可愛い瞬間を写真に残しておきたい。,아기의 귀여운 순간을 사진으로 남겨두고 싶다.
子供向けの歌に合わせて、楽しそうに体を揺らしている。,어린이용 노래에 맞춰 즐겁게 몸을 흔들고 있다.
テレビのダンスを真似して、上手に踊っている。,텔레비전 댄스를 흉내 내며 곧잘 춤추고 있다.
赤ちゃんのために、肌触りの良い服を選んだ。,아기를 위해 감촉이 좋은 옷을 골랐다.
ああ、鈴木さん！ご無沙汰しています。,"아아, 스즈키 씨! 오랜만입니다."
飛行機は無事、定刻通りに空港に着陸した。,비행기는 무사히 정시대로 공항에 착륙했다.
小さなカフェを開いて、自分の好きな本を置き、お客様と語り合うのが夢です。,"작은 카페를 열어서 제가 좋아하는 책들을 두고, 손님들과 이야기를 나누는 것이 꿈입니다."
彼は日記に、その日の出来事を細かく記していた。,그는 일기에 그날의 일을 자세히 적고 있었다.
工場に入る前に安全講習を受けなければならない。,공장에 들어가기 전에 안전 강습을 받아야 한다.
打ち捨てられた古い寺は、静かに朽ちていく運命にあった。,버려진 오래된 절은 조용히 썩어가는 운명이었다.
将来の夢とか、これから挑戦してみたいことはありますか？,"장래 희망이라든가, 앞으로 도전해보고 싶은 것이 있나요?"
洗剤が残らないようによく濯いでください。,세제가 남지 않도록 잘 헹궈주세요.
日本語のものを数えるときには、助数詞の使い分けが難しい。,일본어로 사물을 셀 때는 조수사의 구분이 어렵다.
日差しが強いから、帽子をかぶって出かけようね。,햇볕이 강하니까 모자를 쓰고 나가자.
今日は一日中、とてもお利口さんでしたね。,오늘은 하루 종일 정말 착했네요.
人生の先輩として、何かアドバイスをいただけますか？,"인생의 선배로서, 무언가 조언을 해주실 수 있나요?"
そういう出会いがあるから、旅はやめられませんね。,그런 만남이 있으니까 여행을 그만둘 수가 없네요.
赤ちゃんを腕に抱いて優しく揺らした。,아기를 팔에 안고 부드럽게 흔들었다.
寝る前に「おやすみなさい」と言った。,"자기 전에 ""안녕히 주무세요""라고 말했다."
哺乳瓶でミルクを飲む時間が一番好きみたい。,젖병으로 우유를 마시는 시간을 가장 좋아하는 것 같아.
冷めたご飯を電子レンジで温める。,식은 밥을 전자레인지로 데운다.
この店は生ビールが美味い。,이 가게는 생맥주가 맛있다.
カラフルなおもちゃで遊ぶのが大好きだ。,알록달록한 장난감으로 노는 것을 아주 좋아한다.
台風接近のため、本日は臨時休業します。,태풍 접근으로 인해 오늘은 임시 휴업합니다.
アメリカ合衆国は50州からなる連邦国家だ。,미합중국은 50개 주로 이루어진 연방 국가다.
うちの子は本当に何をしても可愛い。,우리 아기는 정말 뭘 해도 귀여워.
彼は三回連続で優勝した。,그는 3회 연속으로 우승했다.
久しぶりに母校を訪れたら、懐かしい思い出が蘇ってきた。,오랜만에 모교를 방문했더니 그리운 추억이 되살아났다.
子供の成長は本当にあっという間だ。,아이의 성장은 정말 순식간이다.
週末は家でゆっくり過ごすか、或いは友人と出かけるつもりだ。,"주말에는 집에서 느긋이 지내거나, 혹은 친구들과 나갈 생각이다."
冬になると咽喉の痛みを訴える患者が増える。,겨울이 되면 인후통을 호소하는 환자가 늘어난다.
良いお天気になりましたね。,날씨가 좋아졌네요.
漁師が大きなマグロを釣り上げた。,어부가 커다란 참치를 낚아 올렸다.
コンビニは家の近くにあって便利です。,편의점은 집 근처에 있어서 편리합니다。
正月に祖母が甘い煮豆を作ってくれた。,설날에 할머니가 달콤한 조림콩을 만들어 주셨다.
はやく おうちへ かえろう。,빨리 집으로 돌아가자.
むかしむかし、あるところに おじいさんと おばあさんが いました。,옛날 옛적에 어느 곳에 할아버지와 할머니가 있었습니다.
青い空が広がっています。,푸른 하늘이 펼쳐져 있습니다.
日照りが続いて、畑の土がひび割れている。,가뭄이 계속돼 밭의 흙이 갈라져 있다.
私は、松本です。あなたは？,저는 마츠모토입니다. 당신은요?
彼は母国を離れ、遠い異国で新しい生活を始めた。,그는 모국을 떠나 먼 이국에서 새로운 생활을 시작했다.
会場には東西からファンが集まった。,회장에는 동서에서 팬들이 모였다.
またお会いできて嬉しいです。,다시 뵙게 되어 기쁩니다.
お父さんは毎朝コーヒーを飲む。,아버지는 매일 아침 커피를 드신다.
労働条件の改善を求めて、工場の従業員がストライキを起こした。,노동 조건 개선을 요구하며 공장 직원들이 파업을 일으켰다.
店で新しい鉛筆を買った。,가게에서 새 연필을 샀다.
箒で玄関の落ち葉を掃き集めた。,빗자루로 현관의 낙엽을 쓸어 모았다.
その言葉からどんなイメージを連想しますか。,그 말에서 어떤 이미지를 떠올리나요?
泣いている子供の頭を優しく撫で撫でして、落ち着かせてあげた。,울고 있는 아이의 머리를 상냥하게 쓰다듬어 진정시켜 주었다.
空港で円をドルに両替した。,공항에서 엔화를 달러로 환전했다.
閣僚のスキャンダルが続き、内閣支持率が低下している。,각료 스캔들이 이어지며 내각 지지율이 떨어지고 있다.
段々寒くなってきたから、コートを出した。,점점 추워져서 코트를 꺼냈다.
出発までまだ時間に余裕がある。,출발까지 아직 시간에 여유가 있다.
気象情報を確認してから登山計画を立てた。,기상 정보를 확인한 뒤 등산 계획을 세웠다.
年に一度のおまつり。,일 년에 한 번 있는 축제.
音楽フェスに行くのが楽しみです。,음악 페스티벌에 가는 것이 기대됩니다.
人類は、長い年月をかけて進化してきた。,인류는 오랜 세월에 걸쳐 진화해왔다.
冬は寒くて雪が降る。,겨울은 추워서 눈이 내린다.
兄は弟のめんどうをみます。,형은 남동생을 돌봅니다.
彼は協会公認のコーチとして活動している。,그는 협회 공인 코치로 활동하고 있다.
会社へ行くお父さん。,회사에 가는 아빠.
調査によると、結果は良好だった。,"조사에 따르면, 결과는 양호했다."
高校の化学の授業で、簡単な実験をして酸と塩基の反応を確かめた。,고등학교 화학 시간에 간단한 실험으로 산과 염기의 반응을 확인했다.
水は水素と酸素からなる元素だ。,물은 수소와 산소로 이루어진 원소이다.
近くの公園までさんぽします。,근처 공원까지 산책합니다.
朝食は豆腐と味噌汁でさっぱり済ませた。,아침은 두부와 된장국으로 담백하게 해결했다.
納豆はよくかき混ぜると香りがまろやかになる。,낫토는 잘 저으면 향이 부드러워진다.
すみません、ビールを追加でお願いします。,"실례합니다, 맥주 추가로 부탁합니다."
寿司屋のカウンターで、大トロの握りを注文した。,초밥집 카운터에서 오도로(참치 뱃살) 초밥을 주문했다.
車に気をつけてください。,차를 조심하세요.
白い雪が積もっている。,하얀 눈이 쌓여 있다.
今日の空は雲一つない。,오늘 하늘은 구름 한 점 없다.
田んぼで米をつくります。,논에서 쌀을 만듭니다.
図書館の本は、分野ごとに整然と並べられている。,도서관의 책은 분야별로 정연하게 정렬되어 있다.
七月は、七夕の飾り付けをする。,"7월은 칠석 장식을 한다."
八月は、夏休みで海に行く。,"8월은 여름방학이라 바다에 간다."
九月になると、少し涼しくなる。,"9월이 되면 조금 시원해진다."
十一月は、七五三のお祝いをする。,"11월은 시치고산 축하를 한다."
計画をたてて、勉強します。,계획을 세워 공부합니다.
元気よくあいさつをします。,활기차게 인사를 합니다.
犯人はその場で警察に拘束された。,범인은 그 자리에서 경찰에 의해 구속되었다.
銀行に預けると利子がつく。,은행에 예금하면 이자가 붙는다.
借金の利息が高すぎる。,빚의 이자가 너무 비싸다.
新しい美術館の構想が市から発表された。,새 미술관 구상이 시에서 발표되었다.
高齢化で村の耕地の多くが放置されている。,고령화로 마을의 경작지가 많이 방치되어 있다.
クモや水黽などの益虫は、害虫を食べてくれる大切な存在だ。,거미나 소금쟁이 같은 익충은 해충을 먹어 주는 소중한 존재다。
本当ですね。こうなったら、自己紹介でもしますか。,"정말이네요. 이렇게 된 거, 자기소개라도 할까요?"
夕日に照らされて、海面がオレンジ色に輝いている。,석양에 비춰져 해수면이 주황색으로 빛나고 있다.
長い抑圧の歴史が、この地域の文化に深い影響を与えている。,오랜 억압의 역사가 이 지역 문화에 깊은 영향을 주고 있다.
この単語の用法を例文と一緒に辞書で確認した。,이 단어의 용법을 예문과 함께 사전에서 확인했다.
家のとなりに公園があります。,집 옆에 공원이 있습니다.
雨が降ってきたので、傘をさします。,비가 내려서 우산을 씁니다.
彼は会議をきっちり仕切るタイプだ。,그는 회의를 꼼꼼히 주도하는 타입이다.
その提案は部長に一蹴された。,그 제안은 부장에게 일축당했다.
敵の攻撃を阻止するため、防御壁を築いた。,적의 공격을 저지하기 위해 방어벽을 쌓았다.
彼の主張は全く理にかなっていない。,그의 주장은 전혀 이치에 맞지 않는다.
パレードで学生たちが整然と行進していった。,퍼레이드에서 학생들이 질서 정연하게 행진해 갔다.
父は出勤前に駅の売店で夕刊を買うのが日課だ。,아버지는 출근 전에 역 매점에서 석간 신문을 사는 것이 일과다.
カーテンの隙間から朝の光線が差し込んできた。,커튼 틈으로 아침 햇빛이 들어왔다.
医療費の一部は所得から控除される。,의료비의 일부는 소득에서 공제된다.
彼女は怒って、ぷいとそっぽを向いてしまった。,그녀는 화가 나서 휙 하고 다른 쪽을 봐 버렸다.
飲酒のあとに運転しないのは、最低限のマナーだ。,음주 후 운전하지 않는 것은 최소한의 예의다.
祖母は昔の田舎暮らしを懐かしんでいる。,할머니는 옛날 시골 생활을 그리워하고 있다.
商品の在庫について電話で問い合わせがあった。,상품 재고에 대해 전화로 문의가 있었다.
お店のドアが閉まっています。,가게 문이 닫혀 있습니다。
窓を開けて、空気を入れ替えます。,창문을 열어 공기를 환기시킵니다。
天気が悪いと頭痛がする。,날씨가 안 좋으면 두통이 난다.
この問題は、少し調べれば容易に解決できる。,이 문제는 조금만 조사하면 용이하게 해결할 수 있다.
この国は多くの食料を海外から輸入している。,이 나라는 많은 식량을 해외에서 수입하고 있다.
緊急事態に備えて、適切な措置を講じる必要がある。,비상사태에 대비하여 적절한 조치를 강구할 필요가 있다.
この物件は、地元の不動産が仲介してくれた。,이 매물은 지역 부동산이 중개해 줬다.
失敗を恐れて浮き足立つと、かえってミスをしやすい。,"실패를 두려워하여 안절부절못하면(들뜨면), 오히려 실수를 하기 쉽다."
水素はクリーンなエネルギーとして注目されている。,수소는 깨끗한 에너지로서 주목받고 있다.
夜空の真上に明るい星が一つ輝いている。,밤하늘의 머리 위 한가운데에 밝은 별 하나가 빛나고 있다.
若い役者たちが、小さな劇場で全力の芝居を見せてくれた。,젊은 배우들이 작은 극장에서 온힘을 다한 연기를 보여 주었다.
財布の中には硬貨が少ししか残っていなかった。,지갑 안에는 동전이 조금밖에 남아 있지 않았다.
塩を水に溶かして、簡単な食塩水の溶液を作る。,소금을 물에 녹여 간단한 식염수 용액을 만든다.
彼は和よりも洋が好きで、家も洋風のインテリアにしている。,그는 일본식보다 양식을 좋아해서 집도 서양풍 인테리어로 꾸몄다.
先生が黒板の地図を指差して、重要な都市の位置を説明した。,선생님이 칠판의 지도를 손가락으로 가리키며 중요한 도시의 위치를 설명했다.
古い屋根から雨が漏る音が、夜通し静かに続いていた。,낡은 지붕에서 빗물이 새는 소리가 밤새도록 조용히 이어졌다.
液体を移し替える前に、清潔な容器を用意してください。,액체를 옮기기 전에 깨끗한 용기를 준비해 주세요.
彼は権威を憚ることなく、真実を語った。,그는 권위를 꺼리지 않고 진실을 말했다.
塵も積もれば山となる,티끌 모아 태산
お父さんは毎朝新聞を読みます。,아버지는 매일 아침 신문을 읽으십니다.
故あって、今回の計画からは身を引くことにしました。,어떤 사정이 있어 이번 계획에서는 물러나기로 했습니다.
彼は、思想の違いからその政治団体を脱退した。,그는 사상 차이로 그 정치 단체를 탈퇴했다.
牛乳がなかったので、スキムミルクで代用した。,우유가 없어서 탈지분유로 대용했다.
夕方、公園は子どもたちでいっぱいだ。,"저녁 무렵, 공원은 아이들로 가득하다."
彼女は日頃から倹約を心がけて、しっかり貯金している。,그녀는 평소에 검약을 실천하며 꼬박꼬박 저축하고 있다.
昔は、多くの女性がタイピストとして働いていた。,옛날에는 많은 여성이 타이피스트로 일했다.
毎日の充分な睡眠は、健康に不可欠だ。,매일의 충분한 수면은 건강에 필수적이다.
夏は海で泳ぐのが一番だ。,여름은 바다에서 수영하는 것이 최고다.
昨夜見た映画のラストシーンが、今でも頭から離れない。,어젯밤 본 영화의 마지막 장면이 지금도 머릿속에서 떠나지 않는다.
夏休みは短くて、あっという間に終わった。,여름방학은 짧아서 순식간에 끝났다.
郷土料理を味わうことは、その土地の文化を知る近道だ。,향토 요리를 맛보는 것은 그 지역의 문화를 아는 지름길이다.
セントラルドグマは、遺伝情報がＤＮＡからタンパク質へ流れる原則だ。,센트럴 도그마는 유전 정보가 DNA에서 단백질로 흐르는 원칙이다.
彼女は胸中を明かさず、ただ静かにうなずいた。,그녀는 속마음을 밝히지 않고 그저 조용히 고개를 끄덕였다.
原爆の悲惨さを後世に伝えなければならない。,원자폭탄의 비참함을 후세에 전해야 한다.
オートクレーブを用いて、培地や実験器具の滅菌処理を行った。,오토클레이브(고압 증기 멸균기)를 이용하여 배지나 실험 기구의 멸균 처리를 수행했다.
彼の話は、仮令がうまくて分かりやすい。,그의 이야기는 비유가 뛰어나서 이해하기 쉽다.
雨が止むのを待ってから、外へ出かけることにした。,비가 그치기를 기다렸다가 밖에 나가기로 했다.
厳密に言えば、その二つは同じ意味ではない。,엄밀히 말하면 그 둘은 같은 의미가 아니다.
統計データに基づく説明なので、かなり説得力がある。,통계 데이터에 기반한 설명이라 상당히 설득력이 있다.
ご注文はお決まりですか。,주문하시겠어요?
夏の午後、遠くの空に入道雲と呼ばれる巨大な積乱雲がもくもくと湧き上がった。,여름 오후 먼 하늘에 뭉게구름이라 불리는 거대한 적란운이 뭉게뭉게 솟아올랐다.
建て前としては反対だが、本音では賛成だ。,"원칙적으로는 반대지만, 속마음은 찬성이다."
甘いものがやめられないのは、砂糖中毒かもしれない。,단것을 못 끊는 건 설탕 중독일지도 몰라.
捕らぬ狸の皮算用,잡지도 않은 너구리의 가죽을 계산한다 (김칫국부터 마신다)
プライマリーカルチャーでは、生体から採取した細胞を初代培養する。,프라이머리 컬처(Primary culture)에서는 생체에서 채취한 세포를 초대 배양한다.
Ｇ蛋白質共役型受容体は、多くの医薬品の標的となっている。,G단백질 결합 수용체(GPCR)는 많은 의약품의 표적이 되고 있다.
彼の誠実な人柄は、多くの人から信頼されている。,그의 성실한 인품은 많은 사람에게 신뢰받고 있다.
彼はチャンスを掴むために力強くロープを握る。,그는 기회를 잡기 위해 힘껏 로프를 쥐었다.
昨夜は部屋が目茶苦茶になるまで友だちと騒いでしまった。,어젯밤에는 방이 엉망이 될 때까지 친구들과 떠들어 버렸다.
この植物は東南アジア原産だと言われている。,이 식물은 동남아시아 원산이라고 한다.
新しい品種のいちごは香りが強くて甘い。,새 품종의 딸기는 향이 진하고 달다.
その家は嫡流の系図を大切に保管している。,그 집안은 적통의 계보를 소중히 보관하고 있다.
カメラの絞りを開けて、背景を大きくぼかして撮影した。,카메라의 조리개를 열어 배경을 크게 흐리게 하고 촬영했다.
締め切りまでに原稿を書き上げなければならない。,마감까지 원고를 완성해야 한다.
この件を決める権限は、部長にしかない。,이 건을 결정할 권한은 부장에게만 있다.
突如、停電して部屋が真っ暗になった。,돌연 정전이 되어 방이 깜깜해졌다.
まあ、今回はこれでよしとしよう。,"뭐, 이번에는 이걸로 좋다고 치자."
秋になると、空が高く見える。,가을이 되면 하늘이 높아 보인다.
自然免疫系は特異性が低いものの、感染初期の防御に重要である。,"자연 면역계는 특이성이 낮지만, 감염 초기의 방어에 중요하다."
唐突に雨が降り出して、みんな走った。,갑자기 비가 쏟아져서 모두가 달렸다.
山の彼方に夕日がゆっくり沈んでいく。,산 너머로 석양이 천천히 지고 있다.
あのミスは彼にとって痛恨の一手となった。,그 실수는 그에게 뼈아픈 한 수가 되고 말았다.
投資信託の銘柄を分散してリスクを下げる。,투자신탁 종목을 분산해 리스크를 낮춘다.
彼は大学で商業を学んでいる。,그는 대학에서 상업을 공부하고 있다.
両国は安全保障の同盟を強化した。,양국은 안보 동맹을 강화했다.
殿様に仕える家来たちは、庭に整列して頭を下げた。,영주를 모시는 가신들은 정원에 도열해 머리를 숙였다.
激しい論戦の火蓋が切って落とされた。,치열한 논전의 포문(화개)이 열렸다.
魚の臭みを取るために、塩を振った。,생선 비린내를 잡기 위해 소금을 뿌렸다.
彼の筋肉は少なくて少し貧弱に見える。,그는 근육이 적어 조금 빈약해 보인다.
出かける前に、コートのベルトをきゅっと絞めた。,외출 전에 코트 허리띠를 꽉 조여 맸다.
上司がすぐ隣にいると、どこか煙たい雰囲気になる。,상사가 바로 옆에 있으면 어딘가 껄끄러운 분위기가 된다.
部屋の臭さが気になって、換気した。,방의 퀴퀴한 냄새가 신경 쓰여 환기했다.
"1980年代、そのアイドルは人気全盛を誇った。","1980년대 그 아이돌은 인기 전성기를 누렸다."
図書館の本は期限までに返却してください。,도서관 책은 기한까지 반납해 주세요.
重要な書類なので、念のため書留で送った。,중요한 서류라서 만일을 대비해 등기로 보냈다.
突然、雨が降り出した。,갑자기 비가 쏟아지기 시작했다.
成人式の晴れ着が華やかで、街が一気に明るくなった。,성인식의 정장(화려한 전통/격식 복장)이 화사해 거리가 확 밝아졌다.
来年の受験に向けて、毎日計画的に勉強している。,내년 수험을 위해 매일 계획적으로 공부하고 있다.
歴史上、多くの国で専制君主による政治が行われてきた。,역사상 많은 나라에서 전제 군주에 의한 정치가 행해졌다.
明日、健康診断を受けるから早めに寝る。,내일 건강검진을 받으니 일찍 잔다.
需要の余剰が生まれ、値下げが始まった。,수요의 잉여가 생겨 가격 인하가 시작됐다.
外はざあざあと激しい雨が降っていて、出かけるのをためらってしまう。,밖은 좍좍 세찬 비가 내리고 있어 외출하기가 망설여진다.
一年の暮れになると、街にイルミネーションが灯る。,한 해가 저물 무렵이 되면 거리에 일루미네이션이 켜진다.
道端に小さな花が咲いていて、思わず写真を撮った。,길가에 작은 꽃이 피어 있어 무심코 사진을 찍었다.
雪道で滑らぬよう、足元を確かめながら進んだ。,눈길에서 미끄러지지 않게 발밑을 확인하며 걸었다.
浴室の排水溝に髪の毛が溜まって、水の流れが悪くなっている。,욕실 배수구에 머리카락이 쌓여 물이 잘 빠지지 않는다.
愛猫が膝の上で丸くなった。,애묘가 무릎 위에서 동그랗게 말았다.
この放送は標準語で行います。,이 방송은 표준어로 진행합니다.
カップラーメンが出来上がるまで、タイマーを3分にセットした。,컵라면이 완성될 때까지 타이머를 3분으로 설정했다.
猫がたくさんいますね。,고양이가 많이 있네요.
彼は冗談のつもりで友人の肩を指で突くと、みんなが笑い出した。,그는 장난삼아 친구의 어깨를 손가락으로 쿡 찌르자 모두가 웃기 시작했다.
刺身は生で食べるとおいしいが、衛生面には十分な注意が必要だ。,사시미는 날것으로 먹으면 맛있지만 위생 면에 충분한 주의가 필요하다.
霧の中を汽船の汽笛が響いた。,안개 속에 증기선의 뱃고동이 울려 퍼졌다.
広場では週末の市が開かれ、花でいっぱいだった。,광장에서는 주말 장이 열려 꽃으로 가득했다.
若い将校たちが式典で一斉に敬礼した。,젊은 장교들이 식전에서 일제히 경례했다.
結婚式で祖母の着物を借りて、背筋が伸びた。,결혼식에서 할머니의 기모노를 빌려 입으니 자세가 바로 섰다.
工事現場の前には注意を促す標識が立っている。,공사 현장 앞에는 주의를 환기시키는 표식이 서 있다.
新人チームは序盤から苦戦している。,신인 팀은 초반부터 고전하고 있다.
大切な贈り物を色紙で丁寧に包む。,소중한 선물을 색종이로 정성껏 싼다.
テーブルの下で犬が寝ています。,테이블 밑에서 개가 자고 있습니다.
愛猫の写真を毎日撮ってしまう。,애묘 사진을 매일 찍게 된다.
俳優たちは、台本を読みながら演技の練習をしている。,배우들은 대본을 읽으며 연기 연습을 하고 있다.
公園には滑り台とブランコがあります。,공원에는 미끄럼틀과 그네가 있습니다。
ご飯を蒸らす時間が短いと、芯が残る。,밥을 뜸들이는 시간이 짧으면 설익은 부분이 남는다.
奇数と偶数の違いを子どもにも分かるように説明した。,아이도 이해할 수 있도록 홀수와 짝수의 차이를 설명했다.
読者コーナーへの投稿が思いのほか多く寄せられた。,독자 코너로의 투고가 예상 외로 많이 도착했다.
この条件に当てはまる人は審査から除外される。,이 조건에 해당하는 사람은 심사에서 제외된다。
木材を組み立てて本棚を作った。,목재를 조립해서 책장을 만들었다.
新規プロジェクトに着手して、まず要件を洗い出した。,신규 프로젝트에 착수해 먼저 요구사항을 정리했다.
彼女は無垢な心を持っている。,그녀는 순수한 마음을 가지고 있다.
党大会では、新しい綱領が賛成多数で採択された。,당대회에서 새로운 강령이 찬성 다수로 채택되었다.
怪我の具合は大分良くなりました。,상처 상태는 상당히 좋아졌습니다.
パン生地に酵母を加えると、ゆっくりと膨らみ始めた。,빵 반죽에 효모를 넣자 천천히 부풀기 시작했다.
政府は綱紀粛正を掲げ、公務員の不祥事防止に取り組んでいる。,정부는 기강 확립을 내세워 공무원의 비리를 방지하려 노력하고 있다.
ダイヤモンドは、炭素からできている。,다이아몬드는 탄소로 이루어져 있다.
村はとても静かなところです。,마을은 매우 조용한 곳입니다.
締め切り前日になっても、原稿がまだ書き終わらない。,마감 전날이 되어도 원고를 아직 다 쓰지 못했다.
彼は歴史に強い興味を持ち、休日には博物館巡りをしている。,그는 역사에 강한 흥미를 느껴 휴일마다 박물관을 돌고 있다.
北の国は冬がとても寒いです。,북쪽 나라는 겨울이 매우 춥습니다.
彼は人前で話すことを嫌うので、大勢の前には立ちたがらない。,그는 사람들 앞에서 말하는 것을 싫어해 많은 사람 앞에 서려 하지 않는다.
敵と戦う時間は短い。自分との戦いは長い。,적과 싸우는 시간은 짧다. 자기 자신과의 싸움은 길다. - 스기하라 테루오
工事現場ではヘルメットの着用が義務だ。,공사 현장에서는 헬멧 착용이 의무다.
南の島は暖かくて、海がきれいです。,남쪽 섬은 따뜻하고 바다가 예쁩니다.
神宮の参道にある神社で祈り、神通力を授かれると聞いた。,신궁 참도에 있는 신사에서 기도하면 신통력을 받을 수 있다고 들었다.
手術前に既往症を詳しく申告してください。,수술 전에 기왕증을 자세히 신고해 주세요.
甘いものを食べ過ぎると血糖が急に上がることがある。,단 것을 너무 많이 먹으면 혈당이 갑자기 오를 수 있다.
便利さを追求するあまり、安全面がおろそかになるという盲点があった。,편리함을 추구하는 나머지 안전 면이 소홀해지는 맹점이 있었다.
すぐに応急処置を施した。,즉시 응급처치를 했다.
赤と白の組み合わせはシンプルで目立つ。,빨간색과 흰색의 조합은 심플하면서도 눈에 띈다.
写真を撮るのが趣味です。,사진 찍는 것이 취미입니다.
部下を従えるには、まず自分が誠実であるべきだ。,부하를 거느리려면 먼저 자신이 성실해야 한다.
大事故を免れて本当に幸運だった。,큰 사고를 면해서 정말 다행이었다.
森の中を探検します。,숲속을 탐험합니다.
天気がいいので、そとであそびます。,날씨가 좋아서 밖에서 놉니다.
新しいシステムを既存の業務フローに組み込む。,새 시스템을 기존 업무 흐름에 끼워 넣는다.
海の生き物を観察します。,바다 생물을 관찰합니다.
四つ葉のクローバーを見つけた。,네잎 클로버를 찾았다.
行動の価値は、その行動がもたらす結果によって測られるべきだ。,"행동의 가치는, 그 행동이 가져오는 결과에 의해 측정되어야 한다. - 마키아벨리"
空いたお皿をお下げしてもよろしいでしょうか。,빈 접시를 치워도 괜찮을까요?
温かいおしぼりで手を拭いてください。,따뜻한 물수건으로 손을 닦으세요.
来客用に茶菓を並べて、急いで部屋を整えた。,손님용 다과를 차려 놓고 서둘러 방을 정돈했다.
実験室で窒素を扱うときは、換気と防護具が欠かせない。,실험실에서 질소를 다룰 때는 환기와 보호구가 필수다.
池のほとりで鳥が嘴で水をすくって飲んでいる。,연못가에서 새가 부리로 물을 떠 마시고 있다.
事故で高速道路が渋滞し、到着が遅れた。,사고로 고속도로가 정체되어 도착이 늦었다.
自分を必要以上に卑下する必要はない。,스스로를 필요 이상으로 비하할 필요는 없다.
行列でも秩序を守れば、待ち時間は苦にならない。,줄에서도 질서를 지키면 기다림이 덜 힘들다.
小さな努力の蓄積が、いつか大きな差になる。,작은 노력의 축적이 언젠가 큰 차이가 된다.
信頼は一日では築けない。,신뢰는 하루아침에 쌓이지 않는다.
風が強くて、帽子が飛ばされそうになった。,바람이 세서 모자가 날아갈 뻔했다.
ゴール前で味方に素早くパスを出した。,골문 앞에서 동료에게 재빨리 패스를 내주었다.
今回のテストで、成績は甲だった。,이번 시험에서 성적은 갑(최고 등급)이었다.
夕日が沈む渚を二人で歩いた。,석양이 지는 물가를 둘이서 걸었다.
北の国から、冷たい風が吹いてくる。,북쪽 나라에서 차가운 바람이 불어온다.
市内をいくつかの区域に分けて防災訓練を行う。,시내를 몇 개 구역으로 나누어 방재훈련을 실시한다.
この管には温水が流れている。,이 관에는 온수가 흐르고 있다.
週末には祖父とゆっくり碁を打つ。,주말에는 할아버지와 천천히 바둑을 둔다.
強い風がふいています。,강한 바람이 불고 있습니다.
六つの卵が、巣の中にあった。,여섯 개의 알이 둥지 안에 있었다.
明日の発表を考えると憂鬱な気分になる。,내일 발표를 생각하면 우울한 기분이 든다.
授業中に窓の外を眺めながら空想にふけっていた。,수업 중 창밖을 보며 공상에 잠겨 있었다.
散歩をしながら、きれいな花を見つけた。,산책을 하다가 예쁜 꽃을 발견했다.
将来のことを漠然と考えて、不安になった。,장래에 대해 막연히 생각하다 보니 불안해졌다.
鳥が空を自由に飛んでいる。,새가 하늘을 자유롭게 날고 있다.
春は山の緑がきれいだ。,봄은 산의 초록이 아름답다.
申込書に住所を書いてください。,신청서에 주소를 적어 주세요.
社員のモチベーションを高める工夫が必要だ。,직원들의 동기 부여를 높일 수 있는 장치가 필요하다.
新しい事業を始めるために、銀行から融資を受けた。,새 사업을 시작하기 위해 은행에서 융자를 받았다.
指示書を逐一確認してから、機械のスイッチを入れた。,지시서를 하나하나 확인한 뒤 기계 스위치를 켰다.
地震で家が揺れた。,지진으로 집이 흔들렸다.
その説明は妥当で、誰もが納得した。,그 설명은 타당해서 모두가 납득했다.
祝い酒で酔って、つい本音を漏らした。,"축하 술에 취해, 그만 속마음을 흘렸다."
試験前の徹夜は健康には禁物だ。,시험 전 밤샘은 건강에는 금물이다.
私は辛い食べ物が好きです。,저는 매운 음식을 좋아합니다.
新年の出初め式で梯子乗りを見た。,새해 소방 출초식에서 사다리 타기 시범을 봤다.
畜産の現場では、子牛の体調管理が何より大切だ。,축산 현장에서는 송아지의 건강 관리가 무엇보다 중요하다.
環境問題への関心が世界的に高まっている。,환경 문제에 대한 관심이 전 세계적으로 높아지고 있다.
時代劇では、農民が年貢を納める場面がよく描かれる。,시대극에서는 농민이 연공을 바치는 장면이 자주 그려진다.
夏休みに小さな島へ旅行に行った。,여름방학에 작은 섬으로 여행을 갔다.
田んぼで蛙が鳴いている。,논에서 개구리가 울고 있다.
契約書の控えをファイルに保存しておいてください。,계약서 사본을 파일에 보관해 두세요.
仕事が終われば直帰してもよい。,일이 끝나면 곧장 집에 돌아가도 된다.
おすすめの観光スポットはありますか？,추천하는 관광지가 있나요?
名乗るほどの者ではございません。,이름을 댈 만한 사람이 못 됩니다.
彼は病院で夜勤の勤務に慣れてきた。,그는 병원에서 야근 근무에 익숙해졌다.
彼女はとても勤勉で、毎晩遅くまで勉強している。,그녀는 매우 근면해서 매일 밤늦게까지 공부한다.
この店は新鮮な魚介類が自慢です。,이 가게는 신선한 어패류가 자랑입니다.
今年の霜害で果樹園の花が落ち、収穫量が減った。,올해 서리 피해로 과수원 꽃이 떨어져 수확량이 줄었다.
救助中に消防士が殉職した。,구조 중 소방관이 순직했다.
テーブルの真ん中に花瓶を置いてください。,테이블 한가운데에 꽃병을 놓아 주세요.
弟は毎週道場で柔道を習っている。,남동생은 매주 도장에서 유도를 배우고 있다.
彼は純粋に君を応援している。,그는 순수하게 너를 응원하고 있다.
彼はクラスから追放されかけた。,그는 반에서 추방될 뻔했다.
資料を用途ごとに区分してファイルに整理した。,자료를 용도별로 구분해 파일에 정리했다.
子供達は公園の砂場で、泥だらけになって城を作っている。,"아이들은 공원 모래밭에서, 흙투성이가 되어 성을 만들고 있다."
書類の最後にサインをお願いします。,서류 마지막에 사인을 부탁드립니다.
洞窟の奥には、黄金が山のように積まれていた。,동굴 깊은 곳에는 황금이 산처럼 쌓여 있었다.
ローンの返済が終わって、肩の荷が下りた。,대출 상환이 끝나서 어깨의 짐이 내려갔다.
彼女は目が潤んで黙り込んだ。,그녀는 눈이 촉촉해져 말이 없어졌다.
学校で書き初めをした。,학교에서 새해 첫 서예(서기초)를 했다.
今日の夕食は肉料理にしようと思うんだけど、何がいいかな？,"오늘 저녁은 고기 요리로 할까 하는데, 뭐가 좋을까?"
安い食い物ばかりだと飽きる。,싼 먹을거리만 있으면 질린다.
会場入口では厳重な荷物検査が行われた。,회장 입구에서는 엄중한 짐 검사가 이루어졌다。
彼は初の受賞に涙した。,그는 첫 수상에 눈물을 흘렸다.
公園のイチョウ並木が一斉に黄葉して、美しい景色になった。,공원의 은행나무 가로수가 일제히 황엽으로 물들어 아름다운 풍경이 되었다.
この写真は全国展に出品されている。,이 사진은 전국전(전시회)에 출품되어 있다.
彼は守備が堅い選手として知られている。,그는 수비가 단단한 선수로 알려져 있다.
寒さで赤くなった子供の頬っぺが、リンゴのように可愛らしい。,추위로 빨개진 아이의 뺨이 사과처럼 사랑스럽다.
この肉は少し固いので、よく噛んで食べてください。,이 고기는 조금 질기니까 잘 씹어서 드세요.
この時間はいつも混むんですか？,이 시간은 항상 붐비나요?
勇ましい掛け声とともに、選手たちがグラウンドへ飛び出していった。,씩씩한 구호와 함께 선수들이 그라운드로 뛰쳐나갔다.
子どもがプールで息を止めて潜った。,아이가 수영장에서 숨을 참고 물속에 잠수했다.
霧が晴れると、遠くに山々が現れた。,안개가 걷히자 멀리 산들이 모습을 드러냈다。
寺の庫裏で住職から話を聞いた。,절의 구리에서 주지스님에게 이야기를 들었다。
試験官が教室に入り、出題の説明を始めた。,시험관이 교실에 들어와 출제에 관한 설명을 시작했다.
転んだ膝の傷は治ったが、うっすら痕が残っている。,"넘어져서 생긴 무릎 상처는 나았지만, 옅은 자국이 남아 있다."
己を知ることは成長の第一歩だ。,자신을 아는 것은 성장의 첫걸음이다。
午後のティータイムには、スコーンと一緒に紅茶を楽しむ。,오후 티타임에는 스콘과 함께 홍차를 즐긴다.
そんな話は初耳だ。,그런 이야기는 처음 듣는다.
音楽隊が通りを行進している。,악단이 거리를 행진하고 있다.
昔のロックバンドが好きで、今でもよく聴いています。,옛날 록 밴드를 좋아해서 지금도 자주 듣고 있습니다.
新人監督の初陣は勝利だった。,신임 감독의 첫 출전(첫 경기)은 승리였다.
昨夜、病院で元気な男の子を出産した。,어젯밤 병원에서 건강한 남자 아이를 출산했다.
冬休みには、雪合戦をしたい。,겨울방학에는 눈싸움을 하고 싶다.
気分がいいので、鼻歌を歌う。,기분이 좋아서 콧노래를 부른다.
昆布と鰹節で出汁を採るのが基本だ。,다시마와 가쓰오부시로 육수를 내는 게 기본이다.
宗家の当主として、家の名を守る覚悟を語った。,종가의 당주로서 가문의 이름을 지키겠다는 각오를 말했다.
我々のチームは、来週から新しいプロジェクトに着手する。,우리 팀은 다음 주부터 새로운 프로젝트에 착수한다.
このプロジェクトは私が最初から手掛けてきた。,이 프로젝트는 내가 처음부터 맡아서 진행해 왔다.
やり直したいことより、もう一度経験したい瞬間の方が多いですね。学生時代とか。,"다시 하고 싶은 일보다, 다시 한번 경험하고 싶은 순간이 더 많네요. 학창 시절 같은."
ボーナスが出たので、親に旅行をプレゼントして孝行した。,보너스를 받아 부모님께 여행을 선물하며 효도를 했다.
公園の大きな木の下で本を読むのが好きだ。,공원의 커다란 나무 아래에서 책을 읽는 것을 좋아한다.
古本屋で思わぬ拾い物をして、嬉しくなった。,헌책방에서 뜻밖의 득템을 해 기뻤다.
彼女の誕生日に、美しい花束をプレゼントした。,"그녀의 생일에, 아름다운 꽃다발을 선물했다."
祖母は手芸が得意で、よく人形の服を作ってくれた。,할머니는 수예를 잘하셔서 인형 옷을 자주 만들어 주셨다.
この旅館で一番古い建物は、どの部分ですか？,이 료칸에서 가장 오래된 건물은 어느 부분인가요?
彼女はフォーマルな服装に合わせてストッキングを履いた。,그녀는 정장 차림에 맞춰 스타킹을 신었다.
線をまっすぐ引くのは難しいです。,선을 똑바로 긋는 것은 어렵습니다.
彼の演説は感動の極みで、会場から大きな拍手が湧き起こった。,"그의 연설은 감동의 극치였고, 객석에서는 큰 박수가 터져 나왔다."
オムニチャネル戦略により、実店舗と電子商取引サイトの境界をなくす。,"옴니채널 전략을 통해, 실물 매장과 전자상거래 사이트의 경계를 없앤다."
招待はありがたいが、今回は辞退させていただきます。,초대는 감사하지만 이번에는 사양하겠습니다.
過労で倒れる前に休みを取りなさい。,과로로 쓰러지기 전에 쉬어라.
週末になると川沿いに市が立って、屋台が並ぶ。,주말이 되면 강가에 장이 서서 노점이 늘어선다.
うっかりして観葉植物を枯らしてしまった。,부주의해서 관엽식물을 말라 죽게 하고 말았다.
店主さんは、なぜこの場所でお店を開こうと思ったんですか？,주인장께서는 왜 이 장소에서 가게를 열려고 생각하셨나요?
私は野菜しか食べません。,저는 야채밖에 먹지 않습니다.
春になると、公園の桜が一斉に咲き誇る。,봄이 되면 공원의 벚꽃이 일제히 흐드러지게 핀다.
この橋は鋼ではなくアルミ合金で作られているが、強度は鋼に匹敵する。,"이 다리는 강이 아니라 알루미늄 합금으로 만들어졌지만, 강도는 강에 필적한다."
我がチームは後半に入って優勢に転じた。,우리 팀은 후반에 들어 우세로 돌아섰다.
夏は学校のプールで泳ぐ。,여름은 학교 수영장에서 수영한다.
昨年度のデータと比較して、売上の伸び率を分析する。,작년도의 데이터와 비교하여 매출 신장률을 분석한다.
株価の上昇が続き、投資家たちは期待を強めている。,주가 상승이 계속되어 투자자들은 기대를 키우고 있다.
京都まで行くんです。出張ですか？,교토까지 갑니다. 출장이신가요?
家賃を取り立てるために大家が訪ねてきた。,집세를 받으려고 집주인이 찾아왔다.
前任の担当者から引き継ぎを受け、業務を開始する。,전임 담당자로부터 인계받아 업무를 개시한다.
安全規則を軽視した結果、大きな事故が起きた。,"안전 수칙을 경시한 결과, 큰 사고가 일어났다."
立春を過ぎたのに、まだ風が冷たい。,입춘이 지났는데도 아직 바람이 차다.
建設作業員は足場で作業する間の安全を確保するためにヘルメットとベストを着用した。,건설 노동자는 비계에서 작업하는 동안 안전을 확보하기 위해 헬멧과 조끼를 착용했다.
最近の医学の進歩で平均寿命が伸びている。,최근 의학의 발전으로 평균 수명이 늘고 있다.
心の師とはなるとも、心を師とすることなかれ。,"마음의 스승은 될지언정, 마음을 스승으로 삼지 말라. - 구카이"
若い頃から少しずつ貯金してきたおかげで、今はそれなりの資産がある。,젊을 때부터 조금씩 저축해 온 덕분에 지금은 그럭저럭 자산이 있다.
来年は引っ越す予定だから、今のうちに貯金しておく。,내년에는 이사할 예정이라서 지금부터 저축해 둔다.
彼は複雑なピアノ曲も自在に弾きこなす。,그는 복잡한 피아노 곡도 자유자재로 연주한다.
彼は組織への帰属意識が非常に強い社員だ。,그는 조직에 대한 귀속 의식이 매우 강한 사원이다.
今月上旬は出張が続いて、家にほとんどいなかった。,이번 달 상순에는 출장이 이어져 집에 거의 없었다.
春が来ると、川沿いを歩きたくなる。,봄이 오면 강가를 걷고 싶어진다.
地元の祭りに出品する写真を選んでいる。,지역 축제에 출품할 사진을 고르고 있다.
赤ちゃんがハイハイするように、植物も太陽に向かって育つ。,아기가 기어가듯이 식물도 태양을 향해 자란다.
あの店は三流でも、味だけは悪くない。,그 가게는 삼류라도 맛만큼은 나쁘지 않다.
国の首都には多くの観光客が訪れる。,나라의 수도에는 많은 관광객이 찾아온다.
部屋に蘭の鉢植えを置くと、空気が華やかになる。,방에 난초 화분을 두면 분위기가 화사해진다.
竹林を抜けると、朝の光が地面に細い影を落としていた。,대나무 숲을 지나자 아침 햇살이 땅에 가느다란 그림자를 드리웠다.
失敗したところでやめてしまうから失敗になる。,실패한 지점에서 그만두기 때문에 실패가 된다. - 마쓰시타 고노스케
主婦として家計をやりくりするのは大変だ。,주부로서 살림을 꾸려 나가는 것은 힘들다.
恋人に赤い薔薇の花束を贈った。,연인에게 붉은 장미 꽃다발을 보냈다.
サッカーでは守備の連携がとても重要だ。,축구에서는 수비의 연계가 매우 중요하다.
新しい家に引っ越して、観葉植物として植木を買った。,새집으로 이사해서 관엽식물로 화분을 샀다.
土地の境界線を巡って隣人と長い間係争中だ。,토지 경계선을 둘러싸고 이웃과 오랫동안 계쟁 중이다.
その政策は幅広い支持を集めた。,그 정책은 폭넓은 지지를 모았다.
能ある鷹は爪を隠す,능력 있는 매는 발톱을 숨긴다 (진정한 실력자는 함부로 자랑하지 않는다)
ボールを的に当てる練習を続け、次の試合は勝てる当てがある。,"공을 과녁에 맞히는 연습을 계속해서, 다음 경기는 이길 자신(가망)이 있다."
来年、大学受験を控えている。,내년에는 대학 입시를 앞두고 있다.
このプロジェクトの主体は学生たちだ。,이 프로젝트의 주체는 학생들이다.
この大会は市が主催している。,이 대회는 시에서 주최하고 있다.
部屋の隅に転がっているワインの空き瓶が、昨夜の宴の盛り上がりを物語る。,방구석에 굴러다니는 빈 와인 병이 어젯밤 연회의 열기를 말해준다.
コンビニは24時間営業なので、いつでも買い物に行けて便利です。,편의점은 24시간 영업이라 언제든지 쇼핑하러 갈 수 있어서 편리합니다.
優勝チームの祝賀パーティーが開かれた。,우승 팀의 축하 파티가 열렸다.
当主は嫡嗣に家督を譲る意向を公にした。,당주는 적자 상속인에게 가독을 물려줄 뜻을 공개했다.
この商品は期間限定です。,이 상품은 기간 한정입니다.
韓国から来ました。,한국에서 왔습니다.
傲慢な態度は周囲の反感を買い孤立を招く。,오만한 태도는 주위의 반감을 사서 고립을 초래한다.
女は度胸があると、祖母はよく言っていた。,여자는 배짱이 있다고 할머니가 자주 말했다.
赤ちゃんの誕生を祝って、みんなで写真を撮った。,아기의 탄생을 축하하며 모두 함께 사진을 찍었다.
小さな灯だけが窓辺で揺れていた。,작은 등불만이 창가에서 흔들리고 있었다.
出生率の低下が社会問題になっている。,출생률 저하가 사회 문제로 대두되고 있다.
病後は滋養のある食事を心がけた。,병후에는 자양이 되는 식사를 신경 썼다.
一生懸命だと知恵が出る。中途半半端だと愚痴が出る。いい加減だと言い訳が出る。,열심히 하면 지혜가 나온다. 어중간하면 푸념이 나온다. 대충하면 변명이 나온다. - 다케다 신겐
壊れたパソコンを専門店に持ち込んで修理してもらった。,고장 난 컴퓨터를 전문점에 가져가 수리를 맡겼다.
庶民の暮らしを描いたドラマが人気だ。,서민의 삶을 그린 드라마가 인기다.
落ち込んでいたが、友の一言で発憤して勉強を再開した。,침체해 있었지만 친구의 한마디에 분발해 공부를 다시 시작했다.
新しいプログラムを何度も試行して誤りを除く。,새로운 프로그램을 몇 번이나 시행하여 오류를 제거한다.
自発的な参加を促すために面白い企画を練る。,자발적인 참여를 유도하기 위해 재미있는 기획을 짠다.
読書は、我々の精神を豊かにし、孤独を癒す。,"독서는 우리의 정신을 풍요롭게 하고, 고독을 치유한다. - 볼테르"
パソコンが壊れたので専門業者に修理を依頼した。,컴퓨터가 고장 나서 전문 업체에 수리를 의뢰했다.
署長が会見で、地域の安全対策を説明した。,서장이 기자회견에서 지역 안전 대책을 설명했다.
兄は大学を卒業してすぐ、東京の会社に就職した。,형은 대학을 졸업하자마자 도쿄의 회사에 취직했다.
異文化交流イベントで、文化の違いを肌で感じた。,이문화 교류 행사에서 문화의 차이를 몸으로 느꼈다.
歴史ドラマでは、有名な合戦の場面が迫力あるCGで再現されていた。,역사 드라마에서는 유명한 합전 장면이 박력 있는 CG로 재현되고 있었다.
展示室には刀剣が並び、短刀や名刀の銘が紹介されていた。,전시실에 도검이 늘어서 있고 단도와 명도의 명문이 소개되어 있었다.
判事は静かに判決文を読み上げた。,판사는 조용히 판결문을 낭독했다.
彼は些細な一言に怒り、ついには怒り狂った。,그는 사소한 한마디에 화가 나 결국 미쳐 날뛰듯 분노했다.
冬季は日照が短く、冬至を過ぎると越冬の準備が進む。,"동계에는 일조 시간이 짧고, 동지를 지나면 월동 준비가 진행된다."
主観だけで判断せず、事実も確認すべきだ。,주관만으로 판단하지 말고 사실도 확인해야 한다.
祖父は老衰で安らかに亡くなった。,할아버지는 노쇠로 평안히 돌아가셨다.
古い部品を最新の規格に置換して性能を高める。,오래된 부품을 최신 규격으로 치환하여 성능을 높인다.
自分自身を信じてみるだけでいい。きっと、生きる道が見えてくる。,"자기 자신을 믿어보기만 하면 된다. 분명, 살아갈 길이 보일 것이다. - 괴테"
この地帯は、夜になると若者たちで賑わう。,이 지대는 밤이 되면 젊은이들로 붐빈다.
ミスを繰り返さないよう、努めて冷静に説明した。,실수를 반복하지 않으려고 애써 침착하게 설명했다.
誠に恐縮ですが、日程を変更していただけますか。,"정말 송구하지만, 일정을 변경해 주실 수 있을까요?"
説明が明白になって、みんな가うなずいた。,설명이 명백해져서 모두가 고개를 끄덕였다.
申し込みの締め切りに予定を合わせるため、事務局に電話で日程を問い合わせることにした。,"신청 마감에 맞춰 일정을 조정하기 위해, 사무국에 전화로 일정을 문의하기로 했다."
度胸だけで押し切るのは危険だが、制度にも限度がある。,"배짱만으로 밀어붙이는 건 위험하지만, 제도에도 한계가 있다."
戦争の記録には、人々の飢えと寒さの描写が続く。,전쟁 기록에는 사람들의 굶주림과 추위를 묘사한 부분이 이어진다.
母親として、子どもの気持ちをまず聞くようにしている。,"어머니로서, 아이 마음을 먼저 듣도록 하고 있다."
小数点以下第二位を四捨五入してください。,소수점 이하 둘째 자리를 사사오입해 주세요.
式典で勲章が下賜され、会場がどよめいた。,식전에서 훈장이 하사되어 회장이 술렁였다.
下駄の鼻緒が擦れて、足が痛くなった。,게다의 코끈이 쓸려 발이 아파졌다.
島の周りの海は驚くほど透明だった。,섬 주변의 바다는 놀랄 만큼 투명했다.
諸国を巡る旅で、方言の違いに驚いた。,여러 나라(각지)를 도는 여행에서 사투리 차이에 놀랐다.
玄関に季節の花を飾ると家の雰囲気が明るくなる。,현관에 제철 꽃을 장식하면 집 분위기가 밝아진다.
明日の会議には必要な資料を持参してください。,내일 회의에는 필요한 자료를 지참해 주세요.
若い頃から少しずつ資産を築いてきた。,젊었을 때부터 조금씩 자산을 쌓아 왔다.
至誠を尽くして交渉に臨んだ。,지성을 다해 협상에 임했다.
祭りの夜は夢幻のようにあっという間に過ぎていった。,축제의 밤은 몽환처럼 순식간에 지나가 버렸다.
申請には諸般の書類が必要です。,신청에는 제반 서류가 필요합니다.
港では大型貨物船への荷物の積み込みが続く。,항구에서는 대형 화물선으로의 짐 싣기가 계속된다.
男女が同等の権利を持ち、自由に意見を言える社会。,남녀가 동등한 권리를 갖고 자유롭게 의견을 말할 수 있는 사회.
窓の外の冷たい風が、季節の変わり目を静かに告げていた。,창밖의 차가운 바람이 계절의 변화를 조용히 알리고 있었다.
製鉄所の煙突から白い煙が上がっていた。,제철소의 굴뚝에서 하얀 연기가 올라가고 있었다.
彼は元プロ選手だけあって動きが違う。,그는 전직 프로 선수라 그런지 움직임이 다르다.
冷凍食品のパスタは手軽で美味しい。,냉동식품 파스타는 간편하고 맛있다.
その発言は偏見に満ちていて不快だった。,그 발언은 편견으로 가득해 불쾌했다.
彼は卒業式の日に彼女に気持ちを告白した。,그는 졸업식 날 그녀에게 마음을 고백했다.
演説が終わると、満場一致の拍手が沸いた。,연설이 끝나자 만장일치의 박수가 터져 나왔다.
困難な課題を解決するための道筋を立てる。,곤란한 과제를 해결하기 위한 길(미치스지)을 세운다.
この教科書はかつて国定教科書として使われていた。,이 교과서는 한때 국정 교과서로 사용되었다.
不明な語句は辞書で調べなさい。,모르는 어구는 사전에서 찾아보아라.
政治家の汚職疑獄が連日ニュースで取り上げられている。,정치인의 부패 의혹 사건이 연일 뉴스에 보도되고 있다.
ダイエットのために生の野菜をたくさん食べる。,다이어트를 위해 생야채를 많이 먹는다.
カップ麺にお湯を入れて3分待ちます。,컵라면에 뜨거운 물을 붓고 3분 기다립니다.
普段はコーヒーばかりですが、こうしてゆっくり緑茶を味わうのもいいものですね。,"평소에는 커피만 마시는데, 이렇게 느긋하게 녹차를 맛보는 것도 좋네요."
このお店には、地元の人しか知らないような珍しい焼酎が置いてありますね。,이 가게에는 현지인만 알 법한 희귀한 소주가 놓여 있네요.
洗濯物と一緒に下着も干しておいた。,빨래랑 같이 속옷도 널어 두었다.
土木工事で国土を守る堤防に、粘土を混ぜた土を詰めた。,토목 공사로 국토를 지키는 제방에 점토를 섞은 흙을 채워 넣었다.
昨夜はあまり寝ていないのでとても眠たい。,어젯밤에 별로 못 자서 너무 졸립다.
入国カードには国籍を記入する欄がある。,입국 카드에는 국적을 적는 란이 있다.
お休みの日は何をしていますか？,쉬는 날에는 무엇을 하시나요?
宅配便の荷物をコンビニで受け取った。,택배 짐을 편의점에서 받았다.
進学か就職か、慎重に選択する。,"진학이냐 취업이냐, 신중하게 선택한다."
黒のインクをこぼして書類が真っ黒になり、もともと白黒印刷だった文字もまったく読めなくなった。,"검은 잉크를 쏟아 서류가 새까매져서, 원래 흑백 인쇄였던 글자도 전혀 읽을 수 없게 되었다."
年齢や経験も考慮して採用を決める。,나이와 경력도 고려해서 채용을 결정한다.
女心は天気のように変わる、なんて言うけどね。,"여심은 날씨처럼 변한다, 라고들 말하긴 하지."
契約書に赤い印を慎重に押して封を閉じる。,계약서에 붉은 인장을 신중하게 찍고 봉투를 닫는다.
彼女は公立の小学校で教師をしている。,그녀는 공립 초등학교에서 교사로 일하고 있다.
請求書を確認して、支払い期日までに振り込んでください。,청구서를 확인하고 지급 기일까지 송금해 주세요.
最近、何か面白いニュースはありましたか？,최근에 재미있는 뉴스가 있었나요?
今年は穀物の出来がよくて、農家はほっとしている。,올해는 곡물 작황이 좋아서 농가들이 안도하고 있다.
薬の効力が切れてまた熱が上がってきた。,약 효력이 떨어져 다시 열이 오르기 시작했다.
女流棋士の対局は、読みが鋭い。,여류 기사(프로)의 대국은 읽기가 날카롭다.
彼は極く普通のサラリーマンだ。,그는 지극히 평범한 샐러리맨이다.
今、人気のドラマは何ですか？,요즘 인기 있는 드라마는 무엇인가요?
うわ、びっくりした！急に現れないでよ。,"우와, 깜짝이야! 갑자기 나타나지 마."
自社製品同士のカニバリゼーションを避けるため、ブランドの棲み分けを行う。,"자사 제품끼리의 카니발라이제이션(제 살 깎아먹기)을 피하기 위해, 브랜드의 영역을 구분한다."
彼のスーツはかなり上等な生地でできている。,그의 정장은 꽤 고급 원단으로 만들어져 있다.
サクセッションプランを策定し、次世代経営リーダーの育成に着手する。,"승계 계획(석세션 플랜)을 책정하여, 차세대 경영 리더 육성에 착수한다."
事故の原因を調査するため、現場の映像と証言を集めた。,사고 원인을 조사하기 위해 현장 영상과 증언을 모았다.
今上天皇に関する特集記事をじっくり読んだ。,금상 천황에 관한 특집 기사를 찬찬히 읽어 보았다.
この薬は純度が高く、混ぜ物が一切入っていない。,이 약은 순도가 높아서 아무런 혼합물이 들어 있지 않다.
ごちそうさまでした。とても美味しかったです。,잘 먹었습니다. 정말 맛있었어요.
この車は市役所の公用車として使われている。,이 차량은 시청의 공용차로 사용되고 있다.
必要な物だけをリストにしてから、買い物に出かけた。,필요한 물건만 리스트로 만든 뒤 장을 보러 나갔다.
母に花束を贈呈した。,어머니께 꽃다발을 증정했다。
彼は筋骨隆々で、まるでプロレスラーのようだ。,그는 근골이 울퉁불퉁해서 마치 프로레슬러 같다.
空前絶後の大記録が達成され、スタジアムが歓声に包まれた。,전무후무(공전절후)한 대기록이 달성되어 스타디움이 함성에 휩싸였다.
夜になると一気に体が冷える。,밤이 되면 금세 몸이 차가워진다.
顧客満足度を高めつつ、アップセルによる客単価の向上を目指している。,"고객 만족도를 높이면서, 업셀링(상위 상품 판매)을 통한 객단가 향상을 목표로 하고 있다."
議論の焦点をはっきりさせよう。,논의의 초점을 분명히 하자.
昼休みは社員食堂がかなり混み合う。,점심시간에는 사내 식당이 꽤 붐빈다.
会議の前に資料を整理してフォルダに入れた。,회의 전에 자료를 정리해서 폴더에 넣었다.
多くの困難を乗り越えて、ようやく起業にこぎ着けた。,많은 곤란을 이겨 내고 마침내 창업에 성공했다.
世界の子どもの貧困問題を伝えるドキュメンタリーを見た。,세계 아동 빈곤 문제를 다룬 다큐멘터리를 보았다.
他国に隷属することを拒否する。,타국에 예속되는 것을 거부한다.
子どものころから鉱物標本を集めている。,어릴 때부터 광물 표본을 모으고 있다.
布団がふかふかでよく眠れました。,이불이 푹신푹신해서 잘 잤습니다.
次の角は丁字路だから、右に曲がってね。,다음 모퉁이는 T자 교차로니까 오른쪽으로 꺾어.
人混みが苦手なので、大きなイベントにはあまり行かない。,나는 인파를 싫어해서 큰 행사에는 잘 가지 않는다.
髪を切りに床屋へ行ってきた。,머리를 자르러 이발소에 다녀왔다.
財布には100円しか残っていない。,지갑에는 100엔밖에 남아있지 않다.
式の間は背筋を伸ばして直立し、目線を前に置いた。,식 동안은 등을 펴고 직립해 시선을 앞으로 두었다.
その町では、海の女神を祀る祭礼がある。,그 마을에는 바다의 여신을 모시는 제례가 있다.
運動会の撮影で、バッテリーを二つ持って行った。,운동회 촬영을 위해 배터리를 두 개 챙겨 갔다.
アセットアロケーションを見直し、株式と債券と不動産の比率を再調整する。,"자산 배분을 재검토하여, 주식과 채권과 부동산의 비율을 재조정한다."
田中様、お待たせいたしました。,"다나카 님, 기다리게 해 드렸습니다."
お互いに少しずつ譲歩して合意に達した。,서로 조금씩 양보해서 합의에 이르렀다.
マルチコピー機で住民票を印刷した。,복합기로 주민표를 인쇄했다.
忘年会は毎年恒例の行事だ。,망년회는 매년 연례 행사다.
この小説は人生の栄枯盛衰を描いている。,이 소설은 인생의 영고성쇠를 그려 내고 있다.
大学の購買で新しいノートを買った。,대학 매점에서 새 노트를 샀다.
清潔な白衣に着替えて、手術室へ入った。,청결한 흰 가운으로 갈아입고 수술실로 들어갔다.
枯淡な味わいの日本酒を少しだけ飲んだ。,고담한 맛의 일본주를 조금만 마셨다.
ガラスの入れ物にクッキーを入れた。,유리 용기에 쿠키를 담았다.
冬の山には枯れ木ばかりが目立つ。,겨울 산에는 마른 나무들만 눈에 띈다.
低気圧の影響で、午後から雨が強まるでしょう。,저기압의 영향으로 오후부터 비가 강해질 것입니다。
彼の謝り方は女々しいと感じて、逆に腹が立った。,그의 사과 방식이 유약하게 느껴져 오히려 화가 났다.
今日の勝負は負けたけれど、次こそ勝ちたい。,오늘 승부는 졌지만 다음에는 꼭 이기고 싶다.
犬も好きですが、猫も可愛いですね。,"개도 좋아하지만, 고양이도 귀엽네요."
夏休みに海辺の民宿に泊まった。,여름방학에 바닷가 민숙에 묵었다.
会議の予算を低める必要がある。,회의 예산을 낮출 필요가 있다。
栄養ドリンクを飲んで気合を入れる。,영양 드링크를 마시고 기합을 넣는다.
その国の商業は港を中心に発展してきた。,그 나라의 상업은 항구를 중심으로 발전해 왔다.
今度の連休は旅行に行くつもりだ。,이번 연휴는 여행을 갈 생각이다.
彼はまだ前の恋人に未練があるようだ。,그는 아직 전 애인에게 미련이 있는 듯하다.
独自の強みであるUSPを明確にし、競合他社との差別化要素を強調する。,"독자적인 강점인 USP를 명확히 하여, 경쟁 타사와의 차별화 요소를 강조한다."
まずは相手の意見を肯定してから自分の考えを述べなさい。,먼저 상대 의견을 긍정한 뒤 자신의 생각을 말하도록 하라.
いつも何を注文されますか？,항상 무엇을 주문하시나요?
山の貯水池が満水になり、取水制限が解除された。,산의 저수지가 만수가 되어 취수 제한이 해제됐다.
昨夜、この近くのコンビニで強盗事件があった。,어젯밤 이 근처 편의점에서 강도 사건이 있었다.
彼女の言い方にはどこか妙なところがあった。,그녀의 말투에는 어딘가 묘한 구석이 있었다.
知的財産権の侵害に対しては、断固たる法的措置を取る方針を固めた。,"지식재산권 침해에 대해서는, 단호한 법적 조치를 취할 방침을 굳혔다."
スポーツは何かされますか？,스포츠는 무언가 하시나요?
祖母は子どものころから民謡を歌ってきた。,할머니는 어릴 적부터 민요를 불러 왔다.
寺で如来像に手を合わせ、静かに祈った。,절에서 여래상에 합장하고 조용히 기도했다.
この辺りで、夜遅くまでやっている薬局はありますか？,이 근처에 밤늦게까지 하는 약국이 있나요?
空売り残高の急増は、市場参加者が将来の株価下落を予測している兆候だ。,공매도 잔고의 급증은 시장 참여자가 장래의 주가 하락을 예측하고 있다는 징후다.
経験の欠如が、判断の遅れにつながった。,경험의 결여가 판단 지연으로 이어졌다.
展示会で新製品の見本を配った。,전시회에서 신제품의 샘플을 나눠 주었다.
浅瀬なら子どもでも遊べる。,얕은 여울이라면 아이도 놀 수 있다.
クラシックもたまに聴きます。,클래식도 가끔 듣습니다.
弁当と一緒にお茶を買った。,도시락과 함께 차를 샀다.
私は辛い物に弱い。,나는 매운 음식에 약하다。
容疑者は証拠不十分で釈放された。,용의자는 증거 불충분으로 석방되었다。
国是に反する行為として問題視された。,국시에 반하는 행위로 문제시됐다.
改革の底流には、市民の不満がある。,개혁의 밑바탕(저류)에는 시민의 불만이 있다。
耳を澄ますと、遠くで波の音が聞こえる。,귀를 기울이면 멀리서 파도 소리가 들린다.
昨夜は久しぶりによく眠れた。,어젯밤에는 오랜만에 푹 잘 잤다.
上着の袖がぬれて、手首が冷たい。,겉옷 소매가 젖어서 손목이 차갑다.
美術館巡りが好きです。,미술관 순회를 좋아합니다.
寝る前に静かなミュージックを流している。,잠들기 전에 잔잔한 음악을 틀어 놓는다.
予約したクリスマスケーキを受け取りに来ました。,예약했던 크리스마스 케이크를 받으러 왔습니다.
新入社員のオンボーディングプロセスを刷新し、早期戦力化を図る。,"신입 사원의 온보딩(적응) 프로세스를 쇄신하여, 조기 전력화를 꾀한다."
彼は病気の故、式を欠席した。,그는 병 때문이라는 연유로 식에 결석했다.
カレンダーに旅行の日程を書き込んだ。,달력에 여행 일정을 적어 넣었다.
旅行の日程はまだ未定のままだ。,여행 일정은 아직 미정인 상태다.
権力を盾に弱い者を虐げるような行為は、決して許されるべきではない。,권력을 방패 삼아 약자를 짓밟는 행위는 결코 용납되어서는 안 된다.
週末に、家族でバーベキューをする予定なので、晴れるといいのですが。,"주말에 가족과 바비큐를 할 예정이라서, 날씨가 좋으면 좋겠는데."
霧の向こうまで道路が見通せない。,안개 너머까지 도로를 내다볼 수 없다.
長年の夢が、ようやく成就した。,오랜 꿈이 마침내 성취되었다.
警備員が不審者の侵入を阻止した。,경비원이 수상한 사람의 침입을 막아냈다.
彼の失言が、世間の物議を醸している。,그의 실언이 세간의 물의를 빚고 있다.
干ばつで多くの樹木が枯死した。,가뭄으로 많은 수목이 고사했다.
このくらい歩くのなら結構平気です。,이 정도 걷는 거라면 꽤 괜찮아요.
彼は甘い物を狙い、差し入れの箱に真っ先に手を伸ばした。,"그는 단것을 노리고, 간식 상자에 가장 먼저 손을 뻗었다."
優秀な人材を確保することが、会社の成長には不可欠だ。,우수한 인재를 확보하는 것이 회사 성장에는 불가결하다.
コーポレートガバナンスコードに則り、社外取締役の人数を増やし透明性を高める。,"기업 지배구조(거버넌스) 모범 규준에 따라, 사외 이사 인원을 늘려 투명성을 높인다."
彼は体験を叙述するのが上手で、文章に臨場感がある。,그는 체험을 서술하는 데 능숙해 글에 현장감이 있다.
洗ったばかりの野菜は水気をよく切ってから調理してください。,막 씻은 채소는 수분을 잘 빼고 조리해 주세요.
その二つの問題は密接に関係している。,그 두 문제는 밀접하게 관련되어 있다.
駅から会場までの道順をメールで送ってください。,역에서 행사장까지의 길 순서를 메일로 보내 주세요.
旅館に到着し、まず宿帳に名前を記入した。,료칸에 도착해서 우선 숙박부에 이름을 기입했다.
人混みの中で、友達と擦れ違いになってしまったようだ。,인파 속에서 친구와 엇갈려 버린 것 같다.
朝食はパンとコーヒーで簡単に済ますことが多い。,아침 식사는 빵과 커피로 간단히 때우는 경우가 많다.
あのお客様、うちの常連さんなんだ。,"저 손님, 우리 가게 단골이야."
両国は、長年にわたる友好関係を築いてきた。,양국은 오랜 세월에 걸친 우호 관계를 구축해왔다.
書道は子どものころの手習いで、今も筆が落ち着く。,서예는 어릴 적에 배운 것이라 지금도 붓을 잡으면 마음이 차분해진다.
祖母が編んでくれたセーターには、手作りの温かみがある。,할머니가 짜 주신 스웨터에는 손수 만든 따뜻함이 있다.
明日は早いから、もう就寝するね。,내일 일찍 일어나야 해서 이제 잘게.
コンサートの序幕が上がる瞬間、会場が静まった。,"콘서트 서막이 오르는 순간, 공연장이 조용해졌다."
週末に山へハイキングに出かけた。,주말에 산으로 하이킹을 나갔다.
この席、窓際で景色がいいですね。,"이 자리, 창가라서 경치가 좋네요."
労働生産性を高めるため、RPAツールを導入して定型業務を自動化した。,"노동 생산성을 높이기 위해, RPA 도구를 도입하여 정형 업무를 자동화했다."
この道は時速40キロまでしか出せません。,이 길은 시속 40킬로까지밖에 낼 수 없습니다.
航空業界は燃料費の高騰で大きな打撃を受けている。,항공 업계는 연료비 급등으로 큰 타격을 받고 있다.
この道路は最近舗装し直されたばかりだ。,이 도로는 최근에 다시 포장된 참이다.
シロクマは主にホッキョクの海辺に住んでいる。,북극곰은 주로 북극 바닷가에 산다.
体重の増減が著しいので、生活を見直した。,체중 변동이 심해서 생활을 점검했다.
駅構内で迷ってしまい、案内表示を何度も見上げた。,역 구내에서 길을 잃어 안내 표지판을 몇 번이나 올려다봤다.
どこまで行かれるんですか？,어디까지 가시나요?
ネットでは本名を出さない人も多い。,인터넷에서는 본명을 쓰지 않는 사람도 많다.
ブランドのマークが入ったTシャツは、とても人気がある。,브랜드 마크가 들어간 티셔츠는 매우 인기가 있다.
収納が足りなくて箱が積み上がった。,수납이 부족해서 상자가 쌓였다.
これは本来、屋外で使うための椅子だ。,이것은 본래 야외에서 사용하기 위한 의자이다.
遅刻したので先生に陳謝し、事情を説明した。,지각해서 선생님께 사과하고 사정을 설명했다.
売り切れた商品を補充する。,품절된 상품을 보충한다.
これ、一つください。,이거 하나 주세요.
インサイダー取引の疑いで、証券取引等監視委員会の強制調査が入った。,"내부자 거래 혐의로, 증권거래등감시위원회의 강제 조사가 들어갔다."
放射線量を測定する。,방사선량을 측정한다.
日本の人口は、年々減少している。,일본의 인구는 매년 감소하고 있다.
品質管理サークル活動を通じて、現場レベルでの継続的な業務改善を推進する。,"품질 관리(QC) 서클 활동을 통해, 현장 레벨에서의 지속적인 업무 개선을 추진한다."
住民の安全を保障するのが国家の役目だ。,주민의 안전을 보장하는 것이 국가의 역할이다.
夏休みの自由研究で、昆虫の観察日記をつけた。,여름 방학 자유 연구로 곤충 관찰 일기를 썼다.
保守派の議員が会見した。,보수파 의원이 기자회견을 했다.
ここでは普通の値段でおいしい料理が食べられる。,여기서는 보통 가격에 맛있는 요리를 먹을 수 있다.
有機野菜は、化学肥料を使わずに育てられている。,유기농 채소는 화학 비료를 사용하지 않고 재배된다.
彼は後輩から喝上げをして停学処分になった。,그는 후배에게 공갈(협박하여 돈을 빼앗음)을 쳐서 정학 처분을 받았다.
生理痛がひどいので、今日は会社を休むことにした。,생리통이 심해서 오늘은 회사를 쉬기로 했다.
駅前の壁には大きなポスターが貼ってある。,역 앞 벽에는 큰 포스터가 붙어 있다.
週末はカラオケで歌い放題だ。,주말에는 노래방에서 마음껏 노래 부르기다.
このアプリは便利な編集ツールだ。,이 앱은 편리한 편집 툴이다.
これ、母へのお土産として差し上げてください。,"이거, 어머니께 드리는 선물로 전해 주세요."
彼は商社で海外との取引を担当している。,그는 상사에서 해외 거래를 담당하고 있다.
実験には特殊な装置が必要です。,실험에는 특수한 장치가 필요합니다.
学生時代は友だちの家に下宿していた。,학생 때는 친구 집에 하숙하고 있었다.
新興国のソブリンリスクが高まり、国債のデフォルト懸念が広がっている。,"신흥국의 국가 부도 위험(소브린 리스크)이 높아져, 국채의 디폴트 우려가 확산되고 있다."
自己資本利益率を経営目標に掲げ、株主資本の効率的な運用を約束した。,"자기자본이익률(ROE)을 경영 목표로 내걸고, 주주 자본의 효율적인 운용을 약속했다."
朝日が障子越しに柔らかく差し込んでくる。,아침 햇살이 쇼지 너머로 부드럽게 스며든다.
転んで膝が痛み、歩くのがつらい。,넘어져 무릎이 아파 걷기 힘들다.
公園の草むらには、たくさんの虫がいる。,공원 풀숲에는 많은 벌레가 있다.
川の流れに沿うように、遊歩道が続いている。,강 흐름을 따라 산책로가 이어져 있다.
記者が現場で取材している。,기자가 현장에서 취재하고 있다.
来週のパーティーに招待された。,다음 주 파티에 초대받았다.
容姿だけで人を評価しないでほしい。,겉모습만으로 사람을 평가하지 않았으면 좋겠다.
みんなの前で歌うのは恥ずかしい。,사람들 앞에서 노래하는 건 부끄럽다.
寒い朝、工場の煙突から白い蒸気が立ちのぼる。,"추운 아침, 공장 굴뚝에서 하얀 증기가 올라간다."
準備運動で、体を後ろにぐっと反らして背筋を伸ばす。,준비 운동으로 몸을 뒤로 쭉 젖혀 등 근육을 편다.
彼はチームの中で上位の成績を保っている。,그는 팀 안에서 상위 성적을 유지하고 있다.
この駅は乗り換えが複雑ですね。,이 역은 환승이 복잡하네요.
この街は歴史が長いのですか？,이 마을은 역사가 긴가요?
食品を真空パックすると、長持ちする。,식품을 진공 포장하면 오래간다.
久しぶりに筆を執り、礼状を書いた。,오랜만에 붓(펜)을 들어 감사 편지를 썼다.
救助隊は、人命救助を最優先に行動した。,구조대는 인명 구조를 최우선으로 행동했다.
上級クラスに進むには試験に合格しなければならない。,상급 반으로 올라가려면 시험에 합격해야 한다.
限界費用が価格を下回る限り、生産を続けることが経済的に合理的である。,"한계비용이 가격을 밑도는 한, 생산을 계속하는 것이 경제적으로 합리적이다."
お祭りの時期に来てみたいです。,축제 기간에 와보고 싶어요.
旅先で漆器の箸を土産に買った。,여행지에서 칠기 젓가락을 기념품으로 샀다.
彼は高い塀で庭を囲う計画を立てている。,그는 높은 담으로 정원을 둘러싸려는 계획을 세우고 있다.
居室には直射日光が入らないようにした。,거실(거주 공간)에 직사광선이 들어오지 않게 했다.
寺では、多くの僧が厳しい修行に励んでいる。,절에서는 많은 승려가 힘든 수행에 힘쓰고 있다.
有名な作家と評論家が、文学について対談している。,유명 작가와 평론가가 문학에 대해 대담하고 있다.
貸借対照表の流動比率が悪化しており、短期的な資金繰りに懸念が残る。,"대차대조표의 유동비율이 악화되고 있어, 단기적인 자금 운용에 우려가 남는다."
彼は会議で、グラフや図を使って説明した。,그는 회의에서 그래프나 도표(그림)를 사용해 설명했다.
新しいアプリの仕様をエンジニアと詰める。,새 앱의 사양을 엔지니어와 구체적으로 조율한다.
手順に従って作業の順序を確認する。,절차에 따라 작업의 순서를 확인한다.
短い手紙の行間から深い情が伝わってきた。,짧은 편지의 행간에서 깊은 정이 전해졌다.
評判の名医に診てもらうため、朝早くから病院の前に並んだ。,평판이 좋은 명의를 진찰받기 위해 아침 일찍부터 병원 앞에 줄을 섰다.
食べ物を置いておくと、すぐに蝿がたかってくる。,음식을 놓아두면 바로 파리가 들끓는다.
庭の木の実を拾ってジャムにした。,마당의 나무 열매를 주워 잼을 만들었다.
長いスランプから、ようやく脱することができた。,긴 슬럼프에서 간신히 벗어날 수 있었다.
夜、街灯の周りにたくさんの蛾が集まっていた。,밤에 가로등 주변에 수많은 나방이 모여 있었다.
卓球、しませんか？,"탁구, 치지 않을래요?"
努力が実って、第一志望に合格した。,노력이 결실을 맺어 1지망에 합격했다.
古い映写機で8ミリ映画を映写した。,오래된 영사기로 8mm 영화를 영사했다.
この一枚、よく撮れていますね。,"이 사진, 잘 찍혔네요."
従業員のエンゲージメント向上は、生産性と離職率改善に直接寄与する。,종업원의 참여도(엔게이지먼트) 향상은 생산성과 이직률 개선에 직접 기여한다.
戦後の混乱で物資が欠乏していた。,전후의 혼란으로 물자가 결핍되어 있었다.
この成功は、皆の協力の賜物だ。,이 성공은 모두의 협력 덕분이다.
この製品にはいくつか欠点がある。,이 제품에는 몇 가지 결점이 있다.
彼は日々の出来事を随筆に綴っている。,그는 나날의 일들을 수필로 엮고 있다.
最近、映画館に行きましたか？,최근에 영화관에 갔나요?
古来より火山は人々の畏怖の対象であり、同時に信仰の場でもあった。,예로부터 화산은 사람들의 외경의 대상이자 동시에 신앙의 장소였다.
子どもの頃から胃腸が弱く、油っこい料理はできるだけ控えている。,어릴 때부터 위장이 약해서 기름진 요리는 되도록 삼가고 있다.
この道は車の往来が激しい。,이 길은 차의 왕래가 심하다.
被害の増加が顕著で、対策が急がれている。,피해 증가가 현저해 대책이 시급하다.
彼は禁煙すると固く決心した。,그는 금연을 하겠다고 굳게 결심했다.
優勝した選手の雄姿に、会場が沸いた。,우승한 선수의 늠름한 모습에 경기장이 들끓었다.
話題の映画、もう見ましたか？,"화제의 영화, 벌써 보셨나요?"
秋の空に、たくさんの赤とんぼが飛んでいた。,가을 하늘에 수많은 고추잠자리가 날고 있었다.
彼女は三人姉妹の末っ子だ。,그녀는 세 자매 중 막내다.
アジャイル開発手法を取り入れ、市場の変化に迅速に対応できる体制を作る。,"애자일 개발 기법을 도입하여, 시장의 변화에 신속하게 대응할 수 있는 체제를 만든다."
クラウドファンディングを活用して、テストマーケティングと資金調達を兼ねる。,"크라우드 펀딩을 활용하여, 테스트 마케팅과 자금 조달을 겸한다."
ご紹介にあずかりました、伊藤と申します。,소개받은 이토라고 합니다.
彼は会議になるといつも萎縮してしまい、本当に言いたいことが言えない。,그는 회의만 하면 항상 위축되어 진심으로 하고 싶은 말을 하지 못한다.
今月の月給は少し上がった。,이번 달 월급이 조금 올랐다.
残業続きの毎日に、さすがにやる気が萎えてきた。,야근이 계속되는 나날에 드디어 의욕이 꺾이기 시작했다.
彼はただの知り合いで、友達ではありません。,"그는 그냥 아는 사이(지인)일 뿐, 친구는 아닙니다."
週末は友人と競艇を見に行く予定だ。,주말엔 친구와 경정을 보러 갈 예정이다.
三日間の観光客用定期券を機械か案内所で購入できます,"3일간의 관광객용 정기권을 기계나 안내소에서 구매할 수 있습니다"
トンボが素早いスピードで空を飛んでいる。,잠자리가 재빠른 속도로 하늘을 날고 있다.
叙勲式典で、祖父が勲章を受け取った。,서훈식에서 할아버지가 훈장을 받았다.
お気に入りのカフェで窓際の椅子に腰掛け、ゆっくりコーヒーを味わった。,단골 카페에서 창가의 의자에 앉아 천천히 커피를 맛보았다.
彼は几帳面な性格で、机の上もいつも整っている。,그는 꼼꼼한 성격이라 책상 위도 항상 정돈되어 있다.
監督の言葉が選手たちを鼓舞した。,감독의 한마디가 선수들을 크게 고무했다.
子どもをぶつようなことは絶対にしてはいけない。,아이를 때리는 일은 절대 해서는 안 된다.
搭乗口がたった今発表されました、広間の突き当たりにある四十二番搭乗口です,"탑승구가 방금 발표되었습니다, 홀 끝에 있는 42번 탑승구입니다"
ああ、申し訳ありません、あなたのために、よりゆっくりとはっきりと話します,"아, 죄송합니다, 손님을 위해 더 천천히 또렷하게 말하겠습니다"
ご出席の方々に心からお礼申し上げます。,참석해 주신 여러분께 진심으로 감사드립니다.
工場では鋳造ラインが止まらず、金属の匂いがした。,공장에서는 주조 라인이 멈추지 않아 금속 냄새가 났다.
はじめまして、田中と申します。,"처음 뵙겠습니다, 다나카라고 합니다."
部長が「在宅勤務の曜日固定」を提唱して、会議がざわついた。,부장이 ‘재택근무 요일 고정’을 제창해서 회의가 술렁였다.
私は東京支社から転勤してきました。,저는 도쿄 지사에서 전근해 왔습니다.
この文章は締まりがなくて、結論がぼやける。,이 글은 긴장감(짜임새)이 없어서 결론이 흐릿해진다.
家にシロアリが発生したので、専門業者に駆除を依頼した。,집에 흰개미가 발생해서 전문 업체에 구제를 의뢰했다.
この町は鋳物の産地で、店先に鍋が並ぶ。,이 마을은 주물 산지라 가게 앞에 냄비가 늘어서 있다.
彼は雨の中でも傘を振るように腕を大きく振って歩く。,그는 비 속에서도 우산을 흔들 듯이 팔을 크게 흔들며 걷는다.
川の向こう岸に小さな村が見える。,강 건너 기슭에 작은 마을이 보인다.
先生がテストのプリントを配っている。,선생님이 시험 프린트를 나눠 주고 있다.
失恋した友人を慰めるために、彼女の話を一晩中黙って聞いてあげた。,실연한 친구를 위로해 주기 위해 그녀의 이야기를 밤새 묵묵히 들어 주었다.
真昼の砂浜は熱くて、裸足では歩けなかった。,한낮의 모래사장은 뜨거워서 맨발로는 걸을 수 없었다.
何とお呼びすればよろしいですか？,뭐라고 부르면 좋을까요?
〇〇と申します。以後、お見知りおきを。,〇〇라고 합니다. 앞으로 잘 부탁드립니다.
午後四時の会に二つ空きが残っていますが参加されますか,오후 4시 모임에 두 자리가 남아 있는데 참여하시겠습니까
彼はわざと友達を冷やかして笑いを取る。,그는 일부러 친구를 놀려서 웃음을 산다.
差別的な発言は厳しく排除されるべきだ。,차별적인 발언은 엄격히 배제되어야 한다.
被告には五年の禁錮刑が言い渡された。,피고인에게는 5년의 금고형이 선고되었다.
強風で電柱が倒れ、近所が一時停電した。,강풍으로 전봇대가 쓰러져 근처가 한때 정전됐다.
もし長期休暇が取れたら、どこへ行ってみたいですか？,"만약 장기 휴가를 받을 수 있다면, 어디에 가보고 싶으세요?"
帆柱にロープを締め直して、出航の準備をした。,돛대의 로프를 다시 조여 출항 준비를 했다.
約十パーセントを残すのが礼儀ですが厳密に義務ではありません,약 10퍼센트를 남기는 것이 예의입니다만 엄밀히 말해 의무는 아닙니다
彼の身なりはいつも汚らしく見える。,그의 차림새는 늘 추레해 보인다.
壁に色あせたチョウが一枚貼ってある。,벽에 색이 바랜 벽보가 한 장 붙어 있다.
優勝が決まり、選手たちは歓喜の声を上げた。,우승이 확정되자 선수들은 환희의 함성을 질렀다.
私は、友人の紹介でまいりました。,저는 친구의 소개로 왔습니다.
画面を交換することができます、そしてそれは通常約四十五分かかります,"화면을 교환할 수 있습니다, 그리고 그것은 보통 약 45분 걸립니다"
現在の相場は掲示板に表示されています、旅券を見せてください,"현재 시세는 게시판에 표시되어 있습니다, 여권을 보여주세요"
湯水のように時間を浪費してしまった。,물 쓰듯 시간을 낭비해 버렸다。
人の傘を盗むのは絶対にだめだ。,남의 우산을 훔치는 건 절대 안 된다。
祖母は園芸が趣味で、小さな庭には一年中色とりどりの花が咲いている。,할머니는 원예가 취미라 작은 정원에 일 년 내내 형형색색의 꽃이 피어 있다.
スズメバチは非常に攻撃的で、巣に近づくと危険だ。,말벌은 매우 공격적이어서 집에 가까이 가면 위험하다.
栄養相談で、最近は亜鉛の不足にも気をつけるようにと言われた。,영양 상담에서 요즘은 아연 부족도 조심하라는 말을 들었다.
キャベツ畑で、モンシロチョウの芋虫を見つけた。,양배추밭에서 배추흰나비의 애벌레를 발견했다.
花粉症で鼻が詰まって息がしにくい。,꽃가루 알레르기로 코가 막혀 숨쉬기가 힘들다.
大阪から日帰りで遊びに来ました。,오사카에서 당일치기로 놀러 왔습니다.
それはそれは。ゆっくり楽しんでいってね。,어머나. 느긋하게 즐기다 가세요.
英語の発音をよくするのは難しい。,영어 발음을 잘하게 만드는 건 어렵다.
休みの日は、どんなことをして過ごされることが多いですか？,쉬는 날에는 주로 무엇을 하며 보내시나요?
このドラマは昭和の年代が舞台だ。,이 드라마는 쇼와 시대 연대가 배경이다.
夏の縁側には、蚊取り線香の香りがよく似合う。,여름 툇마루에는 모기향 냄새가 잘 어울린다.
こちらが復路の切符です、電車は九時ちょうどに四番乗り場から出発します,"이것이 돌아오는 편 표입니다, 기차는 9시 정각에 4번 승강장에서 출발합니다"
かしこまりました、運転手が正確に理解できるように住所を文字で書きます,"알겠습니다, 운전기사가 정확하게 이해할 수 있도록 주소를 글로 써 드리겠습니다"
ええ、そうです。出張ですか？,"네, 맞아요. 출장이세요?"
友人は仕事で南米に駐在している。,친구는 일 때문에 남미에 주재하고 있다.
はい、韓国から来ました。キムと申します。,"네, 한국에서 왔습니다. 김이라고 합니다."
間違えたところに大きくばってんをつけた。,틀린 부분에 크게 엑스 표시를 했다.
キムさんですね。私はここの店主の佐藤です。,김 씨시군요. 저는 이 가게의 주인인 사토입니다.
よろしくお願いします、佐藤さん。,"잘 부탁드립니다, 사토 씨."
このお店は、私が子供の頃からあるんですよ。,이 가게는 제가 어릴 적부터 있었어요.
昼に食べた天丼がとてもおいしかった。,점심에 먹은 덴돈이 아주 맛있었다.
この地域では台風の影響で飲み水が不足し、給水車に長い列ができた。,이 지역은 태풍 영향으로 식수가 부족해 급수차 앞에 긴 줄이 생겼다.
てんとう虫は、集団で落ち葉の下などで越冬する。,무당벌레는 집단으로 낙엽 아래 등에서 월동한다.
布団を干して、ダニの繁殖を防ぐ。,이불을 말려서 진드기 번식을 막는다.
彼女の誕生日は二十になる。,그녀의 생일은 20일이다.
学生時代、バンドを組んでいたことがあるんですよ。,학창 시절에 밴드를 결성했던 적이 있어요.
この町の名勝は、朝霧に包まれる古い橋だ。,이 마을의 명승은 아침 안개에 감싸이는 오래된 다리다.
台所が生ゴミでひどく臭い。,부엌에서 음식물 쓰레기 때문에 심한 냄새가 난다.
別の観点から問題を考えてみましょう。,다른 관점에서 문제를 생각해 봅시다.
会社は改組を行い、部門を統合した。,회사는 개편을 진행해 부서를 통합했다.
私、こういう者です。,저는 이런 사람입니다. (명함을 건네며)
トンボの幼生であるヤゴは、水中で生活する。,잠자리의 유생인 수채는 물속에서 생활한다.
はい、国際身分証明書があれば切符の価格は標準料金の半額になります,"네, 국제 신분증이 있으면 표 가격은 표준 요금의 절반이 됩니다"
奉仕料は含まれていますが楽しんだ場合は小銭を残すのが慣習です,봉사료는 포함되어 있습니다만 만족하셨다면 잔돈을 남기는 것이 관습입니다
白昼の繁華街でひったくりが起き、騒然となった。,대낮 번화가에서 날치기가 일어나 소란스러웠다.
雑草が伸びないように、畝間に敷き藁をしておくとよい。,잡초가 자라지 않도록 두둑 사이에 짚을 깔아 두는 것이 좋다.
夏の公園では、木の幹に蝉の抜け殻がたくさん付いている。,여름 공원에서는 나무줄기에 매미 허물이 많이 붙어 있다.
昼は窓際で本を読み、静かに過ごした。,낮에는 창가에서 책을 읽으며 조용히 보냈다.
都会での仕事を辞めて、父は山里に隠居し、畑仕事を楽しんでいる。,도시에서 일을 그만두고 아버지는 산골에 은거해 텃밭 일을 즐기고 있다.
通路をふさいでいる荷物を端に退ける。,통로를 막고 있는 짐을 한쪽으로 치운다.
この中から好きなものを一つとることができます。,이 중에서 마음에 드는 것을 하나 고를 수 있습니다.
大通りの緑色のネオン十字がある薬局は二十四時間営業しています,큰길의 녹색 네온 십자가가 있는 약국은 24시간 영업하고 있습니다
これらの陶器の椀は近くの村に住む私の叔母によって手描きされています,이 도자기 그릇들은 근처 마을에 사는 제 이모가 직접 그린 것입니다
最終便の船は午後十時に出発しますので早めに波止場に来てください,마지막 배는 오후 10시에 출발하므로 일찍 선착장에 와주세요
試合終了の瞬間、観客席には悲喜が入り混じった。,"경기 종료 순간, 관중석에는 희비가 엇갈렸다."
会議の前に軽く昼食を取り、頭を切り替えた。,회의 전에 가볍게 점심을 먹고 머리를 전환했다.
その言葉の本当の意味を理解するには、使われた状況を知る必要がある。,그 말의 진정한 의미를 이해하려면 사용된 상황을 아는 것이 필요하다.
秋になると、この木に赤い実がたくさんなる。,가을이 되면 이 나무에 빨간 열매가 많이 열린다.
雨宿りに入った喫茶で、深煎りの香りに包まれた。,비를 피하려 들어간 다방에서 진한 볶음 커피 향에 감싸였다.
運動した後、シャワーを浴びてさっぱりした。,운동 후 샤워를 하고 개운해졌다.
カマキリは、多くの害虫にとっての天敵だ。,사마귀는 많은 해충에게 천적이다.
畝織のジャケットは、表面に独特の凹凸があって上品な印象だ。,골이 진 직물 재킷은 표면에 독특한 울퉁불퉁함이 있어 고급스러운 인상을 준다.
来週、友だちと花見に行く予定だ。,다음 주에 친구들과 벚꽃놀이를 갈 예정이다.
このテキストは初心者にも分かりやすい。,이 텍스트는 초보자에게도 이해하기 쉽다.
さっき駅で先生に会った。,아까 역에서 선생님을 만났다.
小さな漁師町の浦には、夕方になると漁船が次々と戻ってくる。,작은 어촌의 포구에는 저녁이 되면 어선들이 잇따라 돌아온다.
ビーカーの赤い目盛りまで水を入れてください。,비커의 붉은 눈금까지 물을 채워 주세요.
祖父は趣味で、庭の隅で養蜂をしている。,할아버지는 취미로 정원 구석에서 양봉을 하고 있다.
料理長に唐辛子油なしの穏やかな味付けで調理するよう頼みます,주방장에게 고추기름 없이 순한 맛으로 조리하도록 부탁하겠습니다
かしこまりました、出発まで施錠された部屋で荷物を保管できます,"알겠습니다, 출발할 때까지 잠긴 방에 짐을 보관할 수 있습니다"
防ぎが甘いと、同じ事故が繰り返される。,대비가 허술하면 같은 사고가 반복된다.
彼はアリのように、いつも黙々と働く働き者だ。,그는 개미처럼 언제나 묵묵히 일하는 일꾼이다.
お仕着せのルールに従うだけでは、現場は回らない。,위에서 내려온 획일적 규칙만 따르면 현장은 돌아가지 않는다.
本当ですね。私も、どこかへ行きたくなります。,정말 그러네요. 저도 어딘가로 가고 싶어져요.
品物に不備があったので返品した。,상품에 하자가 있어서 반품했다.
助けを求めて、彼は大声で叫んだ。,도움을 요청하며 그는 큰 소리로 외쳤다.
信号無視は重大な交通違反であり、事故の原因にもなる。,신호 위반은 중대한 교통 위반이며 사고의 원인이 되기도 한다.
蜂は花粉を足につけて、次の花へと運ぶ。,벌은 꽃가루를 다리에 묻혀 다음 꽃으로 옮긴다.
強い日差しの中で空を見上げると、思わず瞬きをした。,강한 햇빛 아래 하늘을 올려다보니 저도 모르게 눈을 깜빡였다.
古いステレオでレコードを聴くのが趣味だ。,오래된 스테레오로 레코드를 듣는 것이 취미다.
雨による交通事故が多発している。,비로 인한 교통사고가 다발하고 있다.
旅行用にこれらの漢方錠剤かより強い眠気を催すものがあります,여행용으로 이 한방 정제나 더 강한 졸음을 유발하는 약이 있습니다
昼夜を問わず稼働するサーバー室は、音が絶えない。,주야를 가리지 않고 가동되는 서버실은 소리가 끊이지 않는다.
その小説では老練な宰相が国を支える。,그 소설에서는 노련한 재상이 나라를 떠받친다.
突然名前を呼ばれて、彼は真っ青な顔をして立ち上がった。,갑자기 이름이 불리자 그는 얼굴이 새파래져서 일어섰다.
ここのご主人、頑固だけど腕は確かなんだ。,"여기 주인장, 고집은 세지만 실력은 확실해."
人種差別的な発言は本当に汚らわしい。,인종차별적인 발언은 정말 혐오스럽다.
家臣たちは誠忠を誓い、最後まで城を守った。,가신들은 성심의 충성을 맹세하고 끝까지 성을 지켰다.
スマホゲームは、満員電車の中でのちょっとした慰みになっている。,스마트폰 게임은 만원 전철 안에서의 작은 위안거리가 되고 있다.
職人の技を長年かけて会得した。,장인의 기술을 오랜 세월에 걸쳐 터득했다.
以東の地域では雪が強まる見込みです。,동쪽 지역에서는 눈이 강해질 전망입니다.
虫たちによる受粉がなければ、作物は実らない。,벌레들에 의한 수분이 없으면 작물은 열매를 맺지 않는다.
写真をとるのが趣味です。,사진 찍는 것이 취미입니다.
グラスに水を注いで、のどを潤した。,잔에 물을 따라 목을 축였다.
こんなに多くの人が応援してくれるなんて、本当に心強い。,이렇게 많은 사람이 응원해 주다니 정말 든든하다.
将棋で歩を突いて道を開いた。,장기(쇼기)에서 보(歩)를 두어 길을 열었다.
好悪の感情だけで人を判断すべきではない。,호오의 감정만으로 사람을 판단해서는 안 된다.
隣のホテルの屋上酒場は夕日の最高の眺めを持っています,옆 호텔의 옥상 바는 석양을 보기에 최고입니다
猫のしなやかな動きには、いつも見とれてしまう。,고양이의 유연한 움직임에는 언제나 넋을 잃고 보게 된다.
体操選手が宙返りを決めて、客席が拍手した。,체조 선수가 공중제비를 성공시키자 관객석이 박수쳤다.
まだあなたの言語を話すのを学んでいる最中なので少し話す速度を落としていただけますか,아직 이 나라 말을 배우는 중이라서 조금만 천천히 말씀해 주시겠습니까
もし今日空き枠があれば伝統的な茶道体験をしてみたいのですが,만약 오늘 빈 자리가 있다면 전통 다도 체험을 해보고 싶은데요
梅雨の時期は、毎日うっとうしい天気が続く。,장마철에는 매일 칙칙하고 성가신 날씨가 이어진다.
新しい枕に替えたら、ぐっすり眠れるようになった。,새 베개로 바꾸었더니 푹 잘 수 있게 되었다.
暗い路地で突然犬に吠えられて脅かされた。,어두운 골목에서 갑자기 개가 짖어 놀랐다.
この国にはタクシー運転手や給仕係へのチップに関する特定のエチケットはありますか,이 나라에는 택시 기사나 종업원 팁에 관한 특별한 에티켓이 있습니까
宇宙の写真を見ていると、悩みが小さく思える。,우주 사진을 보고 있으면 고민이 작게 느껴진다.
原作に忠実な映画化だと聞いて、期待が高まった。,원작에 충실한 영화화라 들어 기대가 커졌다.
到頭、彼に本当の気持ちを打ち明けた。,마침내 그에게 진짜 마음을 털어놓았다.
その猫はとてもすばしこくて、捕まえることができなかった。,그 고양이는 매우 날쌔서 잡을 수가 없었다.
周到に準備したおかげで、発表はうまくいった。,주도면밀하게 준비한 덕분에 발표가 잘 됐다.
川に沿う細い道を、私たちは黙って並んで歩いた。,강을 따라 난 좁은 길을 우리는 말없이 나란히 걸었다.
その条件では成功は到底望めない。,그 조건으로는 성공을 도저히 바랄 수 없다.
彼は勝手に予定を変えて、みんなを困らせた。,그는 제멋대로 일정을 바꿔 모두를 곤란하게 했다.
研修期間は外泊禁止で、寮に戻らないといけない。,연수 기간은 외박 금지라 기숙사로 돌아가야 한다.
沖は波が高く、漁船がゆっくり揺れていた。,먼바다는 파도가 높아 어선이 천천히 흔들리고 있었다.
温めたミルクの表面に薄い膜が張った。,데운 우유 표면에 얇은 막이 생겼다.
このパンは焼きたてで柔らかい。,이 빵은 갓 구워서 부드럽다(말랑하다).
花火の一条が夜空へ沖して、観客がどよめいた。,불꽃 한 줄기가 밤하늘로 곧게 치솟아 관객이 술렁였다.
正月には和服を着る人も多い。,정월(새해)에는 와후쿠(일본 전통 의상)를 입는 사람도 많다.
私の再利用可能な水筒に浄水を補充できる場所を教えていただけますか,제 개인 물병에 식수를 채울 수 있는 곳을 알려주시겠습니까
危険な場所はなるべく避けるようにしてください。,위험한 곳은 가능한 한 피하도록 하세요.
濡れた髪をドライヤーで一気に乾かした。,젖은 머리를 드라이어로 한 번에 말렸다.
コンサートの最後に、憧れの歌手と握手をして感激した。,"콘서트 마지막에, 동경하던 가수와 악수를 하고 감격했다."
かしこまりました、窓際に素敵な席が空いておりますのでお客様のために予約させていただきます,"알겠습니다, 창가에 멋진 자리가 비어 있어서 손님을 위해 예약해 드리겠습니다"
厨房に再確認させてください、ですがそのソースには砕いたピーナッツが含まれていると思います,주방에 다시 확인해 보겠습니다만 그 소스에는 으깬 땅콩이 포함되어 있다고 생각합니다
其の場所には誰も近づかなかった。,그 장소에는 아무도 접근하지 않았다.
社長があなたを食事に召したいそうです。,사장님께서 당신을 식사에 부르고 싶어 하십니다.
ろうそくの小さな炎が、停電した部屋をかすかに照らしていた。,촛불의 작은 불꽃이 정전된 방을 희미하게 비추고 있었다.
勉強の仕方を変えたら、成績が少し良くなった。,공부하는 방식을 바꾸었더니 성적이 조금 나아졌다.
居酒屋で熱々のおでんを注文した。,이자카야에서 뜨끈뜨끈한 오뎅을 주문했다.
夜空には無数の星が瞬いていた。,밤하늘에는 무수한 별들이 반짝이고 있었다.
この地域では、永久凍土が溶け始めているという報告が相次いでいる。,이 지역에서는 영구 동토가 녹기 시작했다는 보고가 잇따르고 있다.
成功をつかめるのはごく一握りの人だけだ。,성공을 거머쥘 수 있는 사람은 극히 한 줌에 불과하다.
酔って帰宅して、玄関で丸裸になって寝てしまった。,술에 취해 귀가해 현관에서 벌거벗은 채로 잠들어 버렸다.
路上で売っている安い時計は、大抵ぱち物だ。,길거리에서 파는 싼 시계는 대개 짝퉁이다.
厳かな雰囲気の中で葬式が執り行われた。,엄숙한 분위기 속에서 장례식이 거행되었다.
もしかすると彼女はもう答えを決めているのかもしれない。,어쩌면 그녀는 이미 답을 정해 버렸을지도 몰라.
日光には華厳の滝という有名な滝がある。,닛코에는 게곤 폭포라는 유명한 폭포가 있다.
そろそろ本気で貯金を始めないと将来が不安だ。,슬슬 진지하게 저축을 시작하지 않으면 미래가 불안하다.
この絵画には相当な価値があるらしい。,이 그림에는 상당한 가치가 있는 것 같다.
その特定の日程で海を一望できるジュニアスイートをご用意できます,그 특정 일정에 바다를 한눈에 볼 수 있는 주니어 스위트룸을 준비해 드릴 수 있습니다
これは一日で終わる闘いじゃない。,이건 하루 만에 끝나는 싸움이 아니다.
世論は選挙の結果を大きく左右すると言われている。,여론은 선거 결과를 크게 좌우한다고 한다.
この薬にはいくつかの禁忌事項があるので、必ず医師に相談してください。,이 약에는 몇 가지 금기가 있으니 반드시 의사와 상담하세요.
忙しいけど、健康のためにぼちぼち運動も続けている。,바쁘지만 건강을 위해 조금씩 운동도 계속하고 있어.
そんな幼稚な挑発には乗らない。,그런 유치한 도발에는 넘어가지 않는다.
祖父が亡くなり、今年の正月は忌中なので祝い事は控えた。,"할아버지가 돌아가셔서, 올해 정월에는 기중이라 경사스러운 일은 삼갔다."
私が言いたいのは、それだけだ。,내가 말하고 싶은 것은 그것뿐이다.
試験に落ちて、がっくりと肩を落とした。,시험에 떨어져 푹 하고 어깨를 떨어뜨렸다.
昨日の試験は大して難しくなかった。,어제 시험은 그다지 어렵지 않았다.
農家の人が畑を耕している。,농부가 밭을 갈고 있다.
週末は家でじっくり映画を観ながら過ごすのが楽しみだ。,주말에는 집에서 천천히 영화 보며 보내는 게 즐거움이야.
この町は盆地なので夏は蒸し暑い。,이 도시는 분지라서 여름에 무덥고 습하다。
今日は朝からやけにテンションが高くて、自分でも驚いている。,오늘은 아침부터 유난히 텐션이 높아서 나도 놀라고 있어.
昔の写真には、蒸気を吐きながら走る黒い汽車が写っている。,옛 사진에는 증기를 뿜으며 달리는 검은 기차가 찍혀 있다.
新機能の追加で、開発に拍車がかかった。,신기능 추가로 개발에 박차가 가해졌다.
大事なことはすぐにメモを取るようにしている。,중요한 것은 바로 메모를 하도록 하고 있다.
午後六時の便に空席がありますが変更手数料が適用されます,오후 6시 편에 빈 좌석이 있지만 변경 수수료가 적용됩니다
どうせ一度は失敗するんだから、早いうちに経験しておいたほうがいい。,"어차피 한 번은 실패할 테니까, 일찍 경험해 두는 게 좋아."
山門をくぐると、歴史ある寺の堂宇が静かに並んでいた。,산문을 지나니 역사가 깊은 절의 당우들이 고요히 늘어서 있었다.
その特定の型は素敵な象牙色と柔らかな淡い桃色の色合いでも存在します,그 특정 모델은 멋진 상아색과 부드러운 연한 복숭아색 색조로도 나옵니다
川に稚魚を放流して、生態系を回復させる。,강에 치어를 방류해 생태계를 회복시킨다.
忙しくて、今日はまだ飯も食べていない。,바빠서 오늘은 아직 밥도 못 먹었다.
地図アプリで近道を見つけた。,지도 앱으로 지름길을 찾았다.
なんというか、彼の発言はいつも少し上から目線に聞こえる。,"뭐랄까, 그의 말은 항상 약간 내려다보는 느낌이야."
主婦の目線で家計を見直した。,주부의 시선으로 가계를 재점검했다.
彼は失敗談を赤裸々に語って、場の空気を和ませた。,그는 실패담을 솔직하게 털어놓아 분위기를 누그러뜨렸다.
人が大勢集まっています。,사람이 많이 모여 있습니다.
八時の上映回のためにG列の中央に二席並びでご用意があります,"8시 상영 회차를 위해 G열 중앙에 두 좌석이 나란히 준비되어 있습니다"
いや、最初の方針自体は間違っていなかったと思うよ。,"아냐, 처음 방침 자체는 틀리지 않았다고 봐."
母の祈りが届いたのか、手術は無事に成功した。,어머니의 기도가 통한 것인지 수술은 무사히 성공했다.
「アバダ・ケダブラ！」と彼は杖を振った。,아바다 케다브라!라고 그는 지팡이를 흔들었다.
満員電車を降りて、ようやく座ることができた。,만원 전철을 내리고 나서야 드디어 앉을 수 있었다.
山間部では激しい降雨が続き、土砂災害への警戒が呼びかけられている。,산간 지역에는 강한 강우가 이어져 토사 재해에 대한 경계가 요청되고 있다.
回線が遅いせいで、動画が止まる。,회선이 느려서 영상이 멈춘다.
稲作には水管理が欠かせない。,벼농사에는 물 관리가 필수다.
一日中歩き回って、家に帰る頃にはぐったり疲れていた。,하루 종일 돌아다녀서 집에 돌아올 무렵에는 녹초가 되어 있었다.
彼はギャンブルで財産を蕩尽してしまった。,그는 도박으로 재산을 탕진해버렸다.
休みの日は家でゆったりと過ごしたい。,쉬는 날에는 집에서 느긋하게 보내고 싶다.
初恋の恥じらいが、手紙の文字ににじんでいた。,첫사랑의 수줍음이 편지 글씨에 배어 있었다.
このミラーレス型機種は風景に最適で初心者にとって非常に使いやすいです,이 미러리스 모델은 풍경 촬영에 최적이며 초보자가 사용하기에 매우 쉽습니다
申込書に必要事項を記入してください。,신청서에 필요한 사항을 기입해 주세요.
社長は新方針を宣言し、会場がざわめいた。,"사장은 새 방침을 선언했고, 회장이 술렁였다."
社員の意識を高めるために研修を行った。,사원의 의식을 높이기 위해 연수를 실시했다.
店のロゴは色彩が強くて目立つ。,가게 로고는 색채가 강해서 눈에 띈다.
履歴書を封筒に入れて封をした。,이력서를 봉투에 넣고 봉했다.
満員電車は窮屈で息が詰まりそうだ。,만원 전철은 비좁아서 숨이 막힐 것 같다.
この祭りの起源については諸説ある。,이 축제의 기원에 대해서는 여러 설이 있다.
国際情勢は風雲急を告げ、ニュースから目が離せない。,국제 정세가 급박하게 돌아가서 뉴스에서 눈을 뗄 수가 없다.
結局誰も責任を取りたがらなくて、話が前に進まなかった。,결국 아무도 책임지려 하지 않아서 이야기가 진전되지 않았어.
急に雨が降り出したので、コンビニでビニール傘を買った。,갑자기 비가 내리기 시작해서 편의점에서 비닐 우산을 샀다.
子どものころは、空を流れる雲の形を見ていろいろ想像したものだ。,어릴 때는 하늘에 흘러가는 구름 모양을 보며 이것저것 상상하곤 했다.
そのうえ在宅勤務も認められていて、働きやすい会社だと思う。,게다가 재택근무도 허용돼서 일하기 좋은 회사인 것 같아.
庭園の泉水に鯉が泳ぎ、波紋が広がった。,정원 연못물에 잉어가 헤엄쳐 물결이 퍼졌다.
それにこのプランなら、通信費もかなり節約できる。,게다가 이 요금제로라면 통신비도 꽤 절약할 수 있어.
元日は家族みんなで初詣に出かけるのが恒例だ。,원일에는 온 가족이 함께 첫 참배를 가는 것이 관례다.
もう少しでプレゼンの順番だから、資料を確認しておこう。,곧 발표 순서가 오니까 자료를 다시 확인해 두자.
トラブル対応は弁護士に一任するという委任契約を結んだ。,문제 대응은 변호사에게 일임한다는 위임 계약을 맺었다.
仕事は大体終わりました。,일은 대체로 끝났습니다.
このプロジェクトはそのうち大きな結果を出すと思う。,이 프로젝트는 머지않아 큰 결과를 낼 거라고 생각해.
語彙を増やすには、分からない単語をその都度辞書で調べる習慣が大切だ。,어휘를 늘리려면 모르는 단어를 그때그때 사전에서 찾아보는 습관이 중요하다.
健康のために白米から玄米に切り替えた。,건강을 위해 백미에서 현미로 바꾸었다.
商品の代金はレジでお支払いください。,상품 대금은 계산대에서 지불해 주세요.
台風の威力を目の当たりにして、自然の恐ろしさを痛感した。,태풍의 위력을 눈앞에서 보고 자연의 무서움을 뼈저리게 느꼈다.
選手たちは国旗の前で宣誓し、開会式が始まった。,선수들은 국기 앞에서 선서를 하고 개회식이 시작됐다.
本日はようこそ。心より歓迎いたします。,오늘은 잘 오셨습니다. 진심으로 환영합니다.
来週、京都に三日間滞在する予定だ。,"다음 주, 교토에 3일간 체류할 예정이다."
レストランの奥にある個室食堂であなたの団体を受け入れることができます,레스토랑 안쪽에 있는 개별 룸에서 손님의 단체를 모실 수 있습니다
私がここの情報端末で追加の荷物の支払いを処理できます,제가 여기 정보 단말기에서 추가 수하물 결제를 처리할 수 있습니다
久しぶりに会った彼は、見違えるほどたくましく成長していた。,오랜만에 만난 그는 깜짝 놀랄 정도로 훌쩍 자라 있었다.
はい、当店のアプリをダウンロードして点数を集め将来の割引のためにそれらを交換できます,"네, 저희 가게 앱을 다운로드해서 포인트를 모아 나중의 할인을 위해 교환할 수 있습니다"
皆の前で褒められて、恥じ入るばかりだった。,사람들 앞에서 칭찬을 받아 그저 송구스러울 뿐이었다.
旨は理解したが、期限だけは延ばせない。,"요지는 이해했지만, 기한만큼은 늘릴 수 없다."
破廉恥な行為は絶対に許されない。,파렴치한 행위는 절대로 용납될 수 없다.
ささやかですが、地元の銘菓です。皆さんでどうぞ。,"약소하지만, 저희 지역의 명과입니다. 다 함께 드세요."
会社名の頭文字を取って略称にした。,회사명의 머리글자를 따서 약칭으로 했다.
彼は公の場で侮辱され、深い恥辱を感じた。,그는 공개적인 자리에서 모욕을 당해 깊은 치욕을 느꼈다.
自分の過ちを恥じる気持ちが、次の一歩になる。,자신의 잘못을 부끄러워하는 마음이 다음 कदम이 된다.
この測定値には±2%の誤差が含まれる。,이 측정값에는 ±2%의 오차가 포함된다.
あの位置から狙うとは、誰も予想していませんでした。,"저 위치에서 노릴 줄은, 아무도 예상하지 못했습니다."
実家にはたまに帰るからこそ、親のありがたみが分かる。,가끔 고향집에 돌아가니까 부모님 고마움이 더 느껴져.
「いってらっしゃい、気をつけてね」と母が見送ってくれた。,"다녀오렴, 조심해라며 엄마가 배웅해 주었다."
思わぬところで先生に遭って、姿勢を正した。,뜻밖의 곳에서 선생님을 만나 자세를 고쳤다.
私のこと、覚えていますか？,"저, 기억하시나요?"
これで話は済むから、もう責めないで。,이걸로 이야기는 끝이니까 더는 탓하지 마.
この棚は幅が広いから、大きい箱も置ける。,이 선반은 폭이 넓어서 큰 상자도 놓을 수 있다.
創刊号からずっと、この雑誌の発刊를楽しみにしている。,창간호 때부터 줄곧 이 잡지의 발간을 기대해 왔다.
これはご丁寧にありがとうございます。,이렇게 세심하게 챙겨주셔서 감사합니다.
彼の努力は称賛に値する。,그의 노력은 칭찬할 만하다.
部屋に入る時は、靴を脱ぎます。,방에 들어갈 때는 신발을 벗습니다。
心の奥底では不安を感じていた。,마음 깊은 밑바닥에서는 불안을 느끼고 있었다.
法を守ることは国民の義務です。,법을 지키는 것은 국민의 의무입니다.
監督は後半に向けて攻撃的な布陣に変えた。,감독은 후반을 위해 공격적인 포메이션으로 바꿨다.
大人五人と全ての荷物を快適に乗せられる小型ワゴン車をご用意できます,성인 5명과 모든 짐을 편안하게 실을 수 있는 소형 승합차를 준비해 드릴 수 있습니다
その武道の奥義を極めるのは一生の仕事だ。,그 무도의 오의를 극복하는 것은 평생의 과업이다.
基礎知識がないと、その論文は読みにくい。,기초지식이 없으면 그 논문은 읽기 어렵다.
ただいま在庫切れですが金曜日までに届くよう注文することができます,지금 재고가 떨어졌지만 금요일까지 도착하도록 주문할 수 있습니다
彼は約束の時間に決して遅れない人だ。,그는 약속 시간에 절대 늦지 않는 사람이야.
茶道にはいくつもの流派がある。,다도에는 여러 유파가 있다.
遅れてすみません、道が混んでいまして。,"늦어서 죄송합니다, 길이 막혀서요."
申請は部長に承認された。,신청은 부장에게 승인됐다.
自分の短所を理解し、改善する努力が必要です。,자신의 단점을 이해하고 개선하려는 노력이 필요합니다.
私が司会を務めますので、まず自己紹介からお願いします。,"제가 사회를 맡을 테니, 먼저 자기소개부터 부탁드립니다."
合格祈願の絵馬を神社に掛けた。,합격 기원의 에마를 신사에 걸었다.
神社の祭礼で、獅子舞が町を練り歩いた。,신사 제례에서 사자춤이 마을을 행진했다.
雨の日は家で映画を見るしかなく、退屈だ。,비 오는 날은 집에서 영화를 볼 수밖에 없어서 따분하다.
マイルを格上げに使用するためにビジネスクラスの空き状況を確認させてください,마일리지를 좌석 승급에 사용하기 위해 비즈니스석의 빈자리 상황을 확인해 보겠습니다
どうやら天気が崩れそうだから、傘を持って行ったほうがいい。,아무래도 날씨가 나빠질 것 같으니까 우산을 가져가는 게 좋겠다.
信号を守って横断歩道を渡りましょう。,신호를 지켜 횡단보도를 건넙시다.
容疑者は関与を否認している。,용의자는 관여를 부인하고 있다.
丁寧に道を教えてくれて助かった。,친절하게 길을 알려줘서 도움이 됐다.
旅行の前にカメラの電池を新品に替えた。,여행 전에 카메라 배터리를 새것으로 갈아 끼웠다.
出演者は開演前に楽屋で待機している。,출연자들은 개막 전 대기실에서 대기하고 있다.
国宝展は朝から長蛇の列だった。,국보전은 아침부터 긴 줄이 늘어섰다.
夜になると外は暗くなります。,밤이 되면 밖은 어두워집니다。
部屋Bは十人を収容でき投影機とテレビ会議システムが備わっています,방 B는 10명을 수용할 수 있고 프로젝터와 화상 회의 시스템이 갖추어져 있습니다
彼は腕の良い大工だ。,그는 솜씨 좋은 목수이다.
そのプロジェクトには一億円以上の費用がかかった。,그 프로젝트에는 1억 엔 이상의 비용이 들었다.
郊外の工場からは、夜遅く까지機械の動く音が聞こえてくる。,교외의 공장에서는 밤늦게까지 기계 돌아가는 소리가 들린다.
もちろんです、シャツと領収書を勘定台に持ってきて正しい大きさを見つけてください,"물론입니다, 셔츠와 영수증을 계산대로 가져와서 맞는 사이즈를 찾아보세요"
危険物取扱者乙種の資格を取得した。,위험물 취급자 을종 자격을 취득했다.
首の長いキリンが、高い木の葉を食べている。,목이 긴 기린이 높은 나뭇잎을 먹고 있다.
まさか昨日会ったばかりの人と同じ会社だとは思わなかった。,설마 어제 만난 사람이 같은 회사 사람일 거라고는 생각 못 했어.
素晴らしい選択です、まもなくワイン給仕係が来てワインの組み合わせを説明します,"훌륭한 선택입니다, 곧 소믈리에가 와서 와인 페어링을 설명해 드릴 것입니다"
物語の老婆は、静かに昔話を語り始めた。,이야기 속 노파는 조용히 옛이야기를 들려주기 시작했다.
司令が下りた瞬間、部隊は一斉に動き出した。,명령이 내려오자마자 부대가 일제히 움직이기 시작했다.
すみません、ちょっと窓を開けてくれるよう頼むよ。,"미안한데, 창문 좀 열어달라고 부탁할게."
山道をゆっくり下って、麓の温泉まで歩いて行った。,산길을 천천히 내려가 산자락의 온천까지 걸어갔다.
上司からの注意を受けて、彼は深々と頭を下げた。,상사의 주의를 듣고 그는 깊이 고개를 숙였다.
仕事を一人で抱えるな。,일을 혼자 떠안지 마.
人任せにせず、自分で確認しよう。,남에게 맡기지 말고 스스로 확인하자.
報告書は要旨だけ先に読めば、全体像がつかめる。,보고서는 요지만 먼저 읽으면 전체상을 파악할 수 있다.
彼は委員会の重要な一員だ。,그는 위원회의 중요한 일원이다.
痛みを忍んで最後まで走り切った。,통증을 참고 끝까지 달렸다.
このクッキーは小麦を使っているので注意してください。,이 쿠키는 밀을 사용했으니 주의해 주세요.
道に迷ったので、交番で警察官に道を尋ねることにした。,길을 잃어서 파출소에서 경찰관에게 길을 묻기로 했다.
法を破れば罰せられるのは当然だ。,법을 어기면 처벌받는 것은 당연하다.
争いの源は小さな誤解だった。,다툼의 근원은 작은 오해였다.
運送会社のトラックが、玄関先に荷物を降ろした。,운송 회사 트럭이 현관 앞에 짐을 내려놓았다.
玄関の戸をしっかり閉めて出かけてください。,현관문을 꼭 닫고 나가세요.
強風でポスターが破れる前に、外した。,강풍에 포스터가 찢어지기 전에 떼어냈다.
この配信サービスはオリジナルコンテンツが豊富だ。,이 스트리밍 서비스는 오리지널 콘텐츠가 풍부하다.
私の手にどのように見えるか確認するためにこのダイヤモンドの婚約指輪を試着したいのですが,제 손에 어떻게 보이는지 확인하기 위해 이 다이아몬드 약혼반지를 껴보고 싶은데요
建物全体が見えるようにしてこの歴史的建造物の前で私たちの写真を撮っていただけますか,건물이 다 나오게 이 역사적인 건축물 앞에서 우리 사진을 좀 찍어주시겠습니까
彼は緊張すると早口になって、何を言っているのか分からなくなる。,그는 긴장하면 말이 빨라져서 무엇을 말하는지 알 수 없게 된다.
彼は法曹としての矜持を持ち、依頼人に誠実だった。,그는 법조인으로서의 긍지를 지니고 의뢰인에게 성실했다.
このビルは最新の空調設備を備えている。,이 빌딩은 최신 공조 설비를 갖추고 있다.
彼は戦中の体験を静かに述懐した。,그는 전쟁 중의 체험을 조용히 회고했다.
地面を平らにしてテントを張った。,지면을 평평하게 하고 텐트를 쳤다.
マスクを外す前に、必ず手を消毒してください。,마스크를 벗기 전에 반드시 손을 소독해 주세요.
彼は毎朝玄関前の落ち葉を箒で掃く。,그는 매일 아침 현관 앞 낙엽을 빗자루로 쓴다.
その国は海洋覇権を巡って周辺国と緊張している。,그 나라는 해양 패권을 둘러싸고 주변국과 긴장하고 있다.
決勝の覇者は、最後まで冷静だった。,결승의 우승자는 끝까지 침착했다.
洗顔後に乳液を塗る。,세안 후에 로션(유액)을 바른다.
牛乳を切らしてしまった。,우유를 다 써버렸다.
相手の挑発には乗らず、冷静にプレーを続けています。,"상대의 도발에는 넘어가지 않고, 냉정하게 플레이를 계속하고 있습니다."
朝の湖に霧がかかり、静かな水面が鏡のように光っていた。,아침 호수에 안개가 끼어 고요한 수면이 거울처럼 빛나고 있었다.
これらの古代博物館の工芸品の歴史を説明する英語の音声ガイドはありますか,이 고대 박물관 유물의 역사를 설명해 주는 영어 오디오 가이드가 있습니까
単に観光客だけでなく住民に人気のある伝統的な地元のレストランを勧めていただけますか,관광객뿐만 아니라 현지인들에게도 인기 있는 전통 맛집을 추천해 주시겠습니까
人気ゲームの新作が入荷したとたん、すぐに売り切れた。,인기 게임 신작이 입고되자마자 바로 매진되었다.
サービス料とチップがすでに最終請求合計に含まれているかどうか教えてもらえますか,봉사료와 팁이 이미 최종 청구 금액에 포함되어 있는지 알려주시겠습니까
港町で炭焼きの香りがして、急にお腹が空いた。,항구 마을에서 숯불구이 냄새가 나 갑자기 배가 고팠다.
朝は納豆をご飯にのせる。,아침엔 낫토를 밥에 올려 먹는다.
寺の裏手に、苔むした石碑が静かに立っている。,절 뒤쪽에 이끼 낀 비석이 조용히 서 있다.
田んぼからカエルの合唱が聞こえてくる。,논에서 개구리 합창이 들려온다.
二つの川がこの場所で合流して、大きな流れになっている。,두 개의 강이 이곳에서 합류해 큰 물줄기가 되고 있다.
彼は趣味で家具を製作している。,그는 취미로 가구를 제작하고 있다.
中古のノートパソコンを安く買って、家で使っている。,중고 노트북을 싸게 사서 집에서 쓰고 있다.
非常食は湿気を避けて地下室に貯蔵している。,비상식량은 습기를 피해서 지하실에 저장해 두고 있다.
空前絶後の大ヒットを記録し、その映画は社会現象となった。,"공전절후(전에도 없었고 앞으로도 없을)의 대히트를 기록해, 그 영화는 사회 현상이 되었다."
工場で大量生産されたものではなく地元の職人によって手作りされたお土産を探しています,공장에서 대량 생산된 것이 아니라 현지 장인이 직접 만든 기념품을 찾고 있습니다
彼は明晰な頭脳を持っている。,그는 명석한 두뇌를 가지고 있다.
戦後の街は焦土となり、人々は瓦礫の中を歩いた。,전후의 거리는 초토가 되어 사람들은 잔해 속을 걸었다.
あの日見た夕焼きは、私にとって永遠に忘れられない景色だ。,그날 보았던 노을은 내게 영원히 잊을 수 없는 풍경이다.
ドアの隙間から冷たい風が入ってくる。,문틈으로 차가운 바람이 들어온다.
彼は試験の結果を見て顔が真っ青になった。,그는 시험 결과를 보고 얼굴이 새파랗게 질렸다.
獣医は病気や怪我をした動物を治療する。,수의사는 아프거나 다친 동물을 치료한다.
優勝者には名入りの銀杯が贈られた。,우승자에게 이름이 새겨진 은제 컵이 수여되었다.
窓から不審者が侵入した形跡がある。,창문으로 수상한 사람이 침입한 흔적이 있다.
地図で見ると、被災範囲は想像以上に広かった。,지도로 보면 피해 범위가 상상 이상으로 넓었다.
薬は三日分出します。,약은 3일치로 드릴게요.
日本に来られるのは、今回が初めてなんですか？,일본에 오시는 것은 이번이 처음이신가요?
川の流れがぶつかり合う場所に小さな渦ができていた。,강물이 서로 부딪히는 곳에 작은 소용돌이가 생겨 있었다.
休日は海までドライブした。,휴일에는 바다까지 드라이브했다.
長時間のバス移動があるので乗り物酔いのための市販薬を販売していますか,장시간 버스를 타야 하는데 멀미약을 판매합니까
霊魂の行方をめぐって、寺で静かに語り合った。,영혼의 행방을 두고 절에서 조용히 이야기했다.
経営陣と労働組合が賃上げを巡って対立している。,경영진과 노동조합이 임금 인상을 두고 대립하고 있다.
彼の意見を無視して話を進めてしまった。,그의 의견을 무시한 채 이야기를 진행해 버렸다。
医者が懐中電灯で彼の瞳孔の反応を確かめた。,의사가 손전등으로 그의 동공 반응을 확인했다.
彼は直線を引くのも苦手なくらい不器用だ。,그는 직선을 긋는 것도 서툴 정도로 손재주가 없다.
寒い夜は、屋台で熱々のおでんを食べるのが楽しみだ。,추운 밤에는 포장마차에서 뜨거운 오뎅을 먹는 게 즐겁다.
毎朝、公園でラジオ体操をする。,매일 아침 공원에서 라디오 체조를 한다.
観光船から巨大な渦潮を間近で見て圧倒された。,관광선에서 거대한 와류를 바로 가까이에서 보고 압도되었다.
机の上に地図を広げて、次の旅行先について家族で話し合った。,책상 위에 지도를 펼쳐 놓고 다음 여행지를 두고 가족끼리 이야기했다.
日が沈む前に駅に着こう。,해가 지기 전에 역에 도착하자.
その大会には多くの女子が参加した。,그 대회에는 많은 여자들이 참가했다.
国際空港へ直行する急行電車の切符を買いたいのですが,국제공항으로 바로 가는 급행열차 표를 사고 싶은데요
景色を見るためにバスの右側の窓側の席を確保することは可能ですか,경치를 볼 수 있게 버스 오른쪽 창가 좌석을 확보할 수 있습니까
新作発表会に記者を招いて、試作品を披露した。,신작 발표회에 기자를 초대해 시제품을 공개했다.
荷物の配達は明日の午後になる予定です。,짐 배달은 내일 오후가 될 예정입니다.
彼はいつも時代の先端を行く研究をしている。,그는 항상 시대의 첨단을 가는 연구를 하고 있다.
夜の校舎はしんと静まり返っていた。,밤의 교사는 쥐 죽은 듯 고요했다.
馬のひづめの音がリズミカルに聞こえる。,말발굽 소리가 리드미컬하게 들린다.
この言葉には深い意義が込められている。,이 말에는 깊은 의미가 담겨 있다.
遠くから聞こえるオオカミの鳴き声は少し不気味だ。,멀리서 들려오는 늑대의 울음소리는 조금 으스스하다.
通信障害で業務に支障が出た。,통신 장애로 업무에 지장이 생겼다.
アヒルが池で気持ちよさそうに泳いでいる。,오리가 연못에서 기분 좋게 헤엄치고 있다.
毎日、寝る前に10分だけストレッチする。,매일 잠들기 전에 10분만 스트레칭한다.
日光が差し込む窓辺で本を読んだ。,햇빛이 드는 창가에서 책을 읽었다.
北風が吹いて、頬が痛くなった。,북풍이 불어 뺨이 아팠다。
グルテンフリーのパスタと有機ソースが置いてある通路を見つけるのを手伝っていただけますか,글루텐 프리 파스타와 유기농 소스가 있는 통로를 찾는 것을 도와주시겠습니까
今部屋をチェックアウトしたいので空港へのタクシーを手配してください,지금 체크아웃하고 싶으니 공항으로 가는 택시를 수배해 주세요
彼は党の中枢にいる重要人物だ。,그는 당의 중추에 있는 중요 인물이다.
チンパンジーは道具を使うことができる賢い動物だ。,침팬지는 도구를 사용할 줄 아는 영리한 동물이다.
擂りたてのごまの香りが台所に広がった。,갓 간 참깨 향이 부엌에 퍼졌다.
ご飯の量を減らしてください。,밥의 양을 줄여주세요.
灰色の雲が空一面に広がっている。,회색 구름이 하늘 가득 퍼져 있다.
動物園では希少種の飼育に最新の設備を導入した。,동물원은 희귀종 사육에 최신 설비를 도입했다.
科学の進歩は私たちの生活を大きく変えてきた。,과학의 발전은 우리의 삶을 크게 바꿔 왔다.
昭和の写真を見ると、街並みの違いに驚く。,쇼와 시대 사진을 보면 거리 풍경 차이에 놀란다.
コアラは一日のほとんどを寝て過ごす。,코알라는 하루의 대부분을 잠으로 보낸다.
祖父は義歯を作り直して、食事が楽になったと言った。,할아버지는 의치를 다시 맞추고 식사가 편해졌다고 말했다.
雨上がりの畑は泥土になって、靴が沈んだ。,비 온 뒤 밭이 진흙땅이 되어 신발이 푹푹 빠졌다.
沼地に足を取られて、靴が泥だらけになった。,늪지에 발이 잡혀 신발이 진흙투성이가 됐다.
コンサートのチケットを手に入れるため、抽選に応募した。,콘서트 티켓을 구하기 위해 추첨에 응모했다.
今夜の新しいアクション映画の午後8時の上映回のチケットを2枚買いたいのですが,오늘 밤 개봉하는 새 액션 영화의 오후 8시 상영 티켓을 2장 사고 싶은데요
初心者の風景写真に適した高品質なデジタルカメラを探しています,초보자의 풍경 사진 촬영에 적합한 고품질 디지털 카메라를 찾고 있습니다
面接の日時をメールでお知らせします。,면접 일시를 이메일로 안내하겠습니다.
両国間の紛争を解決するため、国連が調停に乗り出した。,양국 간의 분쟁을 해결하기 위해 UN이 조정에 나섰다.
事故の当事者同士で示談が成立した。,사고 당사자끼리 합의가 성립했다.
彼と私は同じ会社で働いている。,그와 나는 같은 회사에서 일하고 있다.
嘘をつかれて、本当に憎い気持ちになった。,거짓말을 들으니 정말 미운 감정이 들었다.
隣の部屋の戸の開けたての音がうるさくて集中できない。,옆방 문 여닫는 소리가 시끄러워서 집중을 할 수 없다.
地理が苦手で、地図を読むのに時間がかかる。,지리가 약해서 지도를 읽는 데 시간이 걸린다.
お湯を沸かして、お茶を入れます。,뜨거운 물을 끓여서 차를 우립니다。
新しい勉強法を試みるため、朝の時間を固定した。,새 공부법을 시도하려고 아침 시간을 고정했다.
動物保護団体が密猟の危険性を訴えている。,동물보호단체가 밀렵의 위험성을 호소하고 있다.
歩いているうちに靴ひもが解けてしまった。,걷는 동안 신발 끈이 풀려 버렸다.
古い寺院の静けさに心が落ち着いた。,옛 사원의 고요함에 마음이 가라앉았다.
その女優は世界中で人気がある。,그 여배우는 전 세계적으로 인기가 많다.
新薬の安全性を確かめるための臨床実験が行われた。,신약의 안전성을 확인하기 위한 임상 실험이 실시되었다.
売上の推移を棒グラフで示した。,매출 추이를 막대그래프로 나타냈다.
もし夫に正しく合わなかった場合このジャケットを返品して全額返金してもらえますか,만약 남편에게 잘 맞지 않을 경우 이 재킷을 반품하고 전액 환불받을 수 있습니까
然し、最後まであきらめなければきっと成功できる。,그러나 끝까지 포기하지 않으면 분명 성공할 수 있다.
土曜日の夜の誕生日のお祝いのために12人の大人数用の席が必要です,토요일 밤 생일 파티를 위해 12명 단체석이 필요합니다
お弁当の時間がいちばん楽しみです。,도시락 시간이 가장 기대됩니다.
宿題を忘れて、先生に叱られました。,숙제를 잊어버려서 선생님께 혼났습니다.
美容院で髪をきれいにセットしてもらった。,미용실에서 머리를 예쁘게 세팅 받았다.
日本のアニメは世界中で人気の文化コンテンツです。,일본 애니메이션은 전 세계적으로 인기 있는 문화 콘텐츠입니다.
雨のあとに大きな虹が出た。,비가 온 뒤 큰 무지개가 떴다.
母は祖母の介護のために実家に戻った。,어머니는 할머니를 간병하기 위해 본가로 돌아갔다.
この地区は風致が守られていて、景観が美しい。,이 지역은 풍치가 보존되어 경관이 아름답다.
私はクラシック音楽を聴きながら勉強するのが好きです。,저는 클래식 음악을 들으면서 공부하는 것을 좋아합니다.
人気アイドルグループの全国興行が決定し、ファンが歓声を上げた。,인기 아이돌 그룹의 전국 공연 흥행이 결정돼 팬들이 환호했다.
今日のメインメニューに記載されていないベジタリアン向けの選択肢は何かありますか,오늘 메인 메뉴판에 없는 채식주의자용 선택지가 있습니까
朝食は宿泊料金に含まれていますかそれとも別途支払う必要がありますか,조식은 숙박 요금에 포함되어 있습니까 아니면 따로 지불해야 합니까
ここで撮影するには許可が必要です。,여기서 촬영하려면 허가가 필요합니다.
彼は安定した仕事を続けるか、夢を追うかで深い葛藤に苦しんでいる。,그는 안정된 일을 계속할지 꿈을 좇을지 깊은 갈등으로 괴로워하고 있다.
政治の話はあまり得意ではないのですが、最近のニュースには驚きました。,"정치 이야기는 그다지 잘하지 못하지만, 최근 뉴스에는 놀랐습니다."
肉類は冷蔵庫の下段で保存してください。,육류는 냉장고 아래 칸에 보관해 주세요.
キッチンからカレーの香りがしてきて、お腹が鳴った。,주방에서 카레 냄새가 나기 시작하자 배가 꼬르륵 울렸다.
留守中に泥棒に家を荒らされた。,집을 비운 사이 도둑이 집을 엉망으로 어질러 놓았다.
強風で木が倒れた。,강풍에 나무가 쓰러졌다.
筋肉痛で腕が上がらない。,근육통 때문에 팔이 올라가지 않는다.
虫歯が痛いので、歯医者に行かなければならない。,충치가 아파서 치과에 가야만 한다.
船は夜明け前に狭い海峡を抜けた。,배는 동틀 무렵 좁은 해협을 빠져나왔다.
劇団四季の演劇は、いつも感動的です。,극단 사계의 연극은 언제나 감동적입니다.
日本語がとてもお上手ですが、どのくらい勉強されたんですか？,"일본어를 정말 잘하시는데, 어느 정도 공부하셨어요?"
新しいブラウスを着て出かけたら、友達にほめられた。,새 블라우스를 입고 나갔더니 친구에게 칭찬을 받았다.
机の位置を少し右にずらしてください。,책상 위치를 조금 오른쪽으로 옮겨 주세요.
オーツミルクとヘーゼルナッツシロップのショットが入ったラージサイズのラテを注文したいのですが,오트 밀크와 헤이즐넛 시럽 샷을 추가한 라지 사이즈 라떼를 주문하고 싶은데요
お客様からの要求にできるだけ応えたい。,손님의 요구에 최대한 응하고 싶다.
この店での購入に対してポイントを獲得できるロイヤルティプログラムはありますか,이 가게에서 구매 시 포인트를 적립할 수 있는 멤버십 프로그램이 있습니까
科学者たちはカニの甲殻の強度を調べる実験を行った。,과학자들은 게의 갑각 강도를 조사하는 실험을 했다.
人生で一番大切にしていることは何ですか？,인생에서 가장 소중하게 여기는 것은 무엇인가요?
喉が渇いたので、冷たい水を一気に飲み干した。,목이 말라서 차가운 물을 단번에 들이켰다.
この花は夕方になると甘く匂う。,이 꽃은 저녁이 되면 달콤한 향이 난다.
倉庫荒らしを狙った連続窃盗事件が発生した。,창고털이를 노린 연쇄 절도 사건이 발생했다.
雨上がりの土の匂いが好きだ。,비가 갠 뒤 흙냄새가 좋다.
壁の凹凸をパテで埋めた。,벽의 요철을 퍼티로 메웠다.
崖の突端に立つと風が強い。,절벽 끝에 서면 바람이 세다.
洗った皿を窓ぎわで乾かしている。,씻은 접시를 창가에서 말리고 있다.
望みがある限り、あきらめないで走ろう。,"희망(가망)이 있는 한, 포기하지 말고 달리자."
昨日貸しを作ったんだから、今度は手伝ってよ。,어제 신세를 졌으니까 이번에는 도와줘.
大人5人とスーツケース4個が入る十分な大きさのレンタカーを予約する必要があります,성인 5명과 여행 가방 4개가 들어갈 만큼 충분히 큰 렌터카를 예약해야 합니다
彼女は美貌だけでなく、芯の強さでも知られる。,그녀는 미모뿐 아니라 강인함으로도 알려져 있다.
約束は絶対に守ります。,약속은 반드시 지키겠습니다.
電車の中で小説を読んでいた。,전철 안에서 소설을 읽고 있었다.
この漢字の読みを教えてください。,이 한자의 읽는 법을 알려 주세요.
クーラーをつけっぱなしで寝て、風邪をひいてしまった。,에어컨을 켜 놓은 채로 자다가 감기에 걸리고 말았다.
カウンターで店員と客を隔てるアクリル板が設置されている。,카운터에서 점원과 손님을 구분하는 아크릴 판이 설치되어 있다.
入り口の正面に大きな花が飾ってあった。,입구 정면에 큰 꽃이 장식되어 있었다.
彼はアフリカで医療宣教の活動をしている。,그는 아프리카에서 의료 선교 활동을 하고 있다.
アルコールの飲み過ぎには本当に気をつけてください。,알코올을 과음하는 것에는 정말 주의하세요.
国境という隔てを越えて人々が交流している。,국경이라는 경계를 넘어 사람들이 교류하고 있다.
この洗剤は汚れがよく落ちる。,이 세제는 때가 잘 빠진다.
鏡を見るたび、白髪が増えた気がする。,거울을 볼 때마다 흰머리가 늘어난 것 같다.
フェリーは霧の中をゆっくりと出港していった。,여객선은 안개 속을 천천히 출항해 나갔다.
ソースはサラダにかけるのではなく横に添えて提供されるようにしてください,소스는 샐러드에 뿌리지 말고 옆에 따로 담아 주세요
袖が私には短すぎるのでこのシャツをより大きなサイズと交換できますか,소매가 저에게 너무 짧아서 이 셔츠를 더 큰 사이즈로 교환할 수 있습니까
簿記を勉強して、経理の基礎を固めた。,부기를 공부해서 경리 기초를 다졌다.
今月の末に給料日だ。,이달 말에 월급날이다.
独断で決めず、皆に相談しよう。,독단으로 결정하지 말고 모두와 상의하자.
偶々入った店が、とてもおいしいレストランだった。,우연히 들어간 가게가 정말 맛있는 레스토랑이었다.
地震保険に加入しておいたおかげで、修理費が助かった。,지진 보험에 가입해 둔 덕분에 수리비가 덜 들었다.
博物館では、美しい鉱物の標本がガラスケースに展示されていた。,박물관에는 아름다운 광물 표본이 유리 진열장에 전시되어 있었다.
階段から落ちて、足の骨を折ってしまった。,계단에서 떨어져 다리 뼈가 부러졌다.
彼らは密かに政権転覆を謀っていた。,그들은 은밀히 정권 전복을 꾀하고 있었다.
彼女は無意識にフェロモンを振りまいている。,그녀는 무의식적으로 페로몬을 뿌리고 있다.
このガラスは脆いので注意してください。,이 유리는 깨지기 쉬우니(약하니) 주의해 주세요.
祭りの行進が長い隊列になって町を進んだ。,축제 행렬이 긴 대열이 되어 마을을 지나갔다.
彼は西洋の古典音楽に詳しい。,그는 서양 고전 음악에 조예가 깊다.
長時間のフライトや通勤中に使用するためのノイズキャンセリングヘッドホンを探しています,장거리 비행이나 출퇴근 중에 사용할 노이즈 캔슬링 헤드폰을 찾고 있습니다
本邦の経済は緩やかに回復していると報告された。,본국(일본)의 경제가 완만히 회복 중이라고 보고되었다.
雨で大事な書類を濡らしてしまって、上司に謝った。,비 때문에 중요한 서류를 적셔 버려서 상사에게 사과했다.
古い町家を改装した喫茶店には、隅々にまで雅趣が感じられる。,옛 마치야를 개조한 찻집에는 구석구석까지 아취가 느껴진다.
観客の声援に呼応して選手たちが奮起した。,관객의 응원에 화답해 선수들이 분발했다.
困ったときに助けてくれる友達がいるのは心強い。,힘들 때 도와주는 친구가 있다는 건 든든하다.
友人とピザをシェアして食べた。,친구와 피자를 나눠 먹었다.
遊園地のゲートをくぐり心がわくわくする,놀이공원의 입구를 지나며 마음이 두근거리다
満員電車の中で乗客同士が少しずつ詰め合った。,만원 전철 안에서 승객들이 조금씩 서로 비켜 섰다.
駅で電車のダイヤグラムを確認する。,역에서 전철 시각표를 확인한다.
彼は新しく三階建ての家を購入した。,그는 새로 3층짜리 집을 구입했다.
この橋は地元の石材で造られている。,이 다리는 지역의 석재로 만들어져 있다.
母から譲り受けた帯を締めて、久しぶりに着物を着た。,어머니에게 물려받은 띠를 매고 오랜만에 기모노를 입었다.
暑いので冷房を強くした。,더워서 냉방을 강하게 했다.
邦楽のライブに初めて行った。,처음으로 일본 전통음악(邦楽) 라이브에 갔다.
彼は一家の長男として、家族を支える責任を感じている。,그는 집안의 장남으로서 가족을 부양할 책임을 느끼고 있다.
個室の利用には、別途料金がかかりますか。,개별 룸 이용에는 별도 요금이 듭니까.
グラウンドのラインは、石灰で丁寧に引かれている。,운동장의 라인은 석회로 정성스럽게 그어져 있다.
先生から懇篤な手紙をいただいた。,선생님께 정중하고 두터운 편지를 받았다.
当日のキャンセルは、コース料金の１００％を頂戴いたします。,당일 취소는 코스 요금의 100%를 받습니다.
私立の中学に通いながら、公私の区別と私腹を肥やす危うさを学んだ。,"사립 중학교에 다니며, 공사 구분과 사복을 채우는 위험함을 배웠다."
道徳の授業で「思いやり」を考えた。,도덕 수업에서 ‘배려’를 생각했다.
しかも朝食付きでこの値段なら、かなりお得だと思う。,게다가 조식 포함에 이 가격이면 꽤 이득이라고 생각해.
カップ麺は五分でできあがる。,컵라면은 5분이면 완성된다.
その説明は妥当だと思う。,그 설명은 타당하다고 생각해.
支払いの督促状が届いた。,결제 독촉장이 도착했다.
やたらと最新ガジェットを買い集めるのが彼の趣味だ。,유난히 최신 가젯을 사 모으는 게 그의 취미야.
祖母が危篤だと連絡が入った。,할머니가 위독하다는 연락이 왔다.
徳用パックをまとめ買いした。,대용량(실속형) 팩을 한꺼번에 샀다.
ていうかその服、前より似合うようになったね。,"그나저나 그 옷, 예전보다 더 잘 어울리는데?"
文を読んで、質問に答えます。,문장을 읽고 질문에 답합니다.
平らな土地を探して、テントを張った。,평평한 땅을 찾아 텐트를 쳤다.
アレルギー対応のメニューがあるか、事前に確認したいのですが。,알레르기 대응 메뉴가 있는지 사전에 확인하고 싶습니다만.
第三者の立場から意見を聞きたい。,제3자의 입장에서 의견을 듣고 싶다.
安っぽい材料を使うと、どうしても仕上がりもそれなりになってしまう。,값싸보이는 재료를 쓰면 아무래도 완성도도 그 수준이 될 수밖에 없다.
今回の研修は得るところが多かった。,이번 연수는 얻은 것이 많았다.
既成の枠にとらわれない発想が必要だ。,기성의 틀(테두리)에 얽매이지 않는 발상이 필요하다.
地図の矢印の方向へ進めば、会場にたどり着けます。,지도에 있는 화살표 방향으로 가면 회장에 도착할 수 있습니다.
ちなみにそのチケット、キャンセル料はいくらかかるの？,"참, 그 티켓은 취소 수수료가 얼마나 들어?"
その経験は一冊の本に書き得るほどだ。,그 경험은 한 권의 책으로 써낼 수 있을 정도다.
特に予定がなければ、今夜オンラインで飲み会でもしない？,특별한 약속 없으면 오늘 밤 온라인으로라도 한잔할까?
毎日の家事が劇的に楽になる、主婦の強い味方です。,"매일의 집안일이 극적으로 편해지는, 주부의 든든한 아군입니다."
快い音楽が流れていて、このカフェではつい長居してしまう。,기분 좋은 음악이 흐르고 있어서 이 카페에서는 자꾸 오래 머물게 된다.
彼は見事な技を披露した。,그는 멋진 기술(재주)을 선보였다.
彼女は長くて美しいまつげをしている。,그녀는 길고 아름다운 속눈썹을 가지고 있다.
予約の変更をしたいのですが、明日の同じ時間に移せますか。,"예약을 변경하고 싶은데요, 내일 같은 시간으로 옮길 수 있나요."
彼は、誰も気づかなかったデータの小さな変化に着目した。,그는 아무도 눈치채지 못했던 데이터의 작은 변화에 주목했다.
その話題には会議では軽く触れるだけにした。,그 화제는 회의에서는 가볍게 언급만 해 두었다.
近くに目印になるような建物はありますか？ 道に迷ってしまって。,근처에 표식이 될 만한 건물이 있나요? 길을 잃어버려서요.
津波警報が出て、津々浦々で避難が呼びかけられた。,쓰나미 경보가 내려 전국 곳곳에서 대피가 호출되었다.
看護師は患者の手首をとって、脈を測った。,간호사는 환자의 손목을 잡고 맥을 짚었다.
テストで間違えた問題に赤いばってんが付いていた。,시험에서 틀린 문제에 빨간 엑스 표시가 되어 있었다.
別に高級な店じゃなくても、美味しければそれでいい。,꼭 고급 식당이 아니더라도 맛있으면 그걸로 충분해.
老朽化した橋を数年かけて改修する計画だ。,노후된 다리를 수년에 걸쳐 개수할 계획이다.
平常心を保つのが難しい。,평정심을 유지하기가 어렵다.
あんまり自分を責めすぎると、かえって前に進めなくなるよ。,너무 자신을 탓하면 오히려 앞으로 나아가지 못하게 돼.
腕に青く浮き出ているのが静脈です。,팔에 파랗게 떠올라 있는 것이 정맥입니다.
彼女は三つ編みに髪を編んだ。,그녀는 머리를 세 가닥 땋았다.
彼はついに野球殿堂入りを果たし、壇上で帽子を掲げた。,그는 마침내 야구 명예의 전당에 헌액되어 단상에서 모자를 들어 올렸다.
土地の転がしで利益を得ようとするのは、リスクが高い行為だ。,토지 전매(굴리기)로 이익을 얻으려 하는 것은 리스크가 높은 행위다.
弟はぐんぐん身長が伸びて、もう私を追い越した。,남동생은 쑥쑥 키가 커서 이제 나를 앞질렀다.
その話はあまりにも条件が甘いので、どこか裏がありそうだ。,그 이야기는 조건이 너무 달콤해서 뭔가 뒷면이 있을 것 같다.
下手するとこのミスで信頼を完全に失ってしまう。,자칫하면 이 실수로 신뢰를 완전히 잃어버릴 수 있어.
匿名でアンケートに回答してください。,익명으로 설문에 응답해 주세요.
この国は観光産業が盛んだ。,이 나라는 관광 산업이 발달해 있다.
お客様のご予定に合わせて、最寄りの店舗での乗り換え手配を進めます。,고객님의 일정에 맞춰 가장 가까운 점포에서 교환하실 수 있도록 진행하겠습니다.
週末に京都の寺を見物した。,주말에 교토의 절을 구경했다.
毎日の炊事は大変ですが、楽しいです。,"매일의 취사는 힘들지만, 즐겁습니다."
さっぱり整理されていない机を見ると、仕事も不安になる。,전혀 정리되지 않은 책상을 보면 일도 불안해져.
この地域では長期間の降雨により河川が増水している。,이 지역에서는 장기간의 강우로 하천 수위가 높아지고 있다.
ダイエットをして、体重を5キロ減らした。,다이어트를 해서 체중을 5킬로그램 줄였다.
鉛筆やノート等は各自で用意してください。,연필이나 공책 등은 각자 준비해 주세요.
オンラインで講座に申し込んだら、すぐに確認メールが届いた。,온라인으로 강좌를 신청하자 곧바로 확인 메일이 도착했다.
全然練習していないわりに、試合ではそこそこ結果を出している。,연습을 전혀 안 한 것치고는 시합에서 꽤 성과를 내고 있어.
英語では、主語が単数か複数かによって動詞の形が変わります。,영어에서는 주어가 단수인지 복수인지에 따라 동사 형태가 바뀝니다.
猫背にならないように、いつも良い姿勢を心がけている。,등이 굽지 않도록 항상 좋은 자세를 유의하고 있다.
毛糸でマフラーを編んで母にプレゼントした。,털실로 목도리를 떠서 엄마께 선물했다.
祖父の一周忌には、寺で回向の読経をしてもらった。,할아버지 일주기에는 절에서 회향 독경을 해 주었다.
この文は従属節が長すぎる。,이 문장은 종속절이 너무 길다.
彼は難しい文章もすぐに意味を飲み込んでしまう。,그는 어려운 문장도 금방 뜻을 이해해 버린다.
このビールは麦芽の香りがとても豊かだ。,이 맥주는 맥아 향이 매우 풍부하다.
友達とは三年くらい付き合っている。,친구와는 3년 정도 사귀고 있다.
駅の改札を出られましたら、東口方面にお進みいただけますか。,역 개찰구를 나오신 뒤에는 동쪽 출구 방향으로 와 주시겠어요?
医師がライトで瞳孔の反応を確認した。,의사가 빛으로 동공 반응을 확인했다.
この木造の古民家は冬でも暖かい。,이 목조 고택은 겨울에도 따뜻하다。
玄関で靴をそろえて家に入る。,현관에서 신발을 가지런히 정리하고 집에 들어간다.
勝ち目がないと悟った彼は、あっさり降参した。,이길 가망이 없다고 깨달은 그는 순순히 항복했다.
無期限の活動休止を発表したバンドの、ラストライブに行ってきた。,"무기한 활동 중지를 발표한 밴드의, 라스트 라이브에 다녀왔다."
この雑誌は週刊で、毎週金曜に出る。,이 잡지는 주간이라 매주 금요일에 나온다.
毎週この時間に、オンラインで集まろう。,매주 이 시간에 온라인으로 모이자.
市場で優位に立つには、他社と違う強みをはっきり示す必要がある。,시장에서 우위를 차지하려면 타사와 다른 강점을 분명히 보여줄 필요가 있다.
彼の説明は例えが適切で、とても明快だった。,그의 설명은 비유가 적절해서 매우 명쾌했다.
彼は来月、社長に就任する。,그는 다음 달 사장에 취임한다.
医療費は条件を満たせば所得から控除される。,의료비는 조건을 충족하면 소득에서 공제된다.
三日連続で終電になった。,"3일 연속으로 막차를 탔다."
この問題には必ず理由となる法則がある。,이 문제에는 반드시 이유가 되는 법칙이 있다.
この国にはさまざまな人種が共に暮らしている。,이 나라에는 다양한 인종이 함께 살아가고 있다.
嵐は一時小康を得て、風雨が弱まった。,폭풍은 잠시 소강 상태에 들어가 바람과 비가 약해졌다.
冬はビタミンを意識して野菜を多く食べている。,겨울에는 비타민을 생각하며 채소를 많이 먹고 있다.
新しい家に引っ越したので、家具を新調した。,새 집으로 이사해서 가구를 새로 장만했다.
最近、碌なことがない。,요즘 제대로 된(좋은) 일이 없다.
まだ使える物をすぐ捨てるのは、勿体ない気がする。,아직 쓸 수 있는 물건을 바로 버리는 건 아깝다는 생각이 든다.
東口を出てすぐ左側にタクシー乗り場がありますので、その向かい側に当社のカウンターがございます。,"동쪽 출구를 나가시면 바로 왼편에 택시 승강장이 있고, 그 맞은편에 저희 카운터가 있습니다."
迷われたら、近くの目印を教えていただければ、そちらからご案内いたします。,길을 잃으시면 근처의 표시물을 알려주시면 그곳 기준으로 안내해 드리겠습니다.
送迎バスにご乗車いただきましたら、運転手にご予約のお名前をお伝えください。,셔틀버스에 탑승하신 후에는 기사님께 예약하신 성함을 말씀해 주세요.
男子トイレはあちらの角を曲がったところにあります。,남자 화장실은 저쪽 모퉁이를 돈 곳에 있습니다.
この件は没交渉にしてくれ。,이 건은 없던 일로 해 줘。
赤と青のインクが混ざると紫になる。,빨간 잉크와 파란 잉크가 섞이면 보라색이 된다.
休日には彼方此方のカフェを巡って、お気に入りの一軒を探している。,휴일에는 여기저기 카페를 돌아다니며 마음에 드는 한 곳을 찾고 있다.
それは単に冗談だったのに、彼は本気にしてしまった。,그건 단지 농담이었는데 그는 진심으로 믿어 버렸다.
従兄弟が大学に合格したと聞いて、とても嬉しかった。,사촌이 대학에 합격했다는 말을 듣고 무척 기뻤다.
信号の黄でスピードを落とした。,신호등의 노란불에 속도를 줄였다.
使わない布団は押し入れにしまっておいてください。,사용하지 않는 이불은 벽장에 넣어 두세요.
長かった冬が明けると、町に一気に色が戻ってくる。,기나긴 겨울이 끝나면 도시에 한꺼번에 색이 돌아온다.
じゃ、また明日会おう。,그럼 내일 또 보자.
左右の靴下をあべこべにはいてしまい、何となく落ち着かない。,양쪽 양말을 뒤바꿔 신은 탓인지 왠지 모르게 어색하다.
他人を見下すような優越感は、周りの人を傷つけてしまう。,다른 사람을 깔보는 우월감은 주변 사람들을 상처 입힌다.
彼はとてもハンサムで人気がある。,그는 아주 잘생겨서 인기가 많다.
いらっしゃいませ。ご予約いただいているお客様でいらっしゃいますか。,어서 오세요. 예약해 주신 손님이실까요?
エレベーターが故障していて、上下の移動はすべて階段を使わなければならない。,엘리베이터가 고장 나서 위아래 이동은 전부 계단을 사용해야 한다.
彼は映画音楽の作曲を多く手がけている。,그는 영화 음악의 작곡을 많이 맡고 있다.
一番得意な教科は歴史で、年号を覚えるのが苦にならない。,가장 자신 있는 과목은 역사라 연도를 외우는 것도 힘들지 않다.
この学校には女子が多い。,이 학교에는 여학생이 많다.
先生の指導で発音が良くなった。,선생님의 지도 덕분에 발음이 좋아졌다.
家族そろって食事をする時間は大切だ。,가족이 다 함께 식사하는 시간은 소중하다.
公園の草花に水をやるのが朝の日課になっている。,공원 풀꽃에 물을 주는 것이 아침 일과가 되었다.
雨上がりの庭で、薔薇の花がほのかに薫り、濡れた土まで甘く薫るようだった。,"비가 그친 정원에서 장미꽃이 은은히 향기 나고, 젖은 흙까지 달콤하게 향이 퍼지는 듯했다."
もし人生をやり直せるとしたら、同じ道を選びますか？,"만약 인생을 다시 시작할 수 있다면, 같은 길을 선택하시겠어요?"
身分証の所持が義務付けられている。,신분증 소지가 의무화되어 있다.
霊験あらたかな寺に合格祈願に出かけた。,영험하기로 유명한 절에 합격 기도를 하러 갔다.
父の書斎には本が床まで積み上がっている。,아버지의 서재에는 책이 바닥까지 쌓여 있다.
古いレコードを集めるのが彼の趣味だ。,오래된 레코드를 모으는 것이 그의 취미다.
国際免許証をお持ちの場合は、日本のパスポートもご一緒に確認させていただきます。,국제운전면허증을 가지고 계신 경우에는 일본 여권도 함께 확인하겠습니다.
現在、日本に住んでいます。,현재 저는 일본에 살고 있습니다。
彼女は家柄に頼らず、自分の力で会社を立ち上げた。,그녀는 집안을 의지하지 않고 자신의 힘으로 회사를 세웠다.
先生が朱筆で添削した。,선생님이 붉은 펜으로 첨삭했다.
週末に新しいレシピで料理に挑戦した。,주말에 새로운 레시피로 요리에 도전했다.
天気がいいから、洗濯物がよく乾きそうだ。,날씨가 좋아서 빨래가 잘 마를 것 같다.
彼はいつもだらしない服装をしている。,그는 항상 칠칠치 못한 복장을 하고 있다.
重力とは地球の引力のことだ。,중력이란 지구의 인력을 말한다.
殊に冬は乾燥する。,특히 겨울에는 건조하다.
休日なので、今日は軽く化粧をするだけにした。,쉬는 날이라 오늘은 가볍게 화장만 하기로 했다.
平凡な一日がいちばん幸せだ。,평범한 하루가 가장 행복하다。
駅の長い階段を一段一段上っていく。,역의 긴 계단을 한 계단씩 올라간다.
失敗もたくさんしたが、それも含めて今の自分だからね。後悔はないよ。,"실패도 많이 했지만, 그것도 포함해서 지금의 나니까. 후회는 없어."
農民たちは早朝から畑で働いている。,농민들은 이른 새벽부터 밭에서 일하고 있다.
レポートで有名な言葉を引用した。,레포트에서 유명한 말을 인용했다.
店員に迫るような言い方は、やめたほうがいい。,점원에게 다그치듯 말하는 건 그만두는 게 좋다.
彼は何事にも積極的な態度で臨む。,그는 매사에 적극적인 태도로 임한다.
深夜もコンテナ貨物を運ぶトラックが港を出入りしている。,심야에도 컨테이너 화물을 실은 트럭이 항구를 드나들고 있다.
この国では二種類の通貨が並行して使われている。,이 나라에서는 두 종류의 통화가 병행해 사용된다.
彼は国際線を操縦するベテランのパイロットだ。,그는 국제선을 조종하는 베테랑 파일럿이다.
彼は生ビールを注文した。,그는 생맥주를 주문했다.
急にブレーキを踏んだので、後ろの荷物が全部倒れてしまった。,갑자기 브레이크를 밟는 바람에 뒤의 짐이 전부 넘어져 버렸다.
恐縮ですが、予約内容の最終確認にサインをいただいてもよろしいでしょうか。,"죄송하지만, 예약 내용 최종 확인으로 서명을 부탁드려도 될까요?"
昔の種痘の写真が資料に載っていた。,옛날 종두(접종) 사진이 자료에 실려 있었다。
病気は薬を飲みながら徐々によくなってきた。,병은 약을 먹으면서 서서히 좋아졌다.
彼はいつもお洒落なフクを着ている。,그는 언제나 멋진 옷을 입고 있다.
空が急に曇ると、雨が降り出した。,하늘이 갑자기 흐려지더니 비가 내리기 시작했다.
古い扇風機のモーターがうなるような音を立てて回っている。,오래된 선풍기 모터가 윙윙 소리를 내며 돌아가고 있다.
彼は下戸なので、飲み会ではいつもウーロン茶だ。,그는 술을 못 마시는 체질이라 술자리에서는 언제나 우롱차만 마신다。
嫁ぎ先の家族ともすぐに打ち解けて、今では気兼ねなく話せる。,시집간 집안 식구들과도 금세 허물없이 지내 이제는 마음 편히 이야기할 수 있다.
このゴムボールは弾力がすごい。,이 고무공은 탄력이 대단하다.
ご同乗者様の中で、交代で運転される方はいらっしゃいますか。,함께 타시는 분들 중에 교대로 운전하실 분이 계신가요?
彼は意地を張って、最後まで謝ろうとしなかった。,그는 고집을 부리며 끝까지 사과하려 하지 않았다.
この経験は大きな実りになった。,이 경험은 큰 수확(결실)이 되었다.
旅行のために予備のバッテリーを買った。,여행을 위해 예비 배터리를 샀다.
彼は群衆に平和を呼び掛けた。,그는 군중에게 평화를 호소했다.
熱湯を注いだ瞬間、湯気が立ちのぼった。,끓는 물을 붓는 순간 김이 올라왔다。
湯が沸いたら、茶葉を入れてください。,물이 끓으면 찻잎을 넣어 주세요。
我が家のペットは犬と猫が一匹ずついる。,우리 집 반려동물은 개와 고양이가 한 마리씩 있다.
仮に彼の話が本当だとしても、私は賛成できない。,가령 그의 말이 사실이라 해도 나는 찬성할 수 없다.
努力次第で目標達成も十分可能だ。,노력하기 나름으로 목표 달성도 충분히 가능하다.
彼は学生時代の古い知人だ。,그는 학창 시절의 오랜 지인이다.
その町は、昔炭鉱で栄えた場所だ。,그 마을은 옛날 탄광으로 번성했던 곳이다.
被災者たちは仮の住まいでの不便な生活に耐えている。,피해자들은 임시 거처에서의 불편한 생활을 견디고 있다.
交渉の末、契約が成立した。,협상 끝에 계약이 성립되었다.
山の中ではスマホの無線が弱くて困った。,산속에서는 스마트폰 무선 신호가 약해서 곤란했다.
満タンでのご返却が難しい場合は、こちらで距離に応じて清算させていただきます。,"만땅으로 반납하기 어려우시면, 저희가 주행거리 기준으로 정산해 드립니다."
彼は毎日きっちり背広を着て出勤する。,그는 매일 말끔하게 정장을 입고 출근한다.
彼は討論において、常に中立の立場を保つ。,그는 토론에 있어서 항상 중립의 입장을 유지한다.
カーナビは日本語表示が基本ですが、英語表示にも切り替え可能です。,내비게이션은 기본이 일본어 표시지만 영어로도 전환 가능합니다.
急な雨で試合日程が変更になった。,갑작스러운 비로 경기 일정이 변경되었다.
海に沈む夕日が窓いっぱいに広がった。,바다로 지는 석양이 창문 가득 펼쳐졌다.
駅前の再開発で、古い商店街に隣接する道が変わった。,역앞 재개발로 오래된 상점가에 인접한 길이 바뀌었다.
夜の病棟は足音だけが響いた。,밤의 병동은 발소리만 울렸다。
道に迷ったので、近くの交番で地図を見せてもらった。,길을 잃어서 근처 파출소에서 지도를 보여 달라고 했다.
京都まで日帰りの旅行をしてきた。,교토까지 당일치기 여행을 다녀왔다.
上棟の日に家族で手を合わせた。,상량(상동) 날에 가족이 함께 손을 모았다。
ライブの熱気に陶酔して、声が枯れた。,라이브의 열기에 도취되어 목이 쉬었다。
週末は山へ行って、空気を吸い直したい。,주말에는 산에 가서 공기를 새로 들이마시고 싶다.
スタッドレスタイヤへの変更は、別途オプション料金がかかります。,스터드리스 타이어로 변경하실 경우에는 별도의 옵션 요금이 발생합니다.
事故・故障時の連絡先はこちらのカードに記載しております。,사고나 고장 시 연락처는 이 카드에 기재되어 있습니다.
亡き恩師を悼み、机に花を供えた。,돌아가신 은사를 애도하며 책상에 꽃을 올렸다。
架空の都市を舞台にしたファンタジー小説を執筆している。,허구의 도시를 무대로 한 판타지 소설을 집필하고 있다.
彼は将棋の名人として全国に知られている。,그는 쇼기 명인으로 전국에 알려져 있다.
風が弱まったら出航しよう。,바람이 약해지면 출항하자。
集合時間は8時だから、遅れないで。,집합 시간은 8시니까 늦지 마.
夜更けまで勉強を続けた。,밤늦게까지 공부를 계속했다.
庭に洗濯物を干すためのロープを架けた。,마당에 빨래를 널기 위해 줄을 걸었다.
新しい政党が記者会見を開いた。,새 정당이 기자회견을 열었다。
盗みを働いた少年はすぐに捕まった。,절도를 저지른 소년은 곧 붙잡혔다。
酔っ払いが道で寝ている。,주정뱅이가 길에서 자고 있다.
マスコミの臆測記事に振り回されたくない。,언론의 억측 기사에 휘둘리고 싶지 않다.
この地域では水稲の栽培が盛んだ。,이 지역에서는 논벼(수도)의 재배가 활발하다.
お土産に地元の品物をたくさん買った。,기념품으로 현지 물건을 많이 샀다.
高速道路をご利用予定はございますか。ETCカードのレンタルも可能です。,고속도로 이용 예정이 있으신가요? ETC 카드 대여도 가능합니다.
「了解しました。すぐに対応します。」,알겠습니다. 바로 대응하겠습니다.
それは私の専門領域ではありません。,그것은 제 전문 영역이 아닙니다.
履歴書は楷書で丁寧に書いてください。,이력서는 해서체로 정성껏 써 주세요.
透明なボトルに水を満たして持ち歩いた。,투명한 병에 물을 채워 들고 다녔다。
設計図を透写して、線を正確に写し取った。,설계도를 투사해 선을 정확히 베껴 그렸다。
彼の情熱を例えるなら、燃え盛る炎のようだ。,"그의 열정을 비유하자면, 불타오르는 불꽃과 같다."
走行距離に上限はございませんので、長距離ドライブでもご安心ください。,주행거리 제한은 없으니 장거리 드라이브도 안심하고 이용하세요.
この言葉は外来語ではなく漢語に分類される。,이 단어는 외래어가 아니라 한어(한자어)에 분류된다.
障子を透かして、外の人影を確かめた。,쇼지를 비쳐 바깥 사람 그림자를 확인했다。
彼の英語の発音はとてもきれいだ。,그의 영어 발음은 정말 아름답다.
両親がでかけている間、家で留守番をしていた。,부모님이 외출하신 동안 집을 보고 있었다.
それ、わざわざ言わないところが粋だね。,그걸 굳이 말하지 않는 게 멋(粋)이지.
夫婦で協力して育児をしている。,부부가 협력해서 육아를 하고 있다.
マラソンで自己ベスト更新を目標にしている。,마라톤에서 개인 최고 기록 갱신을 목표로 하고 있다.
妹は犬を怖がって、道路の反対側に渡った。,여동생은 개를 무서워해서 길 건너편으로 갔다.
祭日には商店街でパレードが行われる。,공휴일에는 상점가에서 퍼레이드가 열린다.
医療費を整理して、今年も確定申告を済ませた。,의료비를 정리해 올해도 확정신고를 마쳤다.
理科の実験で水の温度を測った。,과학 실험에서 물의 온도를 쟀다.
万が一のパンクやバッテリー上がりも、こちらのロードサービスで対応させていただきます。,만일의 타이어 펑크나 배터리 방전도 이 로드서비스로 대응해 드립니다.
それでは、お車までご案内いたします。,그럼 차량까지 안내해 드리겠습니다.
夕焼けで空が桃色に染まった。,노을로 하늘이 복숭아빛으로 물들었다。
困難は、それを乗り越えられる者にしか訪れない。,"어려움은, 그것을 극복할 수 있는 자에게만 찾아온다. - 빅터 프랭클"
彼は次々と難しい数学の問題を解いていった。,그는 어려운 수학 문제들을 연달아 풀어 나갔다.
苗を畑に植え替えた。,모종을 밭에 옮겨 심었다.
痘苗の接種記録が母子手帳に残っている。,두묘(천연두 백신) 접종 기록이 모자수첩에 남아 있다.
私は初めてで。高橋です。よろしくお願いします。,저는 처음이라서요. 다카하시입니다. 잘 부탁드립니다.
布を広げて、型紙に合わせて切っていく。,천을 펼쳐 본을 대고 잘라 간다.
この哲学の概念は大概難しいと感じられがちだが、概して学生には好評だ。,"이 철학 개념은 대체로 어렵다고 느껴지기 쉽지만, 대개 학생들에게는 호평을 받는다."
春になると苗が一気に伸びる。,봄이 되면 모종이 한꺼번에 자란다.
石油価格の高騰が経済に影響を与えている。,석유 가격 급등이 경제에 영향을 미치고 있다.
握手をして、新しい契約の成功を祝った。,악수를 하며 새로운 계약의 성사를 축하했다。
彼是考えた結果、この会社に転職することにした。,이것저것 생각한 끝에 이 회사로 이직하기로 했다.
海へ行くために、新しいサンダルを買った。,바다에 가려고 새 샌들을 샀다.
研究では危険な薬品を扱うため、安全管理が徹底されている。,연구에서는 위험한 약품을 다루기 때문에 안전 관리가 철저하다.
喫茶店で桜桃のタルトを頼んだ。,카페에서 체리 타르트를 주문했다。
片道だけの航空券を買って、しばらく海外で暮らすつもりだ。,편도 항공권만 사고 한동안 해외에서 살 생각이다.
夜行バスに乗れば、宿代を節約しながら遠くまで行ける。,야간 버스를 타면 숙박비를 아끼면서 먼 곳까지 갈 수 있다.
庭の桃が甘く香った。,정원의 복숭아가 달콤하게 향기 났다。
エンジンのかけ方ですが、ブレーキを踏んだ状態でこのボタンを押してください。,시동 거는 방법은 브레이크를 밟은 상태에서 이 버튼을 눌러주시면 됩니다.
年を取ると膝の節が痛くなる。,나이가 들면 무릎 관절이 아파진다.
週末に観に行ったミュージカルのショーは、演出がとても華やかだった。,주말에 보러 간 뮤지컬 쇼는 연출이 매우 화려했다.
重い荷物を背負って、山道をゆっくり登った。,무거운 짐을 메고 산길을 천천히 올랐다.
赤ちゃんはたくさん寝るのが仕事だ。,아기는 많이 자는 것이 일이다.
サイドブレーキは足踏み式ではなく、このレバータイプになっています。,사이드 브레이크는 페달식이 아니라 이 레버 타입입니다.
ライトのスイッチはハンドル左側のレバーで操作します。オートライトもお使いいただけます。,라이트 스위치는 핸들 왼쪽 레버로 조작합니다. 오토라이트도 사용하실 수 있습니다.
彼女は貿易商として東南アジアを飛び回っている。,그녀는 무역상으로 동남아를 오가며 바쁘게 다닌다.
彼女は日本語の韻律に興味を持ち、俳句を声に出して読み比べている。,그녀는 일본어의 운율에 흥미를 가져 하이쿠를 소리 내어 읽으며 비교하고 있다.
会場には若干空席があったが、ほぼ満員だった。,장소에는 약간의 빈자리가 있었지만 거의 만원이었다.
レポートを書くために、図書館で関連文献を徹底的に調べた。,레포트를 쓰려고 도서관에서 관련 문헌을 철저히 조사했다.
校門の花壇にチューリップが並んで咲いた。,학교 정문 화단에 튤립이 줄지어 피었다.
ワイパーは右側のレバーで、手前に引くとウォッシャー液が出ます。,"와이퍼는 오른쪽 레버로, 당기시면 워셔액이 나옵니다."
屋根の上のアンテナが強い風で曲がってしまった。,지붕 위의 안테나가 강한 바람에 휘어져 버렸다.
伏線だと思っていた台詞が、終盤で見事に回収された。,복선이라고 생각했던 대사가 후반에 훌륭하게 회수됐다.
朝の部屋には柔らかな光がカーテン越しに差し込んでいた。,아침 방 안에는 커튼 사이로 부드러운 빛이 스며들고 있었다.
横断歩道を渡る前に、左右を確認した。,횡단보도를 건너기 전에 좌우를 확인했다.
彼女はピアノの伴奏に合わせて、静かに歌い出した。,그녀는 피아노 반주에 맞춰 조용히 노래를 시작했다.
カーナビの目的地設定は、こちらの“目的地”ボタンから行っていただけます。,내비 목적지 설정은 이 ‘목적지’ 버튼에서 하실 수 있습니다.
音声案内の音量が大きければ、ここで調整してください。,음성 안내 소리가 크면 여기서 조절해 주세요.
彼のサインは有名画家のものと酷似している。,그의 사인은 어느 유명 화가의 것과 놀랄 만큼 혹사할 정도로 닮아 있다.
今回のプロジェクトに係る予算は、来週の会議で正式に承認される予定だ。,이번 프로젝트에 관련된 예산은 다음 주 회의에서 정식으로 승인될 예정이다.
欲に振り回されず、本当に必要なものだけを選びたい。,욕심에 휘둘리지 않고 정말로 필요한 것만 고르고 싶다.
彼の気宇壮大な計画に、最初は誰も本気にしなかった。,그의 기상이 웅대한 계획을 처음에는 아무도 진지하게 받아들이지 않았다.
百科全書で調べると、昔の地図まで載っている。,백과사전으로 찾아보면 옛 지도까지 실려 있다.
夏休みに英会話スクールに通って、海外旅行に備えている。,여름방학에 영어 회화 스쿨을 다니며 해외여행을 준비하고 있다.
この店は、和よりも洋のデザートの種類が豊富だ。,이 가게는 일식보다 양식 디저트 종류가 더 풍부하다.
店にはいろいろな種類のコーヒー豆が置いてある。,가게에는 여러 종류의 커피 원두가 놓여 있다.
スマホの電池の寿命が短くなってきた。,스마트폰 배터리 수명이 짧아지고 있다.
上着のファスナーが壊れて、途中までしか閉まらない。,겉옷의 지퍼가 고장 나서 중간까지만 잠긴다.
玄関でスリッパに履き替えてから、リビングに入った。,현관에서 슬리퍼로 갈아신은 뒤 거실로 들어갔다.
困ったときは、一人で悩まずに友達に頼るべきだ。,곤란할 때는 혼자 고민하지 말고 친구에게 의지해야 한다.
先月、元気な女の子が生まれました。,"지난달, 건강한 여자아이가 태어났습니다."
結婚して三年、ようやく子を授かった。,결혼 3년 만에 마침내 아이를 갖게 되었다.
ガソリンの種類はレギュラーです。ハイオクは入れないようご注意ください。,연료는 레귤러입니다. 하이옥은 넣지 않도록 주의해 주세요.
ご予定が変わりそうな場合は、お電話一本いただければ延長も可能です。,예정이 바뀔 것 같으시면 전화 한 통 주시면 연장도 가능합니다.
苦労の末、無心の境地に入った気がする。,고생 끝에 무심의 경지에 들어선 것 같다.
後輩に言われて、悔しさを食らった。,후배에게 그런 말을 듣고 분함을 제대로 먹었다(겪었다).
入口の係に名前を告げると、庶務係の係員が会議室まで案内してくれた。,"입구 담당자에게 이름을 말하자, 서무 담당 직원이 회의실까지 안내해 주었다."
夏の間だけアルバイトをして、小旅行の資金を儲けた。,여름 동안 아르바이트를 해서 작은 여행 자금을 벌었다.
駅前の酒屋で、地酒を一本買って帰った。,역 앞 술가게에서 지역 술을 한 병 사서 돌아갔다.
縦横に走る路地を抜けて、目的地へ急いだ。,세로가로로 뻗은 골목을 빠져나가 목적지로 서둘렀다.
コーヒーを飲んで眠気を覚ますことにした。,커피를 마시고 졸음을 깨우기로 했다.
今年も山で狩りをする。,올해도 산에서 사냥을 한다.
ゲーム大会で優勝して、豪華な賞品をもらった。,게임 대회에서 우승해서 푸짐한 상품을 받았다.
転んで腕の骨にひびが入ってしまった。,넘어지면서 팔뼈에 금이 가 버렸다.
忍者の衣装で祭りに参加した。,닌자 의상으로 축제에 참가했다.
その際、車内にお忘れ物がないか必ずご確認をお願いいたします。,그때 차 안에 두고 내리신 물건이 없는지 꼭 확인해 주세요.
問題の認識が部署ごとに違っていた。,문제 인식이 부서마다 달랐다.
お仕事は何をされているんですか？,무슨 일을 하고 계신가요?
ご出発後でも、道が分からない場合はお気軽にお電話ください。,출발 후라도 길을 잘 모르시겠으면 부담 없이 전화 주세요.
それは、おめでとうございます。私は、一人旅の吉田です。,"그거, 축하드립니다. 저는 혼자 여행 온 요시다입니다."
霧が晴れるまで、ここで待とう。,안개가 걷힐 때까지 여기서 기다리자.
試験は今月の下旬にまとめて行われる予定だ。,시험은 이달 하순에 몰아서 치러질 예정이다.
今朝はあまりに眠くて、危うく乗り過ごすところだった。,오늘 아침에는 너무 졸려서 하마터면 내릴 역을 지나칠 뻔했다.
希少な蝶が研究のために一時的に捕獲された。,희귀한 나비가 연구를 위해 일시적으로 포획되었다.
不要なファイルを一気に削除した。,불필요한 파일을 한 번에 삭제했다.
エンジンはかかりますか、それともまったく動かない状態でしょうか。,"시동은 걸리나요, 아니면 전혀 움직이지 않는 상태인가요?"
駅前の広場では、週末ごとにフリーマーケットが開かれている。,역 앞 광장에서는 주말마다 벼룩시장이 열린다.
道端のゴミ箱には空き缶が山のように積まれていた。,길가 쓰레기통에는 빈 캔이 산처럼 쌓여 있었다.
名前を呼ばれて照れて、つい視線をそらした。,이름을 불리자 부끄러워서 시선을 피했다.
この辺りは夜でも結構にぎやかで、人通りが多い。,이 근처는 밤에도 꽤 번화해서 사람 왕래가 많다.
先日会った友人から、突然結婚するという連絡が来た。,며칠 전에 만났던 친구에게서 갑자기 결혼한다는 연락이 왔다.
迷いがあるなら、今は決めずに一晩置こう。,망설임이 있다면 지금 정하지 말고 하룻밤 두자.
鍵を彼に渡して、先に部屋へ入ってもらった。,열쇠를 그에게 건네고 먼저 방에 들어가게 했다.
同乗者の方も含め、車外に出られる際は十分お気をつけください。,"동승자분들도 포함해서, 차 밖으로 나오실 때는 충분히 조심해 주세요."
彼女は自分で作ったアクセサリーをネットで販売している。,그녀는 직접 만든 액세서리를 인터넷에서 판매하고 있다.
彼は研究開発に従事して十年になる。,그는 연구개발에 종사한 지 10년이 된다.
わざわざご挨拶いただいて、恐縮です。,일부러 인사해 주셔서 황송합니다.
受付が社長に電話を取り次いでくれた。,접수 담당자가 사장에게 전화를 연결해 주었다.
需要があるからこそこのビジネスは成り立つ。,수요가 있기 때문에야말로 이 비즈니스가 성립한다.
子どもたちは公園で珍しい昆虫を夢中で追いかけていた。,아이들은 공원에서 희귀한 곤충을 신나게 쫓아다니고 있었다.
彼は長い間、原因の分からない頭痛に苦しんでいる。,그는 오랫동안 원인을 알 수 없는 두통으로 고통받고 있다.
良い始まりは、良い終わりをもたらす。,좋은 시작은 좋은 끝을 가져온다. - 소크라테스
父は昔から同じ床屋で髪を切ってもらっている。,아버지는 예전부터 같은 이발소에서 머리를 잘라 온다.
カラフルなボールが芝生の上で高く弾んでいる。,알록달록한 공이 잔디 위에서 높이 튀어 오르고 있다.
レッカー車を手配いたしますので、現在地の情報をもう一度確認させてください。,견인차를 배차하겠습니다. 현재 위치 정보를 한 번 더 확인하겠습니다.
お肌に合わない場合は、使い切った後でも返品可能です。,"피부에 맞지 않는 경우는, 다 쓴 후라도 반품 가능합니다."
とんでもない。私がここの責任者ですので。,천만에요. 제가 이곳의 책임자니까요.
彼は一歩も譲歩せず、議論が平行線のままだ。,그는 한 발자국도 양보하지 않아 논의가 평행선이다.
ケーキを作るための材料は、ほとんど冷蔵庫の中にそろっている。,케이크를 만들 재료는 거의 냉장고 안에 다 갖춰져 있다.
食パンにバターを塗って、熱いコーヒーと一緒に食べた。,식빵에 버터를 발라 뜨거운 커피와 함께 먹었다.
紛争地域の情勢は依然として混迷を極めている。,분쟁 지역의 정세는 여전히 혼미를 거듭하고 있다.
朝のラッシュ時は乗車に時間がかかり、電車の中はぎゅうぎゅうだ。,아침 러시아워에는 승차에 시간이 걸리고 전철 안은 꽉 찬다.
拉致事件の真相を追う特集が、今夜のニュースで放送される。,납치 사건의 진상을 추적하는 특집이 오늘 밤 뉴스에서 방영된다.
川を縦断する橋が完成し、通勤が楽になった。,강을 종단하는 다리가 완공되어 통근이 편해졌다.
円の直径を測れば、その大きさを簡単に比べることができる。,원의 지름을 재면 크기를 간단히 비교할 수 있다.
私はその学者に私淑し、研究の道を選んだ。,나는 그 학자를 사숙하여 연구의 길을 택했다.
インターネットを介して世界中の人とつながることができる。,인터넷을 매개로 전 세계 사람들과 연결될 수 있다.
正月には親類が集まって、大勢で食事をする。,설날에는 친척들이 모여 다 같이 식사를 한다.
歯の詰め物が取れてしまい、彼はあわてて近所の歯医者に駆け込んだ。,이가 메운 부분이 빠져 버려 그는 급히 근처 치과로 달려갔다.
会議では日本語に英語が混じることも多い。,회의에서는 일본어에 영어가 섞이는 경우도 많다.
失敗の責任は私が取ります。,실패의 책임은 제가 지겠습니다.
空港までお客様を出迎える準備をしている。,공항까지 손님을 마중 나갈 준비를 하고 있다.
旅館の売店で水晶の小さな御守りを買った。,여관 매점에서 수정의 작은 부적을 샀다.
初心者にも分かりやすい解説がついている本だ。,초보자에게도 알기 쉬운 해설이 붙어 있는 책이다。
ご飯が炊けたよ。いい匂い。,밥 다 됐어. 좋은 냄새.
割ったグラス代は私が弁償します。,깨뜨린 유리잔 값은 제가 변상할게요.
昔の祝言の写真を見て、祖母が笑った。,옛날 혼례 사진을 보고 할머니가 웃었다.
大雨のため河川の氾濫に警戒が呼びかけられている。,폭우로 인해 하천 범람에 대한 경계가 당부되고 있다.
火災発生時には、すぐに非常口に向かってください。,화재 발생 시에는 즉시 비상구로 향해 주십시오.
夕焼けの色調が日ごとに変わる。,노을의 색조가 날마다 달라진다.
建物の内部は外から見るよりずっと広かった。,건물 내부는 밖에서 보이는 것보다 훨씬 넓었다.
契約書の内容を十分に確認し、署名欄にサインをお願いします。,"계약서 내용을 충분히 확인하고, 서명란에 사인을 부탁드립니다."
父は嘘をついた私を厳しく戒めた。,아버지는 거짓말한 나를 엄하게 타일렀다.
友人の合格を祝うために、花束を用意した。,친구의 합격을 축하하려고 꽃다발을 준비했다.
ニックネームで呼んでいただけると嬉しいです。,별명으로 불러주시면 기쁠 거예요.
では、お隣の方から順番にお願いします。,"그럼, 옆 사람부터 순서대로 부탁합니다."
この小説は映画化されてから一気に売れるようになった。,이 소설은 영화화된 뒤로 한꺼번에 팔리기 시작했다.
申し訳ありません、今、名刺を切らしておりまして。,"죄송합니다, 지금 명함이 다 떨어져서요."
遠路はるばる、ようこそお越しくださいました。,"먼 길을 오시느라, 정말 잘 오셨습니다."
教育制度の改革には長い時間と根気が必要だ。,교육 제도의 개혁에는 오랜 시간과 끈기가 필요하다.
庭の紅梅が咲いて、冬の終わりを感じた。,정원의 홍매화가 피어 겨울의 끝을 느꼈다.
彼のノートは字が雑で読みづらい。,그의 노트는 글씨가 엉성해서 읽기 어렵다.
梅雨の時期は湿度が高くて不快だ。,장마철에는 습도가 높아서 불쾌하다.
住所を間違えると荷物が届かない。,주소를 틀리면 짐이 도착하지 않는다.
宿題を先に片づけてから、ゲームをした。,숙제를 먼저 끝내고 나서 게임을 했다.
濡れた手で電気製品のスイッチに触れると、感電の恐れがあります。,젖은 손으로 전기 제품 스위치를 만지면 감전될 우려가 있습니다.
布団を十重にしても寒かった。,이불을 열 겹으로 덮어도 추웠다.
あまり愛想よくはないが、根はとても優しい人だ。,그는 그다지 붙임성은 없지만 속은 무척 다정한 사람이다.
契約解除を行う場合は、所定のフォーマットにて書面で通知する必要があります。,"계약을 해지할 경우, 소정의 양식에 맞춰 서면으로 통지해야 합니다."
このトイレは有料なので、小銭を用意しておいてください。,이 화장실은 유료이니 잔돈을 준비해 두세요.
新しい油田が見つかったと報じられ、株価が動いた。,새 유전이 발견됐다고 보도되어 주가가 움직였다.
この度は、お招きいただきありがとうございます。,이번에 초대해 주셔서 감사합니다.
引っ越しの見積もりを三社から取った。,이삿짐 견적을 세 회사에서 받았다.
鳥のさえずりが心地よいです。,새의 지저귐이 듣기 좋네요.
古い客車の木の座席は固かったが、窓から見える田園風景はどこか懐かしかった。,옛 여객차의 나무 좌석은 딱딱했지만 창밖으로 보이는 전원 풍경은 어딘가 정겨웠다.
大学時代は友達と古い下宿で暮らしていた。,대학 시절에는 친구와 낡은 하숙집에서 살았다.
新しい橋の建設に、入札が始まった。,새 다리 건설에 대한 입찰이 시작됐다.
乳飲み子を抱えての引っ越しは大変だ。,젖먹이를 안고 하는 이사는 힘들다.
新しい法律が四月から適用される。,새 법률이 4월부터 적용된다.
彼女の笑顔の円さが、ぎこちない空気を一気に和ませた。,그녀의 둥근 미소가 어색한 분위기를 한순간에 부드럽게 만들었다.
授乳で乳首が切れてしまった。,수유 때문에 유두가 터져버렸다.
お風呂上がりの一杯は格別ですね。,목욕 후의 한 잔은 각별하네요.
自由に話していいと言われた瞬間、場の空気が軽くなった。,"자유롭게 말해도 된다는 말을 듣는 순간, 분위기가 가벼워졌다."
風景をスマホで写す人が多い。,풍경을 스마트폰으로 찍는 사람이 많다.
至急の書類だったので、メールではなくファックスで送信した。,"급한 서류였기 때문에, 이메일이 아닌 팩스로 송신했다."
公共料金の支払いはできますか？,공공요금 납부를 할 수 있나요?
ご無沙汰しております。お変わりありませんか。,오랜만입니다. 별일 없으신가요?
鈴木と申します。お会いできて光栄です。,스즈키라고 합니다. 만나 뵙게 되어 영광입니다.
私の名前は佐藤です。,제 이름은 사토입니다.
論文を書く前に、関連資料を渉猟しておいた。,논문을 쓰기 전에 관련 자료를 널리 찾아두었다.
書道の授業で墨汁の匂いがした。,서예 수업에서 먹즙 냄새가 났다.
洗濯でニットが伸び縮みするから、干し方に気をつけている。,세탁으로 니트가 늘었다 줄었다 해서 널 때 주의하고 있다.
掃除のあと、バケツの水が真っ黒になっていた。,청소를 하고 나니 양동이 안의 물이 새까매져 있었다.
気温の上昇で、雪が一気に解けた。,기온 상승으로 눈이 한꺼번에 녹았다.
風が次第に強まる中、イベントは続けられた。,바람이 점점 강해지는 가운데 행사는 계속되었다.
新しい下着をまとめて買っておいた。,새 속옷을 한꺼번에 사 두었다.
やあ、久しぶり！元気だった？,"야, 오랜만이야! 잘 지냈어?"
ラスベガスの華やかなショーを見て、その圧倒的なスケールに驚いた。,라스베이거스의 화려한 쇼를 보고 그 압도적인 규모에 놀랐다.
彼は周りの視線を些とも気にしていない。,그는 주변의 시선을 조금도 신경 쓰지 않는다.
副業で収入が少し増えた。,부업으로 수입이 조금 늘었다.
お近づきの印に、どうぞ。,"친하게 지내자는 의미에서, 받아주세요."
私がこのプロジェクトの担当者です。,제가 이 프로젝트의 담당자입니다.
台風で欠航になった便の料金は全て払い戻される。,태풍으로 결항된 편의 요금은 전부 환불된다.
彼は遺産を全て蕩尽し、無一文になった。,그는 유산을 전부 탕진하고 무일푼이 되었다.
銅でできた古い鐘が寺に掛かっている。,구리로 된 오래된 종이 절에 걸려 있다.
歩行者は必ず横断歩道を渡ってください。,보행자는 반드시 횡단보도로 건너가 주세요.
彼は業界に君臨してきたが、今は後進を育てている。,그는 업계에 군림해 왔지만 지금은 후진을 키우고 있다.
会議室は突然の中止でぽっかり空になっていた。,갑작스러운 취소로 회의실은 텅 비어 있었다.
「あれを取って」と指差した先には、探していたリモコンがあった。,저것 좀 집어 줘라고 가리킨 끝에는 찾고 있던 리모컨이 있었다.
台所に鼠が出て、家族みんなが悲鳴を上げた。,부엌에 쥐가 나와서 가족 모두가 비명을 질렀다.
試験の答案を書き終えて提出した。,시험 답안을 다 쓰고 제출했다.
四月に大学へ入学した。,"4월에 대학에 입학했다."
住宅地は小さな区画ごとにきちんと整備されている。,주택가는 작은 구획마다 잘 정비되어 있다.
会議室に怒号が響き、怒気が満ちて部長が激怒した。,회의실에 고함이 울리고 분노가 가득 차 부장이 격노했다.
英文のメールを書くのにまだ少し時間がかかる。,영문 메일을 쓰는 데 아직 조금 시간이 걸린다.
新しい機構を持つエンジンの開発が進められている。,새로운 기구를 가진 엔진 개발이 진행되고 있다.
人々は、失脚した政治家を悪し様に言った。,사람들은 실각한 정치가를 나쁘게 말했다.
紅茶にミントの葉を浮かべると、爽やかな香りが広がる。,홍차에 민트 잎을 띄우면 상쾌한 향이 퍼진다.
生の魚介類は、少し苦手かもしれません。,날 해산물은 조금 잘 못 먹을지도 모르겠네요.
彼は自分の意見をはっきり強調して述べた。,그는 자신의 의견을 분명히 강조해서 말했다.
先週の土曜日は一日中雨が降っていた。,지난주 토요일은 하루 종일 비가 내렸다.
夏休みに北海道へ行く計画を立てている。,여름방학에 홋카이도에 가는 계획을 세우고 있다.
ガスの元栓を閉めたかどうか、もう一度確認した。,가스 밸브를 잠갔는지 한 번 더 확인했다.
出かける前に、ガスの元栓を閉めたか確かめる。,외출하기 전에 가스 밸브를 잠갔는지 확인한다.
この辺りで生まれ育ったのですか？,이 근처에서 태어나고 자라셨나요?
出かける前に、簡単な支度だけして外に出た。,나가기 전에 간단히 채비만 하고 밖으로 나왔다.
この作家の新作、私は全力で推す。,"이 작가의 신작, 나는 전력으로 추천(밀어준다)한다."
指定席のチケットを予約した。,지정석 표를 예약했다.
彼女はファッションセンスがとても良い。,그녀는 패션 센스가 매우 좋다.
王国は内乱で滅亡し、歴史書にだけ残った。,왕국은 내란으로 멸망해 역사서에만 남았다.
商品は代金を頂いてから発送いたします。,상품은 대금을 받은 후 발송해 드립니다.
おすすめの作家さんとか、いらっしゃいますか？,추천하는 작가분 같은 분이 있으신가요?
それは、とても日本らしい素敵な趣味ですね。,그것은 정말 일본다운 멋진 취미네요.
犯行の動機はいまだに不明のままだ。,범행 동기는 아직도 불명으로 남아 있다.
理論上は、結果は理想値とイコールになるはずだ。,이론상으로는 결과가 이상값과 같아져야 한다.
会議で暴言を吐いてしまい、後で謝った。,회의에서 폭언을 해 버려서 나중에 사과했다.
食事の前後には手を洗いましょう。,식사 전후에는 손을 씻읍시다.
休みの日は目的もなく町をぶらぶら歩くのが好きだ。,쉬는 날에는 특별한 목적 없이 거리를 어슬렁어슬렁 걷는 것을 좋아한다.
このホテルでは百名まで宿泊できます。,이 호텔에서는 100명까지 숙박할 수 있습니다.
部下への不当な扱いを知って、上司に憤慨した。,부하에 대한 부당한 대우를 알고 상사에게 분개했다.
窓の外が春めいて、鳥の声もにぎやかだ。,창밖이 봄기운이 돌아 새소리도 활기차다.
ボートが波に揺れて少し浮く感じがした。,보트가 파도에 흔들리며 조금 떠 있는 느낌이 들었다.
この作業は思ったより時間が掛かるので、今日中には終わらないかもしれない。,"이 작업은 생각보다 시간이 걸려서, 오늘 안에는 끝나지 않을지도 모른다."
ここに荷物を置いて、先に席を取ろう。,여기에 짐을 두고 먼저 자리를 잡자.
映画のラストで思わず落涙し、頬が熱くなった。,영화의 마지막에서 저도 모르게 눈물이 떨어져 뺨이 뜨거워졌다.
彼の説明はいつも的確で分かりやすい。,그의 설명은 언제나 정확하고 알기 쉽다.
棚には各地の陶器がずらりと並んでいる。,선반에는 각지의 도기가 즐비하게 늘어서 있다.
両国は平和条約を締結し、国境を開放した。,양국은 평화조약을 체결하고 국경을 개방했다.
医師は動脈の状態を画像で確認した。,의사는 동맥 상태를 영상으로 확인했다.
考え事をするとき、彼はよく顎に手を当てて黙り込む。,생각에 잠길 때 그는 자주 턱에 손을 얹고 말이 없어지곤 한다.
彼の話は要点の並びが分かりやすい。,그의 이야기는 요점의 배열이 이해하기 쉽다.
ユウは、誰かが困っていると放っておけない性格だ。,유는 누군가가 곤란해하면 그냥 지나치지 못하는 성격이다.
批判の矛先が担当者に向けられた。,비판의 화살이 담당자에게 향했다.
この会話も、後で思い返したら、きっといい思い出になります。,이 대화도 나중에 돌이켜보면 분명 좋은 추억이 될 거예요.
道を逆の方向に歩いてしまった。,길을 반대 방향으로 걸어가 버렸다.
優劣をつけるより、互いの強みを活かそう。,우열을 가리기보다 서로의 강점을 살리자.
彼は事務の仕事をしながら資格の勉強もしている。,그는 사무 일을 하면서 자격증 공부도 하고 있다.
今日は新しいワイシャツを着て出社した。,오늘은 새 와이셔츠를 입고 출근했다.
祖父の家を譲渡する手続きがようやく終わった。,할아버지 집을 양도하는 절차가 드디어 끝났다.
在庫管理を専門会社に委託したところ、作業効率が上がった。,재고 관리를 전문 회사에 위탁하자 작업 효율이 올라갔다.
彼は市役所で公務に携わっている。,그는 시청에서 공무에 종사하고 있다.
諸君、これからの計画を共有しよう。,"제군, 이제부터의 계획을 공유하자."
先生が漢字の書き取りテストを始めた。,선생님이 한자 받아쓰기 시험을 시작했다.
数学の授業で円弧の長さを求める問題が出た。,수학 시간에 원호의 길이를 구하는 문제가 나왔다.
息子は転んでも泣かずに、もう一度走り出した。,아들은 넘어져도 울지 않고 다시 달리기 시작했다。
重い荷物を軽々と持ち上げる彼の怪力に、周囲の皆が驚いた。,무거운 짐을 가볍게 들어 올리는 그의 괴력에 주위의 모두가 놀랐다.
彼は上司の理不尽な叱責を隠忍して、ただ黙って頭を下げた。,그는 상사의 부당한 꾸지람을 묵묵히 인내하며 그냥 고개를 숙였다.
暗い廊下をスマホのライトで照らして歩いた。,어두운 복도를 스마트폰 불빛으로 비추며 걸었다.
大学で鈴木教授のゼミに参加している。,대학에서 스즈키 교수의 세미나에 참가하고 있다.
祝日は除くと、今月は二十日働く。,공휴일을 제외하면 이번 달에는 스무 날 일한다.
改善案を提案したら、会議の空気が変わった。,개선안을 제안하자 회의 분위기가 달라졌다.
失くした鍵の件で、探偵に調査を依頼した。,잃어버린 열쇠 건으로 탐정에게 조사를 의뢰했다.
試合で負けたことを反省して、もっと練習する。,시합에서 진 것을 반성하고 더 연습한다.
皇帝が即位した日、首都は祝賀の旗で埋め尽くされた。,"황제가 즉위한 날, 수도는 축하 깃발로 가득 찼다."
彼は自らの内なる道徳的命法に従って行動した。,그는 스스로의 내면적인 도덕적 명법에 따라 행동했다.
理科室で、カブトムシの幼虫を土の中からそっと取り出した。,과학실에서 장수풍뎅이 유충을 흙 속에서 조심스레 꺼냈다。
安全のため、エスカレーターを一時停止します。,안전을 위해 에스컬레이터를 일시 정지합니다.
高波を防波堤が受け止め、港は守られた。,높은 파도를 방파제가 막아 항구가 지켜졌다.
この手提げは軽いのに、意外とたくさん入る。,이 손가방은 가벼운데도 의외로 많이 들어간다.
帝王の威厳に満ちた姿に、群衆は息をのんだ。,제왕의 위엄 넘치는 모습에 군중은 숨을 삼켰다.
清潔な環境を保つことは大切だ。,청결한 환경을 유지하는 것은 중요하다.
その予想外の結末に、映画館の観客全員が驚愕の声を上げた。,"그 예상 밖의 결말에, 영화관 관객 전원이 경악의 소리를 질렀다."
古いカセットテープを整理して捨てた。,오래된 카세트테이프를 정리해서 버렸다.
山道では物資を逓送して、前線へ届けたという。,산길에서는 물자를 체송(逓送)하여 전선으로 보냈다고 한다.
子どもたちが輪になってゲームをしている。,아이들이 원을 만들어 게임을 하고 있다.
海で新しい水着を試してみた。,바다에서 새 수영복을 입어 보았다.
忙しくても部下の話を聞く時間を割くようにしている。,바쁘더라도 부하 직원의 이야기를 들을 시간을 내도록 하고 있다。
慶弔休暇の申請方法を人事に確認した。,경조휴가 신청 방법을 인사팀에 확인했다.
ロープを解くと、船はゆっくり岸を離れた。,줄을 풀자 배는 천천히 부두를 떠났다.
港の倉敷料が想定より高くて、見積もりを取り直した。,항만 보관료가 예상보다 비싸서 견적을 다시 받았다.
この語句を括弧で囲んでください。,이 구를 괄호로 둘러싸 주세요.
島国が国際社会から孤立することを懸念する声が上がった。,섬나라가 국제 사회에서 고립되는 것을 우려하는 목소리가 나왔다.
不足分は予備費で補填して、帳尻を合わせた。,부족분은 예비비로 보전해 맞춰 놓았다.
昨夜寝不足で朝から眠たい。,어젯밤에 잠을 못 자서 아침부터 졸리다.
雷が弧状に夜空を走った。,번개가 호상으로 밤하늘을 가로질렀다.
事実を正確に伝えるために、数字を確認した。,사실을 정확히 전하기 위해 숫자를 확인했다.
兎角、人は見た目で判断しがちだ。,사람은 자칫하면 겉모습으로 판단하기 쉽다.
このお茶は結構です、ありがたく頂きます。,"이 차는 괜찮습니다, 감사히 받겠습니다(마시겠습니다)."
スマホを落ちる寸前でキャッチして、心臓が止まりそうだった。,휴대폰이 떨어지기 직전에 잡아서 심장이 멎는 줄 알았다.
子どもの頃から楽器を習っている。,어릴 때부터 악기를 배워 왔다.
彼女は地味な服装だが、よく見るとセンスがいい。,그녀는 수수한 옷차림이지만 잘 보면 센스가 좋다.
将来を憂慮して、保険と貯蓄の見直しを始めた。,장래를 우려하여 보험과 저축을 재검토하기 시작했다.
彼女だけには、この秘密を明かすと決めていた。,그녀에게만 이 비밀을 털어놓기로 마음먹고 있었다.
カーテンを閉めたら部屋が急に陰気になった。,커튼을 닫으니 방이 갑자기 음침해졌다.
傷口は消毒を続ければ自然に治癒する。,상처는 소독을 계속하면 자연히 치유된다.
騒がしい街では安住できない。,시끄러운 도시에서는 편히 살 수 없다.
寿司屋で「上がり」を頼んだ。,초밥집에서 ‘아가리(식후 차)’를 시켰다.
山あいの集落では、朝に炊く煙がゆっくり上がる。,산골 마을에서는 아침에 피우는 연기가 천천히 올라간다.
次のインターチェンジで高速を降りましょう。,다음 인터체인지에서 고속도로를 내려요.
空が真っ黒な雲で覆われてきた。,하늘이 새까만 구름으로 뒤덮이기 시작했다.
今夜は好きなだけ食べ放題、飲み放題だ！,오늘 밤은 원하는 만큼 마음껏 먹고 마음껏 마시자!
祖母から小包みが届いた。,할머니에게서 소포가 도착했다.
初めてのデートで胸がどきどきした。,첫 데이트에서 가슴이 두근거렸다.
古い塗装がボロボロと剥がれるように、記憶も薄れていく。,"오래된 도장이 너덜너덜 벗겨지(가레루)듯이, 기억도 희미해져 간다."
鎌倉時代の武士의生活を描いたドラマを見ている。,가마쿠라 시대 무사의 생활을 그린 드라마를 보고 있다.
家臣が主君に謀反を起こし、城は炎に包まれた。,가신이 주군에게 모반을 일으켜 성이 불길에 휩싸였다.
新しい法令に合わせて、規程を改訂する必要がある。,새 법령에 맞춰 규정을 개정할 필요가 있다.
ご好意に甘えて、車で駅まで送っていただきました。,호의에 기대어 차로 역까지 태워 주셨습니다.
同じ内容のメールが重複して届いた。,같은 내용의 메일이 중복해서 도착했다.
汚職疑惑が決定打となり、長年権力を握っていた議員はついに失脚した。,"부패 의혹이 결정타가 되어, 오랫동안 권력을 쥐고 있던 의원은 마침내 실각했다."
この駅がこの路線の終点だ。,이 역이 이 노선의 종점이다.
ネット上の売買は便利だが、詐欺にも注意が必要だ。,온라인 매매는 편리하지만 사기에도 주의가 필요하다.
彼は一生後悔するような過ちを犯してしまった。,그는 평생 후회할 만한 잘못을 저지르고 말았다.
運動会で救護班が待機し、軽いけがの手当てをした。,운동회에서 구호반이 대기하며 가벼운 부상을 처치했다.
彼は車を売るために、写真を撮って出品した。,그는 차를 팔기 위해 사진을 찍어 판매 글을 올렸다.
朝の庭園は静かで、露に濡れた花が輝いていた。,아침의 정원은 조용했고 이슬에 젖은 꽃이 빛나고 있었다.
古い家屋を少しずつ修繕して住んでいる。,낡은 집을 조금씩 수선하며 살고 있다.
将来に対する漠然とした不安を、誰にも打ち明けられずにいる。,미래에 대한 막연한 불안을 누구에게도 털어놓지 못하고 있다.
ハッブルの法則は、遠くの銀河ほど速い速度で遠ざかっているという宇宙膨張の証拠だ。,허블의 법칙은 먼 은하일수록 빠른 속도로 멀어지고 있다는 우주 팽창의 증거다.
公園の芝生の上で、子供たちが元気に走り回っている。,공원 잔디밭 위에서 아이들이 활기차게 뛰어다니고 있다.
運命みたいだね、と彼女は笑った。,"운명 같네, 라고 그녀는 웃었다."
熱々のおでんには芥子を少しつけて食べるとおいしい。,김이 모락모락 나는 오뎅에는 겨자를 조금 찍어 먹으면 맛있다.
朝食に焼き魚と味噌汁が並ぶと、いかにも和食という感じがする。,아침 식탁에 구운 생선과 된장국이 올라오면 정말 일본식이라는 느낌이 든다.
もう少し塩をかけた方が美味しいですよ。,소금을 조금 더 치는 편이 맛있어요.
指輪を小箱に入れて、そっと渡した。,반지를 작은 상자에 넣어 살며시 건넸다.
山で拾ってきた栗で、栗ご飯を作った。,산에서 주워 온 밤으로 밤밥을 지었다.
寿司に醤油を少しだけつける。,초밥에 간장을 살짝만 찍는다.
あまりに高価な時計なので、普段使いするのは気が引ける。,너무 값비싼 시계라서 평소에 차고 다니기에는 망설여진다.
彼女の部屋は淡彩色の家具で統一されており、落ち着いた雰囲気だ。,"그녀의 방은 담채색(파스텔 톤)의 가구로 통일되어 있어, 차분한 분위기다."
紙袋を提げて、駅前の店をはしごした。,종이봉투를 들고 역 앞 가게들을 돌아다녔다.
ルール違反で彼は大会から失格となった。,규칙 위반으로 그는 대회에서 실격 당했다.
この講座の受講料は実費だけでよい。,이 강좌의 수강료는 실비만 내면 된다.
実存主義は、本質に先立つ実存としての主体的決断を重視する。,실존주의는 본질에 앞서는 실존으로서의 주체적 결단을 중시한다.
初心者でも釣れるように、店員が釣るコツを教えてくれた。,초보도 낚을 수 있게 점원이 낚는 요령을 알려줬다.
天ぷらを揚げるには、新鮮できれいな油を使うことが大切だ。,튀김을 튀기기 위해서는 신선하고 깨끗한 기름을 사용하는 것이 중요하다.
カフェで季節のフルーツタルトを頼んだ。,카페에서 제철 과일 타르트를 주문했다.
政府は最後まで武力行使を避けようとした。,정부는 끝까지 무력 행사를 피하려 했다.
今日は雲一つない空に大きな満月が浮かんでいる。,오늘은 구름 한 점 없는 하늘에 커다란 보름달이 떠 있다.
週末は釣艇を借りて、沖まで出る予定だ。,주말엔 낚싯배를 빌려서 먼바다까지 나갈 예정이다.
今日の釣果はアジが十匹で、大満足だ。,오늘 조과는 전갱이 10마리로 대만족이다.
父と行く釣りは、子どもの頃からの楽しみだ。,아버지와 가는 낚시는 어릴 때부터의 즐거움이다.
予算と理想のバランスが釣り合い、納得の買い物になった。,예산과 이상이 균형을 이뤄 만족스러운 구매가 됐다.
毎日トレーニングをして筋を鍛えている。,매일 트레이닝을 해서 근육을 단련하고 있다.
彼の合図で、レースがスタートした。,그의 신호로 레이스가 시작되었다.
軽率な発言が炎上を招いてしまった。,경솔한 발언이 논란을 불러일으키고 말았다.
雨の中を走ったせいで、紙袋はぼろぼろになってしまった。,비 속을 뛰어다닌 탓에 종이봉투가 너덜너덜해져 버렸다.
暗黒物質は、銀河をつなぎ止める見えざる重力源として機能している。,암흑물질은 은하를 붙들어 매는 보이지 않는 중력원으로서 기능하고 있다.
スイカに少し塩をかけると、甘さが引き立つ。,수박에 소금을 약간 뿌리면 단맛이 살아난다.
この模様を彫るには、細い鑿が必要だ。,이 무늬를 새기려면 가는 끌이 필요하다.
パスタを作る前に、まずオリーブオイルでニンニクの香りを出す。,"파스타를 만들기 전에, 먼저 올리브유로 마늘 향을 낸다."
深い谷の間を川が流れている。,깊은 골짜기 사이로 강이 흐르고 있다.
空港の税関で荷物を検査された。,공항 세관에서 짐을 검사받았다.
地震の揺れで窓ガラスが割れてしまった。,지진 흔들림으로 창문 유리가 깨져 버렸다.
デリダの脱構築は、テクストの内部に含まれる二項対立の矛盾を暴き出す手法だ。,데리다의 해체주의는 텍스트 내부에 포함된 이항 대립의 모순을 폭로하는 기법이다.
失敗から学んで、次に生かせるようにしっかり振り返ろう。,실패에서 배워서 다음에 살릴 수 있도록 제대로 돌아보자.
駅から徒歩十分のアパートに引っ越すことにした。,역에서 도보 10분 거리의 아파트로 이사하기로 했다.
ホテルの屋上からの眺望は、夜景が特にきれいだ。,호텔 옥상에서의 조망은 야경이 특히 아름답다.
京都へ行くなら、是非金閣寺を見てきてください。,교토에 간다면 꼭 금각사를 보고 오세요.
結果が出るまで忍耐が必要だ。,결과가 나올 때까지 인내가 필요하다.
大きなリュックを背負って山に登る。,큰 배낭을 짊어지고 산에 오른다.
締め切りまで若干の時間が残っている。,마감까지 약간의 시간이 남아 있다.
ブラックホールのホーキング放射は、ブラックホールが熱的な放射を出して蒸発する可能性を示唆した。,블랙홀의 호킹 복사는 블랙홀이 열적 복사를 방출하며 증발할 가능성을 시사했다.
職人の木彫は、木目を生かした繊細さがある。,장인의 목조(나무 조각)는 나뭇결을 살린 섬세함이 있다.
この本はレポートを書くときの参考になる。,이 책은 레포트를 쓸 때 참고가 된다.
喉が渇いたので、冷たい水を一杯ください。,목이 말라서 차가운 물 한 잔 주세요.
秋になると、きのこ狩りに行って、いろいろな種類のきのこを採る。,가을이 되면 버섯 따러 가서 여러 종류의 버섯을 딴다.
洗濯機で服を濯ぐ。,세탁기로 옷을 헹군다.
○○県では、観光客数が年々増加しているという。,○○현에서는 관광객 수가 해마다 증가하고 있다고 한다.
仕事とプライベートのバランスを取るのは意外と難しい。,일과 사생활의 균형을 잡는 것은 의외로 어렵다.
今の時刻を確認してメモしてください。,현재 시각을 확인해서 메모해 주세요.
雨が降りそうなので、先にブルーシートを張った。,비가 올 것 같아서 먼저 방수포를 쳤다.
この土地は先祖代々のものだ。,이 땅은 대대로 내려온 것이다.
彼女は人妻だと聞いて、少し驚いた。,그녀가 유부녀라고 들어서 조금 놀랐다.
このパズルは、ルールが単純なのですぐに覚えられます。,이 퍼즐은 규칙이 단순해서 금방 외울 수 있습니다.
昔話には人を食べる鬼がよく出てくる。,옛이야기에는 사람을 잡아먹는 도깨비가 자주 등장한다.
私はその案に反対だと、はっきり主張した。,나는 그 안에 반대라고 분명히 주장했다.
新しい教育制度が導入された。,새로운 교육 제도가 도입되었다.
ホテルのボーイが荷物を部屋まで運んでくれた。,호텔 보이가 짐을 방까지 옮겨 주었다.
夏は冷奴、冬は湯豆腐にして、一年中豆腐を食べる。,"여름에는 히야얏코, 겨울에는 유도후로 해서 일 년 내내 두부를 먹는다."
武将が敵を斬殺したと記録にある。,무장이 적을 참살했다고 기록에 있다.
ウールのセーターを洗濯機で洗ったら縮んでしまった。,울 스웨터를 세탁기로 빨았더니 줄어들어 버렸다.
出発時間に後れてしまい、飛行機に乗り損ねた。,출발 시간에 늦어 비행기를 놓치고 말았다.
光に当たった魚の鱗が虹色に輝いていた。,빛을 받은 물고기의 비늘이 무지갯빛으로 반짝이고 있었다.
冬の田んぼには群すずめや群千鳥が群がるように集まり、餌をついばんでいた。,겨울 논에는 무리 지어 있는 참새 떼와 물떼새 떼가 잔뜩 몰려들어 모이를 쪼아 먹고 있었다.
今年の夏は淡い色のワンピースが流行している。,올여름에는 연한 색 원피스가 유행하고 있다.
湿気が多くて、髪の毛が縮れてまとまらない。,습기가 많아서 머리카락이 곱슬거려 정리가 안 된다.
この地域には昔からの風習が根強く残っている。,이 지역에는 예로부터 내려온 풍습이 깊이 뿌리내려 남아 있다.
彼女は誕生日に手作りのブレスレットを友だちからもらった。,그녀는 생일에 친구에게서 손수 만든 팔찌를 선물로 받았다.
森林の奥は森閑としていて、苔むした岩が森厳な雰囲気を放っていた。,숲속 깊은 곳은 고요했고 이끼 낀 바위가 장엄한 분위기를 풍겼다.
女王は広い領土を統べていた。,여왕은 넓은 영토를 다스리고 있었다.
民は飢えを訴え、門の前に集まった。,백성은 굶주림을 호소하며 성문 앞에 모였다.
連絡が遅いと、つい心配してしまう。,연락이 늦으면 괜히 걱정하게 된다.
強敵に挑む前に、作戦を練り直した。,강적에 도전하기 전에 작전을 다시 짰다.
母の作る魚の煮付けは、子どもの頃から変わらない味だ。,어머니가 해 주시는 생선 조림은 어릴 때부터 변함없는 맛이다.
蜜の香りがする花に、蜂が集まっていた。,꿀 향이 나는 꽃에 벌들이 모여 있었다.
役所での手続きは、いつも煩わしくて時間がかかる。,관공서에서의 절차는 언제나 번거로워서 시간이 걸린다.
この判決は憲法の解釈に依拠して下された。,이 판결은 헌법 해석에 의거해 내려졌다.
戦争で貧しい家庭がたくさん生まれた。,전쟁으로 가난한 가정이 많이 생겼다.
大木の幹には太い年輪が刻まれている。,큰 나무의 줄기에는 굵은 나이테가 새겨져 있다.
メモリを拡張したら、動作がかなり速くなった。,메모리를 확장하니 동작이 꽤 빨라졌다.
机の長さを測ってから、棚を注文した。,책상 길이를 재고 나서 선반을 주문했다.
行事の日程が重なって、どれに参加するか迷っている。,행사 일정이 겹쳐서 어느 것에 참가할지 고민 중이다.
この映画は長いけど、終盤が圧巻だ。,"이 영화는 길지만, 후반부가 압권이다."
今夜は町会の集会があるから、先に夕飯を済ませよう。,오늘 밤은 동네 자치회 모임이 있어서 먼저 저녁을 먹자.
チケットの発券をお願いします。,티켓 발권을 부탁합니다.
邪悪な魔法使いが、王国を闇に包むために禁断の呪文を唱えた。,사악한 마법사가 왕국을 어둠에 가두기 위해 금단의 주문을 외웠다.
その詩人は静かな海辺で、新しい詩を書き上げた。,그 시인은 고요한 바닷가에서 새로운 시를 완성했다.
彼は人気ドラマの脚本を担当し、一躍売れっ子脚本家となった。,그는 인기 드라마의 각본을 맡아 단숨에 잘나가는 시나리오 작가가 되었다.
毒薬は厳重に保管されている。,독약은 엄중하게 보관되어 있다.
原材料の高騰で、パンの値上げが発表された。,원자재 급등으로 빵 값 인상이 발표되었다.
事故が発生した地点は、現在立ち入り禁止となっている。,사고가 발생한 지점은 현재 출입 금지되어 있다.
市町村ごとに、ごみの分別ルールが少しずつ違う。,시정촌마다 쓰레기 분리수거 규칙이 조금씩 다르다.
日本の畜産業は、品質の高い肉製品で知られている。,일본의 축산업은 품질 높은 육제품으로 알려져 있다.
冬になるとリビングの暖房が欠かせない。,겨울이 되면 거실의 난방이 없어서는 안 된다.
彼とは学生時代から親しい付き合いが続いている。,그와는 학생 시절부터 친하게 지내고 있다.
来日中のアーティストが、特別ライブを開くことになった。,내일 중인 아티스트가 특별 라이브를 열게 되었다.
日本列島は南北に長く伸びている。,일본 열도는 남북으로 길게 뻗어 있다.
町外れの古い倉庫が、今はカフェになっている。,마을 외곽의 오래된 창고가 지금은 카페가 되었다.
雪道ではタイヤの空気圧や溝の状態を必ず確認したほうがいい。,눈길에서는 타이어 공기압과 홈 상태를 꼭 확인하는 편이 좋다.
キャンプで作るカレーは、なぜか家で食べるより何倍も美味しい。,캠프에서 만드는 카레는 왠지 집에서 먹는 것보다 몇 배는 더 맛있다.
二人の証言にはいくつかの相違点がある。,두 사람의 증언에는 몇 가지 상이점이 있다.
小さな成功の兆しが見えたので、もう一度試した。,작은 성공의 기미가 보여서 다시 한 번 시도했다.
短い一言だが、彼のコメントには深い含蓄があった。,짧은 한마디였지만 그의 코멘트에는 깊은 함축이 담겨 있었다.
守りが堅いこの城にいれば、我々の地位は安泰だ。,수비가 견고한 이 성에 있으면 우리 지위는 안전하다.
彼は言葉づかいは荒々しいが、根は優しい。,그는 말투는 거칠지만 마음은 착하다.
古い運河には、今でも静かに船が行き来している。,옛 운하에는 지금도 조용히 배가 오가고 있다.
命ほど尊いものはない。,목숨만큼 존귀한 것은 없다.
間違えた字を消しゴムで消す。,틀린 글자를 지우개로 지운다.
彼女は県立高校で英語の教員をしている。,그녀는 현립 고등학교에서 영어 교사로 일하고 있다.
この寺が建立されたのは、戦国時代の終わり頃だと言われている。,이 절이 건립된 것은 전국시대 말 무렵이라고 전해진다.
中年になってから、健康の大切さを強く感じるようになった。,중년이 되고 나서 건강의 소중함을 강하게 느끼게 되었다.
県庁の展望ロビーから、街全体が見渡せた。,도청(현청) 전망 로비에서 도시 전체가 내려다보였다.
彼女の想像力は、ページの上を自由に翔って物語を生み出す。,그녀의 상상력은 페이지 위를 자유롭게 날아다니며 이야기를 만들어 낸다.
先代の崩御に伴い、若き新王が戴冠し新たな時代が幕を開けた。,선대의 붕어에 따라 젊은 새 왕이 대관식을 치르고 새로운 시대가 막을 열었다.
内線で総務部に連絡して、担当者を呼んでもらった。,내선으로 총무부에 연락해 담당자를 불러 달라고 했다.
彼が来るかどうかは、無論まだ分からない。,그가 올지 어떨지는 물론 아직 모른다.
湖に鶴が舞い降りて、朝霧の中を歩いていた。,호수에 두루미가 내려앉아 아침 안개 속을 걷고 있었다.
試験は筆記と面接の二つの方式で行われる。,시험은 필기와 면접 두 가지 방식으로 실시된다.
ガソリンの値段がまた上がって、家計に響いている。,휘발유 값이 또 올라서 가계에 부담이 되고 있다.
マラソン大会で先頭を走るのは彼だ。,마라톤 대회에서 선두를 달리는 것은 그다.
移民を排斥するような発言には賛成できない。,이민자를 배척하는 듯한 발언에는 찬성할 수 없다.
このサイズなら、彼の足にぴったり合うと思う。,이 사이즈라면 그의 발에 딱 맞을 것 같다.
平和を願って千羽鶴を折り、神社に奉納した。,평화를 바라며 천 마리 학을 접어 신사에 봉납했다.
この売品は在庫限りで、返品はできません。,이 판매 상품은 재고 한정이라 반품이 불가합니다.
スマホを無くして、青ざめた。,휴대폰을 잃어버려서 새파래졌다.
毎日2リットルの水を飲むようにしている。,매일 2리터의 물을 마시려고 하고 있다.
彼女の長所は、人の話をよく聞くところだ。,그녀의 장점은 다른 사람 말을 잘 들어 준다는 점이다.
ペットの死を悲しむ彼女の姿を見て、胸が痛んだ。,애완동물의 죽음을 슬퍼하는 그녀의 모습을 보고 가슴이 아팠다.
この商品はただいま在庫がありません。,이 상품은 지금 재고가 없습니다.
失敗の責任は私が負います。,실패의 책임은 제가 지겠습니다.
スクリーンに写真を大きく映して、皆に見せた。,스크린에 사진을 크게 비춰 모두에게 보여 주었다。
この事故以後、安全対策が大幅に見直された。,이 사고 이후로 안전 대책이 대폭 재검토되었다.
手術が無事に終わり、父は今日退院した。,수술이 무사히 끝나서 아버지는 오늘 퇴원했다.
夜中に医者が患者の家へ往診に向かった。,한밤중에 의사가 환자 집으로 왕진을 갔다.
家賃を払わないので、ついに彼を部屋から追い出した。,집세를 안 내서 마침내 그를 방에서 내쫓았다.
彼は平気なふりに装って、強がった。,그는 아무렇지 않은 척 가장하며 허세를 부렸다.
生爪をはがすほどの大けがではなかった。,손톱이 들릴 정도의 큰 부상은 아니었다.
紙で指を切って、爪の横がヒリヒリする。,종이에 손가락을 베어 손톱 옆이 따끔거린다.
彼は心を閉ざし、誰とも話そうとしなかった。,그는 마음을 닫고 누구와도 이야기하려 하지 않았다.
商品の陳列が綺麗で見やすい。,상품 진열이 예뻐서 보기 편하다.
彼女はせっせと編み物をしている。,그녀는 부지런히 뜨개질을 하고 있다.
合格を願って神社で手を拝んだ。,합격을 빌며 신사에서 두 손 모아 기도했다.
彼の目から、激情の涙が迸った。,그의 눈에서 격정의 눈물이 솟구쳤다.
彼の軽率な一言が、場の雰囲気をすっかり損なってしまった。,그의 경솔한 한마디가 분위기를 완전히 망쳐버렸다.
仕事の合間に、温かいお茶を飲んで一息ついた。,일하는 틈틈이 따뜻한 차를 마시며 잠시 숨을 돌렸다.
前の車がのろのろ運転しているので、渋滞している。,앞 차가 느릿느릿 운전하고 있어서 길이 막힌다.
道路工事でセメントを流し込んでいる。,도로 공사에서 시멘트를 붓고 있다.
リモコンの電池が切れたので、買いに行った。,리모컨 건전지가 다 닳아서 사러 갔다.
熱が高かったので、すぐに病院で診察を受けた。,열이 높아서 곧바로 병원에서 진찰을 받았다.
一生懸命勉強したおかげで、第一志望の大学に受かった。,열심히 공부한 덕분에 제1지망 대학에 합격했다.
元日の朝、父が鏡餅を下ろしてみんなに分けてくれた。,정초 아침에 아버지가 카가미모치를 내려 모두에게 나눠 주었다.
彼は無免許運転で警察に捕まってしまった。,그는 무면허 운전으로 경찰에게 잡혀 버렸다.
洗い物がやっと片付いて、ようやく一息つけた。,설거지를 겨우 다 치우고 비로소 한숨 돌릴 수 있었다.
建坪を抑えて、庭を広めに取った。,건평을 줄이고 정원을 넓게 잡았다.
このクラブの会員は何人ですか。,이 클럽의 회원은 몇 명인가요?
彼女には音楽家としての素質がある。,그녀에게는 음악가로서의 소질이 있다.
彼は毎日ジムで筋トレをしている。,그는 매일 헬스장에서 근육 트레이닝(근력 운동)을 한다.
子どもの日に庭に鯉幟を立てて子どもの成長を祝った。,어린이날에 마당에 잉어 깃발을 세우고 아이의 성장을 축하했다.
矛を手にした兵が、門を守っていた。,창을 든 병사가 문을 지키고 있었다.
プロポーズしようとしたが、土壇場でためらってしまった。,"프러포즈를 하려고 했지만, 막판에 망설여 버렸다."
落ちてきた花瓶を、とっさに手で受け止めた。,떨어지는 꽃병을 순간적으로 손으로 받아냈다.
新ルールは全社員に周知された。,새 규칙이 전 직원에게 주지되었다.
古い地図を見比べて領土の変化を調べた。,옛 지도를 비교해 영토의 변화를 조사했다.
小さな傷でも、放っておくと化膿することがある。,작은 상처라도 방치하면 곪을 수 있다.
大晦日に家族で年越しそばを食べるのが我が家の習慣だ。,제야에 가족이 함께 토시코시 소바를 먹는 것이 우리 집의 습관이다.
店員が偽札を見つけてすぐに警察に通報した。,점원이 위조지폐를 발견하고 바로 경찰에 신고했다.
死刑囚の扱いをめぐり、議会で議論が続いた。,사형수 처우를 두고 의회에서 논의가 이어졌다.
日本社会では謙譲の美徳が重んじられていると言われる。,일본 사회에서는 겸양의 미덕이 중시된다고들 한다.
正月に家族そろって初詣に出かけた。,정월에 온 가족이 함께 첫 신사 참배를 나갔다.
祖母は毎年、お盆になると先祖の霊の話をしてくれる。,할머니는 매년 오봉 때가 되면 조상 영혼 이야기를 들려준다.
彼女のふとした仕草に、彼は心を奪われた。,그녀의 무심코 한 몸짓에 그는 마음을 빼앗겼다.
周囲の音が消えたように感じた。,주변 소리가 사라진 듯 느꼈다.
城は堅固な石垣に守られていた。,성은 견고한 돌담에 의해 지켜지고 있었다.
この小説は、登場人物の心理描写が非常に巧みで、一気に読んでしまいました。,이 소설은 등장인물의 심리 묘사가 매우 뛰어나서 단숨에 읽어버렸습니다.
愛する人を失い、彼は乱心したかのように泣き叫んだ。,사랑하는 사람을 잃고 그는 미친 듯이 울부짖었다.
彼は独特な世界観で小説を創作している。,그는 독특한 세계관으로 소설을 창작하고 있다.
彼は大学を退学して、世界一周の旅に出た。,그는 대학을 중퇴하고 세계 일주 여행을 떠났다.
彼は大きな溜め息をつき、窓の外を眺めた。,그는 큰 한숨을 내쉬며 창밖을 바라보았다.
その条約は長い戦争に終止符を打った。,그 조약은 긴 전쟁에 종지부를 찍었다.
古代の神話は支配者の正統性を支える役割を果たした。,고대 신화는 지배자의 정통성을 떠받치는 역할을 했다.
記者が宮様に丁寧にマイクを向けて質問している。,기자가 궁님께 정중하게 마이크를 들이대며 질문하고 있다.
テーブルをさっと拭いてから食事にしよう。,테이블을 슥 닦고 나서 식사하자.
修養のために、毎朝少しだけ読書する。,수양을 위해 매일 아침 조금씩 독서한다.
人混みに観光客が交ざって、通りはにぎやかだった。,인파 속에 관광객이 뒤섞여 거리는 활기찼다.
転んだところがあざになって、半袖だと少し気になる。,넘어진 자리에 멍이 들어 반팔을 입으면 조금 신경 쓰인다.
一昨年の夏にこの町へ引っ越してきた。,재작년 여름에 이 마을로 이사 왔다.
有名な神宮では、正月になると大勢の参拝客であふれかえる。,유명한 신궁에는 정월이 되면 참배객들로 붐빈다.
彼女の言葉には知性が感じられる。,그녀의 말에서는 지성이 느껴진다.
首の動脈がドクドクと脈打っている。,목의 동맥이 쿵쿵 맥박치고 있다.
あのとき一言謝らなかったことを、今でも深く悔やんでいる。,그때 한마디 사과하지 않았던 일을 지금도 깊이 뉘우치고 있다.
ご覧の様、結果は明らかです。,"보시는 바와 같이, 결과는 명백합니다."
この仕事は精々一日あれば終わるだろう。,이 일은 기껏해야 하루면 끝날 것이다.
彼は言葉遣いがぞんざいで、よく誤解される。,그는 말투가 막되어서 자주 오해를 받는다.
考古学者が新しい王墓の入口を発見した。,고고학자가 새로운 왕릉의 입구를 발견했다.
古戦場で再現劇が行われ、多くの観光客が集まった。,옛 전쟁터에서 재현극이 열려 많은 관광객이 모였다.
彼はみんなからあだ名で呼ばれている。,그는 모두에게 별명으로 불리고 있다.
報道の自由と同時に、個人の人権も守られなければならない。,보도의 자유와 동시에 개인의 인권도 지켜져야 한다.
きゅうりが塩に漬かると、色が少し濃くなる。,오이가 소금에 절여지면 색이 조금 진해진다.
水槽の中で金魚がひらひらと泳いでいる。,수조 안에서 금붕어가 하늘하늘 헤엄치고 있다.
被災地には全国から多くの救援物資が届けられた。,피해 지역에는 전국에서 많은 구호 물자가 전달되었다.
私たちは科学の進歩の恩恵を受けている。,우리는 과학의 발전이 가져온 은혜를 누리고 있다.
一昨日は久しぶりに実家へ帰った。,그제는 오랜만에 본가에 다녀왔다.
猫が窓辺で日向ぼっこをしている姿は平和そのものだ。,고양이가 창가에서 햇볕을 쬐고 있는 모습은 평화 그 자체다.
彼は成績だけでなく、人としても優れるところが多い。,그는 성적뿐 아니라 사람으로서도 뛰어난 점이 많다.
その一言が、彼女の心を大きく揺さぶることになった。,그 한마디가 그녀의 마음을 크게 흔들어 놓았다.
彼は若くして天才魔術師と呼ばれ、そのトリックは誰も見破れなかった。,"그는 젊은 나이에 천재 마술사라 불렸고, 그 트릭은 아무도 간파할 수 없었다."
その知らせを聞いて胸に痛切な寂しさを覚えた。,그 소식을 듣고 가슴 깊이 절실한 외로움을 느꼈다.
霧の中から巨大な船が突然出現して、息をのんだ。,안개 속에서 거대한 배가 갑자기 출현해 숨을 삼켰다.
悩んだ末、会社を辞めることに決めた。,고민 끝에 회사를 그만두기로 결정했다.
古文書を解読して当時の生活を再現した。,고문서를 해독해 당시의 생활을 재현했다.
猟師は銃に弾を込めた。,사냥꾼은 총에 총알을 쟀다.
祖母の手作り漬物は、白いご飯に合う。,할머니가 만든 절임은 흰밥에 잘 어울린다.
嵐が来る前に、船は港に停泊した。,폭풍이 오기 전에 배는 항구에 정박했다.
文章を修飾する語を変えるだけで、印象が違う。,문장을 수식하는 말을 바꾸기만 해도 인상이 달라진다.
桜の木に毛虫がたくさん発生して、葉が食べられていた。,벚나무에 털벌레가 많이 발생해서 잎이 먹히고 있었다.
彼女は茶道の作法を徹底的に窮めようとしている。,그녀는 다도의 예법을 철저히 궁구하려 하고 있다.
このシャツは白いから、汚れが目立ちやすい。,이 셔츠는 하얘서 얼룩이 잘 보인다.
古代ギリシャの哲学は後の時代に大きな影響を与えた。,고대 그리스 철학은 후대에 큰 영향을 주었다.
彼の表情から状況の深刻さを察した。,그의 표정에서 상황의 심각함을 짐작했다.
体調不良を理由に、彼は取材を謝絶した。,몸 상태가 나쁘다는 이유로 그는 취재를 사절했다.
彼は努力の末に世界チャンピオンのタイトルを獲得した。,그는 노력 끝에 세계 챔피언 타이틀을 획득했다.
この歌舞伎の外題は覚えにくいが、とても有名だ。,이 가부키의 제목은 외우기 어렵지만 매우 유명하다.
不正が発覚して、資格を剥奪された。,부정이 드러나 자격이 박탈되었다.
彼は不当な扱いに対して、きっぱりと契約の更新を拒絶した。,그는 부당한 대우에 대해 단호히 계약 갱신을 거절했다.
禍福はあざなえる縄のごとしと言うが、まさにその通りだ。,"화복은 새끼줄처럼 서로 뒤얽혀 있다고들 하는데, 정말 그 말 그대로다."
朝露に濡れたクモの巣は、宝石のように輝いていた。,아침 이슬에 젖은 거미줄은 보석처럼 빛나고 있었다.
植物の新しい芽に、アブラムシがびっしりと付いていた。,식물의 새싹에 진딧물이 빽빽하게 붙어 있었다.
探偵は虫眼鏡を片手に、事件の証拠を探した。,탐정은 돋보기를 한 손에 들고 사건의 증거를 찾았다.
ローマ帝国の滅亡は世界史の大きな転換点だ。,로마 제국의 멸망은 세계사에서 큰 전환점이다.
猫の体にノミがいないか、定期的にチェックする。,고양이 몸에 벼룩이 없는지 정기적으로 체크한다.
公園の裏に小さな塚があり、花が手向けられていた。,공원 뒤에 작은 무덤(봉분)이 있고 꽃이 올려져 있었다.
我ながら今日一日はよく頑張ったと思う。,나 스스로도 오늘 하루는 꽤 열심히 했다고 생각한다.
彼は業病と呼ばれる難しい病と静かに向き合っている。,그는 업병이라 불리는 난치병과 조용히 마주하고 있다.
出張の予定は、来月の中旬ごろになりそうだ。,출장 일정은 다음 달 중순경이 될 것 같다.
出張の手回しを一人で全部やるのは大変だ。,출장 준비를 혼자 다 챙기는 건 힘들다.
その言い方は、値上げを示唆しているように聞こえる。,그 말투는 가격 인상을 시사하는 것처럼 들린다.
会社の移転に伴い、通勤時間が長くなってしまった。,회사 이전으로 인해 통근 시간이 길어져 버렸다.
富士山の五合目、中腹あたりで休憩した。,"후지산 5부 능선, 중턱쯤에서 휴식했다."
彼は欲望の権化のような男で、お金のためなら何でもやる。,"그는 욕망의 권화 같은 남자로, 돈을 위해서라면 무엇이든 한다."
古傷が痛むと、天気が崩れる前触れみたいだ。,오래된 상처가 쑤시면 날씨가 나빠지기 전조 같아.
鍋の中でお湯がぷくぷくと沸いている。,냄비 속에서 물이 보글보글 끓고 있다.
今日の食事の代は、私が出します。,오늘 식사 값은 제가 내겠습니다.
食事の後はみんなで片付けをする。,식사 후에는 다 같이 뒷정리를 한다.
その犬はとても利口だ。,그 개는 아주 영리하다.
夏の夜、蛍の光が幻想的な雰囲気を作り出す。,"여름밤, 반딧불이의 빛이 환상적인 분위기를 만들어낸다."
注射の痛さは一瞬だけだった。,주사의 아픔은 순간뿐이었다.
彼の冗談にみんなが「あはは」と笑った。,그의 농담에 모두가 “아하하” 하고 웃었다.
SNSでうわさが一気に拡散した。,SNS에서 소문이 한꺼번에 확산되었다.
彼女の素朴な笑顔が好きだ。,그녀의 소박한 미소가 좋다.
彼は筋が通した言い方をするので信頼できる。,그는 논리가 통하는 말투를 해서 신뢰할 수 있다.
玄関で三つ指をついて、丁寧に挨拶した。,현관에서 세 손가락을 짚고 정중히 인사했다.
そこを何とか堪忍してやってください、と彼は頭を下げた。,“그냥 한 번만 봐 주십시오.”라며 그는 고개를 숙였다.
トンボの大きな複眼は、非常に広い視野を確保できる。,잠자리의 커다란 겹눈은 매우 넓은 시야를 확보할 수 있다.
上司は部下に早めの報告を促した。,상사는 부하 직원에게 빠른 보고를 재촉했다.
古い写真に彩色して、家族が喜んだ。,오래된 사진에 채색해서 가족이 기뻐했다.
関さんはこの町で有名なパン屋を営んでいる。,세키 씨는 이 마을에서 유명한 빵집을 운영하고 있다.
毎朝この道を通ううちに、季節の変化に気づく。,매일 아침 이 길을 다니다 보니 계절 변화를 알아차린다.
戦場のような現場は、まさに阿鼻叫喚の状態だった。,전쟁터 같은 현장은 말 그대로 아비규환의 상태였다.
図の中の点線の部分に注目してください。,그림 속 점선 부분에 주목해 주세요.
長時間の作業で肩に苦痛がたまってきた。,장시간 작업으로 어깨에 고통이 쌓여왔다.
最近、視力が落ちてきたので、眼鏡を新しくした。,최근 시력이 떨어져서 안경을 새로 맞췄다.
次はどの本を読もうかと迷っている。,다음에는 어떤 책을 읽을지 고민하고 있다.
サーカスで調教された象が芸を見せている。,서커스에서 조련된 코끼리가 재주를 부리고 있다.
彼のギターの弾きはとても繊細だ。,그의 기타 연주는 아주 섬세하다.
来週、前期の中間試験が行われる。,다음 주에 1학기 중간고사가 치러진다.
彼は10年の歳月をかけて、壮大な長編小説を書き上げた。,그는 10년의 세월에 걸쳐 장대한 장편 소설을 완성했다.
儒者としての誇りを胸に、彼は筆を執った。,유자로서의 자부심을 품고 그는 붓을 들었다.
資金も人材も尽き、プロジェクトは完全に詰んでしまったように見えた。,자금도 인력도 바닥나 프로젝트는 완전히 망한 것처럼 보였다.
このトンネルを通ると、駅まで近道になる。,이 터널을 지나면 역까지 지름길이 된다.
ひどい出血が続くならすぐに病院へ行ってください。,심한 출혈이 계속되면 바로 병원에 가세요.
小説の叙景が美しくて、風の匂いまで感じた。,소설의 서경이 아름다워 바람 냄새까지 느꼈다.
彼の料理の腕前はプロ並みだ。,그의 요리 실력은 프로 수준이다.
子どもは歩道を歩くように教えている。,아이에게는 보도를 이용하라고 가르치고 있다.
スキーで転倒し、腕を骨折した。,스키를 타다 넘어져 팔이 골절되었다.
アリの顎は、餌を運んだり、敵と戦ったりするのに使われる。,개미의 턱은 먹이를 나르거나 적과 싸우는 데 사용된다.
暗闇で生物が発光する現象は、とても神秘的だ。,어둠 속에서 생물이 발광하는 현상은 매우 신비롭다.
爪先でそっと床を叩いて、返事を待った。,발끝으로 살짝 바닥을 두드리며 대답을 기다렸다.
ライブの最後に、客席が一斉に拍手した。,라이브 마지막에 관객석이 일제히 박수쳤다.
その発言は完全にアウトだよ。,그 발언은 완전히 아웃이야.
古い扉の鍵穴に錆が詰まっていて回らない。,오래된 문 열쇠구멍에 녹이 끼어서 돌지 않는다.
友人代表として、通夜で弔辞を読み上げた。,친구 대표로서 통야(밤샘 조문)에서 조사(추도사)를 낭독했다.
二人で地図を見ながら、次の目的地を決めた。,두 사람이 지도를 보며 다음 목적지를 정했다。
プロのカメラマンには、光と影を見抜く鋭い審美眼が求められる。,프로 사진가에게는 빛과 그림자를 꿰뚫어 보는 날카로운 심미안이 요구된다.
彼は普通の顔で冗談を言うから余計おかしい。,그는 평범한 얼굴로 농담을 해서 더 웃기다.
甥が今春高校に入学した。,조카가 올봄에 고등학교에 입학했다.
この本の表紙はとても目立つ。,이 책 표지는 매우 눈에 띈다.
ホルモンの分泌リズムが乱れると、眠りの質にも影響が出る。,호르몬 분비 리듬이 흐트러지면 잠의 질에도 영향을 준다.
迷子になった子が泣きそうで、店員が優しく声をかけた。,길을 잃은 아이가 울 것 같자 직원이 다정하게 말을 걸었다。
犬の尾が嬉しそうに左右に揺れている。,개의 꼬리가 기쁘다는 듯 좌우로 흔들리고 있다.
衛星写真で台風の位置が分かる。,위성 사진으로 태풍의 위치를 알 수 있다.
道の両側に桜の木が並んでいる。,길 양쪽에 벚나무가 늘어서 있다.
この洗剤は中性なので、デリケートな衣類も洗える。,이 세제는 중성이므로 섬세한 의류도 빨 수 있다.
祖父の通夜で、親戚が静かに焼香した。,할아버지의 통야에서 친척들이 조용히 분향했다.
今回は飲み会はパスします。,이번 술자리는 패스할게요.
彼女は鍵盤を軽やかに叩き、美しい旋律を奏でた。,그녀는 건반을 가볍게 두드려 아름다운 선율을 연주했다.
初めてでも操作は容易で、説明書を読まずに使えた。,처음이라도 조작이 쉬워 설명서를 안 읽고도 쓸 수 있었다。
年老いた両親は、今も同じ郷の小さな家に住んでいる。,나이 든 부모님은 지금도 같은 시골 마을의 작은 집에 살고 있다.
彼は守銭奴のように金を抱え込み、奴隷のように人を働かせた。,"그는 수전노처럼 돈을 끌어안고, 노예처럼 사람을 일하게 했다."
彼の講演は大いに参考になった。,그의 강연은 매우 참고가 되었다.
東国の古い伝承を調べるのが趣味だ。,동국의 오래된 전승을 조사하는 것이 취미다.
彼は契約書をしっかり把持したまま席を立った。,그는 계약서를 단단히 쥔 채로 자리에서 일어났다.
失敗を通して、自分の未熟さを悟った。,실패를 통해 자신의 미숙함을 깨달았다.
郷の空気は澄んでいて、夜には星がよく見える。,마을의 공기는 맑아서 밤에는 별이 잘 보인다.
骨の検査のために、病院で詳しい検査を受けた。,뼈 검사를 위해 병원에서 정밀 검사를 받았다.
猫が魚の骨をきれいに残している。,고양이가 생선 뼈만 깔끔하게 남겨 놓았다.
戦闘機が敵機を撃墜したと報告された。,전투기가 적기를 격추했다고 보고되었다.
その映画は、権力者の残虐な支配に苦しむ民衆の姿を容赦なく描いている。,그 영화는 권력자의 잔혹한 지배에 고통받는 민중의 모습을 가차 없이 그려낸다.
彼は最近、スマートフォンのゲーム中毒になっているようだ。,그는 최근 스마트폰 게임 중독이 된 것 같다.
部屋の明るさを少し落として映画を見た。,방의 밝기를 조금 낮추고 영화를 봤다.
彼はアナログが好きな派で、今もレコードを集めている。,그는 아날로그를 좋아하는 파라 지금도 레코드를 모은다.
生物部の生徒が顕微鏡で細胞の構造を観察している。,생물부 학생이 현미경으로 세포 구조를 관찰하고 있다.
郷の祭りの日には、みんなが通りに集まる。,마을 축제 날에는 모두가 거리로 모인다.
深呼吸すると、胸のざわつきが少し鎮静した。,깊게 숨을 쉬니 가슴의 불안이 조금 가라앉았다.
彼は若いのにスーツをきちんと仕立てて着ている。,그는 젊은데도 정장을 제대로 맞춰 입고 다닌다.
経理担当が元帳を見ながら決算書を作成している。,경리 담당자가 원장을 보면서 결산서를 작성하고 있다.
古い祠に鎮座する神像には不思議な迫力があった。,낡은 사당에 자리한 신상에는 묘한 위압감이 있었다.
茶道の家元が直々に稽古をつけてくれた。,다도 가문의 이에모토가 직접 훈련을 시켜 주었다.
背後に気配を感じて、振り向いた。,등 뒤에서 기척을 느끼고 돌아봤다.
遭難の末に墜死した可能性があると発表された。,조난 끝에 추락사했을 가능성이 있다고 발표되었다.
夜遅くに電話して、彼を煩わすつもりはなかった。,밤늦게 전화해서 그를 귀찮게 할 생각은 없었다.
深夜の運賃は割増になるので、帰りの時間に注意してね。,심야 운임은 할증되니 귀가 시간에 주의해.
そんな野蛮な言い方は、やめてください。,그런 야만적인 말투는 그만둬 주세요.
彼女は大学で中世ヨーロッパの歴史を専攻している。,그녀는 대학에서 중세 유럽 역사를 전공하고 있다.
足元が滑りやすいので、注意してください。,발밑이 미끄러우니 주의하세요.
理想と現実の違いを知って一時はすっかり幻滅した。,이상과 현실의 차이를 알고 한때는 완전히 환멸을 느꼈다.
授業の終わりを告げるチャイムが鳴った。,수업 종료를 알리는 차임벨이 울렸다.
この機械の使い方は、説明書を読んでもややこしくて分からない。,이 기계의 사용법은 설명서를 읽어도 복잡해서 모르겠다.
労組は来春の賃上げを会社に要求した。,노조는 내년 봄 임금 인상을 회사에 요구했다.
この店は、私の祖父の代から続いています。,이 가게는 제 할아버지 세대부터 이어져오고 있습니다.
砂浜に文字を書いて波に消された。,모래사장에 글자를 썼더니 파도에 지워졌다.
ナイフで指に小さな傷を作ってしまった。,칼로 손가락에 작은 상처를 내버렸다.
洗濯機が服をきれいに濯いでいる。,세탁기가 옷을 깨끗하게 헹구고 있다.
駅から空港まで直通の電車がある。,역에서 공항까지 직통 열차가 있다.
彼は静かな郷で育ち、今も田舎を愛している。,그는 조용한 시골 고장에서 자라 지금도 시골을 사랑한다.
このパズルは脳をフル回転させないと解けない。,이 퍼즐은 뇌를 풀가동하지 않으면 풀 수 없다.
山に囲まれた小さな郷には、古い神社が残っている。,산으로 둘러싸인 작은 고장에는 오래된 신사가 남아 있다.
新入生向けのオリエンテーションが行われた。,신입생을 위한 오리엔테이션이 열렸다.
氷の上で滑って、尻もちをついた。,얼음 위에서 미끄러져 엉덩방아를 찧었다.
夏はプールで水泳するのが一番だ。,여름에는 수영장에서 수영하는 것이 최고다.
監督の厳しい眼が、選手たちを引き締める。,감독의 매서운 눈이 선수들을 긴장시키고 있다.
今日のライブは本当に最高だった。,오늘 라이브 공연은 정말 최고였다.
彼は腹芸がうまく、相手の本音を引き出す。,그는 속내를 다루는 수완이 좋아 상대의 진심을 끌어낸다.
法律相談は予約制です。,법률 상담은 예약제입니다.
彼は会議で新規提案の狙いを開陳し、参加者の理解を得た。,그는 회의에서 신규 제안의 취지를 개진해 참가자의 이해를 얻었다.
二人の意見は両極にあった。,두 사람의 의견은 양극단에 있었다.
目的地の方面はこっちだと、看板に書いてある。,목적지 방향은 이쪽이라고 표지판에 적혀 있다.
凸凹な地形を活かして、遊び場を作った。,울퉁불퉁한 지형을 살려 놀이터를 만들었다.
スイッチの操作を誤って、機械を止めてしまった。,스위치 조작을 잘못해서 기계를 멈춰 버렸다.
青少年の健全な育成が重要です。,청소년의 건전한 육성이 중요합니다.
その老人は鋭い眼で私たちを見つめた。,그 노인은 날카로운 눈으로 우리를 응시했다.
疲れた眼を休めるために、少し目を閉じた。,피곤한 눈을 쉬게 하려고 잠시 눈을 감았다.
デパートの入口に季節限定の商品がきれいに陳列されている。,백화점 입구에 계절 한정 상품이 깔끔하게 진열되어 있다.
彼は金属アレルギーがあるので、金銭に余裕ができたら純金の指輪に買い替えたいと思っている。,"그는 금속 알레르기가 있어서, 금전적 여유가 생기면 순금 반지로 바꾸고 싶다고 생각하고 있다."
暗闇の中で、猫のような金色の眼が光った。,어둠 속에서 고양이 같은 금빛 눈이 번쩍 빛났다.
彼女の声には不思議な魅惑がある。,그녀의 목소리에는 신비한 매혹이 있다.
お名前呼ばれたら、「はい！」ってお返事しよう。,"이름 부르면 ""네!""하고 대답하자."
改革を進めた彼は能吏として後世に語り継がれた。,개혁을 추진한 그는 유능한 관리로 후세에 전해졌다.
部品は月末までに納入します。,부품은 월말까지 납입(납품)하겠습니다.
金持ちになりたいなら、まずお金の勉強をすべきだ。,부자가 되고 싶다면 우선 돈 공부를 해야 한다.
自分の机をきれいにしよう。,자신의 책상을 깨끗하게 하자.
テストの結果が予想以上によくて、自分でも驚きだった。,시험 결과가 예상보다 좋아서 나 스스로도 놀랐다.
給料は毎月通帳に振り込まれる。,월급은 매달 통장으로 입금된다.
危険！この中に入る勿れ。,위험! 이 안에 들어가지 마시오.
祖父は書道が趣味で、美しい字を書きます。,할아버지는 서예가 취미라서 아름다운 글씨를 쓰십니다.
子どもは絵本の竜に名前を付けて喜んだ。,아이는 그림책 속 용에 이름을 붙이며 좋아했다.
長い地下鉄の旅を終え、地上に出るとまぶしい光が差し込んだ。,긴 지하철 여행을 끝내고 지상으로 나오자 눈부신 빛이 쏟아졌다.
成人式には、多くの女性が振袖という着物を着ます。,성인식에는 많은 여성이 후리소데라는 기모노를 입습니다.
職人が一本一本丁寧に弓を作り上げている。,장인이 한 자루 한 자루 정성스럽게 활을 만들고 있다.
騒音が近所を悩ませている。,소음이 이웃을 괴롭히고 있다.
国立博物館には国宝級の文化財が展示されています。,국립박물관에는 국보급 문화재가 전시되어 있습니다.
朝露が草の葉先で光っている。,아침이슬이 풀잎 끝에서 반짝이고 있다.
苗代に水を張って田植えの準備をする。,모판(묘대)에 물을 대서 모내기 준비를 한다.
意気地なしと言われても、今日は一歩も引かなかった。,비겁하다는 말을 들어도 오늘은 한 발도 물러서지 않았다.
彼はどんな圧力にも屈することなく、正義を貫いた。,그는 어떤 압력에도 굴하지 않고 정의를 관철했다.
彼は一体何処へ消えてしまったんだ？,그는 대체 어디로 사라져 버린 거지?
彼の代表作は、今もなお不朽の名作として読み継がれている。,그의 대표작은 지금도 여전히 불후의 명작으로 읽히고 있다.
腎臓は血液をろ過して尿を作る重要な役割を持つ。,신장은 혈액을 여과하여 소변을 만드는 중요한 역할을 한다.
彼は左手で箸を持つ。,그는 왼손으로 젓가락을 쥔다.
朝の冷たい空気を大きく吸うと、すっきり目が覚めた。,아침의 차가운 공기를 크게 들이마시자 정신이 말끔히 들었다.
老朽マンションの建て替えについて、住民たちの話し合いが続いている。,노후 맨션의 재건축을 두고 주민들의 논의가 이어지고 있다.
休暇を利用して大阪城を見に行った。,휴가를 이용해 오사카 성을 보러 갔다.
彼は公私をきちんと分けて考えるタイプだ。,그는 공과 사를 철저히 구분해 생각하는 타입이다.
大会後、緊張が解けて燃え尽きた。,대회 후 긴장이 풀려 완전히 번아웃됐다.
彼は冗談交じりに、本音を少しだけ漏らした。,그는 농담을 섞어가며 속마음을 조금 털어놓았다.
楽しみにしていた祭りが、あっけなく終わってしまった。,기대했던 축제가 너무나 허무하게 끝나버렸다.
けいさつかんが まちを まもってくれる。,경찰관이 마을을 지켜준다.
しょうぼうしゃが サイレンを ならして はしっていく。,소방차가 사이렌을 울리며 달려간다.
彼は穏やかな性質の持ち主だ。,그는 온화한 성질의 소유자이다.
彼は相手の矛盾点を厳しく難詰し、謝罪を求めた。,그는 상대방의 모순점을 엄격하게 힐문(난힐)하고 사과를 요구했다.
苦労して、ようやくコンサートの最前列チケットをゲットした。,고생 끝에 드디어 콘서트 최전열 티켓을 겟했다.
噂はあっという間に町中の通りに広まった。,소문은 순식간에 온 동네 거리에 퍼졌다.
単語をひたすら書いて暗記するだけでは、応用力が身につかない。,단어를 그냥 외우기만 해서는 응용력이 길러지지 않는다.
酸い梅干しを食べて、思わず顔をしかめた。,신맛 나는 매실 장아찌를 먹고 무심코 얼굴을 찡그렸다.
古くからの風習で、初雪の日には空を見上げて一年の無事を祈る。,옛 풍습으로 첫눈 오는 날에는 하늘을 올려다보며 한 해의 무사를 빈다.
川沿いには緩やかな坂道が続き、散歩にちょうどいい。,강가에는 완만한 비탈길이 이어져 있어 산책하기에 딱 좋다.
彼は散文よりも詩のほうが心に響くと言う。,그는 산문보다 시가 더 마음에 와 닿는다고 말한다.
最近の音楽はデジタル配信が主流だ。,요즘 음악은 디지털 음원 스트리밍이 주류다.
観客の拍手が鳴りやまず、歌手はアンコールに応えて再び登場した。,관객의 박수가 멈추지 않아 가수가 앙코르에 응해 다시 등장했다.
濃い霧の中、街灯だけがぼんやりと道を照らしていた。,짙은 안개 속에서 가로등만이 희미하게 길을 비추고 있었다.
彼は事故で親友を亡くした。,그는 사고로 절친을 잃었다.
扉を開けた瞬間、冷たい風が廊下を抜けていった。,문을 여는 순간 차가운 바람이 복도를 지나갔다.
この溶剤は可燃性なので火気厳禁だ。,이 용제는 가연성이어서 화기 엄금이다.
交渉で最後まで粘った。,협상에서 끝까지 버텼다(끈질기게 밀었다).
新しい店の開店祝いに花輪が飾られていた。,새로운 가게의 개업 축하 화환이 장식되어 있었다.
燃料が切れて車が止まった。,연료가 떨어져 차가 멈췄다.
築地市場は新鮮な水産物で有名だ。,츠키지 시장은 신선한 수산물로 유명하다.
二人の婚約が正式に発表された。,두 사람의 약혼이 정식으로 발표되었다.
しんごうが あかに なったから とまろう。,신호등이 빨간불이 됐으니까 멈추자.
夏の夜、虫の音を聞きながら行灯の明かりで団らんするのが昔の風景だ。,"여름 밤, 벌레 소리를 들으며 행등 불빛 아래 담소 나누는 것이 옛 풍경이다."
山里では今も手作りの正月飾りをみんなで作る。,산골 마을에서는 지금도 손수 새해 장식을 모두 함께 만든다.
門扉の鍵が壊れていて、配達員が何度も呼び鈴を押していた。,대문(문짝) 자물쇠가 고장 나서 배달원이 여러 번 초인종을 눌렀다.
二人乗りで自転車がやっと通れるくらいの細道だ。,두 사람이 탄 자전거가 겨우 지나갈 수 있을 정도의 좁은 길이다.
そのドラマは視聴者から好評を博している。,그 드라마는 시청자들에게 호평을 받고 있다.
彼は休日でも独りで静かに過ごすのが好きだ。,그는 휴일에도 혼자 조용히 보내는 것을 좋아한다.
その少女は森の中で一人で歌っていた。,그 소녀는 숲 속에서 혼자 노래하고 있었다.
午後の会議は本当に眠い。,오후 회의는 정말 졸리다.
失敗を恐れて卑屈になると、声が小さくなる。,실패를 두려워해 비굴해지면 목소리가 작아진다.
彼らは今、新しい映画を制作中だ。,그들은 지금 새로운 영화를 제작 중이다.
旅費を捻出するため残業した。,여행비를 마련하려고 야근했다.
新婚の蜜月で、二人は北欧を巡った。,신혼여행으로 두 사람은 북유럽을 여행했다.
地域の民俗資料館で、昔の農具や生活道具を見学した。,지역 민속자료관에서 옛 농기구와 생활 도구를 견학했다.
一日の終わりにお風呂に入ってリラックスする。,하루의 끝에 목욕을 하며 릴랙스한다.
この道路には速度制限があります。,이 도로에는 속도 제한이 있습니다.
データには温暖化の影響が顕著に表れている。,데이터에는 온난화의 영향이 현저하게 나타나 있다.
カエルの皮膚は粘液で覆われている。,개구리 피부는 점액으로 덮여 있다.
出かける前に、ドアの鍵を閉めたか確認する。,외출하기 전에 문을 잠갔는지 확인한다.
茅葺き屋根の古民家に泊まり、昔の暮らしを体験した。,초가지붕 고택에 묵으며 옛 생활을 체험했다.
お彼岸には家族で墓参りをし、先祖に花と線香を供えた。,추분·춘분에는 가족과 함께 성묘를 가 조상에게 꽃과 향을 올렸다.
この本はジャンルを問わず幅広く取り上げている。,이 책은 장르를 가리지 않고 폭넓게 다루고 있다.
大切な友人を事故で亡くして、しばらく立ち直れなかった。,소중한 친구를 사고로 잃고 한동안 극복하지 못했다.
面白い絵本を読んであげるね。,재미있는 그림책을 읽어줄게.
ご要望、確かに承りました。,"고객님의 요청, 분명히 접수했습니다."
戦国時代の諸侯は、それぞれ独自の法律を敷いていた。,전국시대의 제후들은 각각 독자적인 법을 시행하고 있었다.
会議で図表を使って説明した。,회의에서 도표를 사용해 설명했다.
子どものころは、暗い廊下にお化けがいるような気がして怖かった。,어렸을 때는 어두운 복도에 유령이 있는 것 같아 무서웠다.
他人の失敗を許せないのは、狭量な心の表れだ。,남의 실수를 용서하지 못하는 것은 편협한 마음의 표현이다.
その店は終日混み合っていた。,그 가게는 종일 붐비고 있었다.
悪天候で登頂を断念した。,악천후로 정상 등정을 포기했다.
盆栽を手入れすることは、日本の美意識を体現する趣味とされている。,분재를 손질하는 것은 일본의 미의식을 체현하는 취미로 여겨진다.
成人式の日には、振袖姿の若者たちが神社に集まった。,성인식 날에는 후리소데 차림의 젊은이들이 신사에 모였다.
彼は大学院で修士を取得した。,그는 대학원에서 석사 학위를 받았다.
卒業式で感動的なスピーチをした。,졸업식에서 감동적인 연설을 했다.
大きなスピーカーから音楽が流れている。,큰 스피커에서 음악이 흘러나오고 있다.
この番組は一時間のアワー枠で放送されている。,이 프로그램은 1시간 아워 편성으로 방송된다.
尾根づたいに歩くと、雲の上に出たような景色だった。,능선을 따라 걷자 구름 위에 나온 듯한 풍경이었다.
棚の高さを測ったら、ちょうど80センチだった。,"선반의 높이를 쟀더니, 딱 80센티미터였다."
彼はあえて辺境の支社勤務に志願した。,그는 일부러 변방 지사 근무를 자원했다.
議事録は正副二人で確認してから、共有する。,회의록은 정·부 두 사람이 확인한 뒤 공유한다.
予算の数字を部長と調整してから提出します。,예산 수치를 부장과 조정한 뒤 제출합니다.
犯人の痕跡は現場からほとんど消されていた。,범인의 흔적은 현장에서 거의 지워져 있었다.
霧深い幽谷の静けさの中で、かすかな水音だけが聞こえていた。,"안개 짙은 그윽한 골짜기의 고요 속에서, 희미한 물소리만이 들려왔다."
熱湯を注ぐと急須が割れた。,끓는 물(열탕)을 붓자 주전자가 깨졌다.
テーブルを雑巾できれいに拭いた。,테이블을 걸레로 깨끗하게 닦았다.
雪国では今でもかんじきを履いて山に入る習慣が残っている。,설국에서는 지금도 설가죽신을 신고 산에 들어가는 습관이 남아 있다.
冬になると、こたつに入りみかんを食べるのが当たり前の光景だ。,겨울이 되면 코타쓰에 들어가 귤을 먹는 모습이 흔하다.
大晦日に除夜の鐘を聞きながら一年を振り返った。,제야에 제야의 종소리를 들으며 한 해를 되돌아보았다.
雨に恵まれ、今年は豊年だ。,비가 잘 와서 올해는 풍년이다.
祖母の墓前に白い菊を供えた。,할머니의 묘 앞에 흰 국화를 올렸다.
そのサイトでの映画の無断ダウンロードは違法とみなされている。,그 사이트에서 영화를 무단 다운로드하는 것은 위법으로 간주된다.
この映画は90年代の空気を残している。,이 영화는 90년대의 분위기를 남기고 있다.
この塔は町のシンボルとして市民に親しまれている。,이 탑은 도시의 상징으로 시민들에게 사랑받고 있다.
貞操を守るという言葉の重さを考えた。,정조를 지킨다는 말의 무게를 생각했다。
信頼を一度失えば、回復は容易ならざるどころか、ほとんど取り返し難い。,신뢰를 한 번 잃으면 회복은 결코 쉽지 않을 뿐 아니라 거의 되찾기 어렵다.
今月の総売上は目標を達成した。,이달의 총매출은 목표를 달성했다.
現場の声が上に届かない組織は、やがて社会の信頼も失うだろう。,현장의 목소리가 윗선에 닿지 않는 조직은 결국 사회의 신뢰도 잃게 될 것이다.
久々に芝居を観て、涙が止まらなかった。,오랜만에 연극을 보고 눈물이 멈추지 않았다.
優柔不断で、メニューを前に十分も迷ってしまった。,우유부단해서 메뉴 앞에서 10분이나 망설였다.
文化財を収める館には、災害に備えた堅牢な設備が求められる。,문화재를 보관하는 관에는 재해에 대비한 견고한 설비가 요구된다.
潜伏していた容疑者が、駅前で身柄を確保された。,잠복해 있던 용의자가 역 앞에서 신병이 확보됐다.
桑の葉の上で白い繭がいくつも光っている。,뽕잎 위에 하얀 고치들이 여럿 반짝이고 있다.
この地域は一年を通して温暖な気候だ。,이 지역은 1년 내내 온난한 기후다.
山奥で銃砲の音がして、皆が身を伏せた。,산속에서 총포 소리가 나서 모두가 몸을 낮췄다.
祖母は囲炉裏のそばで昔話や民話を聞かせてくれた。,할머니는 이로리 곁에서 옛날이야기와 민화를 들려주었다.
沼沢に霧が立ちこめ、鳥の声だけが響いた。,늪지에 안개가 자욱하고 새소리만 울렸다.
最近、観光客の数が急速に増加している。,최근 관광객 수가 급속히 증가하고 있다.
彼は勢いよく手紙をポストに突き込んだ。,그는 편지를 우체통에 힘주어 쑤셔 넣었다.
貞淑な人だと周りから評判だ。,정숙한 사람이라고 주위에서 평판이 있다。
老舗の料亭で会食した。,노포 료테이에서 회식을 했다。
寝る前に絵本を読んであげるのが日課です。,자기 전에 그림책을 읽어주는 것이 하루 일과입니다.
疲れているときほど、優しい言葉が身に染みる。,지칠 때일수록 다정한 말이 마음에 깊이 와닿는다.
昨日のサッカーマッチは最後まで目が離せなかった。,어제 축구 경기는 끝까지 눈을 뗄 수 없었다.
彼は毎朝きちんと髭を剃る。,그는 매일 아침 꼼꼼하게 수염을 면도한다.
地盤が弱い地域では地震の被害が大きくなりやすい。,지반이 약한 지역에서는 지진 피해가 커지기 쉽다.
古くなった剃刀はすぐに交換したほうが安全だ。,오래된 면도날은 바로 교체하는 편이 안전하다.
彼は健康のために、きっぱりと酒を断つことを決意した。,그는 건강을 위해 단호하게 술을 끊기로 결심했다.
其方はこの件をどう受け止めておるのだ。,그대는 이 일을 어떻게 받아들이고 있는가.
「おい、ちょっと待てよ！」と彼は友人を呼び止めた。,"“야, 잠깐만!” 하고 그는 친구를 불러 세웠다."
カーテンで部屋を二つに隔てて使っている。,커튼으로 방을 둘로 나누어 사용하고 있다.
祖母は私の臍の緒を今も大切にしまっている。,할머니는 지금도 내 탯줄을 소중히 간직하고 계신다.
うちの子は少しやんちゃで、いつも元気に走り回っている。,우리 아이는 조금 장난꾸러기라서 항상 힘차게 뛰어다닌다.
何を言っても「イヤ！」と答えるイヤイヤ期に突入した。,"무슨 말을 해도 ""싫어!""라고 대답하는 '싫어싫어 시기'에 돌입했다."
彼は組長として、地区の揉め事を収めた。,그는 두목으로서 구역의 분쟁을 수습했다.
社会から疎外されていると感じる夜がある。,사회로부터 소외됐다고 느끼는 밤이 있다.
あの人には魂胆がありそうで、簡単には信用できない。,그 사람은 꿍꿍이가 있는 것 같아서 쉽게 믿을 수 없다.
新製品のマーケティング戦略を立てる。,신제품 마케팅 전략을 세운다.
郊外の静かな邸宅で週末を過ごした。,교외의 조용한 저택에서 주말을 보냈다。
邸内は撮影禁止です。,저택 내부는 촬영 금지입니다。
亭主が手際よく料理を運んでくれた。,주인이 능숙하게 요리를 날라 주었다。
寒い夜はコンビニのおでんが食べたくなる。,추운 밤에는 편의점 오뎅이 먹고 싶어진다.
夕飯を作りすぎて余ったので、明日は弁当に回した。,저녁을 너무 많이 만들어 남아서 내일은 도시락으로 돌렸다.
犯人の名前が容疑者として挙がっている。,범인의 이름이 용의자로 거론되고 있다.
この飛行機は旅客と貨物の両方を運ぶ。,이 비행기는 여객과 화물 양쪽을 운반한다.
彼は留学生として来日して十年になる。,그는 유학생으로 일본에 온 지 십 년이 된다.
一生懸命走ったが、先頭のランナーには追い付けなかった。,열심히 달렸지만 선두 주자를 따라잡지 못했다.
大抵のことは経験で乗り越えられる。,대개의 일은 경험으로 극복할 수 있다。
今日は春らしい穏やかな陽気だ。,오늘은 봄다운 온화한 날씨다.
助けてもらった礼を言う。,도움받은 것에 대한 감사를 표하다.
複数の国が連合して問題にあたる。,여러 나라가 연합하여 문제에 대처한다.
封筒の宛名には「株式会社山田商事御中」と書いた。,봉투의 수신란에는 ‘주식회사 야마다상사 귀중’이라고 적었다.
会議では保守派と改革派の意見が激しく対立した。,회의에서는 보수파와 개혁파의 의견이 격렬히 대립했다.
秋は紅葉がとてもきれいだ。,가을은 단풍이 아주 예쁘다.
彼は辛い料理をあまり好まない。,그는 매운 음식을 그다지 좋아하지 않는다.
朝食に温かい牛乳を飲むと、少し元気が出る気がする。,아침 식사로 따뜻한 우유를 마시면 조금 기운이 나는 것 같다.
朝、鏡の前で髪型を整える。,아침에 거울 앞에서 머리 모양을 다듬는다.
空港で旅券を提示してください。,공항에서 여권을 제시해 주십시오.
うれしいやら恥ずかしいやら、複雑な気持ちだった。,"기쁘기도 하고 부끄럽기도 하고, 복잡한 기분이었다."
慢性的な疲労が続き、集中できない。,만성 피로가 계속돼 집중할 수 없다.
そんな噂を広められるなんて、生き恥だ。,그런 소문을 퍼뜨려지다니 평생의 수치다.
彼は社長に忠勤を尽くし、陰で会社を支え続けた。,그는 사장에게 근면한 충성을 다해 뒤에서 회사를 계속 떠받쳤다.
開場してすぐに席が人で埋まった。,개장하자마자 좌석이 사람들로 가득 찼다.
風が強くて、帽子が飛んでしまった。,바람이 강해서 모자가 날아가 버렸다.
旅行先でレンタカーを借りた。,여행지에서 렌터카를 빌렸다.
会議時間を30分に縮小しましょう。,회의 시간을 30분으로 줄입시다。
世界的な金融恐慌のニュースに、市場は大きく動揺した。,세계적인 금융 공황 뉴스에 시장이 크게 동요했다.
あの連中とは関わらない方がいい。,저 패거리(녀석들)와는 엮이지 않는 편이 좋다.
このプロジェクトの成果は、来月の決算発表で明らかになるだろう。,이 프로젝트의 성과는 다음 달 결산 발표에서 드러날 것이다.
お湯が沸くのを待つ。,물이 끓기를 기다린다.
庭に小さな穴を掘って花を植えた。,정원에 작은 구멍을 파고 꽃을 심었다.
巨大なクレーンがビルの建設現場でゆっくりと動いている。,거대한 크레인이 빌딩 공사 현장에서 천천히 움직이고 있다.
急に発作が起きて救急車で運ばれた。,갑자기 발작이 일어나 구급차로 실려 갔다.
社会の秩序を乱す行為は許されない。,사회 질서를 어지럽히는 행위는 용납될 수 없다.
作家は自伝の中で波乱に満ちた青春時代を回顧している。,작가는 자서전에서 파란만장했던 청춘 시절을 회고하고 있다.
お供えの菓子をきれいに盛りつけて仏壇に置いた。,공양 과자를 예쁘게 담아 불단에 올려두었다.
彼はついにサッカーチームのレギュラーになった。,그는 드디어 축구팀의 레귤러(주전)가 되었다.
小さな花が咲いている。,작은 꽃이 피어 있다.
父は家の大黒柱として、黙って働き続けた。,아버지는 집의 기둥으로서 말없이 계속 일했다.
彼女は恭しい態度で来賓を出迎えた。,그녀는 공손한 태도로 귀빈을 맞이했다.
支払いの猶予を銀行に申し込んだ。,지불 유예를 은행에 신청했다.
新しい制度を柔軟に取り入れる必要がある。,새 제도를 유연하게 받아들일 필요가 있다.
雑誌に新製品の宣伝が載っていた。,잡지에 신제품 광고가 실려 있었다.
海外でのボランティア経験が今の仕事にも生きている。,해외 봉사 경험이 지금의 일에도 도움이 되고 있다.
イラストの線をなぞるだけで、誰でも簡単に絵が描けるキットだ。,일러스트 선을 따라 그리기만 하면 누구나 쉽게 그림을 그릴 수 있는 키트다.
会場には数百人が集まり、拍手が起きた。,회장에는 수백 명이 모여 박수가 터졌다.
信頼関係は組織運営の根幹を成す。,신뢰 관계는 조직 운영의 근간을 이룬다.
燕の群れが川の上を低く飛び交っている。,제비 떼가 강 위를 낮게 날아다니고 있다.
雨水が溜まって川の流れが淀んでしまった。,빗물이 고여 강물의 흐름이 정체되어 버렸다.
楽しい時間はあっという間に過ぎてしまう。,즐거운 시간은 눈 깜짝할 사이에 지나가 버린다.
眼鏡を拭いたら、景色がくっきり戻った。,안경을 닦으니 풍경이 선명하게 돌아왔다。
進路について先生に相談に乗ってもらった。,진로에 대해 선생님께 상담을 받았다.
試合は僅差でホームチームが勝利した。,경기는 근소한 차이로 홈팀이 승리했다.
これは幾らでしたか。,이거 얼마였어요?
推理小説の中で、被害者は密室で絞殺されていた。,추리 소설 속에서 피해자는 밀실에서 교살된 상태로 발견되었다.
これが現状での最良の選択だ。,이것이 현 상황에서 최선의 선택이다.
この仕事は高い集中力と責任感を要する。,이 일은 높은 집중력과 책임감을 필요로 한다.
彼の家は駅を出て直に右に曲がったところにある。,그의 집은 역을 나와 곧바로 오른쪽으로 돈 곳에 있다.
祖父の書には、端に小さな落款が押してあった。,할아버지의 서예 작품에는 모서리에 작은 낙관이 찍혀 있었다.
ツヨシ君、今日の宿題は終わった？,"츠요시 군, 오늘 숙제는 끝났어?"
彼の実力は到底私には及ばない。,그의 실력은 도저히 나로서는 미치지 못한다。
青い空を白い鳥が大きな弧を描いて翔っていく。,푸른 하늘을 하얀 새가 큰 활 모양을 그리며 날아간다.
不祥事の責任を取り、彼は自宅で謹慎している。,불상사의 책임을 지고 그는 자택에서 근신하고 있다.
過去への執着を手放した瞬間、気持ちが軽くなった。,과거에 대한 집착을 내려놓는 순간 마음이 가벼워졌다.
箱の中に手紙が一通だけ残っていた。,상자 안에 편지 한 통만 남아 있었다.
瓶の底に砂がたまっている。,병 바닥에 모래가 쌓여 있다。
私たちは同い年だと分かって一気に仲良くなった。,우리가 동갑이라는 걸 알고 단번에 친해졌다.
この地点の経度と緯度を地図で確認する。,이 지점의 경도와 위도를 지도에서 확인한다.
一時間以内に戻ってきてください。,한 시간 이내로 돌아오세요.
船の後ろに大きな渦ができていた。,배 뒤쪽에 큰 소용돌이가 생겨 있었다.
一定の条件を満たす学生は、授業料の一部が免除される。,일정 조건을 충족하는 학생은 수업료의 일부가 면제된다.
時間の感覚がなくなるほど仕事に没頭していた。,시간 감각이 사라질 정도로 일에 몰두하고 있었다.
来年度の予算案について、部長が説明した。,내년도 예산안에 대해 부장이 설명했다.
最近あの二人、仲が悪いって噂だよ。,요즘 그 둘 사이가 나쁘다는 소문이야.
彼の振る舞いは新人にとって模範だ。,그의 처신은 신입에게 모범이다.
独房に入れられた男は、壁の傷を数えていた。,독방에 갇힌 남자는 벽의 흠집을 세고 있었다.
親の苦労を思うと、簡単には愚痴をこぼせない。,부모의 고생을 떠올리면 쉽게 불평을 할 수 없다.
曇天が続いて、洗濯物がなかなか乾かない。,흐린 날씨가 계속되어 빨래가 좀처럼 마르지 않는다.
仕事帰りに、電車を降りて知らない駅でぶらり途中下車をした。,"퇴근길에 전철에서 내려, 처음 가 보는 역에서 무작정 내려 보았다."
市長は住民からの要請を受けて、説明会を開くことにした。,시장은 주민들의 요청을 받아 설명회를 열기로 했다.
彼ならうまくやってくれるという直感があった。,그는 잘 해낼 것이라는 직감이 있었다.
角の本屋で新刊の小説を買った。,모퉁이에 있는 책방에서 새로 나온 소설을 샀다.
穴を土で埋める作業を手伝った。,구멍을 흙으로 메우는 일을 도왔다.
最近忙しくて、ペットの犬にゆっくり構ってやる時間がない。,요즘 바빠서 반려견을 충분히 챙겨 줄 시간이 없다.
戦国時代の足軽は、重い鎧を着けずに素早く動いた。,전국시대의 졸병들은 무거운 갑옷을 입지 않고 재빠르게 움직였다.
彼女の笑顔を形容する言葉が見つからない。,그녀의 미소를 형용할 말이 떠오르지 않는다.
彼の目論見は外れて、思ったほどの利益は出なかった。,그의 모의는 빗나가 기대만큼의 이익은 나오지 않았다.
この地域は林業が盛んだ。,이 지역은 임업이 활발하다.
規則を定めるのは簡単だが、守らせるのは難しい。,규칙을 정하는 것은 쉽지만 지키게 하는 것은 어렵다。
侮りが敗北を呼ぶ。,방심(얕봄)이 패배를 부른다.
寝る前に、お父さんが絵本を読む。,자기 전에 아빠가 그림책을 읽어 주신다.
これは長編の抄訳版なので読みやすい。,이것은 장편의 발췌 번역판이라 읽기 쉽다。
この薬はとても苦いが、よく効くらしい。,이 약은 아주 쓰지만 효과가 좋다고 한다.
理科の授業で火山の模型を作った。,과학 수업에서 화산 모형을 만들었다.
休日の午後、目的もなく街をぶらり歩いた。,휴일 오후에 아무 목적도 없이 거리를 어슬렁거리며 걸었다.
小心から、その質問をする勇気が出なかった。,소심한 탓에 그 질문을 할 용기가 나지 않았다.
次の駅で下車して乗り換えてください。,다음 역에서 하차해서 갈아타 주세요.
彼は恐らく来ないだろう。,그는 아마 오지 않을 것이다.
じてんしゃに のるのが じょうずに なった。,자전거를 타는 것이 능숙해졌다.
鍋に蓋をして弱火で煮込む。,냄비에 뚜껑을 덮고 약불에 끓인다.
彼は部下共と共に、遅くまで残業していた。,그는 부하들과 함께 늦게까지 야근하고 있었다.
地域との関わりを大切にする企業が増えている。,지역과의 관계를 소중히 하는 기업이 늘고 있다.
どんなに時間がかかっても、このプロジェクトだけは必ず遣り遂げるつもりだ。,아무리 시간이 걸려도 이 프로젝트만큼은 반드시 해내겠다고 생각하고 있다.
金融危機のニュースが世界を駆け巡った。,금융 위기 뉴스가 전 세계를 휩쓸었다.
彼は粘土で立体作品を作った。,그는 점토로 입체 작품을 만들었다.
この勝負、彼の勝ちは必定だ。,"이 승부, 그의 승리는 필정(틀림없다)이다。"
市民の生活に関わる重要な決定がなされた。,시민의 생활에 관련된 중요한 결정이 내려졌다.
犯人は覆面をかぶって店に押し入った。,범인은 복면을 쓰고 가게에 침입했다.
彼は権柄ずくで部下を黙らせ、職場の空気が冷えた。,그는 권세를 내세워 부하를 침묵시키고 직장 분위기가 싸늘해졌다.
この機器には専用のケーブルが付属している。,이 기기에는 전용 케이블이 부속되어 있다.
この店はヤング向けのカジュアルなファッションが中心だ。,이 가게는 영(Young) 세대를 위한 캐주얼 패션이 중심이다.
私たちは喜びも悲しみも共に分かち合って生きていきたい。,우리는 기쁨도 슬픔도 함께 나누며 살아가고 싶다.
古い家なので、水道の管がさびついている。,오래된 집이라 수도관이 녹슬어 있다.
彼はあまりにも小心で、自分の意見を口に出せない。,그는 너무 소심해서 자기 의견을 입 밖에 내지 못한다.
彼の話は少しくどく感じられた。,그의 이야기는 좀 장황하게 느껴졌다.
あの時助けられなかったことが今も悔の種だ。,그때 도와주지 못한 것이 지금도 한으로 남아 있다.
霧が晴れると、巨大な彗星の尾が消滅していた。,안개가 걷히자 거대한 혜성의 꼬리가 소멸해 있었다.
これは二人だけの秘密にしよう。,이건 우리 둘만의 비밀로 하자.
安全規則を遵守してください。,안전 규칙을 준수해 주세요.
会議では、改革派と保守派の意見が真っ向からぶつかった。,회의에서는 개혁파와 보수파의 의견이 정면으로 충돌했다.
裁判所に提出するため、郵券を買いそろえた。,법원에 제출하려고 우표(우권)를 사서 갖췄다.
この曲のテンポをもう少し遅くして演奏しよう。,이 곡의 템포를 조금 더 느리게 연주하자.
彼は幾何学の証明問題を解くのが得意だ。,그는 기하학 증명 문제를 푸는 데 능하다.
冬になると、石焼き芋屋さんの甘い匂いが恋しくなる。,겨울이 되면 군고구마 장수의 달콤한 냄새가 그리워진다.
夕方には大降りになり、道路が川のようになった。,저녁 무렵에는 비가 퍼붓기 시작해 도로가 강처럼 변했다.
運動すると血液の循環が良くなる。,운동하면 혈액 순환이 좋아진다.
矢を放つタイミングを待った。,화살을 쏠 타이밍을 기다렸다.
生活が安定してきて、心に余裕ができた。,생활이 안정되어 마음에 여유가 생겼다。
三が日に家族で明治神宮へ初詣に行った。,정초 사흘 동안 가족과 함께 메이지 신궁에 첫 참배를 다녀왔다.
西の空に夕日が沈む。,서쪽 하늘로 석양이 진다.
若者の自由な発想を貴ぶべきだ。,젊은이들의 자유로운 발상을 귀하게 여겨야 한다.
失敗の原因は枚挙にいとまがない。,실패 원인은 일일이 열거할 틈이 없을 정도로 많다.
娘が新しい学校の制服を着て喜んでいる。,딸이 새 학교의 교복을 입고 기뻐하고 있다.
被災した住民は、その夜の恐怖を静かに語った。,재해를 겪은 주민은 그 밤의 공포를 조용히 이야기했다.
夜になって風雨が急に強まり、外を歩く人の姿が消えた。,"밤이 되자 비바람이 갑자기 거세져서, 밖을 걷는 사람의 모습이 사라졌다."
川辺で蛍が放つ、幻想的な光に見とれた。,냇가에서 반딧불이가 내뿜는 환상적인 빛에 넋을 잃고 바라보았다.
熱が低まってきたので、少し楽になった。,열이 내려가서 조금 나아졌다。
彼は知的な好奇心が非常に強い人だ。,그는 지적인 호기심이 매우 강한 사람이다.
川は村の中を緩やかに流れていた。,강은 마을을 가로질러 완만하게 흐르고 있었다.
車を安全に乗るために定期的な整備が必要だ。,차를 안전하게 타기 위해 정기적인 정비가 필요하다.
人気商品のため、本日は売り切れとなりました。,인기 상품이라 오늘은 품절되었습니다.
港では伝馬船が忙しく行き来していた。,항구에서는 작은 연락선이 분주히 오갔다.
義弟が引っ越しを手伝ってくれた。,처남/매제(의제)가 이사를 도와줬다。
彼は身長の低さを気にしている。,그는 키가 작은 것을 신경 쓰고 있다。
水の中でもがきながら、必死に岸へ向かって泳いだ。,물속에서 버둥대며 필사적으로 강가를 향해 헤엄쳤다.
私ですか？見ての通り、ただの通りすがりの者です。,"저 말입니까? 보시다시피, 그저 지나가던 사람입니다."
彼女は現代芸術に強い関心を持っていて、美術館によく通う。,그녀는 현대 예술에 큰 관심이 있어 미술관에 자주 간다.
明日の授業のために予習する。,내일 수업을 위해 예습한다.
彼は芸能ニュースばかり見ていて、勉強をさぼっている。,그는 연예 뉴스만 보느라 공부를 게을리하고 있다.
この地域は治安が良く、家族連れに人気だ。,이 지역은 치안이 좋아서 가족 단위에게 인기다.
万一に備え、避難経路を確認しておこう。,만일에 대비해 대피 경로를 확인해 두자.
その頃の話、もっと聞かせてください。,"그 시절 이야기, 더 들려주세요."
砂漠の日差しは想像以上に強烈だった。,사막의 햇빛은 상상 이상으로 강렬했다.
蚊に刺された腕がずっと痒い。,모기에 물린 팔이 계속 가렵다.
珍しさにつられて買ったけど、結局使わなかった。,희소함에 끌려 샀지만 결국 쓰지 않았다.
この町には珍しい形の石があって、観光客に人気だ。,이 마을에는 드문 형태의 돌이 있어 관광객에게 인기다.
もう少し音を低いままにしてくれる？,조금만 더 소리를 낮은 채로 해줄래?
故郷の母から久しぶりに便りが届いた。,고향의 어머니로부터 오랜만에 소식이 도착했다.
彼の説明は丁寧だけど、例えが珍妙で逆に混乱した。,그의 설명은 정성스럽지만 비유가 기묘해서 오히려 혼란스러웠다.
夜中に階下でガタッと物音がした。,한밤중에 아래층에서 쿵 하는 소리가 났다.
祖父は古いタイプライターを大切に使っていた。,할아버지는 오래된 타자기를 소중히 사용하셨다.
彼は景気悪化を危惧して投資を控えた。,그는 경기 악화를 우려하여 투자를 자제했다.
港に沈めるブイの位置を、地図で確認した。,항구에 가라앉혀 둘 부이의 위치를 지도에서 확인했다.
同僚に内緒で上司にだけアピールするのは抜け駆けだ。,동료에게 비밀로 하고 상사에게만 어필하는 건 선수 치기다.
急な欠席の穴埋めで私が司会をした。,갑작스런 결석을 메우려고 내가 사회를 봤다.
彼女は彼から赤いバラの束を受け取った。,그녀는 그에게서 빨간 장미 꽃다발을 받았다.
留学生たちは、温かい拍手で歓迎された。,유학생들은 따뜻한 박수 속에 환영을 받았다.
古い本のページが年月とともに黄ばんでいる。,오래된 책의 페이지가 세월이 지나며 누렇게 변색되었다.
証拠品を水に沈めるなんて、やってはいけない。,증거물을 물에 가라앉히는 건 해서는 안 된다.
緊張のあまり、スピーチの前に口が渇いてしまった。,"너무 긴장한 나머지, 연설을 앞두고 입이 바짝 말라 버렸다."
寺の境内では、朝から観光客が写真を撮っていた。,절의 경내에서는 아침부터 관광객들이 사진을 찍고 있었다.
雪崩の危険があるため、このルートは閉鎖中です。,눈사태 위험이 있어 이 구간은 통제 중입니다.
原材料の騰貴が企業の収益を圧迫している。,원자재의 등귀가 기업 수익을 압박하고 있다.
週末はヨットに乗って海に出る。,주말에는 요트를 타고 바다에 나간다.
ご返却の際、給油レシートを確認させていただきますので、捨てずにお持ちください。,반납 시 주유 영수증을 확인하니 버리지 말고 가져와 주세요.
故あって詳細は話せないが、決して悪い話ではない。,어떤 연유가 있어 자세한 이야기는 못 하지만 결코 나쁜 이야기는 아니다.
その発言だけ切り取ると誤解されやすいので、文脈も読むべきだ。,"그 발언만 잘라내면 오해받기 쉬우니, 문맥도 읽어야 한다."
学生たり得る者は、まず勉学に励むべきだ。,학생일 수 있는 자는 우선 학업에 힘써야 한다.
否、私はその提案には賛成できません。,"아니, 저는 그 제안에 찬성할 수 없습니다."
景気の浮き沈みに左右されない仕組みを作りたい。,경기 변동에 흔들리지 않는 구조를 만들고 싶다.
採用の適否は、面接と課題で総合的に判断する。,채용의 적부는 면접과 과제로 종합 판단한다.
このバッグは仕事と旅行の兼用で使えて便利だ。,이 가방은 일과 여행 겸용으로 쓸 수 있어 편리하다.
会議は予定どおりオンラインで行う。,회의는 예정대로 온라인으로 진행한다.
一度は直に会って、お礼を言いたい。,한 번은 직접 만나서 감사 인사를 전하고 싶다.
財布の遺失届を出すために交番へ向かった。,지갑 분실 신고를 하기 위해 파출소로 향했다.
御礼の気持ちを込めて贈り物を用意した。,감사의 마음을 담아 선물을 준비했다.
毎晩、寝る前に日記を書いています。,"매일 밤, 자기 전에 일기를 쓰고 있습니다."
小さな願いでも、口に出して言えばきっと誰かが助けてくれる。,작은 소원이라도 입 밖으로 내면 분명 누군가는 도와줄 것이다.
黒い猫が塀の上を歩いている。,검은 고양이가 담벼락 위를 걷고 있다.
おばあさんが、優しい笑顔で迎えてくれた。,할머니가 상냥한 미소로 맞이해 주셨다.
開発の進捗を共有して、次の課題を洗い出そう。,개발 진척을 공유하고 다음 과제를 도출하자.
警察庁長官が、記者会見で事件の概要を説明した。,경찰청 장관이 기자회견에서 사건의 개요를 설명했다.
休み時間に友達と話す。,쉬는 시간에 친구와 이야기한다.
核兵器の廃絶を求める声が世界中で高まっている。,핵무기 폐기를 요구하는 목소리가 전 세계에서 높아지고 있다.
今年の冬は寒さが特に厳しい。,올해 겨울은 추위가 유난히 혹독하다。
父は毎朝、朝刊に目を通すのを日課にしている。,아버지는 매일 아침 조간신문을 훑어보는 것을 일과로 하고 있다.
この湖は都市の重要な水源になっている。,이 호수는 도시의 중요한 수원이다。
詔勅が発せられ、都はざわめいたという。,조칙이 반포되어 수도가 술렁였다고 한다.
冬は皮膚が乾燥しやすい。,겨울에는 피부가 건조해지기 쉽다.
結婚式の儀式は厳かな雰囲気で進んだ。,결혼식의 의식은 엄숙한 분위기 속에서 진행되었다.
自分の部屋をきれいに掃除した。,내 방을 깨끗하게 청소했다.
伯母は毎年お正月に手紙を送ってくれる。,고모 또는 이모는 매년 정월에 편지를 보내 준다.
りんごが一つあります。,사과가 하나 있습니다.
庭に咲いた朝顔を観察する。,뜰에 핀 나팔꽃을 관찰한다.
彼は若いのにとても有能で、難しい案件も次々と片づけていく。,그는 젊지만 매우 유능해서 어려운 안건도 잇따라 해결해 나간다.
歴史の授業で勅語の背景を学んだ。,역사 수업에서 칙어의 배경을 배웠다.
一部の人だけが享受している特権を見直すべきだ。,일부 사람만 누리는 특권을 재검토해야 한다.
文章の巧拙よりも、まずは自分の言葉で正直に書くことが大切だ。,글의 잘씀과 서툼보다 먼저 자신의 말로 솔직하게 쓰는 것이 중요하다.
冗談の裏に卑しさが見えて、笑えなかった。,농담 뒤에 비열함이 보여 웃을 수 없었다.
隣のビルで火災が発生し、周囲一帯에避難指示が出た。,옆 건물에서 화재가 발생해 주변 일대에 대피 지시가 내려졌다.
式典に勅使が到着し、場の空気が一段と引き締まった。,식전에 칙사가 도착하자 분위기가 한층 엄숙해졌다.
崩れかけた坑道の中を慎重に進んだ。,무너져 가는 갱도 안을 조심스럽게 나아갔다.
週末は美術館で新しい展示を鑑賞した。,주말에 미술관에서 새로운 전시를 감상했다.
鳥が低く飛ぶ日は、雨が近いらしい。,새가 낮게 날면 비가 가깝다더라.
人は失敗から多くを学ぶと言われている。,사람은 실패에서 많은 것을 배운다고 한다.
私たちの間には暗黙のルールがあった。,우리 사이에는 암묵적인 규칙이 있었다.
このお寺はとても古いです。,이 절은 매우 오래되었습니다.
雨は直に止むから、もう少しここで待とう。,비는 곧 그칠 테니까 조금만 더 여기서 기다리자.
正直に言うと、その提案にはまだ不安がある。,솔직히 말하면 그 제안에는 아직 불안이 있다.
会議は直に始まるので、急いで準備してください。,회의가 곧 시작되니 서둘러 준비해 주세요.
規律を守らせるため、問題行動はその場で懲らしめるべきだ。,규율을 지키게 하려면 문제 행동은 그 자리에서 응징(엄하게 벌)해야 한다.
バレリーナの優美な動きに、観客は息を呑んだ。,발레리나의 우아한 움직임에 관객들은 숨을 죽였다.
人の業は簡単には消えないと言われる。,사람의 업은 쉽게 사라지지 않는다고 한다.
今日はオーケストラのクラの練習がある。,오늘은 오케스트라 클라 파트 연습이 있다.
風邪はまだ直らないけど、熱は下がってきた。,감기는 아직 낫지 않았지만 열은 내려가고 있다.
お寿司は、醤油をつけて食べる。,초밥은 간장을 찍어 먹는다.
肉よりも、魚の方が好きだ。,고기보다 생선을 더 좋아한다.
スーツをクリーニングに出しておいた。,정장을 세탁소에 맡겨 두었다.
嘘をつくのは悪いことです。,거짓말을 하는 것은 나쁜 것입니다.
この川の流域は非常に広い。,이 강의 유역은 매우 넓다.
彼は幼い頃から音楽に囲まれた家庭で育った。,그는 어릴 때부터 음악에 둘러싸인 가정에서 자랐다.
部屋を出るときはドアを閉める。,방을 나갈 때는 문을 닫는다.
説明を聞いても、疑問が次々と湧く。,설명을 들어도 의문이 자꾸 생긴다.
古い家には大きな倉庫が付いていた。,오래된 집에는 큰 창고가 딸려 있었다.
不正が発覚し、当該社員は懲戒処分となった。,부정이 발각되어 해당 직원은 징계 처분을 받았다.
本日はご来場いただき、誠にありがとうございます。,오늘은 방문해 주셔서 진심으로 감사합니다.
数字の桁を一つ間違えて大きな損失を出してしまった。,숫자의 자릿수를 하나 잘못 써서 큰 손실을 내 버렸다.
子どものころの夢と、今の職業は必ずしも一致しない。,어릴 적 꿈과 지금의 직업은 반드시 일치하는 것은 아니다.
彼女との幸せな日々は今では幻のように感じられる。,그녀와의 행복했던 나날은 이제는 환상처럼 느껴진다.
朝起きたら、まず洗面所で顔を洗う。,아침에 일어나면 먼저 세면장에서 얼굴을 씻는다.
森の奥から獣のうなり声が聞こえた。,숲 속 깊은 곳에서 짐승의 으르렁거리는 소리가 들려왔다.
判決で懲役三年が言い渡された。,판결로 징역 3년이 선고되었다.
悪ふざけが過ぎたので、先輩が後輩をきっちり懲らした。,장난이 지나쳐서 선배가 후배를 확실히 혼냈다.
このガソリンスタンドはセルフなので、値段が少し安い。,이 주유소는 셀프라서 가격이 조금 저렴하다.
その小説には、中世の城で行われた拷問の記録が克明に描かれている。,그 소설에는 중세 성에서 행해진 고문의 기록이 극명하게 묘사되어 있다.
北海道は酪農が盛んだ。,홋카이도는 낙농업이 활발하다.
鼻で匂いを嗅ぎ、耳で音を聞く。,"코로 냄새를 맡고, 귀로 소리를 듣는다."
腹が立って思わず机をぶつ。,화가 나서 무심코 책상을 쾅 내리쳤다.
あの忌まわしい事件を二度と思い出したくない。,그 그 끔찍한 사건은 두 번 다시 떠올리고 싶지 않다.
規則違反には懲罰が科される場合がある。,규칙 위반에는 징벌이 부과될 수 있다.
データを踏まえて結論を出そう。,데이터를 바탕으로 결론을 내리자.
議会を傍聴して、政策の議論が思った以上に細かいと知った。,의회를 방청하고 정책 논의가 생각보다 세세하다는 걸 알았다.
行政の手続きが複雑で時間がかかる。,행정 절차가 복잡해서 시간이 걸린다.
古典の漢文を訓読で読む授業を受けた。,고전 한문을 훈독으로 읽는 수업을 들었다.
瓶に貼ってあるラベルを読んでください。,병에 붙어 있는 라벨을 읽어주세요.
東の空が少しずつ明るくなり、静かな夜明けを迎えた。,동쪽 하늘이 조금씩 밝아지며 고요한 새벽이 찾아왔다.
高い所から物が落下する。,높은 곳에서 물건이 낙하한다.
姉上、今日は私が荷物を持ちます。,"누님(아씨), 오늘은 제가 짐을 들겠습니다."
旧友と杯を酌み交わした。,오랜 친구와 술잔을 주고받았다。
相手の言い分も最後まで聴くのが、まず礼儀だ。,상대의 말도 끝까지 듣는 게 우선 예의다.
この庭の美しさは、写真では伝わりきらない。,이 정원의 아름다움은 사진만으로 다 전해지지 않는다.
風船を思いきり膨らまして空に飛ばした。,풍선을 잔뜩 부풀려 하늘로 날렸다.
彼女は若いのにとても勤勉だ。,그녀는 젊으면서도 아주 근면하다.
君のことを思うと、自然に笑顔になる。,너를 생각하면 자연스럽게 미소가 난다.
色と形の組み合わせ次第で印象は大きく変わる。,색과 형태의 조합에 따라 인상은 크게 달라진다.
彼は若くして部長という重要な役職に就いた。,그는 젊은 나이에 부장이라는 중요한 직책에 올랐다.
彼の一言が、行き詰まっていた交渉を打開するきっかけになった。,그의 한 마디가 막혀 있던 협상을 타개하는 계기가 되었다.
新しいシステムに社員のデータを組み込む。,새 시스템에 사원 데이터를 집어넣는다.
私は病院で夜勤の勤務についている。,나는 병원에서 야간 근무를 맡고 있다.
軍艦が霧の中から静かに姿を現した。,군함이 안개 속에서 조용히 모습을 드러냈다.
大雨で周辺の河川が増水し、警戒レベルが引き上げられた。,폭우로 주변 하천이 불어나 경계 수준이 상향되었다.
日本語では句読点の打ち方も大切だ。,일본어에서는 구두점의 찍는 법도 중요하다.
この建物は近代建築の代表例だ。,이 건물은 근대 건축의 대표적인 예다.
日本とヨーロッパの時差に慣れるのは大変だ。,일본과 유럽의 시차에 익숙해지는 건 힘들다.
空中で静止している謎の物体がレーダーに映った。,공중에 정지해 있는 수수께끼의 물체가 레이더에 포착되었다.
昼まで雲が残ったが、午後には日が照ってきた。,정오까지 구름이 남았지만 오후에는 해가 비치기 시작했다.
リュックにはお気に入りのキャラクターのバッジがいくつも付いている。,배낭에는 좋아하는 캐릭터 배지가 여러 개 달려 있다.
子どもたちのために、もっと良い教育環境を整えたい。,아이들을 위해 더 좋은 교육 환경을 마련하고 싶다.
光熱費が上がったので、少しでも倹約しようと家族で話し合った。,공과금이 올라서 조금이라도 절약하자고 가족이 함께 상의했다.
新しい環境への適応には、思ったより時間がかかった。,새로운 환경에 적응하는 데에는 생각보다 시간이 걸렸다.
海外に住む家族に送金した。,해외에 사는 가족에게 송금했다.
自分を客観的に見るのは、意外と難しいものだ。,자신을 객관적으로 보는 것은 의외로 어려운 일이다.
文明の滅亡をテーマにした映画を見て、いろいろ考えさせられた。,문명의 멸망을 다룬 영화를 보고 여러 가지를 생각하게 되었다.
彼女は完全に朝型で、六時にはもう起きている。,그녀는 완전 아침형이라 여섯 시면 이미 일어나 있다.
スマホが急速に普及した。,스마트폰이 급속히 보급되었다.
彼の訴えは証拠不十分として裁判所に却下された。,그의 소송은 증거 불충분으로 법원에서 기각되었다.
家主に相談して、家賃の支払い日を変えてもらった。,집주인과 상의해 집세 지급일을 바꾸어 달라고 했다.
人々は生死の苦しみからの解脱を求めて修行を続けた。,사람들은 생사 고통에서의 해탈을 구하며 수행을 계속했다.
苦を乗り越えた分だけ、人は強くなれる。,고통을 이겨낸 만큼 사람은 강해질 수 있다.
引っ越し前に部屋を調えて、最後に写真を撮っておいた。,이사 전에 방을 정돈해 두고 마지막으로 사진을 찍어 두었다.
子どもがケーキをぱくぱく食べている。,아이가 케이크를 와구와구 잘 먹고 있다.
椅子の下に猫が隠れている。,의자 밑에 고양이가 숨어 있다.
ボートが向こう岸に着くまで、静かに座っていてください。,보트가 건너편 강가에 도착할 때까지 조용히 앉아 계세요.
色鮮やかな山車がゆっくりと通りを進み、観客から歓声が上がった。,알록달록한 산차가 천천히 거리를 지나가자 관객들의 환성이 터졌다.
この件は私が直に部長へ説明します。,이 건은 제가 직접 부장님께 설명하겠습니다.
その計画は全然現実的じゃないから、もう一度考え直そう。,그 계획은 전혀 현실적이지 않으니까 다시 생각해 보자.
初心に返って、もう一度原点から考え直した。,초심으로 돌아가 다시 원점에서 생각했다.
星が瞬く夜に、二人でベランダに座った。,별이 반짝이는 밤에 둘이 베란다에 앉았다.
祖父の書画を額装して、床の間に飾った。,할아버지의 서화를 액자에 넣어 도코노마에 장식했다.
さっき駅で偶然、昔の部長に会ってびっくりした。,아까 역에서 우연히 예전 부장님을 만나서 깜짝 놀랐어.
さっきから隣の部屋がやけに騒がしくて集中できない。,아까부터 옆방이 유난히 시끄러워서 집중을 못 하겠어.
メッセージを読み返すと、彼らしい優しい返事だと分かって安心した。,메시지를 다시 읽어 보니 그다운 다정한 대답이라는 걸 알고 안심했다.
公園で出会った少女が、白い猫を抱いていた。,공원에서 만난 소녀가 흰 고양이를 안고 있었다.
小さな願いでも、口に出してみることが大切だ。,작은 소원이라도 입 밖으로 내보는 것이 중요하다.
彼の前では、取り繕わずに素の自分でいられる。,그 앞에서는 꾸미지 않은 있는 그대로의 나로 있을 수 있다.
それは本当に起こったとは信じ難い話だ。,그것은 정말로 일어났다기엔 믿기 어려운 이야기다.
念のため、予約メールをもう一度調べるね。,혹시 몰라서 예약 메일을 한 번 더 확인할게.
飛鳥時代の仏像は繊細な表情をしている。,아스카 시대의 불상은 섬세한 표정을 하고 있다.
松原の小道を抜けると、海が見えた。,소나무 숲길을 지나자 바다가 보였다.
物語では、裏切り者が最後に懲らしめられる。,이야기에서는 배신자가 마지막에 벌을 받는다.
この飲料には「カフェイン含有」とラベルに大きく書かれている。,이 음료에는 ‘카페인 함유’라고 라벨에 크게 적혀 있다.
朝、鏡の前でネクタイを整える。,아침에 거울 앞에서 넥타이를 정돈한다.
この地域の年間降水量は全国平均より多い。,이 지역의 연간 강수량은 전국 평균보다 많다.
彼女はフランス革命の原因についてレポートを書いた。,그녀는 프랑스 혁명의 원인에 대해 레포트를 썼다.
出かける前に、鏡の前で口紅の色を確認した。,외출 전에 거울 앞에서 립스틱 색을 확인했다.
人生には浮沈があるから、焦らず続けよう。,인생에는 부침이 있으니 조급해하지 말고 계속하자.
少年は川辺で石を投げて遊んでいた。,소년은 강가에서 돌을 던지며 놀고 있었다.
正解を当てた途端、彼はこれ見よがしにしたり顔をしてみせた。,정답을 맞히자마자 그는 으쓱대며 의기양양한 표정을 지어 보였다.
旅先で見たあの星空は、本当に忘れ難い景色だった。,여행지에서 보았던 그 별이 가득한 하늘은 정말 잊기 어려운 풍경이었다.
その眺めは、子どもの頃の記憶を呼び起こした。,그 풍경은 어린 시절의 기억을 불러일으켰다.
新しいビルの設計図が完成した。,새 빌딩의 설계도가 완성되었다.
新商品のプロモーション企画について、チーム全員でブレインストーミングを行った。,신제품 프로모션 기획에 대해 팀 전원이 함께 브레인스토밍을 했다.
自分の価値観を他人に押し付けるのはやめなさい。,자신의 가치관을 다른 사람에게 떠넘기는 것은 그만해라.
この校は創立百年を迎えた。,이 학교는 창립 백 년을 맞이했다.
卵を割って、目玉焼きを作る。,달걀을 깨서 달걀 프라이를 만든다.
仕事が終わったら、一緒に飯でも食いに行かないか。,일 끝나면 같이 밥이나 먹으러 가지 않을래?
朝から冷たい雨が静かに降り続いている。,아침부터 차가운 비가 조용히 계속 내리고 있다.
学歴を詐称していたことが発覚した。,학력을 사칭한 사실이 드러났다.
昨日の雷は、今まで聞いたことがないほど物凄い音だった。,어제 천둥은 지금까지 들어본 적 없을 만큼 굉장한 소리였다.
秋の祭が近づくと、町全体がそわそわし始める。,가을 축제가 가까워지면 마을 전체가 들뜨기 시작한다.
山道の分岐で道を間違えないよう、地図を何度も確認した。,산길 갈림길에서 길을 잘못 들지 않도록 지도를 여러 번 확인했다.
手をつないで、一緒に歩きましょう。,손을 잡고 같이 걸어갑시다.
火山の麓では温泉が湧出している。,화산 기슭에서는 온천이 용출하고 있다.
印刷の誤植を見つけて冷や汗が出た。,인쇄 오자를 발견하고 식은땀이 났다.
今日の会議の題は「コスト削減」です。,오늘 회의의 주제는 '비용 절감'입니다.
家族共々お世話になっております。,가족 모두 함께 신세를 지고 있습니다.
少し歩いただけで汗ばむほどの蒸し暑さだった。,조금만 걸어도 땀이 배어나올 정도로 무더웠다.
植物の図鑑を見て名前を調べた。,식물 도감을 보고 이름을 찾아봤다.
彼は交渉の才覚に優れている。,그는 협상에서 수완이 뛰어나다.
少子化の流れを変えるには、発想をうんと柔らかくしなければならない。,저출산 흐름을 바꾸려면 발상을 훨씬 더 유연하게 해야 한다.
初日から大入りで劇場が沸いた。,첫날부터 대성황이라 극장이 들썩였다.
あのときの無礼な発言は、今思い出しても汗顔の至りだ。,그때의 무례한 발언은 지금 떠올려도 얼굴이 화끈거릴 정도로 부끄럽다.
玄関に小さな植木を置いた。,현관에 작은 화분(분재)을 두었다.
シャワーを浴びながら好きな歌を口ずさむ。,샤워를 하면서 좋아하는 노래를 흥얼거린다.
古池のほとりで、祖父は昔話をしてくれた。,오래된 연못가에서 할아버지가 옛날이야기를 들려주셨다.
久しぶりに竹馬の友と再会し、昔話で夜更かしした。,오랜만에 죽마고우를 만나 옛이야기로 밤을 새웠다.
船着き場で波の音を聞きながら、迎えを待った。,선착장에서 파도 소리를 들으며 마중을 기다렸다.
遠い故郷への思慕が、ふと胸を締めつける。,먼 고향에 대한 사모(그리움)가 문득 가슴을 조인다.
その文章には軽い俳味があって、読むと頬がゆるむ。,그 글에는 가벼운 해학(俳味)이 있어 읽으면 미소가 난다.
そんなに悠長に構えている時間はない。,그렇게 느긋하게 굴 시간이 없다.
会議の決まりとして時間厳守だ。,회의 규칙으로 시간 엄수다.
外であそぶのが大好きです。,밖에서 노는 것을 아주 좋아합니다.
母国語とは別に、もう一つ言語を学びたい。,모국어와는 별도로 또 하나의 언어를 배우고 싶다.
言葉は時に剃刀のように鋭く、人を深く傷つけることがある。,말은 때로 면도날처럼 예리하여 사람을 깊이 상처낼 수 있다.
料金は食事代と飲み物代を別々にしてください。,요금은 식사비와 음료 값을 따로 계산해 주세요.
「女性だから」「若者だから」というだけで能力を疑う風潮は、もはや馬鹿馬鹿しいと断じてよい。,"‘여성이니까’, ‘젊으니까’라는 이유만으로 능력을 의심하는 풍조는 이제 어이없다고 단언해도 좋다."
長雨で川の堤防が決壊し、周辺の住宅地が水浸しになった。,긴 장마로 강 둑이 붕괴되어 주변 주택가가 물에 잠겼다.
新聞の一面の見出しがとても刺激的だった。,신문 1면의 표제가 아주 자극적이었다.
この海域には多様な魚類が生息している。,이 해역에는 다양한 어류가 서식하고 있다.
麦秋の田を渡る風が、少し乾いて感じた。,맥추의 밭을 스치는 바람이 조금 건조하게 느껴졌다.
契約内容は書面だけでなく口頭でも確認した。,계약 내용은 서면뿐 아니라 구두로도 확인했다.
彼女は裕福な家庭に育ったが、気取らない。,그녀는 부유한 집에서 자랐지만 잘난 체하지 않는다.
彼は音楽協会の理事を務めている。,그는 음악 협회의 이사를 맡고 있다.
プロジェクトを成功させるには、部署間の協力が欠かせない。,프로젝트를 성공시키려면 부서 간 협력이 필수적이다.
伝馬船で対岸へ渡り、荷を受け取った。,작은 연락선으로 강 건너편에 건너가 짐을 받았다.
修学旅行で皇居の周りを見学した。,수학여행에서 황거 주변을 견학했다.
二つのクラスで合同発表会を開いた。,두 반이 함께 합동 발표회를 열었다.
批判は必要だが、相手を貶めるだけのネガティブキャンペーンは政治文化を貧しくする。,비판은 필요하지만 상대를 깎아내리기만 하는 네거티브 캠페인은 정치 문화를 빈곤하게 만든다.
紅茶とコーヒーでは、私は後者のほうが好きだ。,홍차와 커피 중에서는 나는 후자를 더 좋아한다.
一発のミサイルが都市に命中すれば、多くの市民の生活が一瞬で奪われる。,미사일 한 발이 도시에 명중하면 많은 시민의 삶이 순식간에 빼앗긴다.
庭に花の種を撒いた。,정원에 꽃씨를 뿌렸다.
台風によって農作物に大きな損害が出た。,태풍으로 인해 농작물에 큰 손해가 발생했다.
七夕には短冊に願い事を書いて笹の葉に結んだ。,칠석에는 소원을 종이에 적어 대나무 잎에 매달았다.
このズボンは丈が少し短い。,이 바지는 기장이 조금 짧다.
ドラマの中で古い「スチュワーデス」像を消費するだけでは、現場で働く人々の実像は伝わらない。,드라마 속에서 옛 ‘스튜어디스’ 이미지만 소비해서는 현장에서 일하는 이들의 실제 모습은 전해지지 않는다.
笑う門には福来る,웃는 문에는 복이 온다
可愛い子には旅をさせよ,귀여운 자식일수록 여행을 보내라 (자식을 강하게 키우기 위해 고생을 시켜야 한다)
古い旅館で幽霊を見た気がして眠れなかった。,낡은 료칸에서 유령을 본 것 같아 잠을 못 잤다.
空に不思議な光が出現した。,하늘에 신기한 빛이 출현했다.
市場概況をまとめたレポートを明日までに提出してください。,시장 개황을 정리한 보고서를 내일까지 제출해 주세요.
新入社員向けの研修が一週間みっちり予定されている。,신입 사원을 위한 연수가 일주일 내내 빡빡하게 예정되어 있다.
この問題を解くにはいくつかの手法がある。,이 문제를 푸는 데에는 몇 가지의 기법이 있다.
危機管理が上手な政府とは、失敗を隠すのではなく、迅速に認め改善策を示す政府である。,위기 관리에 능한 정부란 실패를 숨기는 것이 아니라 신속히 인정하고 개선책을 제시하는 정부다.
大型タンカーがゆっくりと海峡を通過していく。,대형 유조선이 천천히 해협을 지나가고 있다.
古い音源をデジタルで再生する。,오래된 음원을 디지털로 재생한다.
彼は人気ドラマに出演して一躍有名になった。,그는 인기 드라마에 출연해 단숨에 유명해졌다.
このイベントは市が主催している。,이 행사는 시에서 주최하고 있다.
今日は天気が悪いので、家でゆっくり過ごそう。,오늘은 날씨가 나쁘니까 집에서 느긋이 보내자.
焦って契約するのは勇み足だ。,서둘러 계약하는 건 성급한 행동이다.
社長は社員の受賞を賀する言葉を丁寧に述べた。,사장은 직원의 수상을 축하하는 말을 정성스럽게 전했다.
彼の目には深い憎悪が宿っていた。,그의 눈에는 깊은 증오가 서려 있었다.
太鼓の音が勇ましく響き渡った。,북소리가 씩씩하게 울려 퍼졌다.
本当に哀れな話だが、彼は誰にも相談できなかった。,"정말로 가엾은 이야기지만, 그는 누구에게도 상담할 수 없었다."
日本の主食は一般的に米だと言われている。,일본의 주식은 일반적으로 쌀이라고 한다.
この公園では深夜の花火が禁止されている。,이 공원에서는 심야의 불꽃놀이가 금지되어 있다.
「自分らしい働き方」を掲げるなら、非正規雇用의不安定さにも目を向けるべきだ。,‘나다운 일하는 방식’을 내세운다면 비정규 고용의 불안정성에도 눈을 돌려야 한다.
距離を置くことで、お互いの大切さを再確認できることもある。,"거리를 둠으로써, 서로의 소중함을 재확인할 수도 있다."
春になると近くの神社で豊作を祈る春祭りが開かれる。,봄이 되면 근처 신사에서 풍년을 비는 봄축제가 열린다.
夏になると、軒先に風鈴を下げる家が多い。,여름이 되면 처마 끝에 풍경을 다는 집이 많다.
才能とは、自分自身を、自分の力を信じることである。,"재능이란, 자기 자신을, 자신의 힘을 믿는 것이다. - 막심 고리키"
暗愚な指導者は国を混乱に導く。,어리석은 지도자는 나라를 혼란으로 이끈다.
非常時でも彼女は自若としていた。,비상시에도 그녀는 태연자약했다。
彼の負け惜しみがあまりにも哀れで、誰も何も言えなかった。,그의 지기 싫어하는 변명이 너무도 처량해서 아무도 아무 말도 못 했다.
上司からの指示を聞き漏らさぬよう、手帳に箇条書きした。,상사의 지시를 놓치지 않으려 수첩에 항목으로 적었다.
家族みんなで食卓を囲み、和やかな時間を過ごした。,가족 모두가 식탁에 둘러앉아 화기애애한 시간을 보냈다.
その笑顔は悩殺ものだ。,그 미소는 사람을 홀릴 만큼 치명적이다.
彼は愚鈍ではないが、理解するのに少し時間がかかる。,그는 우둔한 건 아니지만 이해하는 데 조금 시간이 걸린다.
情報が多すぎて頭の中でうまく消化できない。,정보가 너무 많아서 머릿속에서 잘 소화가 되지 않는다.
この島は亜熱帯気候で、一年中蒸し暑い。,이 섬은 아열대 기후라서 일 년 내내 후텁지근하다.
走っていたら靴が脱げるところだった。,달리다가 신발이 벗겨질 뻔했다.
歴史上、多くの国が他国を侵略し、領土を広げてきた。,역사상 많은 나라가 다른 나라를 침략하여 영토를 넓혀왔다.
この町並みは、まるで時代劇のセットの中に迷い込んだような気持ちにさせてくれます。,이 거리 풍경은 마치 시대극 세트장 안에 들어온 듯한 기분을 느끼게 해줍니다.
地元の劇場で新作の舞台が上演される。,지역 극장에서 신작 연극이 상연된다.
玄関で靴を脱いでください。,현관에서 신발을 벗어 주세요.
祖父は盆栽に霧吹きで水をやり、葉を整えた。,할아버지는 분재에 분무기로 물을 주고 잎을 다듬었다.
終日、雨が降ったりやんだりしていた。,종일 비가 내렸다 그쳤다를 반복했다.
初めてのプレゼンでひどく緊張してしまった。,첫 발표에서 몹시 긴장해 버렸다.
初めてのプレゼンなので、派手なことはせず無難な内容にまとめた。,첫 프레젠테이션이라서 화려한 것은 하지 않고 무난한 내용으로 정리했다.
彼は、正規の手続きを踏んで、この会社に入社した。,그는 정규 절차를 밟아 이 회사에 입사했다.
両国は緊密な協力関係を築いている。,양국은 긴밀한 협력 관계를 구축하고 있다.
緊急の連絡が入り、会議は途中で中断された。,긴급 연락이 들어와 회의가 중단되었다.
不適切な発言をしたタレントの投稿が、一晩でネット上で炎上した。,부적절한 발언을 한 연예인의 게시물이 하룻밤 사이에 인터넷에서 논란이 됐다.
君の意見をもう一度聞かせてくれる？,너의 의견을 한 번 더 들려줄래?
私は、ただ家で好きな音楽を聴きながら、本を読むのが一番の幸せです。,저는 그저 집에서 좋아하는 음악을 들으면서 책을 읽는 것이 최고의 행복입니다.
無謀な戦争は国を滅ぼす結果になった。,무모한 전쟁은 나라를 멸망시키는 결과가 되었다.
この本は一晩で読み終わってしまった。,이 책은 하룻밤 만에 다 읽어 버렸다.
玄関に季節の生け花を飾ると、家の空気が変わる。,현관에 계절 꽃꽂이를 장식하면 집의 분위기가 달라진다.
寝台列車に乗って、ゆっくりと旅をするのが夢だ。,침대 열차를 타고 느긋하게 여행하는 것이 꿈이다.
そんなの聞くまでもない愚問だよ。,그건 물어볼 필요도 없는 바보 같은 질문이야.
マラソン後、彼は虚脱して椅子に崩れた。,마라톤 후 그는 기진맥진해 의자에 털썩 주저앉았다.
机の引き出しから古い手紙が出てきて、胸がきゅっとした。,책상 서랍에서 오래된 편지가 나와 가슴이 꽉 조여 왔다.
夢を追う一人の青年を描いた映画だ。,꿈을 좇는 한 청년을 그린 영화이다.
日ごろの小さな行いが信頼につながる。,평소의 작은 행동들이 신뢰로 이어진다.
空調が整っているので、真夏でも快適だ。,냉난방이 잘 갖춰져 있어서 한여름에도 쾌적하다.
彼は失敗しても人を責めず、襟度の広さを見せた。,그는 실패해도 사람을 탓하지 않고 넓은 도량을 보였다.
この証拠だけでは、彼を犯人と断定するに足るものではない。,이 증거만으로는 그를 범인이라고 단정하기에 족하지 않다.
彼女は審美の感覚に優れ、部屋のインテリアもセンスがいい。,그녀는 심미감각이 뛰어나서 방 인테리어도 센스가 좋다.
彼は新しいスマホを友達に見せびらかしていた。,그는 새 스마트폰을 친구들에게 자랑하듯 보여 주고 있었다.
彼は包丁さばきの達人だ。,그는 칼질의 달인이다.
彼の鋭い眼が、わずかな変化も見逃さなかった。,그의 날카로운 눈은 사소한 변화도 놓치지 않았다.
花火の音に驚いて、猫が縁側の下へ隠れた。,불꽃놀이 소리에 놀라 고양이가 툇마루 아래로 숨었다.
静かな湾に小さな漁船がいくつも浮かんでいる。,고요한 만에 작은 어선들이 여럿 떠 있다.
正月になると、祖母の家では色とりどりの繭玉を飾る。,정월이 되면 할머니 댁에서는 알록달록한 고치 장식을 단다.
クーポンには「平日限定」の但し書きがある。,쿠폰에는 ‘평일 한정’이라는 단서 조항이 있다.
演奏が終わると、聴衆は総立ちで拍手した。,연주가 끝나자 청중은 모두 일어서서 박수쳤다.
彼は約束の時間に遅れ、深く頭を下げて詫びた。,그는 약속 시간에 늦어 깊게 고개를 숙여 사과했다.
兵士たちは、激しい戦闘に備えて準備を整えた。,병사들은 격렬한 전투에 대비해 준비를 갖췄다.
事実に基づいて判断してください。,사실에 근거해 판단해 주세요.
何分お時間をいただければよろしいでしょうか。,얼마간 시간을 내 주시면 되겠습니까.
相手の気持ちを考えて、もう少し丁寧な言葉を遣うべきだ。,상대의 기분을 생각해서 좀 더 정중한 말을 써야 한다.
受付で名を書いて順番を待ってください。,접수대에서 이름을 쓰고 순서를 기다리세요.
明日は休み、但し緊急時は出社。,"내일은 휴무. 단, 긴급 시에는 출근."
夜の公園には人気がまったくない。,밤 공원에는 인기척이 전혀 없다.
先生は生徒の努力を認め、静かに褒めた。,선생님은 학생의 노력을 인정하고 조용히 칭찬했다.
高校時代は寮に寄宿していた。,고등학교 시절에는 기숙사에 기숙하고 있었다.
今週の夕食の献立を、冷蔵庫の中身を見ながら考えている。,이번 주 저녁 식단을 냉장고 안을 보며 고민하고 있다.
地震の揺れが収まった後、棚の上の花瓶を支えた。,지진의 흔들림이 잦아든 뒤 선반 위 화병을 붙잡았다.
体温が三十八度を超えたので、早めに受診した。,체온이 38도를 넘어 일찍 진료를 받았다.
台所から焦げた匂いと薄い煙がゆっくり 흘러나왔다.,부엌에서 탄 냄새와 옅은 연기가 천천히 흘러나왔다.
スタンドからの大きな声援が、逆転を狙う選手たちの背中を押した。,관중석에서 쏟아지는 큰 성원이 역전을 노리는 선수들의 등을 떠밀었다.
固く結んだロープを解く。,단단히 묶인 밧줄을 푼다.
水が濁る前にフィルターを替えよう。,물이 흐려지기 전에 필터를 갈자.
鳥が空をぴゅーんと飛んでいった。,새가 하늘을 쌩하고 날아갔어.
この問題には、経済的な側面だけでなく、文化的な側面もある。,이 문제에는 경제적인 측면뿐만 아니라 문화적인 측면도 있다.
この箱にはリンゴが幾つ入っていますか。,이 상자에는 사과가 몇 개 들어 있나요?
お水ちょうだい。のどが渇いたよ。,물 주세요. 목이 말라요.
料理屋で「出汁がきいていますね」と主人に伝えた。,음식점에서 “국물이 잘 우러났네요”라고 주인에게 전했다.
夜になると秋の気配が深まるのを感じる。,밤이 되면 가을 기운이 깊어지는 것이 느껴진다.
家賃は月賦で支払っています。,집세는 월부로 내고 있습니다.
危ないから線路には近寄らないでください。,위험하니까 선로에는 가까이 가지 마세요.
あんまり無理をすると体を壊すから、ほどほどにしておきなよ。,너무 무리하면 몸 상하니까 적당히 해 둬.
店先の値札を見比べ、少しだけ値切ってみた。,가게 앞 가격표를 비교해 보고 조금만 값을 깎아 보았다.
彼女はピアノが上手で、コンクールでいつも入賞している。,그녀는 피아노를 잘 쳐서 콩쿠르에서 항상 입상한다.
仕事の帰りにスーパーに寄って牛乳を買った。,퇴근길에 슈퍼에 들러 우유를 샀다.
このイベントには延べ千人以上が参加した。,이 행사에는 연인원 천 명 이상이 참가했다.
祖母の手料理は、素朴なのに心まで温かくなる。,할머니의 손수 만든 요리는 소박한데도 마음까지 따뜻해진다.
免許の更新に行ったら、視力検査を受けるよう言われた。,"면허 갱신하러 갔더니, 시력 검사를 받으라고 했다."
工場を見学して、安全対策について説明を受けた。,공장을 견학하며 안전 대책에 대한 설명을 들었다.
多少のミスは許容の範囲内だと思う。,어느 정도의 실수는 허용 범위 안이라고 생각한다.
父の跡を継ぐつもりはないと、彼は正直に打ち明けた。,아버지의 뒤를 잇고 싶은 생각은 없다고 그는 솔직히 털어놓았다.
予期せぬトラブルで会議が延期になった。,예기치 못한 문제로 회의가 연기되었다.
深海にはまだ人類にとって未知の生物が数多くいる。,심해에는 아직 인류에게 미지의 생물이 많이 있다.
初夏の薫風が吹き抜ける校庭で、恩師の薫陶を受けた日々をふと思い出した。,"초여름의 향기로운 바람이 부는 교정에서, 은사의 가르침을 받던 나날을 문득 떠올렸다."
原稿は経験豊かな編集者によって厳しく校閲されている。,원고는 경험 많은 편집자에 의해 엄격하게 교열되고 있다.
式典の会場に各国の国旗が掲げられた。,식전 회장에 각국의 국기가 게양되었다.
台風で川が濁流となり、橋が閉鎖された。,태풍으로 강이 탁류가 되어 다리가 폐쇄되었다.
ダイエットは継続が一番難しい。,다이어트는 무엇보다도 ‘지속’이 가장 어렵다.
このズボンは継ぎだらけで、もう外にははいていけない。,이 바지는 기운 자국뿐이라 이제 밖에는 입고 나갈 수 없다.
ごみは種類ごとに分けて、決められた日に出してください。,"쓰레기는 종류별로 나누어, 정해진 날에 내주세요."
映画のタイトルが、なかなか思い出せない。,영화 제목이 좀처럼 생각나지 않는다.
夜になると部屋が暗くなる。,밤이 되면 방이 어두워진다.
証拠が揃うまでは、軽率に結論を出さないほうがいい。,"증거가 갖춰질 때까지는, 경솔하게 결론을 내지 않는 편이 좋다."
五・七・五・七・七の形式で作る日本の詩を短歌という。,"5·7·5·7·7 형식으로 짓는 일본의 시를 단카라고 한다."
つまり、今回の問題は共有のタイミングが遅すぎたということだ。,그러니까 이번 문제는 공유 시기가 너무 늦었다는 거야.
社会に貢献した市民を顕彰する式典が開かれた。,사회에 공헌한 시민을 현창하는 식전이 열렸다.
庭の雑草を夢中になって毟る。,마당의 잡초를 정신없이 뽑는다.
会場には期待の高まりが漂っていた。,회장에는 기대감의 고조가 감돌고 있었다.
教習所で車の運転を習い始めた。,자동차학원에서 운전 연수를 시작했다.
別冊の資料も合わせて読んでください。,별책 자료도 함께 읽어 주세요.
地方の小さな宿に泊まるのが好きだ。,지방의 작은 숙소에 묵는 걸 좋아한다.
猫が窓辺で丸くなり、日だまりでうとうとしている。,"고양이가 창가에서 동그랗게 말아, 햇볕 드는 곳에서 꾸벅꾸벅 졸고 있다."
水道の蛇口から水が漏れていて、すぐに修理を頼んだ。,"수도꼭지에서 물이 새서, 곧바로 수리를 부탁했다."
引っ越しの日、荷物の箱に部屋ごとの札を貼っておいた。,"이사하는 날, 짐 상자에 방마다 표지를 붙여 두었다."
指の形を直すだけで、音の響きが大きく変わった。,"손가락 모양을 고치기만 해도, 소리의 울림이 크게 달라졌다."
桜が満開で、川沿いの道が淡い色に染まっていた。,"벚꽃이 만개해서, 강가 길이 옅은 빛으로 물들어 있었다."
彼らは新しい家の無事を祈って神社に詣でた。,그들은 새 집의 안녕을 빌기 위해 신사에 참배하러 갔다.
彼の目には、まだ見ぬ国への憧憬がはっきりと浮かんでいた。,그의 눈에는 아직 가보지 못한 나라에 대한 동경이 뚜렷이 비쳐 있었다.
デマは社会に害悪をもたらすだけだ。,허위 정보는 사회에 해악만 가져올 뿐이다.
参加の諾否を金曜までに知らせてください。,참가 여부(승낙/거절)를 금요일까지 알려 주세요.
条件を承諾したら、ここに署名してください。,조건에 동의(승낙)하면 여기에 서명해 주세요.
二社が結託して価格をつり上げた疑いがある。,두 회사가 결탁해 가격을 올렸다는 의혹이 있다.
配送は専門業者に委託した。,배송은 전문 업체에 위탁했다.
会議では、改革を進めたい派が強く主張した。,회의에서는 개혁을 추진하고 싶어 하는 파가 강하게 주장했다.
夜明け前の空が、だんだんと灰白色に変わっていった。,동틀 무렵 하늘이 점점 회백색으로 변해 갔다.
料理は辛いほうが好きな派と、苦手な派に分かれた。,음식은 매운 걸 좋아하는 파와 못 먹는 파로 나뉘었다.
筋肉を作るためには、蛋白質を摂取することが重要だ。,근육을 만들기 위해서는 단백질을 섭취하는 것이 중요하다.
やはり基礎をしっかり復習してから応用問題に進むべきだ。,역시 기초를 제대로 복습하고 나서 응용 문제로 나아가야 해.
SNSの潮流が変わって、流行の言葉もすぐ入れ替わる。,SNS의 흐름이 바뀌어 유행어도 금방 바뀐다.
この通販サイトは送料が無料だ。,이 통신판매 사이트는 배송비가 무료이다.
温泉に浸かったら、冷えた手足がじんわり温まった。,"온천에 몸을 담그니, 차가웠던 손발이 서서히 따뜻해졌다."
休み時間に卓球をして汗をかいた。,쉬는 시간에 탁구를 치며 땀을 흘렸다.
実験の結果を比べると、温度が反応速度に大きく影響した。,"실험 결과를 비교해 보니, 온도가 반응 속도에 크게 영향을 미쳤다."
美術館の静かな展示室で、筆づかいをじっと眺めた。,"미술관의 조용한 전시실에서, 붓터치를 가만히 바라보았다."
審美眼を鍛えるために、彼は毎週末、美術館や博物館を巡っている。,심미안을 기르기 위해 그는 매주 주말 미술관과 박물관을 돌아다닌다.
窓の外を流れていく景色を眺めていると、時間の経つのも忘れてしまいますね。,창밖으로 흘러가는 풍경을 바라보고 있으니 시간 가는 것도 잊어버리게 되네요.
収穫の時期になると、畑は朝から人手でにぎわう。,"수확철이 되면, 밭은 아침부터 일손으로 북적인다."
空港のロビーには出発を待つ人々であふれていた。,공항 로비는 출발을 기다리는 사람들로 가득했다.
背筋を伸ばして歩くだけで、肩こりが少し楽になった。,"등을 펴고 걷기만 해도, 어깨 결림이 조금 나아졌다."
神社で受けた託宣を胸に旅立った。,신사에서 받은 신탁을 가슴에 품고 떠났다.
その村には、夜になると鐘が鳴るという奇怪な噂がある。,그 마을에는 밤이 되면 종이 울린다는 기괴한 소문이 있다.
郷里を離れて異郷で暮らしていると、素朴な郷土料理の味が無性に恋しくなる。,고향을 떠나 타향에서 살다 보면 소박한 향토 요리의 맛이 무척 그리워진다.
互いのプライドのために友情を壊すなんて愚かしい話だ。,서로의 자존심 때문에 우정을 깨는 건 어리석은 일이다.
樹木の剪定は、冬のうちに済ませると良い。,수목 전정은 겨울에 해두면 좋다.
庭の池で亀がゆっくり泳いでいる。,정원 연못에서 거북이가 천천히 헤엄치고 있다.
弟はまだ小さいので、手をつないで歩く。,남동생은 아직 작아서 손을 잡고 걷는다.
ご栄転を心より慶賀申し上げます。,영전을 진심으로 경하드립니다.
予算が足りず、性能か価格かの二者択一だ。,예산이 부족해 성능이냐 가격이냐의 양자택일이다.
不屈の精神で彼は何度倒れても立ち上がった。,불굴의 정신으로 그는 몇 번 쓰러져도 다시 일어섰다.
山門の仁王像が、参道を睨むように立っている。,절 문 앞의 인왕상이 참배길을 노려보듯 서 있다.
その地域では複数の勢力が覇権を争っている。,그 지역에서는 여러 세력이 패권을 다투고 있다.
皆さんが絶賛していたので期待していましたが、その期待を遥かに超える美味しさでした。,"모두가 극찬해서 기대하고 있었는데, 그 기대를 훨씬 뛰어넘는 맛이었습니다."
週末は晴天になる見込みだと天気予報が言っていた。,주말은 맑을 전망이라고 일기예보가 말했어.
今朝の報道では、沿岸部に高波の注意が出ていると言っていた。,오늘 아침 보도에서는 해안 지역에 높은 파도 주의가 나왔다고 했다.
大雨で下水があふれてしまった。,폭우로 하수가 넘쳐 버렸다.
カーテンの隙間から朝日が差し込み、部屋が少しずつ明るくなった。,커튼 틈으로 아침 햇살이 비쳐 방이 조금씩 밝아졌다.
図書館で借りた本は、期限までに返却しなければならない。,도서관에서 빌린 책은 기한까지 반납해야 한다.
コンサートの座席はすでに満席だった。,콘서트 좌석은 이미 만석이었다.
ライブ会場には熱気と歓声が渦巻いていた。,라이브 공연장에는 열기와 환성이 소용돌이치고 있었다.
運動の前に屈伸運動で体をほぐす。,운동 전에 굴신 운동으로 몸을 푼다.
登山家たちは、ついに山の頂点に到達した。,등산가들은 마침내 산 정상에 도달했다.
この浴衣は、この旅館のオリジナルデザインで、売店でも販売しているそうです。,"이 유카타는 이 료칸의 오리지널 디자인으로, 매점에서도 판매하고 있다고 합니다."
死後も霊魂は存在すると信じる人は多い。,사후에도 영혼이 존재한다고 믿는 사람은 많다.
時間的な制約がある中で、最善の結果を出さなければならない。,시간적 제약 속에서 최선의 결과를 내야만 한다.
桜の花びらが風に乗って散華する光景に見とれた。,벚꽃잎이 바람에 흩날리듯 산화하는 광경에 넋을 잃고 바라보았다.
社長が会社の資金を拐帯した疑いで逮捕された。,사장이 회사 자금을 횡령한 혐의로 체포되었다.
コーヒーはブラック派かラテ派かで、毎朝オフィスがちょっと盛り上がる。,커피는 블랙파냐 라테파냐를 두고 매일 아침 사무실이 한층 떠들썩해진다.
ハロウィーンには友達と一緒に魔女に仮装した。,할로윈에는 친구들과 함께 마녀로 분장했다.
台風がこの地域を通過したのは昨夜のことだ。,태풍이 이 지역을 통과한 것은 어제 밤의 일이다.
神社で手を合わせて、お願い事をした。,신사에서 손을 모으고 소원을 빌었다.
期末試験に備えて、毎晩一時間ずつ復習している。,"기말시험에 대비해서, 매일 밤 한 시간씩 복습하고 있다."
さっきまで晴れていたのに、急に雨が降り出した。,"아까까지만 해도 맑았는데, 갑자기 비가 내리기 시작했다."
英語ができると就職にプラスになる。,영어를 할 수 있으면 취직에 플러스가 된다.
彼は過ちを悔悟して謝罪した。,그는 잘못을 뉘우치고 사과했다.
その提案は委員会で採択された。,그 제안은 위원회에서 채택되었다.
戦争で町は荒廃し、人影もまばらになった。,전쟁으로 마을이 황폐해져 인적이 드물어졌다.
彼の考え方を完全に理解するのは簡単ではない。,그의 사고방식을 완전히 이해하는 것은 쉽지 않다.
乙女心をからかうようなこと、言わないで。,소녀 마음을 놀리듯 말하지 마.
功名心に駆られて無理な計画を押し進めると、かえって失敗しかねない。,공명심에 이끌려 무리한 계획을 밀어붙이면 오히려 실패할 수 있다.
前に座っていた人の香水の移り香が、まだ残っている。,앞에 앉았던 사람의 향수 잔향이 아직 남아 있다.
すみません、私は卵が苦手なので、別の料理に替えてもらえますか。,"죄송한데 저는 달걀을 잘 못 먹어서, 다른 요리로 바꿔 주실 수 있나요?"
どちらのチームが勝ってもおかしくない、手に汗握る接戦でしたね。,"어느 팀이 이겨도 이상하지 않을, 손에 땀을 쥐게 하는 접전이었네요."
あの日の景色は今でも忘れ難い。,그날의 풍경은 지금도 잊기 어렵다.
この建物の地階には大きなスーパーが入っている。,이 건물 지하층에는 큰 슈퍼마켓이 들어와 있다.
ここでは男女混合のチームで試合を行う。,여기서는 남녀 혼합 팀으로 경기를 치른다.
秀才の先輩に、効率的な勉強法を教わった。,수재 선배에게 효율적인 공부법을 배웠다.
終電でようやく帰宅した。,막차로 겨우 귀가했다.
映画を見るのが好きです。,영화 보는 것을 좋아합니다.
更なる成長を求めて、彼は海外の大学院に進学した。,더 큰 성장을 위해 그는 해외 대학원에 진학했다.
祖父の武勇伝は、何度聞いても迫力がある。,할아버지의 무용담은 몇 번을 들어도 박력이 있다.
彼は功績により爵位を授かった。,그는 공적으로 인해 작위를 받았다。
会議を円滑に進めるため、事前に資料を共有した。,회의를 원활하게 진행하기 위해 사전에 자료를 공유했다.
応募書類は枠に沿って記入し、空欄を作らないでください。,지원 서류는 칸에 맞춰 기입하고 빈칸을 만들지 마세요.
写真で拝見した通り、素敵な方ですね。,"사진으로 뵌 대로, 멋진 분이시네요."
もちろんです。先月のセミナーでお会いしましたよね。,물론이죠. 지난달 세미나에서 뵈었죠.
今日は、〇〇の件で伺いました。,오늘은 〇〇 건으로 찾아왔습니다.
再来年までに、日本語をもっと上達させたい。,내후년까지 일본어를 더 향상시키고 싶다.
二人は相思相愛だと、みんなが噂している。,두 사람은 서로 사랑한다고 모두가 소문낸다.
この小説は興趣に富んでいて、最後まで飽きない。,이 소설은 흥미가 풍부해서 끝까지 질리지 않는다.
勇敢な消防士が煙の中へ飛び込んだ。,용감한 소방관이 연기 속으로 뛰어들었다.
新しい街で、人生を再出発させる。,새로운 도시에서 인생을 다시 출발한다.
老巧な職人は、わずかな音の違いで不具合を見抜いた。,노교한 장인은 미세한 소리 차이로 이상을 간파했다.
六月一日にこの川の釣りが解禁された。,"6월 1일에 이 강의 낚시가 해금되었다."
教師による淫行事件が社会問題になっている。,교사에 의한 음행 사건이 사회 문제로 대두되고 있다.
では、会議室へご案内します。こちらへどうぞ。,"그럼, 회의실로 안내하겠습니다. 이쪽으로 오시죠."
このミスは確認不足に因るものだ。,이 실수는 확인 부족으로 인한 것이다.
工場の設備を更新して、生産性が上がった。,공장의 설비를 갱신해서 생산성이 올랐다.
どんな結果になっても受け止める覚悟はできています。,어떤 결과가 나오더라도 받아들일 각오는 되어 있습니다.
小説の中で彼は放蕩と淫乱の限りを尽くす貴族として描かれている。,소설에서 그는 방탕하고 음란한 귀족으로 묘사된다.
陛下が大臣を宮中に召す。,폐하께서 대신을 궁중으로 부르시다。
朝の電車は会社員でいつも満員だ。,아침 전철은 회사원들로 항상 만원이다.
月末に家賃の集金に人が回ってくる。,달 말이면 집세를 걷으러 사람이 돌아다닌다.
周りが彼を天才だと祭り上げてしまった。,주변이 그를 천재라고 떠받들어 버렸다.
この本は時間をかけてじっくり読む価値がある。,이 책은 시간을 들여 천천히 읽어 볼 가치가 있다.
図書館で古文書の抄本を閲覧した。,도서관에서 고문서의 초본(발췌본)을 열람했다。
滝つぼの水は夏でも冷たい。,폭포 아래 소(웅덩이)의 물은 여름에도 차갑다.
どうせ誰も見ていないと思っても、ルールは守るべきだ。,어차피 아무도 안 본다고 해도 규칙은 지켜야 한다.
新しいパスワードを覚えるのに少し時間がかかった。,새 비밀번호를 외우는 데 조금 시간이 걸렸다.
博覧会の会場は人であふれて、熱気がすごかった。,박람회 회장은 사람들로 넘쳐 열기가 대단했다.
また近いうちにお会いしましょう。,조만간 또 만납시다.
その指摘は至当で、反論の余地がなかった。,그 지적은 지당해서 반박의 여지가 없었다.
好機を逸することのないように事前に準備しておこう。,호기를 놓치지 않도록 사전에 준비해 두자.
連絡が断絶して、安否が分からない。,연락이 단절되어 안부를 알 수 없다.
来月、全社員を対象に健康診断を実施する。,다음 달 전 직원을 대상으로 건강검진을 실시한다.
テーブルの上にある物はなんですか？,테이블 위에 있는 물건은 무엇인가요?
ページの端に小さな印を付けておいた。,페이지 구석에 작은 표시를 해 두었다.
全国でルールを統一する必要がある。,전국적으로 규칙을 통일할 필요가 있다.
研究室では、顕微鏡で細胞の分裂を観察した。,연구실에서 현미경으로 세포 분열을 관찰했다.
お手洗いは何処にありますか。,화장실은 어디에 있습니까?
必死に走って、最終電車にぎりぎり間に合った。,필사적으로 달려서 막차를 간신히 탔다.
彼は今季限りで引退すると発表した。,그는 이번 시즌을 끝으로 은퇴하겠다고 발표했다.
針に糸を通すのが苦手で、何度もやり直した。,바늘에 실을 꿰는 게 서툴러서 몇 번이나 다시 했다.
江戸時代には俳諧が庶民の娯楽として広く親しまれていた。,에도 시대에는 하이카이가 서민들의 오락으로 널리 사랑받았다.
先生は同じ範囲から三問出題した。,선생님은 같은 범위에서 세 문제를 출제했다.
どうして日本語を学ぼうと思ったのですか？きっかけは？,어째서 일본어를 배우려고 생각하셨나요? 계기는요?
祖父の部屋には昔の軍服が大切にしまってある。,할아버지 방에는 옛 군복이 소중히 보관되어 있다.
終電を逃した友達をうちに泊めることにした。,막차를 놓친 친구를 우리 집에 재우기로 했다.
二つの契約書の内容が同一かどうか確認する。,두 계약서의 내용이 동일한지 확인한다.
彼は仕事の奴隷のようだ。,그는 일의 노예 같다.
今の仕事に就かれる前は、何をされていたんですか？,지금의 일을 하시기 전에는 무엇을 하셨나요?
朝の電車は混雑していて、身動きが取れない。,아침 전철은 혼잡해서 꼼짝할 수 없다.
これは一般の人にはあまり知られていない事実だ。,이것은 일반인에게는 그다지 알려지지 않은 사실이다.
多湿の季節はカビが出やすい。,다습한 계절에는 곰팡이가 생기기 쉽다.
寒い日は毛糸の靴下がいちばん落ち着く。,추운 날엔 털실 양말이 제일 포근하다.
彼女の手はとても柔らかだ。,그녀의 손은 매우 부드럽다.
九百人を収容できる大ホールが、コンサート当日は満席になった。,"900명을 수용할 수 있는 대강당이 콘서트 당일에는 만원이 되었다."
ロスタイムの劇的なゴールで、スタジアムは歓喜の渦に包まれた。,"로즈 타임(추가 시간)의 극적인 골로, 스타디움은 환희의 소용돌이에 휩싸였다."
野球が好きで、地元のチームをずっと応援しています。,"야구를 좋아해서, 고향 팀을 계속 응원하고 있습니다."
寝る前に、静かなラジオを聴く。,자기 전에 조용한 라디오를 듣는다.
敗残の兵が山中に散った。,패잔병이 산속으로 흩어졌다.
予想が外れて、試合は大逆転で終わった。,예상이 빗나가서 경기는 대역전으로 끝났다.
この問題は解き方より発想が大事だ。,이 문제는 푸는 방법보다 발상이 중요하다.
弱い者いじめを楽しむなんて、まさに外道のすることだ。,약한 사람을 괴롭히는 것을 즐기다니 그야말로 패륜아가 할 짓이다.
患部を切開して、膿を取り除く手術が行われた。,환부를 절개하여 고름을 제거하는 수술이 이루어졌다.
食べ残しは持ち帰れますか。,남은 음식 포장할 수 있나요?
外は雨が降っているから、傘を持って行きなさい。,밖에 비가 오니까 우산을 가지고 가라.
古文書館で詔勅の写しを見て、背筋が伸びた。,고문서관에서 조칙의 사본을 보고 등이 곧아졌다.
輿論調査によると、内閣支持率は先月より5ポイント下落した。,여론조사에 따르면 내각 지지율은 지난달보다 5포인트 하락했다.
彼は育ちがいいので言葉遣いがとても丁寧だ。,그는 자라온 환경이 좋아서 말투가 아주 공손하다.
安全第一で作業を進めてください。,안전 제일로 작업을 진행해 주세요.
その言葉、胸に刻んでおきます。,"그 말씀, 가슴에 새겨두겠습니다."
冬の海は鉛色に沈み、波の音だけが静かに響いていた。,겨울 바다는 납빛으로 가라앉아 파도 소리만이 조용히 울려 퍼졌다.
これまでの経緯をできるだけ詳しく説明してください。,지금까지의 경위를 가능한 한 자세히 설명해 주십시오.
親子で同じ店を切り盛りしている。,부모와 자식이 함께 같은 가게를 운영하고 있다.
亡父の形見の腕時計を、法事の前に磨いた。,돌아가신 아버지의 유품 시계를 법사 전에 닦았다.
彼は毎朝、お寺で禅を組んで心を落ち着かせる。,그는 매일 아침 절에서 좌선하며 마음을 가라앉힌다.
あの渡り廊下は、江戸時代からあるものだと聞いております。,저 연결 복도는 에도 시대부터 있었던 것이라고 들었습니다.
古い帳簿をめくると、店の歴史が見えてくる。,오래된 장부를 넘기면 가게의 역사가 보인다.
夜中に停電とは本当に災難だった。,한밤중에 정전이라니 정말 재난이었다.
この冬は新しいインフルエンザが流行している。,올겨울은 새로운 인플루엔자가 유행하고 있다.
森の奥に古い屋敷がぽつんと建っていた。,숲 깊숙한 곳에 오래된 저택이 덩그러니 서 있었다.
育児と仕事の両立は簡単なことではない。,육아와 일을 병행하는 것은 결코 쉬운 일이 아니다.
息子の誕生日にケーキを焼いた。,아들 생일에 케이크를 구웠다.
財宝よりも仲間の命が大事だ。,재보보다도 동료의 목숨이 더 소중하다.
女子バレーの試合を観に行く。,여자 배구 경기를 보러 간다.
祖父の遺産を兄弟で公平に分けることになった。,할아버지의 유산을 형제들끼리 공평하게 나누기로 했다.
彼女は唯美主義の詩集を愛読している。,그녀는 유미주의 시집을 즐겨 읽는다.
この旅館は由緒ある建物で、柱の傷にも歴史がある。,이 료칸은 유서 깊은 건물이라 기둥의 흠집에도 역사가 있다.
彼は業界のトップとして長年君臨してきた。,그는 업계의 정상으로서 오랫동안 군림해 왔다.
机の上を整頓したら、探し物がすぐ見つかった。,책상을 정돈하니 찾던 물건이 금방 나왔다.
地図で現在地の位置を確認した。,지도에서 현재 위치를 확인했다.
軍は敵の本拠地を完全に包囲した。,군은 적의 본거지를 완전히 포위했다.
人類の歴史をたどると、原始の暮らしの痕跡が見えてくる。,인류의 역사를 따라가다 보면 원시 생활의 흔적이 보인다.
ええ、本当に。出会いに感謝ですね。,"네, 정말로요. 만남에 감사하네요."
こんばんは、隣、失礼しますね。,"안녕하세요, 옆자리에 실례하겠습니다."
彼は遅刻ぐせを改めると皆の前で宣言した。,그는 지각 버릇을 고치겠다고 모두 앞에서 선언했다.
祖母が毛糸でマフラーを編んでくれた。,할머니가 털실로 머플러를 떠 주셨다。
家族の存在が心の支えだ。,가족의 존재가 마음의 버팀목이다.
札幌は北緯四十三度付近に位置している。,삿포로는 북위 43도 부근에 위치해 있다.
手紙に写真を同封してしっかり封をした。,편지에 사진을 동봉하고 단단히 봉했다.
歯科で定期検診を予約した。,치과에서 정기 검진을 예약했다.
これで本日の説明は以上です。,이것으로 오늘 설명은 이상입니다.
この件に関して、以後同じミスはしないと誓った。,이 일에 관해서 이후 같은 실수는 하지 않겠다고 맹세했다.
起業には資本だけでなく、人脈も必要だ。,창업에는 자본뿐 아니라 인맥도 필요하다.
試験の前夜、ノートを見直して早めに寝た。,"시험 전날 밤, 노트를 다시 보고 일찍 잤다."
雑誌の付録目当てで、同じ号を二冊買った。,잡지 부록 때문에 같은 호를 두 권 샀다.
古い時計には持ち主の記憶が宿すようだ。,낡은 시계에는 주인의 기억이 깃드는 듯하다.
この軽いスーツケースなら、階段も軽々と運べて、週末旅行に手軽だ。,이 가벼운 여행가방이라면 계단도 가뿐히 들고 다닐 수 있어 주말 여행에 간편하다.
この小説は人間の心の明暗を巧みに描いている。,이 소설은 인간 마음의 명암을 교묘하게 그려낸다.
「人生は旅」という例えが好きだ。,‘인생은 여행’이라는 비유를 좋아한다.
入れ歯を外して洗い、ケースにしまった。,틀니를 빼서 씻고 케이스에 넣었다.
彼女は柳腰で、着物がよく似合う。,그녀는 버들허리라 기모노가 잘 어울린다.
部屋が暗いので、電気をつけてください。,방이 어두우니 불을 켜 주세요.
負けそうになっても最後までファイトだ。,질 것 같아도 끝까지 파이트다.
外がすっかり更けて星がよく見える。,밖이 훤히 깊어져 별이 잘 보인다.
彼はギャンブルにのめり込み、多額の借金を作った。,그는 도박에 빠져 거액의 빚을 졌다.
市場には類似した製品が溢れている。,시장에는 유사한 제품이 넘쳐나고 있다.
制服の肩章には階級が一目で分かるように印が付いている。,제복의 견장에는 계급이 한눈에 알 수 있도록 표시가 되어 있다.
もしかしたらこの企画は海外のほうが受ける可能性が高い。,어쩌면 이 기획은 해외에서 더 먹힐 가능성이 높아.
新製品を試作して、手触りと強度を確かめた。,신제품을 시제품으로 만들어 촉감과 강도를 확인했다.
人生には苦楽がつきものだ。,인생에는 고락(괴로움과 즐거움)이 따르기 마련이다.
先生に宛てるメールの文面を何度も書き直した。,선생님께 보낼 이메일 문장을 여러 번 고쳐 썼다.
桜のつぼみが少しずつ膨らんできた。,벚꽃 봉오리가 조금씩 부풀어 오르기 시작했다.
夜中に激しい嵐が来て、窓が大きく揺れた。,한밤중에 거센 폭풍이 몰아쳐 창문이 크게 흔들렸다.
この番組では環境問題を中心に扱っている。,이 프로그램에서는 환경 문제를 중심으로 다루고 있다.
台風が近づいて気圧が急に下がった。,태풍이 다가와 기압이 급격히 떨어졌다.
稀に見る才能の持ち主として、その新人作家は注目を集めている。,"보기 드문 재능의 소유자로서, 그 신인 작가는 주목을 모으고 있다."
部屋が散らかっていてとても不潔に見える。,방이 어질러져 있어서 아주 불결해 보인다.
岩の裂け目から冷たい風が吹き上がってきた。,바위의 갈라진 틈에서 차가운 바람이 불어올라왔다.
山の輪郭が朝日にくっきり浮かび上がった。,산의 윤곽이 아침 햇살에 또렷이 떠올랐다.
娘の成長を祝って、家族で桃の節句の飾りを出した。,딸아이의 성장을 축하하며 가족이 함께 복숭아 절기 장식을 꺼냈다.
多くの辛苦を乗り越えて、彼はようやく夢を叶えた。,많은 신고를 이겨 내고 그는 마침내 꿈을 이루었다.
彼の証言にはまだ多くの疑惑が残っている。,그의 증언에는 아직 많은 의혹이 남아 있다.
二人は永遠の愛を契り、静かな教会で指輪を交わす。,"두 사람은 영원한 소망을 언약하며, 조용한 교회에서 반지를 교환한다."
初対面の相手と固く握手を交わした。,첫 대면한 상대와 굳게 악수를 나누었다.
彼はこの作品の構成に相当な苦心をしたらしい。,그는 이 작품의 구성을 위해 상당한 고심을 한 듯하다.
「角を矯めて牛を殺す」とは、欠点を直そうとして全体をダメにすることだ。,"'뿔을 바로잡으려다 소를 죽인다(교각살우)'는, 결점을 고치려다 전체를 망친다는 뜻이다."
自動販売機で冷たい飲料を一本買って、一気に飲み干した。,자판기에서 차가운 음료를 한 병 사서 단숨에 마셔 버렸다.
博物館で縄文時代の土器を観察した。,박물관에서 조몬 시대의 토기를 관찰했다.
山の上では冷たい気流が吹き抜けていた。,산 위에는 차가운 기류가 불어 지나가고 있었다.
階段を駆け上がったせいで息が苦しい。,계단을 뛰어 올라갔더니 숨이 가쁘다.
結局最後まで本音を言えなかったことを、少し後悔している。,결국 끝까지 속마음을 말하지 못한 걸 조금 후회하고 있어.
話の切れ目でちょうど電車が到着した。,이야기의 끊기는 타이밍에 마침 열차가 도착했다.
彼は握力が強く、リンゴも握りつぶせるらしい。,그는 악력이 강해서 사과도 쥐어 부술 수 있다고 한다.
名人戦の棋譜を並べて一手一手を研究する。,명인전 기보를 펼쳐 한 수 한 수를 연구한다.
彼には身寄りがなく、施設で暮らしている。,그는 의지할 친척이 없어 시설에서 지내고 있다.
締め切りが一週間延びると聞いて、私は少しだけ肩の力が抜けた。,마감이 일주일 연장된다는 말을 듣고 나는 조금 안도했다.
信頼は一朝一夕には築けない。,신뢰는 하루아침에 쌓이지 않는다.
これは今までのデータを総合した結果です。,이것은 지금까지의 데이터를 종합한 결과입니다.
この学校では制服と時間厳守が大切な規律となっている。,이 학교에서는 교복과 시간 엄수가 중요한 규율이다.
彼は家族に見守られながら静かに最期を迎えた。,그는 가족의 지켜봄 속에서 조용히 최후를 맞이했다.
授業中によく空想の世界に飛んでいく。,수업 중에 자주 공상 세계로 날아가 버린다.
ふと立ち寄った本屋で、人生を変える一冊に出会った。,문득 들른 서점에서 인생을 바꿀 한 권을 만났다.
雪の影響で各線に大幅な遅延が発生している。,눈의 영향으로 각 노선에 큰 지연이 발생하고 있다.
この三日間で延べ一万人がフェスティバルに来場した。,이 사흘 동안 연인원 만 명이 페스티벌을 찾았다.
この国の沿海部には、巨大な風力発電所がいくつも建設されている。,이 나라 연해 지역에는 거대한 풍력 발전소가 여럿 지어져 있다.
困難な道こそ、しばしば目的地へ通じる。,"어려운 길이야말로, 종종 목적지로 통한다. - 성 베르나르"
偶数のページに名前を書いてください。,짝수 쪽에 이름을 써 주세요.
つい余計な一言を言ってしまって、場の空気を悪くした。,나도 모르게 쓸데없는 말을 해서 분위기를 싸하게 만들었어.
習慣は第二の天性である。,습관은 제2의 천성이다. - 아리스토텔레스
伝統を貴ぶ心を忘れてはならない。,전통을 귀히 여기는 마음을 잊어서는 안 된다.
夏休みを利用して短期留学を計画している。,여름방학을 이용해서 단기 유학을 계획하고 있다.
彼はその権利を自ら放棄した。,그는 그 권리를 스스로 포기했다.
その統計は増加の示しだ。,그 통계는 증가의 징후다.
お手洗いの近くの保安検査を過ぎたところに濾過水の水飲み場があります,화장실 근처 보안 검색대를 지나면 정수된 식수대가 있습니다
事故の状況を、警察にできるだけ詳しく説明した。,사고 상황을 경찰에 가능한 한 자세히 설명했다.
光陰は矢の如しだと感じて、彼は今日一日を大切に過ごした。,세월이 화살 같다고 느끼며 그는 오늘 하루를 소중히 보냈다。
東京行きの特急に乗れば、ここから一時間で着く。,도쿄 행 특급을 타면 여기서 한 시간 만에 도착한다.
あの男の話はどこか怪しいと思う。,저 남자의 이야기는 어딘가 수상하다고 생각한다.
都会暮らしに疲れて、ふと里心がついた。,도시 생활에 지쳐 문득 고향 생각이 났다.
物価高の影響で、鶏卵の価格もじわじわ上がっている。,물가 상승의 영향으로 계란 가격도 조금씩 오르고 있다.
懸賞に応募したら、旅行券が当たった。,현상 이벤트에 응모했더니 여행권이 당첨됐다.
大学のキャンパスは春になると桜でいっぱいになる。,대학교 캠퍼스는 봄이 되면 벚꽃으로 가득 찬다.
医者を志して上京した日のことを、今でも覚えている。,의사를 뜻하며 상경했던 날을 지금도 기억한다.
徳義を重んじる家風だ。,덕의를 중시하는 가풍이다.
映画の監督にインタビューした。,영화 감독을 인터뷰했다.
AIの知能は日々進化し続けている。,AI의 지능은 나날이 진화하고 있다.
昔の官吏の制服が博物館に展示されていた。,옛 관료의 제복이 박물관에 전시되어 있었다.
愛とは、美しいものを生み出し、育むことへの渇望である。,사랑이란 아름다운 것을 낳고 기르는 것에 대한 갈망이다. - 플라톤
私を殺さないものは、私をより強くする。,나를 죽이지 못하는 것은 나를 더 강하게 만든다. - 니체
授業の最後に小テストのクイズが出された。,수업 마지막에 작은 퀴즈가 나왔다.
心で見なくちゃ、ものごとはよく見えないってことさ。かんじんなことは、目に見えないんだよ。,"마음으로 보지 않으면, 사물은 잘 보이지 않아. 중요한 것은 눈에 보이지 않아. - 어린 왕자"
飛行機が雲の上空を静かに飛んでいく。,비행기가 구름 위 상공을 조용히 날아간다.
この道具は使い方を間違えると危ないから、正しく使おう。,"이 도구는 사용법을 잘못하면 위험하니까, 올바르게 쓰자."
この薬はよく利くけれど、眠気が出ることがある。,이 약은 잘 듣지만 졸음이 올 때가 있다.
今年度の決算は見事な黒字となった。,금년도 결산은 훌륭한 흑자를 기록했다.
雨のため野外ライブは来月に延期になった。,비 때문에 야외 공연은 다음 달로 연기되었다.
共有パソコンを返却する前に、ブラウザの閲歴をすべて消去した。,공용 컴퓨터를 반납하기 전에 브라우저 열람 기록을 전부 지웠다.
アパートを引き払って、しばらく友達の家に居候することにした。,아파트를 빼고 한동안 친구 집에 기숙하기로 했다.
十分に睡眠をとると、朝から仕事に取り組む活力が湧いてくる。,충분히 수면을 취하면 아침부터 일에 임할 활력이 솟아난다.
これで私たちの旅も終わりだね。,이걸로 우리 여행도 끝이네.
彼は西洋の歴史や絵画に強い興味を持っている。,그는 서양의 역사와 회화에 강한 흥미를 가지고 있다.
悲観主義者はあらゆる好機の中に困難を見つけるが、楽観主義者はあらゆる困難の中に好機を見つける。,"비관주의자는 모든 기회 속에서 어려움을 찾아내고, 낙관주의자는 모든 어려움 속에서 기회를 찾아낸다. - 윈스턴 처칠"
思春期には自我が芽生え、親との距離感に悩むことも多い。,사춘기에는 자아가 싹트면서 부모와의 거리감에 고민하는 일도 많다.
休日の朝、公園には青空が一面に広がっていた。,"휴일 아침, 공원에는 푸른 하늘이 한가득 펼쳐져 있었다."
空港の出口には、多くの出迎えの家族が並んでいた。,공항 출구에는 마중 나온 가족들이 줄지어 서 있었다.
山岳地帯では天候の変化が激しいので、登山計画は慎重に立てなければならない。,"산악 지대는 날씨 변화가 심해서, 등산 계획을 신중하게 세워야 한다."
あの危険な噂を信じるなんて愚かだ。,그 위험한 소문을 믿다니 어리석다.
祖父母は今も健在で、元気に畑仕事をしている。,조부모님은 지금도 건재하셔서 건강하게 밭일을 하신다.
たき火の煙が目に入って煙い。,모닥불 연기가 눈에 들어와 맵다.
友情は、喜びを倍にし、悲しみを半分にする。,"우정은 기쁨을 두 배로 만들고, 슬픔을 반으로 나눈다. - 프랜시스 베이컨"
寂然とした校庭に風だけが吹く。,쓸쓸한 운동장에 바람만 분다。
AIが小説を書くなんて前代未聞だ。,AI가 소설을 쓰다니 전대미문이다.
愛されることは幸福ではない。愛することこそ幸福だ。,사랑받는 것은 행복이 아니다. 사랑하는 것이야말로 행복이다. - 헤르만 헤세
自分の限界を少しずつ超えることで成長できる。,자신의 한계를 조금씩 넘어서며 성장할 수 있다.
身の回りの小さな変化に気づくことも大切だ。,주변의 작은 변화에 눈치 채는 것도 중요하다.
読み終わった本を棚に戻す。,다 읽은 책을 선반에 도로 꽂는다.
たぶん来年あたりから転職活動を始めると思う。,아마 내년쯤부터 이직 활동을 시작할 것 같아.
きっと努力した分だけ結果はついてくるはずだ。,분명 노력한 만큼 결과는 따라올 거야.
夕食には鳥肉のグリルと野菜サラダを作った。,저녁으로 닭고기 그릴과 야채 샐러드를 만들었다.
上りの電車は、朝はいつも混んでいる。,상행 열차는 아침에는 항상 붐빈다.
自分の短所を理解してこそ、本当に成長できる。,자신의 단점을 이해해야 비로소 진정으로 성장할 수 있다.
過去の失敗を振り返って、次に活かそうと彼は決意した。,그는 과거의 실패를 되돌아보며 다음에 살리기로 결심했다.
この国には多様な民族が共存している。,이 나라에는 다양한 민족이 공존하고 있다.
ライブの終盤で、会場の熱気は絶頂に達した。,라이브 후반부에 공연장 열기는 절정에 달했다.
彼は手綱をしっかり握った。,그는 고삐를 단단히 잡았다.
生きること、それはみずからを燃やすことだ。,"산다는 것, 그것은 스스로를 불태우는 것이다. - 프리드리히 헤벨"
あらゆる解決は、新たな問題を生み出す。,"모든 해결은, 새로운 문제를 낳는다. - 아베 코보"
凡ゆる機会の中に困難があり、凡ゆる困難の中に機会がある。,"모든 기회 속에는 어려움이 있고, 모든 어려움 속에는 기회가 있다. - 아인슈타인"
このアプリは公式に推奨されているので安心だ。,이 앱은 공식적으로 권장되어 있어 안심이다.
施主の要望を図面に反映した。,시주의 요구를 도면에 반영했다.
USBメモリを挿入して、資料をすぐ開けた。,USB 메모리를 꽂아 자료를 바로 열었다.
古い街道沿いには宿場町の面影が残っている。,옛 가도 주변에는 역참 마을의 흔적이 남아 있다.
歴史の授業で江戸時代の政治について学んだ。,역사 수업에서 에도 시대의 정치에 대해 배웠다.
桑の葉を摘んでいると、指先が青く染まる。,뽕나무 잎을 따고 있으면 손끝이 푸르게 물든다.
内申書の内容が志望校の判定に影響すると聞いた。,내신서 내용이 지망 학교 판정에 영향을 준다고 들었다.
彼は翌朝、警察に自首した。,그는 다음 날 아침 경찰에 자수했다.
昨夜、この近くのコンビニで強盗事件があった。,어젯밤 이 근처 편의점에서 강도 사건이 있었다.
これは特殊な素材でできている。,이것은 특수한 소재로 만들어져 있다.
この家の主は祖父だ。,이 집의 주인은 할아버지다.
あいにく留守にしています。,아쉽게도 부재중입니다.
長年の夢がかなって、胸が喜悦で満たされた。,오랜 꿈이 이루어져 가슴이 환희로 가득 찼다.
地主に地代を払う。,지주에게 지대를 낸다.
彼は時間管理がルーズだ。,그는 시간 관리가 허술하다(루즈하다).
レバーを引くと機械が作動する。,레버를 당기면 기계가 작동한다.
人生とは、自分を見つけることではない。人生とは、自分を創ることである。,인생이란 자신을 찾는 것이 아니다. 인생이란 자신을 창조하는 것이다. - 버나드 쇼
失敗を糧にして、少しずつ成長してきた。,실패를 밑거름 삼아 조금씩 성장해 왔다.
夜遅く食べていたら太ってしまった。,밤늦게 먹다가 살이 쪄 버렸다.
正義とは、各人がそれぞれの役割を果たすことである。,정의란 각자가 자신의 역할을 다하는 것이다. - 플라톤
規制を無視した越境取引が問題になっている。,규제를 무시한 국경 넘는 거래가 문제가 되고 있다.
虚偽の申告をすると罰せられる。,허위 신고를 하면 처벌받는다.
温度が下がると液状だった油が固まり始めた。,온도가 내려가자 액상 상태였던 기름이 굳기 시작했다.
彼はお金にけちだ。,그는 돈에 인색하다.
駅から近い場所に静かな住居を見つけた。,역에서 가까운 곳에 조용한 주거를 찾았다.
彼は敵に対して非常に冷酷だ。,그는 적에 대해 매우 냉혹하다.
大学時代に駅伝の応援に行ったのを覚えている。,대학 시절 역전 마라톤 응원을 갔던 것이 기억난다.
中世には疫病が流行し、多くの人々が命を落とした。,중세에는 역병이 유행해 많은 사람들이 목숨을 잃었다.
会社の理念とプロジェクトの趣旨を説明した。,회사의 이념과 프로젝트의 취지를 설명했다.
問題を解決する手段を皆で考えましょう。,문제를 해결할 수 있는 수단을 모두 함께 생각해 봅시다.
大事なデータはこまめに保存してください。,중요한 데이터는 자주 저장하세요.
火星は地球の隣にある惑星だ。,화성은 지구 옆에 있는 행성이다.
弔いの席では、派手な服装は避けたほうがいい。,추모 자리에서는 화려한 복장은 피하는 게 좋다.
紙面で訂正とお詫びが掲載された。,지면에 정정과 사과가 실렸다.
この荷物は思ったより重たい。,이 짐은 생각보다 무겁다.
初詣で商売繁盛の御利益を祈った。,정초 참배에서 장사 번창의 영험한 은혜를 빌었다.
ゴミの回収日は水曜日です。,쓰레기 수거일은 수요일입니다.
新聞紙で窓ガラスを磨いたら、ピカピカになった。,신문지로 창유리를 닦았더니 반짝반짝해졌다.
彼女はギターを爪弾き、静かな夜に音が溶けた。,그녀가 기타를 퉁겨 조용한 밤에 소리가 스며들었다.
酔った勢いで醜態をさらし、翌朝ひどく後悔した。,술김에 추태를 보이고 다음 날 아침 몹시 후회했다.
夜の校門には守衛が一人立っていた。,밤의 교문에는 수위가 한 명 서 있었다.
夜の廊下で足音が響き、思わず振り返った。,밤 복도에서 발소리가 울려서 무심코 뒤돌아봤다.
発言の意図が食い違うことで議論がこじれた。,발언 의도가 엇갈리면서 논의가 꼬였다.
焦って大事なチャンスを失うな。,서두르다가 중요한 기회를 잃지 마라.
友達と公園で花見をした。,친구들과 공원에서 꽃구경을 했다.
醜さから目を背けず、現実を直視しよう。,추함에서 눈을 돌리지 말고 현실을 직시하자.
貞淑を重んじる価値観が、物語の核になっている。,정숙을 중시하는 가치관이 이야기의 핵이 된다.
会議中に居眠りしてしまった。,회의 중에 깜빡 졸아 버렸다.
幸福な人生の秘訣は、変えられないものを受け入れ、変えられるものを変える勇気を持つことだ。,"행복한 인생의 비결은 바꿀 수 없는 것을 받아들이고, 바꿀 수 있는 것을 바꾸는 용기를 갖는 것이다. - 라인홀트 니부어"
この国の経済は貿易に大きく依存している。,이 나라 경제는 무역에 크게 의존하고 있다.
この地域では狩猟が許可制だ。,이 지역에서는 사냥이 허가제다.
怪物と戦う者は、その過程で自分自身も怪物になることのないように気をつけなくてはならない。,"괴물과 싸우는 자는, 그 과정에서 자기 자신도 괴물이 되지 않도록 조심해야 한다. - 니체"
安易な妥協はかえって問題を大きくする。,안이한 타협은 오히려 문제를 키운다.
店内放送で、忘れ物の確認を促していた。,매장 방송으로 분실물 확인을 권하고 있었다.
授業の後で先生に質問して疑問を解消した。,수업 후 선생님께 질문해 의문을 해소했다.
風に髪が靡いている。,바람에 머리카락이 나부끼고 있다.
新しい政権が独自の外交方針を樹立した。,새 정권이 독자적인 외교 방침을 수립했다.
成功とは、熱意を失わずに失敗を重ねる能力のことだ。,성공이란 열정을 잃지 않고 실패를 거듭하는 능력이다. - 윈스턴 처칠
彼は弓を引く練習をしている。,그는 활을 쏘는 연습을 하고 있다.
精鋭部隊が最前線に投入された。,정예 부대가 최전선에 투입되었다.
この組はクラスの中でも特に仲が良い。,이 조는 반에서도 특히 사이가 좋다.
作文では適切に句読点を打つことが大切だ。,작문에서는 적절히 구두점을 찍는 것이 중요하다.
衛生状態を改善することで多くの病気を防げる。,위생 상태를 개선함으로써 많은 질병을 막을 수 있다.
腹が減って、何でも食う勢いだった。,배가 고파서 뭐든 먹을 기세였다.
その事件と私は一切関係がありません。,그 사건과 저는 일절 관계가 없습니다.
古い黒電話の受話器を耳に当てた。,옛날 다이얼식 전화의 수화기를 귀에 댔다.
要人の護衛には高度な訓練が必要だ。,요인을 호위하려면 고도의 훈련이 필요하다.
このドラマの主役は新人俳優が務めている。,이 드라마의 주연은 신인 배우가 맡고 있다.
原稿の締め切りは来月上旬だ。,원고 마감은 다음 달 상순이다.
そんな高いところに立っていると本当に危ないよ。,그렇게 높은 곳에 서 있으면 정말 위험해.
すべての真の偉大な思考は、歩くことから生まれる。,모든 진정으로 위대한 생각은 걷는 것에서 비롯된다. - 니체
言葉では表せないほどの感動に思わず詠嘆の声を上げた。,말로 표현할 수 없을 만큼 감동해서 절로 찬탄의 소리를 내뱉었다.
この一撃を食らうと、さすがに立てない。,이 한 방을 맞으면(먹으면) 아무리 그래도 못 일어난다.
実に見事なプレゼンで、会場が沸いた。,정말 훌륭한 프레젠테이션이라 회장이 들끓었다.
この電気自動車は一回の充電で走行距離が長い。,이 전기차는 한 번 충전으로 주행거리가 길다.
大阪まで新幹線で往復した。,오사카까지 신칸센으로 왕복했다.
彼女は季節の移ろいを短歌に詠むのが好きだ。,그녀는 계절의 변화를 단가로 읊는 것을 좋아한다.
古い寺では僧侶による荘厳な朗詠が響いていた。,오래된 절에서는 승려의 장엄한 낭송이 울려 퍼졌다.
思想の歴史は、人間の感謝知らずの歴史である。,사상의 역사는 인간의 배은망덕의 역사다. - 알베르 카뮈
新薬が開発されて、患者への影響が心配されている。,신약이 개발되어 환자에게 미칠 영향이 걱정되고 있다.
人気のケーキは午前中で売り切れになってしまった。,인기 케이크는 오전 중에 매진되어 버렸다.
この道は工事中のため通行できません。,이 길은 공사 중이라 통행할 수 없습니다.
不漁が続き、町の経済にも影響が出ている。,어획 부진이 계속되어 마을 경제에도 영향이 나타나고 있다.
夜の病棟は足音だけが響いた。,밤의 병동은 발소리만 울렸다。
自由とは、自己に対する責任である。,자유란 자기 자신에 대한 책임이다. - 니체
忙しいだけでは十分ではない。蟻だって忙しい。問題は、何に忙しいかだ。,바쁘기만 한 것으로는 충분하지 않다. 개미도 바쁘다. 문제는 무엇 때문에 바쁜가이다. - 헨리 데이비드 소로
その言葉は呪縛のように頭から離れなかった。,그 말은 주박처럼 머리에서 떠나지 않았다.
年を重ねるほど、表情に渋さが出てくる。,나이를 먹을수록 표정에 중후함이 배어 나온다.
この資料は貴重なので持ち出し禁止です。,이 자료는 귀중하니 반출 금지입니다.
相続した資金を利殖に回した。,상속한 자금을 이식(재산 증식)에 돌렸다.
彼は営業の第一線で長年活躍してきた。,그는 영업 최일선에서 오랫동안 활약해 왔다.
批判は真摯に甘受し、改善につなげます。,비판은 진지하게 감수하고 개선으로 이어가겠습니다.
早速ご連絡いただき、ありがとうございます。,바로 연락 주셔서 감사합니다.
夕暮れ、寺の鐘が遠くで響いた。,해질녘 절의 종소리가 멀리 울렸다.
選挙後、与党と野党の陣営の温度差が話題になった。,선거 후 여당과 야당 진영의 온도 차이가 화제가 되었다.
神社で籤を引いたら、大吉が出た。,신사에서 제비를 뽑았더니 대길이 나왔다.
自然と共に生きる山村の営みを記録したドキュメンタリーだ。,자연과 함께 살아가는 산촌의 삶의 영위를 기록한 다큐멘터리다.
人間が自由なのは、夢を見ている間だけだ。,인간이 자유로운 것은 꿈을 꾸고 있는 동안뿐이다. - 프리드리히 실러
他人の意見で自分の内なる声を消してはならない。,다른 사람의 의견으로 자신의 내면의 목소리를 지워서는 안 된다. - 스티브 잡스
会場の外には、すでに長い列ができていた。,행사장 밖에는 이미 긴 줄이 서 있었다.
寒い日に汁粉を飲むとほっとする。,추운 날 즙분(시루코)을 마시면 마음이 놓인다.
この小説の結末は秀逸で、思わず唸った。,이 소설의 결말은 뛰어나서 절로 감탄했다.
この書類の手続きがなかなか終わらなくて、本当に厄介だ。,이 서류 절차가 좀처럼 끝나지 않아 정말 성가시다.
新機種は高性能センサーを搭載した。,신기종은 고성능 센서를 탑재했다。
彼は寡黙だが、仕事は誰よりも丁寧だ。,그는 과묵하지만 일은 누구보다도 꼼꼼하다.
この作品は細部までの出来栄えが素晴らしい。,이 작품은 세부까지의 완성도가 훌륭하다.
嫉妬は、魂の腐敗である。,질투는 영혼의 부패다. - 소크라테스
熱いスープも、放っておくとすぐ冷める。,뜨거운 수프도 그냥 두면 금방 식는다.
僧侶たちは厳しい戒律を守って質素な生活を送っている。,승려들은 엄격한 계율을 지키며 검소한 삶을 살고 있다.
誰かのために生きることで、初めて自分自身を生きることができる。,"누군가를 위해 삶으로써, 비로소 자기 자신을 살 수 있다. - 톨스토이"
小さな町も観光地として栄えるようになった。,작은 마을도 관광지로서 번성하게 되었다.
海辺の宿泊施設は窓から夕日が見えた。,해변의 숙박시설은 창문에서 석양이 보였다.
彼女は突然の親切をどこか怪しむような目で見ていた。,그녀는 갑작스러운 친절을 어딘가 의심스러운 눈으로 바라보고 있었다.
師匠から秘伝の技を伝授してもらった。,스승에게 비전의 기술을 전수받았다.
大事なシーンをうっかり見逃してしまった。,중요한 장면을 그만 놓쳐 버렸다.
この町には大型の娯楽施設が少ないので、週末は家で映画を観ることが多い。,"이 마을에는 대형 오락 시설이 적어서, 주말에는 집에서 영화를 보는 일이 많다."
子どもの成長には栄養バランスの取れた食事が欠かせない。,아이의 성장에는 영양이 균형 잡힌 식사가 빠질 수 없다.
参加の有無を今日中に返信してください。,참석 여부를 오늘 안에 회신해 주세요.
彼女のプレゼンは優秀で、質問にも即答した。,그녀의 프레젠테이션은 훌륭했고 질문에도 즉답했다.
図画の時間に、好きな動物の絵を色鉛筆で描いた。,미술 시간에 좋아하는 동물 그림을 색연필로 그렸다.
若い英雄が国を救う物語に胸が熱くなった。,젊은 영웅이 나라를 구하는 이야기에서 가슴이 뜨거워졌다.
都会のアルバイトは忙しいが、時給を考えると割がいいと思う。,도시의 아르바이트는 바쁘지만 시급을 생각하면 수지가 맞는다고 생각한다.
過去に生きるな、未来を夢見るな、現在の瞬間に集中せよ。,"과거에 살지 말고, 미래를 꿈꾸지 말고, 현재의 순간에 집중하라. - 붓다"
二つの自治体는、防災や観光振興を含む包括連携協定を結んだ。,두 자치단체는 방재와 관광 진흥을 포함하는 포괄 연계 협정을 맺었다.
週末は柔道の稽古で汗を流した。,주말엔 유도 연습으로 땀을 흘렸다.
大きな汽船がゆっくりと港を出ていった。,큰 기선이 천천히 항구를 떠나갔다.
夏の合宿で、毎朝早く起きて走った。,여름 합숙에서 매일 아침 일찍 일어나 달렸다.
この国の経済は長年の繁栄を享受してきた。,이 나라는 오랜 기간 번영을 누려 왔다.
検査の結果は幸い陰性だった。,검사 결과는 다행히 음성이었다.
木の陰に入ると少し涼しい。,나무 그늘에 들어가니 조금 시원했다.
予算の関係で計画を少し縮小することになった。,예산 문제로 계획을 조금 축소하게 되었다.
彼の鋭い目付きに圧倒されて、何も言い返せなかった。,그의 날카로운 눈매에 눌려 아무 말도 되받아치지 못했다.
玄関で鍵を挿す手が、緊張で少し震えた。,현관에서 열쇠를 꽂는 손이 긴장으로 조금 떨렸다.
千里の道も一歩から。,천리 길도 한 걸음부터. - 노자
この講座は実務にとって有益だ。,이 강좌는 실무에 유익하다.
渡し舟に乗って、対岸の村へ向かった。,나룻배를 타고 맞은편 마을로 향했다.
事故の影響で、しばらく電車の運転を見合わせております。,사고의 영향으로 한동안 열차 운행을 보류하고 있습니다.
沿岸に艦艇が展開し、警戒が強まった。,연안에 함정이 전개되어 경계가 강화됐다.
独立の気力なき者は、必ず人に依頼す。人に依頼する者は、必ず人を恐る。,독립의 기력이 없는 자는 반드시 남에게 의존한다. 남에게 의존하는 자는 반드시 남을 두려워한다. - 후쿠자와 유키치
咳がひどいので、内科を受診した。,기침이 심해서 내과 진료를 받았다.
早起きして勉強するのは、健康にも良く一石二鳥だ。,일찍 일어나 공부하는 것은 건강에도 좋아 일석이조다.
寒い日は重ね着が基本だ。,추운 날엔 겹쳐 입기가 기본이다.
常に汝の敵を愛せよ。汝の心を悩ますものは彼らである。,항상 너의 적을 사랑하라. 너의 마음을 괴롭히는 자는 그들이기 때문이다. - 니체
会場には凡そ三百人の観客が集まった。,회장에는 대략 삼백 명 정도의 관객이 모였다.
友情に期限はないと思いたい。,우정에는 기한이 없다고 믿고 싶다.
子どもの素直さには本当に感心させられる。,아이의 솔직함에는 정말로 감탄하게 된다.
資料を添付しましたので、ご笑覧ください。,자료를 첨부했으니 검토(웃어 넘기며 봐 달라)해 주세요.
他社の資料の盗用が発覚して謝罪した。,타사 자료의 도용이 발각되어 사과했다。
戦乱で家族と離別し、消息も分からなくなった。,전란으로 가족과 이별해 소식도 알 수 없게 됐다.
机の上には百科が何冊も積んである。,책상 위에는 백과사전이 몇 권이나 쌓여 있다.
肉食のタガメは、水中の小さな生き物を捕食する。,육식성인 물장군은 물속의 작은 생물을 포식한다.
夜更けに浄瑠璃を聴くと、語りの節が胸にしみる。,깊은 밤에 조루리를 들으면 이야기의 가락이 가슴에 스민다.
ベンサムの功利主義は「最大多数の最大幸福」を倫理的判断の基準とする。,벤담의 공리주의는 '최대 다수의 최대 행복'을 윤리적 판단의 기준으로 삼는다.
沖の灯台が霧の中にぼんやり見えた。,바다의 등대가 안개 속에 희미하게 보였다.
昔は田んぼでよくゲンゴロウを見かけたものだ。,옛날에는 논에서 물방개를 자주 보곤 했다.
引っ越してから、生活のリズムがやっと整ってきた。,이사한 뒤로 생활 리듬이 드디어 정돈되기 시작했다.
妻の誕生日に花束をプレゼントした。,아내의 생일에 꽃다발을 선물했다.
両親に感謝の気持ちを伝えたい。,부모님께 감사의 마음을 전하고 싶다.
理科の授業で、水の硬度を測定する実験を行った。,과학 수업에서 물의 경도를 측정하는 실험을 했다.
この結果は間接的に私たちの生活にも影響を与える。,이 결과는 간접적으로 우리 생활에도 영향을 준다.
唯物論の視点から芸術史を読み直した。,유물론 관점에서 예술사를 다시 읽었다.
森の奥から獣のうなり声が聞こえてきた。,숲 깊은 곳에서 짐승의 으르렁거리는 소리가 들려왔다.
霧が町全体を包むように立ちこめている。,안개가 마을 전체를 휩싸듯이 자욱이 끼어 있다.
古い喫茶店の木製の看板が、通りの景色に溶け込んでいる。,오래된 다방의 나무 간판이 거리에 자연스럽게 녹아들어 있다.
最近の中高生は、スマートフォンを器用に使いこなす。,요즘 중고생은 스마트폰을 능숙하게 다룬다.
国民の主権は憲法によって保障されている。,국민의 주권은 헌법에 의해 보장된다.
スーツケースに荷物を詰めて空港へ向かった。,캐리어에 짐을 싸서 공항으로 향했다.
古いクラの中にはまだたくさんの道具が残っている。,옛 창고 안에는 아직도 많은 도구들이 남아 있다.
夜間は出入口を施錠してください。,야간에는 출입구를 잠가 두십시오.
プラスとマイナスの電荷が引き合い、静電気が発生する。,플러스와 마이너스의 전하가 서로 당겨 정전기가 발생한다.
優勝チームの祝賀パーティーがホテルで開かれた。,우승 팀의 축하 파티가 호텔에서 열렸다.
祝日に家族そろってピクニックに出かけた。,공휴일에 가족이 모두 함께 소풍을 나갔다.
油と水はしばらく置くと、きれいに分離する。,기름과 물은 잠시 두면 깨끗이 분리된다.
離れの和室で、客と静かにお茶を飲んだ。,별채의 다다미방에서 손님과 조용히 차를 마셨다.
彼は仕事を辞めて放浪の旅に出た。,그는 일을 그만두고 방랑 여행을 떠났다.
正しく事実を伝えることが大切だ。,사실을 바르게 전하는 것이 중요하다.
駅で落とし物のアナウンスが流れた。,역에서 분실물 안내 방송이 나왔다.
私は、若者に「安定した職業に就きなさい」とは言わない。「不安定な自分に耐えられるようになりなさい」と言う。,"나는 젊은이에게 ""안정된 직업을 가져라""고 말하지 않는다. ""불안정한 자신을 견딜 수 있게 되라""고 말한다. - 오카모토 타로"
病院で放射線技師が丁寧に検査の説明をしてくれた。,병원에서 방사선 기사가 검사를 자세히 설명해 주었다.
人生とは、今日一日のことである。,인생이란 오늘 하루를 말하는 것이다. - 데일 카네기
専業主婦として毎日家事と育児に追われている。,전업주부로서 매일 집안일과 육아에 쫓기고 있다.
彼は克己の精神で誘惑に打ち勝った。,그는 극기의 정신으로 유혹을 이겨 냈다。
激しい砂嵐が視界を遮り、車を進めることができない。,"거센 모래폭풍이 시야를 가려, 차를 앞으로 몰 수 없다."
まさかこんな結果になるとは思わなかった。,설마 이런 결과가 될 줄은 몰랐다.
宗派によって儀式の作法が少し異なる。,종파에 따라 의식 예법이 조금 다르다.
水道橋駅の近くには、大きなドーム球場や遊園地がある。,스이도바시역 근처에는 큰 돔 구장과 유원지가 있다.
靴のひもを、自分で結べるようになった。,신발 끈을 스스로 묶을 수 있게 되었다.
地元の興業を支援するため、新しい工場が建設された。,"지역의 산업 진흥을 지원하기 위해, 새로운 공장이 건설되었다."
戦国時代、大名の力は領地の石高によって評価されていた。,"전국시대, 다이묘의 힘은 영지의 수확량(석고)에 의해 평가되었다."
地方から上京して一人暮らしを始めた。,지방에서 상경해 혼자 살기 시작했다.
徒党を組んで店先にたむろする連中がいた。,패거리를 지어 가게 앞에 어슬렁거리는 무리가 있었다。
彼はがっしりとした体格をしている。,그는 다부진 체격을 하고 있다.
水族館の大きな水槽で魚の群れが泳いでいる。,수족관의 커다란 수조에서 물고기 떼가 헤엄치고 있다.
動物の飼育は専門的な知識が必要だ。,동물의 사육은 전문적인 지식이 필요하다.
彼は事故の唯一の目撃者だった。,그는 사고의 유일한 목격자였다.
プラトンのイデア論は、洞窟の比喩を用いて感覚的世界の不完全さを説く。,플라톤의 이데아론은 동굴의 비유를 사용하여 감각적 세계의 불완전함을 설명한다.
ウィトゲンシュタインは「語りえぬものについては、沈黙しなければならない」と述べた。,"비트겐슈타인은 ""말할 수 없는 것에 대해서는 침묵해야 한다""고 말했다."
クラスの大半がそのイベントに参加した。,반의 태반(대부분)이 그 이벤트에 참가했다.
骨董市で古い銅器を手に取った。,골동품 시장에서 오래된 동기를 손에 들어 보았다.
敵の背後に回り込んで、不意打ちを食らわせた。,적의 배후로 돌아 들어가서 기습을 가했다.
城跡には石垣だけが残り、草が静かに揺れていた。,성터에는 석축만 남아 풀이 조용히 흔들리고 있었다.
全ての作業が予定通りに完了した。,모든 작업이 예정대로 완료되었다.
新しいメンバーを募集しています。,새로운 멤버를 모집하고 있습니다.
あの日見た夕焼きの美しさを、私はきっと永遠に忘れないだろう。,그날 보았던 석양의 아름다움을 나는 아마 영원히 잊지 못할 것이다.
アリストテレスは、中庸こそが徳であり幸福への道であると説いた。,아리스토텔레스는 중용이야말로 덕이며 행복으로 가는 길이라고 역설했다.
この古書店は蔵書が多く、絶版の文学まで揃っている。,이 헌책방은 장서가 많아 절판된 문학까지 갖춰져 있다.
ゲーデル、エッシャー、バッハは、それぞれの分野で自己言及的な「不思議の環」を描き出した。,"괴델, 에셔, 바흐는 각자의 분야에서 자기 언급적인 '이상한 고리'를 그려냈다."
手術の前には、逆性石鹸で念入りに手を洗う。,수술 전에는 역성비누(양이온 비누)로 꼼꼼히 손을 씻는다.
医者に血圧を毎日測るように言われた。,의사에게 혈압을 매일 재라고 들었다.
この薬はごく微量でも効果がある。,이 약은 극미량이라도 효과가 있다.
秋の京都は、燃えるような紅葉で埋め尽くされる。,가을의 교토는 타오르는 듯한 단풍으로 가득 찬다.
伝統を尊ぶ心を忘れない。,전통을 숭상(존중)하는 마음을 잊지 않는다.
申し込みに必要な事項は、こちらの案内にまとめてあります。,신청에 필요한 사항은 이 안내문에 정리되어 있습니다.
契約書の細かい条項まで、弁護士が丁寧に確認した。,변호사가 계약서의 세부 조항까지 꼼꼼히 확인했다.
自嘲気味に笑ってごまかしたが、本当は悔しかった。,자조 섞인 웃음으로 얼버무렸지만 사실은 분했다.
人気チケットの買い占めが問題になった。,인기 티켓의 사재기가 문제가 됐다.
この機械は最新の安全装置を具備している。,이 기계는 최신 안전 장치를 갖추고 있다.
裏路地の賭場に近づくな、と父に言われた。,뒷골목 도박장엔 가까이 가지 말라고 아버지가 말했다.
在庫が過剰になり、倉庫の通路が塞がった。,재고가 과잉이 되어 창고 통로가 막혔다.
彼はかなり強引なやり方で契約をまとめた。,그는 꽤 강압적인 방식으로 계약을 성사시켰다.
ボードリヤールは、現代社会をオリジナルなきコピーである「シミュラークル」が支配する世界と見た。,보드리야르는 현대 사회를 원본 없는 복제인 '시뮬라크르'가 지배하는 세계로 보았다.
世界の貧困問題を解決するのは簡単ではない。,세계의 빈곤 문제를 해결하는 것은 쉽지 않다.
この薬は水に溶けやすい性質がある。,이 약은 물에 잘 녹는 성질이 있다.
太刀を腰に差した侍が、静かに門をくぐった。,허리에 타치(일본식 장검)를 찬 사무라이가 조용히 문을 지나갔다.
古い柱時計が、毎時きっちり音を鳴らす。,오래된 괘종시계가 매 시각 정확히 소리를 낸다.
嵐が近づいてきたので、船は針路を南に変更した。,폭풍이 다가와서 배는 침로(항로)를 남쪽으로 변경했다.
困ったらいつでも私に頼るといいよ。,곤란하면 언제든 나에게 의지해도 돼.
駅付近のホテルを予約した。,역 부근의 호텔을 예약했다.
締め切り前でも確認を怠るとミスが増える。,마감 전이라도 확인을 게을리하면 실수가 늘어난다.
茶の湯に精通した居士が、茶室で静かに客をもてなす。,다도에 정통한 거사가 다실에서 조용히 손님을 대접한다.
茶道では、主客が一体となる瞬間を大切にする。,다도에서는 주인과 손님(주객)이 일체가 되는 순간을 소중히 여긴다.
パノプティコンの構想は、少数の監視者が多数の囚人を効率的に統制するシステムだ。,파놉티콘의 구상은 소수의 감시자가 다수의 죄수를 효율적으로 통제하는 시스템이다.
教授にメールして、研究計画を相談した。,교수에게 메일을 보내 연구 계획을 상의했다.
校訓は質実剛健で、飾らず真面目な生徒が多い。,"교훈은 질실강건(검소하고 씩씩함)이라, 꾸밈없고 성실한 학생이 많다."
彼は小声でぶつぶつ文句を言っている。,그는 작은 목소리로 투덜투덜 불평하고 있다.
犯人は恐ろしい形相で、警察官を睨みつけた。,범인은 무서운 형상으로 경찰관을 노려보았다.
宗教の違いを尊重する姿勢が求められる。,종교의 차이를 존중하는 태도가 요구된다.
優秀な研究者に賞が授与された。,우수한 연구자에게 상이 수여되었다.
旅先での頼りは、地図アプリと予備バッテリーだ。,여행지에서 믿을 건 지도 앱과 예비 배터리다.
彼は強健な体を生かして登山ガイドとして働いている。,그는 강건한 체력을 살려 등산 가이드로 일하고 있다.
人気アイドルのコンサートチケットは、発売と同時に忽ち売り切れた。,인기 아이돌의 콘서트 티켓은 발매와 동시에 순식간에 매진되었다.
暗闇の中から、悪魔の囁きのような甘い誘惑の声が聞こえた。,어둠 속에서 악마의 속삭임 같은 달콤한 유혹의 목소리가 들려왔다.
ライプニッツのモナド論によれば、世界は窓のない単純実体であるモナドから構成されている。,라이프니츠의 모나드론에 따르면 세계는 창문이 없는 단순 실체인 모나드로 구성되어 있다.
肺活量を測ったら予想より低くて、散歩から始めると決めた。,폐활량을 재 보니 예상보다 낮아서 산책부터 시작하기로 했다.
画学生たちは、モデルの裸体を素早くクロッキー帳に描き留めた。,미대생들은 모델의 나체를 재빠르게 크로키북에 그려 담았다.
橋の設計では、風や地震による応力を計算に入れる。,다리 설계에서는 바람이나 지진에 의한 응력을 계산에 넣는다.
都の条例で、路上喫煙は罰金になることがある。,도(도쿄도)의 조례로 길거리 흡연은 벌금이 될 수 있다.
麻薬の所持は厳しく罰せられる。,마약 소지는 엄하게 처벌받는다.
昨夜は雨の音でなかなか眠れなかった。,어젯밤에는 비 소리 때문에 좀처럼 잠들지 못했다.
急に老けたように見えるが、何かあったのか。,갑자기 늙어 보이는데 무슨 일 있었어?
秋の歩道は、色とりどりの落葉で埋め尽くされていた。,가을의 보도는 형형색색의 낙엽으로 뒤덮여 있었다.
その儀式には古い民俗信仰が色濃く残っている。,그 의식에는 오래된 민속 신앙이 짙게 남아 있다.
川の渡し船に乗り、ゆっくり対岸へ向かった。,강의 나룻배를 타고 천천히 맞은편으로 향했다.
少しくらい汚れていても、私は全然構わない。,조금 더러워져 있어도 나는 전혀 상관없다.
遅れるなら、早めに連絡してくれる？,늦을 거면 미리 연락해 줄래?
彼女の笑みに一抹の不安が混じっていた。,그녀의 미소에는 한 줌의 불안이 섞여 있었다.
万一のために保険に入っておく。,만일을 대비해 보험에 들어 둔다.
貧乏でも笑っていられる日がある。,가난해도 웃을 수 있는 날이 있다.
会議室の空気が淀んでいて、誰も本音を言わない。,회의실 분위기가 정체되어 있어서 아무도 속마음을 말하지 않는다.
彼は独我論的な考えに陥り、他者の存在を疑い始めた。,그는 독아론적인 생각에 빠져 타자의 존재를 의심하기 시작했다.
次は森の入口で地図を広げ、迷わない道順を確認した。,다음에는 숲 입구에서 지도를 펼쳐 길을 잃지 않도록 동선을 확인했다.
地震の直後に停電が起きて、街は真っ暗になった。,지진 직후에 정전이 일어나서 도시는 완전히 암흑이 되었다.
このジャケットは丈夫な合成繊維でできていて、アウトドアに最適だ。,이 재킷은 튼튼한 합성 섬유로 만들어져 야외 활동에 안성맞춤이다.
赤ちゃんのミルク用に、湯冷ましを小瓶に入れて冷蔵庫に置いた。,아기 분유용으로 끓였다 식힌 물(유라마시)을 작은 병에 담아 냉장고에 뒀다.
白い縁取りのあるハンカチを買った。,하얀 테두리가 있는 손수건을 샀다.
江戸時代の末期には、社会の仕組みが大きく変わり始めていた。,에도 시대 말기에는 사회 구조가 크게 변하기 시작하고 있었다.
クラスメートの中で、ユウは一番足が速い。,반 친구들 중에서 유우가 가장 발이 빠르다.
雨で靴下が湿して、気持ち悪い。,비로 양말이 젖어서(축축해져서) 불쾌하다.
冷蔵庫に磁石でメモを貼った。,냉장고에 자석으로 메모를 붙였다.
彼女は好きな歌を小声で口ずさんでいる。,그녀는 좋아하는 노래를 작은 소리로 흥얼거리고 있다.
時間が経てば、心の痛みも少しずつ癒える。,시간이 지나면 마음의 아픔도 조금씩 아문다.
現地の特派員が、緊迫した戦況を伝えている。,현지 특파원이 긴박한 전황을 전하고 있다.
今日は都合が悪いので、明日にしてもいい？,오늘은 사정이 안 좋아서 내일로 해도 될까?
彼の巧みな論法に説得され、契約書にサインした。,그의 교묘한 논법에 설득되어 계약서에 서명했다.
この部品は東南アジアへ輸出している。,이 부품은 동남아시아로 수출하고 있다.
予定が狂うとすぐに不機嫌になる。,계획이 틀어지면 금방 불쾌해진다.
彼は来日してから、日本語の勉強を本格的に始めた。,그는 내일한 뒤로 일본어 공부를 본격적으로 시작했다.
彼は孤立無援の戦場で、最後まで戦い抜いた。,그는 고립무원의 전장에서 마지막까지 싸워 이겼다.
村の古老が戦前の暮らしの様子を語ってくれた。,마을의 노인이 전쟁 전 생활 모습을 들려주었다.
フッサールの現象学は、哲学史に大きな足跡を残した。,후설의 현상학은 철학사에 큰 발자취를 남겼다.
都心のカフェは朝から満席で、席待ちの列ができた。,도심 카페는 아침부터 만석이라 대기 줄이 생겼다.
専門家に鑑定してもらったところ、その壺は本物の骨董品だとわかった。,전문가에게 감정을 받아 보니 그 항아리는 진짜 고미술품이라는 것이 밝혀졌다.
初めて首都を訪れ、地下鉄の路線図に迷った。,처음 수도를 방문해 지하철 노선도에서 길을 잃었다.
雨が激しくなってきたので、ここで車を留めよう。,비가 거세졌으니 여기에서 차를 세우자.
山に雲がかかって、天気が変わりそうだ。,산에 구름이 걸려 날씨가 변할 것 같다.
新しい証拠が裁判を揺すぶり、傍聴席がざわめいた。,새로운 증거가 재판을 뒤흔들어 방청석이 술렁였다.
机の引き出しに、宝物を隠している。,책상 서랍에 보물을 숨겨두고 있다.
彼は写真の世界では完全な玄人だ。,그는 사진 세계에서는 완전한 전문가다.
猫がひなたぼっこをしている。,고양이가 햇볕을 쬐고 있다.
警官は少年を説諭して、保護者に引き渡した。,경찰관은 소년을 훈계(설유)한 뒤 보호자에게 인계했다.
政府の発表は、午後3時に予定されている。,정부 발표는 오후 3시에 예정되어 있다.
転倒して負傷し、救急外来に運ばれた。,넘어져 부상당해 응급 외래로 옮겨졌다.
判決は常識を覆すものだった。,판결은 상식을 뒤엎는 것이었다.
都会で暮らしていても、常に古里の山河を思っている。,도시에 살고 있어도 항상 고향의 산하를 생각하고 있다.
明治政府は欧米に遣外使節団を送り、近代化の手本を学んだ。,메이지 정부는 구미에 연외 사절단을 보내 근대화의 본보기를 배웠다.
都会の夜はネオンがまぶしく、星が見えにくい。,도시의 밤은 네온이 눈부셔 별이 잘 보이지 않는다.
急に帰れない訳ができて、終電を逃した。,갑자기 돌아갈 수 없는 사정이 생겨 막차를 놓쳤다.
無理を続けると、心も体も歪む。,무리를 계속하면 마음도 몸도 뒤틀린다.
家族の写真を壁に飾っている。,가족사진을 벽에 장식해 두었다.
人気俳優の舞台公演のチケットがすぐ完売した。,인기 배우의 무대 공연 티켓이 금방 매진되었다.
女優の妖艶な微笑みに会場がどよめいた。,여배우의 요염한 미소에 회장이 술렁였다.
急な雨で傘を差し、街のネオンが水たまりに滲んだ。,갑작스런 비에 우산을 쓰니 거리의 네온이 웅덩이에 번졌다.
村人たちは山の権現に豊作を祈って、毎年お祭りを開いている。,마을 사람들은 산의 권현에게 풍작을 빌며 매년 축제를 연다.
戦争によって多くの孤児が生まれた。,전쟁으로 인해 많은 고아가 생겼다.
この計画には失敗の虞がある。,이 계획에는 실패의 우려가 있다.
前途は多難でも、挑戦をやめないと決めた。,앞길이 험해도 도전을 멈추지 않기로 결심했다.
町には古くから続く問屋卸商が多い。,마을에는 예부터 이어진 도매상들이 많다.
郊外に新しい貨物駅が建設された。,교외에 새로운 화물역이 건설되었다.
水面に石を投げると、美しい波動が広がっていく。,수면에 돌을 던지면 아름다운 파동이 퍼져 나간다.
悔しさのあまり、夜も眠れずに歯軋りをした。,분함을 이기지 못해 밤에 잠도 못 자고 이를 갈았다.
彼は急に痩せて顔がげっそりしてしまった。,그는 갑자기 살이 빠져 얼굴이 홀쭉해져 버렸다。
駅まで徒歩で十五分だから、雨でも歩く。,역까지 도보 15분이라 비가 와도 걷는다.
床に水をこぼして滑りそうになった。,바닥에 물을 쏟아 미끄러질 뻔했다。
山から霧が垂れ込んで、道の先が見えなくなった。,산에서 안개가 내려와 드리워져 길 앞이 보이지 않게 되었다.
桜は花盛りで、公園は人でいっぱいだった。,벚꽃이 만개해 공원은 사람들로 가득했다.
電気を消し忘れないようにしよう。,전등을 끄는 것을 잊지 않도록 하자.
城の門には足軽たちが交代で見張りについていた。,성문에는 졸병들이 교대로 보초를 서고 있었다.
就職氷河期に社会に出た世代は、ロストジェネレーションと呼ばれている。,"취업 빙하기에 사회에 나온 세대는, 로스트 제너레이션(잃어버린 세대)이라 불린다."
バスに乗っているうちに吐き気がして、窓を開けてもらった。,버스를 타고 있는 사이 메스꺼워져 창문을 열어 달라고 했다.
連休が終わるころには桜も葉桜になっていた。,연휴가 끝날 무렵에는 벚꽃도 이미 잎벚꽃이 되어 있었다.
この地域の耕地の多くが宅地に変わってしまった。,이 지역의 경작지 대부분이 주택지로 바뀌어 버렸다.
雪解けの水で川が増水した。,눈 녹은 물로 강이 불어났다.
工場から臭気が漏れていると苦情が出た。,공장에서 악취가 새어 나온다는 민원이 들어왔다.
駅前に新しいビルが建設中だ。,역 앞에 새 건물이 건설 중이다.
彼は足を大きく開いて股を伸ばして座った。,그는 다리를 크게 벌려 가랑이를 쭉 펴고 앉았다.
玄関に家族の肖像を飾っている。,현관에 가족의 초상화를 걸어 두었다。
あと一歩で勝てたと思うと、本当に悔しい。,한 발짝만 더 했으면 이길 수 있었다고 생각하니 정말 분하다.
玄関で深く息を吐いて、気持ちを切り替えた。,현관에서 깊게 숨을 내쉬며 마음을 다잡았다.
檻の外でも猛獣は目で威嚇してきた。,우리 밖에서도 맹수는 눈으로 위협해왔다.
会議では、増税に賛成の派と反対の派が激しく対立した。,회의에서는 증세에 찬성하는 파와 반대하는 파가 격렬하게 대립했다.
その研究は栄誉ある賞を受け、世界中で注目された。,그 연구는 영예로운 상을 받아 전 세계의 주목을 받았다.
店員は商品のメリットを並べ立てて、客を説得した。,점원은 상품의 장점을 늘어놓으며 손님을 설득했다.
履歴書に経歴を正直に書くのが一番だ。,이력서에 경력을 솔직하게 쓰는 게 최고다.
今年の旅行は、予算の範囲内で無理なく楽しみたい。,올해 여행은 예산 범위 안에서 무리 없이 즐기고 싶다.
怒りに任せて、書類を床に投げ付けた。,화가 나서 서류를 바닥에 내던졌다.
大学の課程を無事に修了した。,대학교 과정을 무사히 마쳤다.
このレストランは雰囲気がとても良い。,이 레스토랑은 분위기가 아주 좋다.
父は日曜大工が好きで、庭に小屋を作っている。,아버지는 주말 목공을 좋아하셔서 정원에 오두막을 짓고 계신다.
列車が遅延し、ホームで人波がざわめいた。,열차가 지연되어 승강장에서 인파가 술렁였다.
この渋滞は、工事による車線規制が原因らしい。,이 정체는 공사에 의한 차선 규제가 원인인 듯하다.
交渉の余地があるなら、見積もりを取り直したい。,협상의 여지가 있다면 견적을 다시 받고 싶다.
物理学の定数は、宇宙の法則を記述するのに不可欠だ。,물리학의 상수는 우주의 법칙을 기술하는 데 필수적이다.
実験データの平均値を算出して、グラフにする。,실험 데이터의 평균값을 산출해서 그래프로 만든다.
彼は説明が上手だから、新人にもすぐ理解させられる。,그는 설명을 잘해서 신입들도 금방 이해시킬 수 있다.
売上を殖やすには、まずリピートを増やす。,매출을 늘리려면 먼저 재구매를 늘려야 한다.
彼女はついに秘密を吐露し、静かに目を伏せた。,그녀는 마침내 비밀을 털어놓고 조용히 눈을 내리깔았다.
彼女は人付き合いが上手で、どんな場でもすぐ打ち解ける。,그녀는 대인관계를 잘해서 어떤 자리에서도 금방 분위기에 녹아든다.
母豚が鳴くと、子豚が一斉に寄ってきた。,어미 돼지가 울면 새끼 돼지들이 한꺼번에 몰려왔다.
心拍数の数値が急に上がっている。,심박수 수치가 갑자기 올라가고 있다.
舞台での音吐朗々たる語りに、客席が静まり返った。,무대에서 울려 퍼지는 낭랑한 낭독에 객석이 숨죽였다.
彼の研究は医療の発展に大きく貢献した。,그의 연구는 의료 발전에 크게 공헌했다.
犬が庭に骨を埋めて、あとで掘り返して遊んでいる。,개가 마당에 뼈를 묻어 두었다가 나중에 파내며 놀고 있다.
北前船は、北海道と大阪を結ぶ交易ルートとして江戸時代の経済を支えた。,키타마에 배는 홋카이도와 오사카를 잇는 교역 루트로서 에도 시대의 경제를 지탱했다.
絶対値を取ると、−3も3になる。,절댓값을 취하면 -3도 3이 된다.
その二つを混同しないように注意しよう。,그 둘을 혼동하지 않도록 주의하자.
朝の湖が霧に煙っていて幻想的だった。,아침 호수가 안개에 자욱이 싸여 몽환적이었다.
コンサートのあと、しばらく耳鳴りが続いた。,콘서트가 끝난 뒤 한동안 이명이 계속되었다.
銀行で約束手形を振り出し、取引先に渡した。,은행에서 약속어음을 발행하여 거래처에 건넸다.
父の諭しは厳しかったが、今では感謝している。,아버지의 훈계는 엄격했지만 지금은 감사하고 있다.
長方形の対角線を引くと、二つの直角三角形ができる。,직사각형의 대각선을 그으면 두 개의 직각삼각형이 생긴다.
家畜の飼料が高騰して、農家は頭を抱えている。,가축 사료가 급등해 농가가 고민에 빠져 있다.
タニガワ君は、クラスで一番足が速い生徒だ。,타니가와 군은 반에서 가장 발이 빠른 학생이다.
医者は患者の眼をじっと見て、症状を説明した。,의사는 환자의 눈을 뚫어지게 바라보며 증상을 설명했다.
彼が努力していることは、現に結果として表れている。,그가 노력하고 있다는 것은 실제로 결과로 나타나고 있다.
姉は中学校の教諭として生徒指導に力を入れている。,언니는 중학교 교사로서 생활지도에 힘을 쏟고 있다.
突然の倒産で、取引先も連鎖的に打撃を受けた。,갑작스런 도산으로 거래처도 연쇄적으로 타격을 받았다.
蝶の羽の模様は、左右対称になっていて美しい。,나비 날개 무늬는 좌우 대칭이라 아름답다.
林業の現場では、安全確認が何より大切だ。,임업 현장에서는 안전 확인이 무엇보다 중요하다.
綿の布団にくるまると、冬の夜でも不思議とぬくもりを感じる。,솜 이불을 뒤집어쓰면 겨울밤에도 왠지 따뜻함이 느껴진다.
この箱には、旅行先で集めた小さな物がぎっしり詰まっている。,이 상자에는 여행지에서 모은 작은 물건들이 빼곡히 들어 있다.
現在の経済状況を踏まえて、出費を見直す必要がある。,현재의 경제 상황을 고려해 지출을 재검토할 필요가 있다.
売上は夏以降、頭打ちになった。,매출은 여름 이후 정체(두드러진 증가가 멈춤)됐다.
現代アートの美術館で、不思議な造形の彫刻を見た。,현대 미술관에서 신기한 조형의 조각을 보았다.
親友の死を悲しみながら、手紙を書いた。,절친의 죽음을 슬퍼하며 편지를 썼다.
川で遊んだあとは、泥のついた足をよく濯いでから帰ろう。,강에서 논 뒤에는 흙이 묻은 발을 잘 헹구고 돌아가자.
山小屋の前で北斗七星を探し、方角を確かめた。,산장 앞에서 북두칠성을 찾아 방향을 확인했다.
資金繰りが尽きて、店は破産した。,자금이 바닥나 가게는 파산했다.
この業界は景気で会社の浮沈が決まる。,이 업계는 경기 상황에 따라 회사의 흥망이 결정된다.
政治の議論は感情的になりやすい。,정치 논의는 감정적으로 흐르기 쉽다.
二十歳になったら、家族でささやかに乾杯しよう。,스무 살이 되면 가족과 소박하게 건배하자。
素数の分布に関する謎は、数学者を魅了し続けている。,소수의 분포에 관한 수수께끼는 수학자들을 계속 매료시키고 있다.
ジェレミー・ベンサムは、囚人が常に監視される刑務所の設計としてパノプティコンを提案した。,제레미 벤담은 죄수가 항상 감시받는 감옥 설계로 파놉티콘을 제안했다.
新生活のために、最低限必要な台所用品だけを買いそろえた。,새 생활을 위해 최소한 필요한 주방용품만 사들였다.
昨夜は雨音を聞きながら、本を読み続けていた。,어젯밤에는 빗소리를 들으며 계속 책을 읽고 있었다.
渋滞を避けるために、少し早めに家を出ることにした。,정체를 피하기 위해 조금 일찍 집을 나서기로 했다.
夏休みが来るのが、今から待ち遠しい。,여름 방학이 오는 것이 지금부터 애타게 기다려진다.
赤と青の旗を交互に並べて飾った。,빨간 깃발과 파란 깃발을 번갈아 늘어놓아 장식했다.
子宝祈願のお守りを授かった。,자식 기원 부적을 받았다.
夏休みに木の工作をして貯金箱を作った。,여름방학에 나무 공작을 해서 저금통을 만들었다.
旅館で草履に履き替えたら、畳の感触が心地よかった。,료칸에서 조리(草履)로 갈아 신으니 다다미 감촉이 좋았다.
祝いの席で彼は斗酒をあおったが、顔色一つ変えなかった。,축하 자리에서 그는 큰 잔으로 술을 들이켰지만 얼굴색 하나 변하지 않았다.
小学生の息子と一緒に漢字の書き取り練習をしている。,초등학생 아들과 함께 한자 받아쓰기를 연습하고 있다.
彼は股関節の手術を受けて、今はリハビリ中だ。,그는 고관절 수술을 받고 지금은 재활 중이다.
病気の素因を調べるために、遺伝子検査を行った。,병의 소인을 알아보기 위해 유전자 검사를 실시했다.
仏教の僧侶は夜明けに、静かな寺院の庭で黙想して座っていた。,불교 승려가 동틀 무렵 고요한 사원 마당에 앉아 명상에 잠겨 있었다.
祖父の家は、広い果樹園の中にある。,할아버지 댁은 넓은 과수원 안에 있다.
彼女は内股で立つ癖を直そうとしている。,그녀는 안짱다리로 서는 버릇을 고치려고 하고 있다.
彼は球を投げるフォームが美しくて、見ていて気持ちがいい。,그는 공을 던지는 폼이 아름다워 보고 있으면 기분이 좋다.
二人は三年前から交際している。,두 사람은 3년 전부터 교제하고 있다.
子宝に恵まれて家がにぎやかになった。,자식을 얻게 되어 집이 떠들썩해졌다.
停電で電気が消え、家族はろうそくを灯した。,정전으로 전기가 꺼져 가족이 촛불을 켰다.
ドアの閉まる音が大きすぎる。,문 닫히는 소리가 너무 크다.
彼は周囲の反対に遭い、四面楚歌の状態だった。,"그는 주위의 반대에 부딪혀, 사면초가의 상태였다."
困っている人を助けるのが、家の誉れだと祖父は言った。,어려운 사람을 돕는 것이 집안의 명예(誉れ)라고 할아버지는 말했다.
製鋼工場では、溶けた鉄が火花を散らしている。,제강 공장에서는 녹은 철이 불꽃을 튀기고 있다.
不祥事の後、彼は地方支社へ左遷された。,비리가 터진 후 그는 지방 지사로 좌천되었다.
最新の機械を使って、金属を精密に切削する。,최신 기계를 사용하여 금속을 정밀하게 절삭한다.
祭りの日、山車が太鼓の音とともに通りを練り歩いた。,"축제 날, 산차(야마)가 북소리와 함께 거리를 행진했다."
"１から１０までの整数の和を計算しなさい。","1부터 10까지의 정수의 합을 계산하시오."
政府は一部の輸入品に対する関税を引き上げた。,정부는 일부 수입품에 대한 관세를 인상했다.
うっかり秘密を漏らしてしまい、みんなを驚かせてしまった。,그만 비밀을 누설해 버려 모두를 놀라게 하고 말았다.
現実に直面して初めて、自分がどれほど守られていたかに気づいた。,현실과 맞닥뜨리고서야 자신이 얼마나 보호받고 있었는지 깨달았다.
祝日は美術館が混むので、朝一で行く。,공휴일에는 미술관이 붐비니 아침 일찍 간다.
二つの組織の間で激しい抗争が続いている。,두 조직 사이에서 격렬한 항쟁이 계속되고 있다.
深夜に廊下から物音がして目が覚めた。,심야에 복도에서 나는 소리에 잠에서 깼다.
こちらは殿方用の浴衣でございます。,이쪽은 남성용 유카타입니다.
友達にお菓子を半分あげる。,친구에게 과자를 반 준다.
彼は公団住宅に一人で暮らしている。,그는 공단 주택에서 혼자 살고 있다.
曇天の下、グラウンドで黙々と練習が行われていた。,흐린 하늘 아래 운동장에서 묵묵히 연습이 진행되고 있었다.
戦争で町は荒廃し、人影もほとんどなかった。,전쟁으로 마을이 황폐해져 사람 그림자도 거의 없었다.
日誌に今日の失敗と反省を書き込んだ。,일지에 오늘의 실패와 반성을 적어 넣었다.
国語の授業で、古典文学の一節を暗唱させられて苦労した。,국어 시간에 고전 문학의 한 구절을 암송시키는 바람에 고생했다.
この商品は小売り店では扱っていない。,이 상품은 소매점에서는 취급하지 않는다.
久しぶりに故郷の友人たちと再会した。,오랜만에 고향 친구들과 재회했다.
成功するためには、地道な努力を続けるしかない。,성공하기 위해서는 꾸준한 노력을 계속할 수밖에 없다.
おにぎりを海苔で巻いて、お弁当に入れる。,주먹밥을 김으로 싸서 도시락에 넣는다.
夕暮れの宮殿がライトアップされ、観光客が門の前で写真を撮っていた。,"해질 무렵 궁전이 조명으로 밝혀지고, 관광객들이 문 앞에서 사진을 찍고 있었다."
私たちが主体となって、町を変えていく。,우리가 주체가 되어 마을을 바꿔 나간다.
庭には黄色いチューリップが咲いている。,마당에는 노란 튤립이 피어 있다.
体がだるくて、今日は早く寝る。,몸이 나른해서 오늘은 일찍 잔다.
バイオリンの柔らかな音色が会場を包んだ。,바이올린의 부드러운 음색이 회장을 감쌌다.
友人の結婚を祝して、乾杯の音頭をとった。,친구의 결혼을 축하하며 건배 제의를 했다.
彼は体格が良くて、スーツが映える。,그는 체격이 좋아서 정장이 잘 어울린다.
水やりを忘れて庭の花が枯れてしまった。,물을 주는 것을 잊어서 정원의 꽃이 시들어 버렸다.
彼女の説明は簡潔で明瞭なので、とても分かりやすい。,그녀의 설명은 간결하고 명료해서 매우 이해하기 쉽다.
この資料はもう目的を果たしたので、今となっては無用の長物だ。,이 자료는 이미 목적을 다해서 지금은 쓸모없는 애물단지다.
七つの橋を渡る、長い道のり。,일곱 개의 다리를 건너는 긴 여정.
金融機関のシステム障害でATMが使えなくなった。,금융 기관 시스템 장애로 ATM을 사용할 수 없게 되었다.
青椒肉絲は、ピーマンのシャキシャキとした食感が決め手だ。,칭자오로스는 피망의 아삭아삭한 식감이 결정적이다.
提出期限は来週の金曜日です。,제출 기한은 다음 주 금요일입니다。
被災者への救済が急がれている。,피해자에 대한 구제가 서두르고 있다.
駅前で号外が配られ、人々が群がっている。,역 앞에서 호외(신문)가 배포되어 사람들이 몰려들고 있다.
音楽室で唱歌を歌いながら、発声の基本を先生に直された。,음악실에서 창가를 부르며 발성 기본을 선생님께 교정받았다.
風で書類が部屋中に散乱してしまった。,바람에 서류가 방 안 가득 흩어지고 말았다.
この詩は対句が美しく、読みやすい。,이 시는 대구(대구법)가 아름다워 읽기 쉽다.
彼の態度は冷淡で、質問しても視線すら合わせなかった。,그의 태도는 냉담해서 질문해도 시선조차 마주치지 않았다.
雪がちらと舞い始め、人々は空を見上げた。,눈이 살짝 흩날리기 시작하자 사람들은 하늘을 올려다보았다.
掃除のときは、まず塵取りにゴミを集めてから捨てている。,청소할 때는 먼저 쓰레받기에 먼지를 모은 뒤 버린다.
建設現場に、大量の鋼材がトラックで運び込まれた。,건설 현장에 대량의 강재가 트럭으로 운반되어 왔다.
彼は法廷で宣誓してから証言を始めた。,그는 법정에서 선서한 뒤 증언을 시작했다.
夜中に目が覚めたのに、金縛りで動けなかった。,한밤중에 깼는데 가위눌려 움직일 수 없었다.
川を越すたびに風景が少しずつ変わっていく。,강을 건널 때마다 풍경이 조금씩 변해 간다.
新しい枕に替えたら首が楽になった。,새 베개로 바꾸니 목이 편해졌다.
その扉は鋼鉄で作られており、非常に頑丈だ。,그 문은 강철로 만들어져 있어 매우 튼튼하다.
夜更けに雨戸が鳴り、風の強さを知った。,한밤중에 빗장이 덜컹거려 바람이 세다는 걸 알았다.
若くして大尉に昇進し、彼は部隊の中心的存在となった。,그는 젊은 나이에 대위로 승진해 부대의 중심적인 존재가 되었다.
棚には一対の花瓶が並んでいる。,선반에 한 쌍의 화병이 놓여 있다.
法学部に入学して、初めて刑法の講義を受けた。,법학부에 입학해서 처음으로 형법 강의를 들었다.
兵士は銃を腰だめに構え、油断なく周囲を警戒した。,"병사는 총을 허리춤에 대고 겨누며, 방심하지 않고 주위를 경계했다."
ボールを思いきり蹴飛ばしたら、隣の庭に入ってしまった。,공을 힘껏 걷어찼더니 옆집 마당으로 들어가 버렸다.
床に点々と続く血痕を見て、皆が息を呑んだ。,바닥에 점점이 이어진 혈흔을 보고 모두 숨을 삼켰다.
昔この町は炭坑で栄えていた。,예전에는 이 마을이 탄광으로 번성했었다.
意見が対立して、会議が荒れた。,의견이 대립해서 회의가 거칠어졌다.
田中様、お荷物のお届けです。,"타나카 님, 짐 배달 왔습니다."
彼は会社の古株としてみんなに頼りにされている。,그는 회사의 고참으로서 모두에게 의지가 되고 있다。
社寺巡りのスタンプ帳がもう一冊埋まりそうだ。,신사·절 순례 스탬프북이 벌써 한 권 더 채워질 것 같다.
屋根の銅板に緑青が広がっていた。,지붕의 구리판에 녹청이 퍼져 있었다.
鉛筆を削って、先を尖らせる。,연필을 깎아 끝을 뾰족하게 한다.
幸いなことに、被害者は軽傷で済んだ。,다행히도 피해자는 경상으로 끝났다.
冬に太るのは、運動不足のせいだ。,겨울에 살찌는 건 운동 부족 탓이다.
あのライブは魂を揺さぶるような演奏だった。,그 라이브 공연은 영혼을 뒤흔드는 연주였다.
このエサは魚の好餌になりそうだ。,이 먹이는 물고기의 좋은 미끼가 될 것 같다.
雪山の朝は崇高な静けさに包まれる。,설산의 아침은 숭고한 고요에 감싸인다.
冬、こたつに入ってみかんを食べるのは、日本の冬の風物詩だ。,"겨울, 코타츠에 들어가 귤을 먹는 것은 일본 겨울의 풍물시다."
今月の三日は予定が入っているから、別日にしよう。,이번 달 3일은 일정이 있어서 다른 날로 하자.
面接では自己紹介を簡潔にまとめることが大切だ。,면접에서는 자기소개를 간결하게 정리하는 것이 중요하다。
毎日少しずつ努力を重ねた結果、合格をつかんだ。,매일 조금씩 노력을 쌓은 결과 합격을 거머쥐었다.
休日は惰眠をむさぼってしまった。,휴일에는 늦잠을 실컷 자 버렸다.
医者に言われたとおりに、薬を食後三回きちんと飲むようにしている。,의사가 말한 대로 식후에 하루 세 번 꼬박꼬박 약을 먹고 있다.
工場の排水で川が汚染され、魚が減った。,공장 폐수로 강이 오염되어 물고기가 줄었다.
文化交流で両国の友好が深まった。,문화 교류로 양국의 우호가 깊어졌다.
その古びた監獄は、今は歴史博物館として開放されている。,그 낡은 감옥은 지금은 역사 박물관으로 개방되어 있다.
右手を怪我してしまい、しばらくは箸もうまく持てない。,오른손을 다쳐서 한동안 젓가락도 제대로 잡지 못한다.
堕落した生活に慣れると、戻るのが怖い。,타락한 생활에 익숙해지면 돌아가는 게 두렵다.
彼は権力に酔わず、現場の声を最優先にした。,그는 권력에 취하지 않고 현장의 목소리를 최우선으로 했다.
誤って落として、ガラスの皿が床で砕けてしまった。,잘못 떨어뜨려서 유리 접시가 바닥에서 산산이 부서졌다.
吹奏楽部で私はクラを担当している。,취주악부에서 나는 클라리넷 파트를 맡고 있다.
寒冷地では配管が凍らないよう対策が必要だ。,한랭지에서는 배관이 얼지 않도록 대책이 필요하다.
駅で友達を見逃してしまって、すれ違った。,역에서 친구를 못 알아보고 지나쳤다.
長い交渉がようやく妥結した。,긴 협상이 마침내 타결됐다.
病気の母を支えたいという孝心から彼は実家に戻った。,아픈 어머니를 돕고 싶다는 효심에서 그는 본가로 돌아왔다.
紙を四角に折って、角をきっちり合わせてね。,"종이를 네모로 접고, 모서리를 딱 맞춰."
新商品のデザートを試してみた。,신상품 디저트를 먹어보았다.
スーツをクリーニングに出したら、とてもきれいになった。,정장을 드라이클리닝에 맡겼더니 아주 깨끗해졌다.
差別は唾棄すべき行為だ。,차별은 반드시 배척해야 할 행위다.
雨上がりの紫陽花の上を、蝸牛がゆっくり這っている。,비 갠 뒤 수국 위를 달팽이가 천천히 기어가고 있다.
ジャングルを猛虎が音もなく歩いていた。,정글을 맹호가 소리 없이 걷고 있었다.
親友にだけ、弱音を打ち明けた。,절친에게만 속마음을 털어놓았다.
彼女は海外で働く決意を固めた。,그녀는 해외에서 일하겠다는 결심을 굳혔다.
遅刻しそうなのに、彼は悠々と歩いてきた。,지각할 것 같은데도 그는 유유히 걸어왔다.
古い人形を供養するために寺へ持って行った。,오래된 인형을 공양(위령)하려고 절에 가져갔다.
週末は人手が足りず、店が回らない。,주말엔 일손이 부족해 가게가 돌아가지 않는다.
円安は家計に大きな打撃を与えた。,엔저는 가계에 큰 타격을 줬다.
この問題については、専門家の見解を聞きたい。,이 문제에 대해서는 전문가의 견해를 듣고 싶다.
チームには俊才が揃っていて、議論が速い。,팀에는 준재가 모여 있어 토론이 빠르다.
明日は早起きして、山へ写真を撮りに行こう。,"내일은 일찍 일어나서, 산으로 사진을 찍으러 가자."
縁側で種を飛ばしながら、冷えたスイカを食べる。,툇마루에서 씨를 뱉으며 차가운 수박을 먹는다.
動画を見ていて夜更かししてしまった。,동영상을 보다가 밤을 새워 버렸다.
赤外線は、人間の目には可視化できない光だ。,적외선은 인간의 눈에는 시각화할 수 없는 빛이다.
週末は人が多くて、店に入れなかった。,주말엔 사람이 많아서 가게에 못 들어갔다.
海外では生水を避けて、必ずボトルを買う。,해외에서는 생수를(수돗물 같은) 그대로 마시지 않고 반드시 병을 산다.
昔の話で盛り上がり、つい夜を更かしてしまった。,옛날 이야기로 떠들다 보니 그만 밤을 새워 버렸다.
買い物の序でに、図書館に本を返しに寄った。,장 보는 김에 도서관에 들러 책을 반납했다.
野生の手負いの狼が獲物に食らい付く。,야생의 상처 입은 늑대가 사냥감에 물고 늘어진다.
鍋から食み出すほど大きな蟹を茹でる。,냄비에서 삐져나올 정도로 큰 게를 삶는다.
湖の水面に、燃えるような紅葉が鮮やかに映り込む。,호수 수면에 불타는 듯한 단풍이 선명하게 비친다.
彼は自他ともに認める努力家だ。,그는 자신도 남도 인정하는 노력가다.
フィルム写真を現像して、アルバムにまとめた。,필름 사진을 현상해서 앨범으로 정리했다。
県庁の前で市民団体が集会を開いた。,현청 앞에서 시민 단체가 집회를 열었다.
テーブルをもう一台追加してください。,테이블을 한 대 더 추가해 주세요.
市民の声を集めて、条例案を練り直した。,시민의 목소리를 모아 조례안을 다시 다듬었다.
台風が接近しているので早めに帰宅した。,태풍이 접근 중이라 일찍 귀가했다.
その店は冷やかしお断り、と張り紙がしてあった。,그 가게에는 ‘구경만 사절’이라고 붙여 놓았다.
七転び八起き、失敗しても諦めずに挑戦し続ける。,"칠전팔기, 실패해도 포기하지 않고 계속 도전한다."
机の上が雑多で、探し物が見つからない。,책상 위가 잡다해서 찾는 물건이 안 보인다.
南の島でハンモックに揺られ、楽に過ごす。,남쪽 섬에서 해먹에 흔들리며 편안하게 지낸다.
他は気にせず、自分のペースでやりな。,"남은 신경 쓰지 말고, 자기 페이스로 해."
これの他に、予備の鍵が二つあります。,이것 말고도 예비 열쇠가 두 개 있어요.
実家から郵便が届いた。,본가에서 우편이 도착했다.
地殻の隆起で海岸線が持ち上がった。,지각의 융기로 해안선이 들어 올려졌다.
遅刻した理由を聞かれて、正直に寝坊だと答えた。,지각한 이유를 물어서 솔직히 늦잠이라고 답했다.
彼女の能力は高いが、慢心せず学び続けている。,그녀의 능력은 뛰어나지만 자만하지 않고 계속 배우고 있다.
水やりを忘れていたせいで、ベランダの植物が枯れてしまった。,물 주는 것을 잊어버린 탓에 베란다의 식물이 말라버렸다.
塩を少しだけ入れてください。,소금을 조금만 넣어 주세요.
このホテルは、従業員の待遇が良いことで評判だ。,이 호텔은 직원의 대우가 좋기로 평판이 나 있다.
書き留めた詠草を整理し、自分だけの歌集を作る。,적어둔 시의 초안(영초)을 정리해 나만의 가집을 만든다.
彼は考古の分野で知られた教授だ。,그는 고고 분야에서 알려진 교수이다.
彼のワイン作りの技は、長年の経験によって円熟の域に達している。,그의 와인 제조 기술은 다년간의 경험으로 원숙한 경지에 이르렀다.
伯母は町内会のまとめ役で、顔が広い。,백모는 동네 모임을 이끄는 사람이라 인맥이 넓다.
台風の影響で、関東一円に大雨警報が発令された。,태풍의 영향으로 간토 일대에 호우 경보가 발령되었다.
このスマホは次の世代の通信規格に対応している。,이 스마트폰은 다음 세대 통신 규격을 지원한다.
運動すると代謝が上がって体が温まる。,운동하면 대사가 올라 몸이 따뜻해진다.
大切な仲間に囲まれている彼は本当に幸せな人だ。,소중한 동료들에게 둘러싸인 그는 정말 행복한 사람이다.
この古い椅子を新しいのに代える。,이 낡은 의자를 새것으로 바꾼다.
この犬は思ったより大きい。,이 개는 생각보다 크다.
夜の湖は静穏で、波一つ立っていなかった。,밤의 호수는 고요해서 물결 하나 없었다.
盲腸の手術跡を見せながら、入院生活の話をする。,맹장 수술 자국을 보여주며 입원 생활 이야기를 한다.
彼は成功のために大いに努力した。,그는 성공을 위해 크게/많이 노력했다.
西の空に黒い雨雲が広がってきたので、急いで洗濯物を取り込んだ。,서쪽 하늘에 검은 비구름이 끼기 시작해 급히 빨래를 걷어 들였다.
式典で誓詞が読み上げられ、会場が引き締まった。,식전에서 선서문이 낭독되어 회장이 엄숙해졌다.
季節が代わると空気の匂いも変わる。,계절이 바뀌면 공기 냄새도 달라진다.
彼女は出かける前にお気に入りの香水をつけた。,그녀는 나가기 전에 좋아하는 향수를 뿌렸다.
洞窟の奥から巨大な竜が動き出た。,동굴 깊은 곳에서 거대한 용이 움직여 나왔다.
夏の夜、天の川がくっきり見える場所まで車で行った。,"여름 밤, 은하수가 선명히 보이는 곳까지 차로 갔다."
友達の家に行くときは、手土産にお菓子を持っていく。,친구 집에 갈 때는 선물로 과자를 가져간다.
都合が悪くなると、彼はすぐに惚けて知らないふりをする。,형편이 나빠지면 그는 금세 시치미를 떼고(보케루) 모르는 척을 한다.
その贈り物は手作りのマフラーで、心まで温かくなった。,그 선물은 손뜨개 목도리여서 마음까지 따뜻해졌다.
机の引き出しから、昔の恋人からの文を見つけた。,책상 서랍에서 옛 연인이 보낸 편지(후미)를 발견했다.
祖父は若いころ鉱山で働いていた。,할아버지는 젊었을 때 광산에서 일하셨다.
この型に生地を流し込んでケーキを焼きます。,이 틀에 반죽을 부어서 케이크를 구웁니다.
世界的な不況で景気の後退が続いている。,세계적인 불황으로 경기 후퇴가 계속되고 있다.
医者に塩分を控えるように言われた。,의사가 소금 섭취를 줄이라고 했다.
不正行為は厳しく処罰される。,부정행위는 엄중히 처벌된다.
ホテルは大通りに面していて便利だ。,호텔이 큰길(대로)에 면해 있어 편리하다.
この店は大型の冷蔵庫を扱っている。,이 가게는 대형 냉장고를 취급한다.
古い図書館で魔法の本を見つけた。,낡은 도서관에서 마법의 책을 발견했다.
合格者には翌日、免許証が交付される。,합격자에게는 다음 날 면허증이 교부된다.
新人とは思えない力量で、交渉をまとめ上げた。,신입이라고 믿기지 않을 힘(역량)으로 협상을 마무리했다.
台風の後で川が大水になった。,태풍 뒤에 강이 큰물(홍수)이 났다.
職人の手に染み付いた油が輝いている。,장인의 손에 깊이 밴 기름이 빛나고 있다.
そんなに心配するほど大した問題じゃないよ。,그렇게 걱정할 만큼 대단한 문제는 아니야.
この生物の形態は環境によって変化する。,이 생물의 형태는 환경에 따라 변화한다.
再三お願いしたのに、まだ提出していないの？,여러 번 부탁했는데 아직도 제출 안 했어?
伯父は厳しいけれど、困ると必ず助けてくれる。,백부는 엄격하지만 곤란할 때 꼭 도와준다.
彼は高校サッカーチームのコーチをしている。,그는 고등학교 축구팀 코치를 맡고 있다.
タバコの15番をお願いします。,담배 15번을 부탁합니다.
その評論は辛辣だが、的を射ているところもある。,그 평론은 신랄하지만 핵심을 찌르는 부분도 있다.
秋になると、栗ご飯やモンブランなど、栗を使った料理が食べたくなる。,가을이 되면 밤밥이나 몽블랑 등 밤을 사용한 요리가 먹고 싶어진다.
彼の主張は道理に適っており、誰も反論できなかった。,그의 주장은 도리에 맞아 아무도 반론할 수 없었다.
この地域は一年を通して気候が温暖だ。,이 지역은 일 년 내내 기후가 온난하다.
新王の戴冠式が大聖堂で行われた。,신왕의 대관식이 대성당에서 열렸다.
毎日同じ机に腕が擦れて、袖が薄くなった。,매일 같은 책상에 팔이 쓸려 소매가 얇아졌다.
台所のシンクをピカピカに磨いた。,부엌 싱크대를 반짝반짝하게 닦았다.
卒業式の日、君の涙が夕日に光った。,"졸업식 날, 너의 눈물이 석양에 빛났다."
短波ラジオで、海外の放送を受信した。,단파 라디오로 해외 방송을 수신했다.
時計の針が、ゆっくりと進む。,시곗바늘이 천천히 나아간다.
斬新なデザインで話題になった。,참신한 디자인으로 화제가 되었다.
出張で三日間東京に滞在した。,출장으로 3일간 도쿄에 체류했다.
五月には、鯉のぼりを飾る。,"5월에는 코이노보리를 장식한다."
彼は優れた審美眼を持ち、本物の骨董品を見抜く。,그는 뛰어난 심미안을 가져 진품 골동품을 알아본다.
漢字の書き取りテストで、難しい四字熟語を答える。,한자 받아쓰기 시험에서 어려운 사자성어를 답한다.
大統領は厳重な護衛に守られて移動した。,대통령은 엄중한 호위를 받으며 이동했다.
大雨で川が増水し、近くの公園が一面水浸しになってしまった。,폭우로 강물이 불어나 근처 공원이 온통 물에 잠겨 버렸다.
台風が近づいていると聞いて、祖父母の家の雨戸を全部閉めた。,태풍이 가까이 오고 있다는 말을 듣고 조부모 댁의 비바람막이문을 모두 닫았다.
倉庫に滞貨が積み上がり、在庫が回らない。,창고에 체화(팔리지 않는 재고)가 쌓여 재고가 돌지 않는다.
寒い風を防ぐため、厚手のジャンパーを着て出かける。,추운 바람을 막기 위해 두꺼운 점퍼를 입고 외출한다.
部屋の一隅に小さな読書コーナーを作った。,방 한구석에 작은 독서 코너를 만들었다.
冷蔵庫にメモを貼るのに磁石を使った。,냉장고에 메모를 붙이려고 자석을 사용했다.
彼の様子がいつもと違う。,그의 상태(모습)가 평소와 다르다.
瀬戸内海の穏やかな海を、フェリーがゆっくりと進む。,세토 내해의 온화한 바다를 페리가 천천히 나아간다.
軍隊が国境付近で訓練を行っている。,군대가 국경 근처에서 훈련을 하고 있다.
通訳が入ると、会議の緊張が少し和らいだ。,통역이 들어가자 회의의 긴장이 조금 누그러졌다.
お巡りさんに道を聞いたら、丁寧に案内してくれた。,경찰 아저씨에게 길을 물었더니 친절히 안내해 줬다.
生活費のために、大切な着物を質に入れた。,생활비를 위해 소중한 기모노를 전당포(시치)에 맡겼다.
大学で工学の学科を選択し、ロボット技術を学ぶ。,대학에서 공학 학과를 선택해 로봇 기술을 배운다.
北海道産のメロンは、甘くてとても美味しい。,홋카이도산 멜론은 달고 매우 맛있다.
記者たちが事故現場で取材を行った。,기자들이 사고 현장에서 취재를 했다.
幽霊船を見て、彼は正気を失いかけた。,유령선을 보고 그는 제정신을 잃을 뻔했다.
東京経由で行くと、乗り換えは一回で済む。,도쿄 경유로 가면 환승은 한 번이면 된다.
工事のため、明日の午前９時から午後５時まで断水となります。,"공사로 인해, 내일 오전 9시부터 오후 5시까지 단수됩니다."
同じミスを繰り返さないよう、しっかりとメモを取る。,같은 실수를 되풀이하지 않도록 꼼꼼하게 메모를 한다.
言葉を、一つ一つ大切に話す。,말을 하나하나 소중히 하다.
体育祭の前日で教室が騒ぎになり、先生が苦笑いした。,체육대회 전날이라 교실이 소란스러워져 선생님이 씁쓸하게 웃었다.
苦楽を共にした仲間と、成功の喜びを分かち合う。,고락을 함께한 동료와 성공의 기쁨을 나눈다.
列車の行き先は誰も知らない雪国だった。,열차의 목적지는 아무도 모르는 설국이었다.
猛暑の太陽の下で、頭がくらくらする。,폭염의 태양 아래에서 머리가 어질어질하다.
売上は前年より十パーセント増加した。,매출은 전년보다 10퍼센트 증가했다.
このプロジェクトの主任は入社十年目の社員だ。,이 프로젝트의 주임은 입사 10년 차 사원이다.
これぞ我が人生の転機なり。,이것이야말로 내 인생의 전환점이로다.
高温多湿の場所を避け、直射日光の当たらない涼しい所に保管してください。,"고온 다습한 장소를 피하고, 직사광선이 닿지 않는 서늘한 곳에 보관하십시오."
この店は「貸し」ができないので先に払ってください。,이 가게는 외상(빌려주는 것)이 안 되니 먼저 결제해 주세요.
旅行前に空港で少しだけ両替した。,여행 전에 공항에서 조금만 환전했다.
地軸が傾いているから季節が生まれる。,지축이 기울어져 있어서 계절이 생긴다.
雨上がりの紫陽花に、小さな蝸牛が這っている。,비 그친 뒤의 수국에 작은 달팽이가 기어가고 있다.
朝霧の中の林は静かで、鳥の声だけが響いた。,아침 안개 속의 숲은 고요해 새소리만 울렸다.
駅前の賃貸マンションを内見しに行った。,역 앞 임대 맨션(원룸)을 보러 갔다.
十二月には、クリスマスツリーを飾る。,"12월에는 크리스마스트리를 장식한다."
面接の前に、想定質問を練習して声の調子を整えた。,면접 전에 예상 질문을 연습하며 목소리 톤을 정리했다.
彼は航空自衛隊の一尉として若い隊員たちを指導している。,그는 항공자위대의 일위로서 젊은 대원들을 지도하고 있다.
困っている友だちに傘を貸すことにした。,곤란해하는 친구에게 우산을 빌려주기로 했다.
京都の秋は、紅葉を見に来る観光客で賑わう。,교토의 가을은 단풍을 보러 오는 관광객으로 붐빈다.
この電話で、テイクアウトの注文をすることはできますか。,이 전화로 테이크아웃 주문을 할 수 있나요.
書類を束にして、クリップで留めておいて。,서류를 한 묶음으로 해서 클립으로 집어 둬.
レジでお会計をお願いします。,계산대에서 계산을 부탁합니다.
気持ちをオンに切り替えて、仕事に集中する。,마음을 켜짐(ON) 상태로 전환하여 일에 집중한다.
母は早起きして、家族のために毎日弁当を作る。,어머니는 일찍 일어나 가족을 위해 매일 도시락을 만드신다.
山道の先に霊屋があり、手を合わせて通り過ぎた。,산길 끝에 영옥(영묘)이 있어 합장하고 지나갔다.
海士は潮の流れを読み、静かに潜っていった。,해사(남성 잠수 어부)는 조류를 읽고 조용히 잠수해 들어갔다.
その詩人は静かな言葉で戦争を告発した。,그 시인은 조용한 말로 전쟁을 고발했다.
祖母の逮夜で、親族が静かに線香を手向けた。,할머니의 다야(첫날 밤 조문)에서 친족이 조용히 향을 올렸다.
古い車を騙し騙し運転して山を越える。,낡은 자동차를 달래가며 운전해 산을 넘는다.
彼はSNSで筋肉の露出を増やして注目を集めた。,그는 SNS에서 노출을 늘려 주목을 끌었다.
今回のドラマの主演は人気若手俳優だ。,이번 드라마의 주연은 인기 있는 젊은 배우다.
真っ暗な夜空に突然巨大な光が出現した。,새까만 밤하늘에 갑자기 거대한 빛이 출현했다.
長生きの秘訣は、よく寝てよく笑うことだそうだ。,장수의 비결은 잘 자고 많이 웃는 것이라 한다.
小麦の粉をふるいにかける。,밀가루를 체에 친다.
妙齢の彼女は落ち着いた声で会議をまとめた。,묘령의 그녀는 차분한 목소리로 회의를 정리했다.
孫は祖父母にとても可愛がれる。,손자는 조부모에게 매우 귀여움을 받는다.
計量の前に容器の風袋を差し引いてください。,계량 전에 용기의 용기무게를 빼 주세요.
スプーンは袋の中に入っています。,숟가락은 봉투 안에 들어있습니다.
警察は容疑者をその場で逮捕した。,경찰은 용의자를 현장에서 체포했다.
ボールをぽーんと投げた。,공을 퐁 하고 던졌다.
災害地へ物資を運ぶトラックが列をなした。,재해 지역으로 물자를 운반하는 트럭이 줄지었다.
祖父は九十を過ぎても元気に生きると言い切った。,할아버지는 아흔이 넘어도 건강하게 살겠다고 단언했다.
コンビニのトイレをお借りしてもいいですか？,편의점 화장실을 빌려도 될까요?
子どものころ、犬を飼うのが夢だった。,어릴 때는 개를 키우는 게 꿈이었다.
地域の老人が集まるサロンで、体操が始まった。,지역 노인이 모이는 살롱에서 체조가 시작됐다.
最初は失敗しても気にするな。,처음엔 실패해도 신경 쓰지 마.
彼は周りの空気に歩調を合わすタイプではなく、自分のペースを守る。,"그는 주변 분위기에 보조를 맞추는 타입이 아니라, 자신의 페이스를 지킨다."
初めは緊張したが、すぐ慣れた。,처음에는 긴장했지만 금방 익숙해졌다.
「あー、やっぱりこうなっちゃったか」と、思わずため息が出た。,"“아, 역시 이렇게 돼 버렸구나” 하고 무심코 한숨이 나왔다."
このプロジェクトは若手が主導して進めている。,이 프로젝트는 젊은 층이 주도해서 진행하고 있다.
公僕として公平に判断します。,공복으로서 공정하게 판단하겠습니다。
その映画は駄作だと酷評された。,그 영화는 졸작이라고 혹평받았다.
光の屈折で、水の中の棒が曲がって見える。,빛의 굴절 때문에 물속 막대가 휘어 보인다.
各国の首脳が一堂に会して会議を行った。,각국 정상들이 한자리에 모여 회의를 열었다.
党内の派の力学ばかりが優先される政治に、有権者の失望が高まっている。,당내 파벌의 역학만이 우선되는 정치에 유권자의 실망이 커지고 있다.
手をきれいに洗って、指についた黴菌を洗い流そう。,손을 깨끗이 씻어서 손가락에 묻은 세균을 씻어내자.
夜空を見上げると、北斗七星がひしゃくの形に輝いていた。,밤하늘을 올려다보니 북두칠성이 국자 모양으로 빛나고 있었다.
公園にはさまざまな樹木が植えられている。,공원에는 여러 종류의 수목이 심어져 있다.
初めて日本へ行った。,처음으로 일본에 갔다.
川底に砂が堆積して、流れが変わった。,강바닥에 모래가 퇴적되어 흐름이 바뀌었다.
彼は端麗な顔立ちで、初対面でも印象に残る。,그는 단정하고 잘생긴 얼굴로 첫 만남에도 인상에 남는다.
じゃがいもの皮をむく。,감자의 껍질을 벗긴다.
鬼神のような力を持つ戦士が伝説に登場する。,귀신과 같은 힘을 지닌 전사가 전설에 등장한다.
有名な教授の講演を聞きに行った。,유명한 교수의 강연을 들으러 갔다.
上司は批判にも泰然として、指示を出した。,상사는 비판에도 태연하게 지시를 내렸다.
墨をすって香りを楽しむ。,먹을 갈며 향을 즐긴다。
恩賜の品として、学校に図書が寄贈された。,은사품으로 학교에 도서가 기증되었다.
今日の夕御飯は、家族みんなが大好きなハンバーグだ。,오늘 저녁밥은 가족 모두가 좋아하는 햄버그 스테이크다.
お風呂上がりに、伸びた爪を爪切りでパチンと切る。,목욕 후에 자라난 손톱을 손톱깎이로 톡톡 깎는다.
雨のおかげで庭の草木に艶が出た。,비 덕분에 정원 나무에 윤기가 돌았다.
寒いのでマフラーを巻き、首元をしっかりと温める。,추워서 목도리를 두르고 목덜미를 따뜻하게 한다.
ＴＶをつけたまま寝てしまい、夜中にふと目が覚めた。,TV를 켜 둔 채 잠들었다가 한밤중에 문득 눈이 떠졌다。
初対面の人の名前を何度も間違って呼んでしまい、とても気まずかった。,처음 보는 사람의 이름을 여러 번 잘못 불러 버려 무척 어색해졌다.
彼の自信ありげな口振りから、成功を確信していることが伝わる。,그의 자신감 있는 말투에서 성공을 확신하고 있음이 전해진다.
パソコンが完全にフリーズしてしまい、もうお手上げ状態だ。,컴퓨터가 완전히 멈춰버려 이제 속수무책인 상태다.
彼は良心の呵責に耐えかねて、ついに真実を打ち明けた。,그는 양심의 가책을 견디지 못하고 마침내 진실을 털어놓았다.
公園で友達と遊びました。,공원에서 친구와 놀았습니다.
祭りの日、彼は粋な角帯を締めていた。,축제 날 그는 멋스러운 가쿠오비를 매고 있었다.
毎日元気に学校へ行きます。,매일 활기차게 학교에 갑니다.
新しい条例案は議会で否決された。,새 조례안은 의회에서 부결되었다.
来年度の予算編成では、気候変動対策を最優先に位置づけるべきだ。,내년도 예산 편성에서는 기후변화 대책을 최우선에 두어야 한다.
猫がソファを前足で引っ掻いて傷だらけにした。,고양이가 소파를 앞발로 긁어 상처투성이로 만들었다.
鋭利な包丁なので、指を切らないように気をつけて。,날이 예리한 칼이라 손가락을 베지 않게 조심해.
杉並木の影が道に縞模様を作る。,삼나무 가로수의 그림자가 길에 줄무늬를 만든다.
幾重にも重なり合う山々の稜線が、美しいグラデーションを作る。,겹겹이 포개진 산들의 능선이 아름다운 그라데이션을 만든다.
検査結果は良好で、医師は笑顔でうなずいた。,검사 결과는 양호했고 의사는 웃으며 고개를 끄덕였다.
久しぶりに会った友人を、思わずぎゅうと抱きしめた。,오랜만에 만난 친구를 나도 모르게 꽉 껴안았다.
個人情報の取り扱いについては、プライバシーポリシーをご確認ください。,개인정보 취급에 대해서는 개인정보 처리방침을 확인해 주십시오.
転職先は給与より待遇を重視して選んだ。,이직할 곳은 급여보다 처우를 중시해서 골랐다.
夜中に廊下を歩く足音がして、目が覚めた。,한밤중에 복도를 걷는 발소리가 나서 잠이 깼다.
このナイフは非常に鋭利なので扱いに注意して下さい。,이 칼은 매우 예리하니 다룰 때 조심해 주십시오.
雨の多さが累積して、地盤が緩んでいるらしい。,비가 많이 누적되어 지반이 약해진 듯하다.
雨が止むまで駅の軒下で待つ。,비가 그칠 때까지 역 처마 밑에서 기다린다.
この腕時計は耐久テストを何百回も通過した。,이 손목시계는 내구성 테스트를 수백 번 통과했다.
浴衣の帯が緩んできたので結び直した。,유카타의 오비가 풀려서 다시 묶었다.
寿司屋で旬のシンコを頼み、その繊細な味を楽しむ。,초밥집에서 제철 전어 새끼(싱코)를 주문해 그 섬세한 맛을 즐긴다.
超音波写真で胎児の心拍が確認できた。,초음파 사진으로 태아의 심박이 확인됐다.
一族そろって祖父の米寿のお祝いに集まった。,일가족이 모두 모여 할아버지의 미수 축하를 했다.
その懐かしい香りが、幼い頃の記憶を鮮明に呼び覚ます。,그 그리운 향기가 어린 시절의 기억을 선명하게 불러일으킨다.
彼は痛みに耐えて、最後まで走り切った。,그는 통증을 견디며 끝까지 달렸다.
動物園で大きい象を見ました。,동물원에서 큰 코끼리를 봤습니다.
八百長の噂が広がり、主催者が調査を発表した。,승부조작 소문이 퍼지자 주최 측이 조사를 발표했다。
この町の生業は、昔から漁業だ。,이 마을의 생업은 예부터 어업이다.
涙が頬を伝って、言葉が出なかった。,눈물이 뺨을 타고 흘러 말이 나오지 않았다.
お母さんが作ったご飯は美味しい。,엄마가 만들어준 밥은 맛있다.
寮生同士で当番を決め、台所をきれいに保っている。,기숙사생끼리 당번을 정해 부엌을 깨끗이 유지하고 있다.
エンジンが故障したので、車を路肩に寄せて停車した。,엔진이 고장 나서 차를 갓길에 대고 정차했다.
山道に入ると新緑が眩しくて、目が洗われるようだった。,산길에 들어서니 신록이 눈부셔 눈이 씻기는 듯했다.
吹雪で高速道路が通行止めになり、ニュース速報が流れた。,눈보라로 고속도로가 통제되어 속보가 나왔다。
雪折れした竹が、重い雪の庭に静かな風情を添える。,눈의 무게로 부러진 대나무가 눈 쌓인 정원에 고요한 운치를 더한다.
私は絵が下手だけど、スケッチするのは好きだ。,나는 그림을 못 그리지만 스케치하는 건 좋아한다。
漆の器は光沢があって、手触りも滑らかだ。,옻칠 그릇은 윤기가 있고 촉감도 매끄럽다.
クロールや平泳ぎなど、様々な泳法をマスターして水泳を楽しむ。,크롤이나 평영 등 다양한 영법을 마스터하여 수영을 즐긴다.
話が脇道に逸れてしまい、元の話題に戻すのに苦労した。,이야기가 곁길로 새어버려 원래 화제로 되돌리는 데 애를 먹었다.
村には「山に入るな」という言い伝えが残っている。,마을에는 “산에 들어가지 마라”는 전설이 남아 있다.
新作の宣伝が派手すぎて、逆に怪しく見えた。,신작 홍보가 너무 요란해서 오히려 수상해 보였다.
彼の説明を聞いて、私は成功を確信した。,그의 설명을 듣고 나는 성공을 확신했다.
その学説は後に新しい証拠によって覆された。,그 학설은 나중에 새로운 증거에 의해 뒤집혔다.
これは鉄製のフライパンだから、手入れが大事だ。,이건 철제 프라이팬이라 관리가 중요해.
手術後は安静にして、無理をしないでください。,수술 후에는 안정하고 무리하지 마세요.
梅雨に入ってから、洗濯物がなかなか乾かない。,장마철이 시작된 뒤로 빨래가 좀처럼 마르지 않는다.
渡り鳥たちが越冬のために南の島へ飛んでいく。,철새들이 월동을 위해 남쪽 섬으로 날아간다.
古文書に、伝馬船の手配についての記録が残っている。,고문서에 작은 연락선의 수배에 관한 기록이 남아 있다.
静脈に点滴を入れるため、腕を少し動かさないで。,정맥에 링거를 넣으니 팔을 조금 움직이지 마.
部屋の奥に古い本棚がある。,방 안쪽에 오래된 책장이 있다.
誕生日パーティーのために、部屋を風船と花でデコレーションした。,"생일 파티를 위해, 방을 풍선과 꽃으로 데코레이션했다."
この曲の切なさが、歌詞より先に伝わってきた。,이 곡의 애달픔이 가사보다 먼저 전해져 왔다.
刹那の判断で道を曲がったのが正解だった。,찰나의 판단으로 길을 꺾은 게 정답이었다.
印刷所で写真版を作り、細部の網点を確認した。,인쇄소에서 사진판을 만들어 세부 망점을 확인했다.
その収入にも課税されることになった。,그 수입에도 과세가 이루어지게 되었다.
大学で文学を学び、古典の表現に魅了された。,대학에서 문학을 배우며 고전의 표현에 매료되었다.
甲虫の硬い殻は、外敵から身を守る役割がある。,갑충의 단단한 껍질은 외적으로부터 몸을 보호하는 역할이 있다.
地震で多くの家屋が倒壊した。,지진으로 많은 가옥이 붕괴되었다.
宇宙の終極がいかなるものか、科学者たちは議論している。,우주의 종국이 어떠한 것인지 과학자들은 논의하고 있다.
軒下に蜘蛛が大きな巣を張っていた。,처마 밑에 거미가 커다란 거미줄을 치고 있었다.
急いで角を曲がったら、つまずいて転んでしまった。,급히 모퉁이를 돌다가 발이 걸려 넘어지고 말았다.
この祭りは百年続く伝統があり、町の誇りだ。,이 축제는 100년 이어온 전통이 있어 마을의 자랑이다.
年末に親戚一同が集まり、賑やかに餅搗きをした。,연말에 친척 일동이 모여 떠들썩하게 떡방아를 찧었다.
雨上がりの静けさが街を包んでいた。,비가 갠 뒤의 고요함이 거리를 감싸고 있었다.
古い家の屋根を修理してもらった。,오래된 집 지붕을 수리받았다.
母に「遅くなる」と伝言を残して家を出た。,엄마에게 “늦을 거야”라고 전언을 남기고 집을 나섰다.
心を落ち着かせるために、静かな部屋で写経を行う。,마음을 진정시키기 위해 조용한 방에서 사경(불경 베껴 쓰기)을 한다.
彼は失踪してから一週間、連絡が取れない。,그는 실종된 뒤 일주일째 연락이 닿지 않는다.
山道が崩れて糧道が断たれ、部隊は迂回を迫られた。,산길이 무너져 보급로가 끊겨 부대가 우회를 강요받았다.
小さな窓からこぼれる光が部屋を暖かくしている。,작은 창에서 새어 나오는 빛이 방을 따뜻하게 만든다.
遠くで稲光が走り、雷の音が遅れて聞こえた。,"먼 곳에서 번개가 번쩍이고, 천둥 소리가 늦게 들려왔다."
週末は温泉へ遠出して、のんびりする予定だ。,주말에는 온천으로 멀리 나가 느긋하게 지낼 예정이다.
今夜は食事を作るのが面倒なので、店屋物を注文しよう。,오늘 밤은 밥하기 귀찮으니 배달 음식(미세야모노)을 시키자.
株価が過去最安値を更新し、市場に動揺が走った。,주가가 과거 최저가를 경신해 시장에 동요가 일었다.
彼女は看護師であることに大きな誇りを感じている。,그녀는 간호사라는 사실에 큰 자부심을 느끼고 있다.
時々、理由もなく不安になる。,가끔 이유 없이 불안해진다.
川辺で丸太を転がし、橋の材料にした。,강가에서 통나무를 굴려 다리 재료로 썼다.
異臭を察知して、すぐに窓を開けた。,이상한 냄새를 감지하고 곧바로 창문을 열었다.
次はどう出るつもりかと、相手は盤面を見つめながら考え込んでいる。,"다음에는 어떻게 나올 셈인가 하고, 상대는 반면을 응시하며 깊은 생각에 잠겨 있다."
荷物を船便で送ったので、到着まで一ヶ月かかる。,짐을 배편으로 보냈기 때문에 도착까지 한 달이 걸린다.
古墳時代には、巨大な方形の墓が作られることもあった。,고분 시대에는 거대한 방형(네모꼴) 무덤이 만들어지기도 했다.
ムカデに咬まれると、激しい痛みを伴うことがある。,지네에게 물리면 격렬한 통증을 동반할 수 있다.
祭りの日は商店街が朝からずっと混んでいる。,축제 날에는 상점가가 아침부터 계속 붐빈다.
彼は長引く不況で生活に困窮している。,그는 장기 불황으로 생활이 곤궁한 상황이다.
この町は観光で発展し、駅前が見違えた。,이 마을은 관광으로 발전해 역 앞이 몰라보게 변했다.
速報が流れ、街は一夜にして惨劇の舞台になった。,"속보가 나오고, 도시는 하룻밤 사이에 참극의 무대가 되었다."
避難所の物資が足りず、状況は悲惨だった。,"대피소의 물자가 부족해, 상황이 비참했다."
顕微鏡で細胞を観察して、記録を取った。,현미경으로 세포를 관찰하고 기록했다.
カマキリが鎌のような前足で、獲物を待ち構えている。,사마귀가 낫 같은 앞발로 먹잇감을 기다리고 있다.
地方自治体が巨額の予算を投じて、立派な箱物を建設した。,지방 자치 단체가 거액의 예산을 투입해 으리으리한 건물(하코모노)을 건설했다.
彼は感情をコントロールできず、すぐに怒鳴り散らす癖がある。,"그는 감정을 조절하지 못하고, 금방 고함치는 버릇이 있다."
朝一番に市場へ行って鮮魚を仕入れる。,아침 일찍 시장에 가서 신선한 생선을 들여온다.
会社は諭旨解雇として処理すると告げた。,회사는 권고해고(유지 해고)로 처리하겠다고 통보했다.
局部の痛みは専門医による精密な検査が必要だ。,국부의 통증은 전문의에 의한 정밀한 검사가 필요하다.
この角度で撮ると、料理がいちばんおいしそうに見える。,이 각도로 찍으면 요리가 가장 맛있어 보인다.
点火の瞬間、炎が青く揺れて驚いた。,"점화 순간, 불꽃이 파랗게 흔들려 놀랐다."
地図の点線は、登山道が不明瞭な区間を示している。,지도의 점선은 등산로가 불명확한 구간을 나타낸다.
人前で侮辱する発言は許されない。,사람들 앞에서 모욕하는 발언은 용납될 수 없다.
雪がやんで、町はしんと静まり返った。,눈이 그치고 마을은 고요히 조용해졌다.
五月の田んぼには、早乙女（サオトメ）たちが並んで稲を植える姿があった。,"5월의 논에는 사오토메(모내기하는 여자)들이 늘어서서 벼를 심는 모습이 있었다."
スタジアムで生の試合を観戦する迫力は、TVとは比べものにならない。,스타디움에서 직접 경기를 관전하는 박력은 TV와는 비교가 안 된다.
美術館で新作の展示が始まったばかりだ。,미술관에서 신작 전시가 막 시작되었다.
老舗の鍛冶屋では、職人が真っ赤な鉄を打ち続けている。,오래된 대장간에서는 장인이 새빨간 쇠를 계속 두드리고 있다.
砂糖をこぼしたら、どこからともなくアリの行列ができた。,설탕을 쏟았더니 어디선가 개미 행렬이 생겼다.
彼は高級車を誇示するように街中を走り回っている。,그는 고급차를 과시하듯 시내를 돌아다니고 있다.
新しい店舗が駅前にオープンして、人が増えた。,새 매장이 역 앞에 열려서 사람이 늘었다.
ボウルに卵を割り入れ、よく溶いてからフライパンに流す。,볼에 달걀을 깨 넣고 잘 푼 다음 프라이팬에 붓는다.
市の式典で、功労者に表彰状が手渡された。,시의 기념식에서 공로자에게 표창장이 전달되었다.
この規則は会社の就業規則に準ずる。,이 규칙은 회사의 취업 규칙에 준한다.
その考えには賛成できない。,그 생각에는 동의할 수 없다.
背中に痛い出来物ができてしまい、病院へ行った。,등에 아픈 종기가 나서 병원에 갔다.
本店限定のメニューがあると聞いて、わざわざ来た。,본점 한정 메뉴가 있다길래 일부러 왔다.
古典を読むと、言葉の響きが今と違って面白い。,고전을 읽으면 말의 울림이 지금과 달라서 흥미롭다.
凍った道で滑って尻餅をつき、しばらく立てなかった。,얼어붙은 길에서 미끄러져 엉덩방아를 찧고 한동안 일어서지 못했다.
この箱は見た目よりずっと軽だ。,이 상자는 보기보다 훨씬 가볍다.
星空を撮るために、カメラと三脚を担いで山頂まで登った。,별이 빛나는 하늘을 찍기 위해 카메라와 삼각대를 메고 산 정상까지 올랐다.
彼女は涙ながらに、どうか助けてほしいと請うた。,그녀는 눈물을 흘리며 제발 도와 달라고 애원했다.
自転車のベルがちりんちりんと鳴って、小学生が横を通り過ぎていった。,자전거 방울이 링링 울리며 초등학생이 옆을 지나갔다.
苗木が風で倒れないよう支柱を立てた。,묘목이 바람에 쓰러지지 않게 지주를 세웠다.
彼は今も初恋の人に対して純情だ。,그는 지금도 첫사랑에게 순정이다.
若い頃は赤貧でも夢だけは捨てなかった。,젊을 때는 극빈했어도 꿈만은 버리지 않았다.
彼の包丁さばきの技は、プロの料理人顔負けだ。,그의 식칼 다루는 기술은 프로 요리사도 울고 갈 정도이다.
この味に病み付きになった。,이 맛에 중독됐다.
天地の広さを前にすると、悩みが小さく感じる。,"천지의 넓이를 마주하면, 고민이 작게 느껴진다."
申込書には姓名を楷書で書いてください。,신청서에는 성명을 정자로 써 주세요.
このビタミンは水溶性なので、過剰に摂取しても排出される。,이 비타민은 수용성이므로 과잉 섭취해도 배출된다.
次の委員長の候補に、彼女の名前が挙がっている。,다음 위원장 후보로 그녀의 이름이 올라가 있다.
耳鼻科でアレルギー検査を受けた。,이비인후과에서 알레르기 검사를 받았다.
運動は適度に続けるのが一番だ。,운동은 적당히 꾸준히 하는 게 최고다.
携帯電話に付けた可愛いストラップが揺れている。,휴대전화에 달린 귀여운 스트랩이 흔들리고 있다.
男性用の化粧品コーナーが増えた。,남성용 화장품 코너가 늘었다.
SNSを見すぎると病むことがある。,SNS를 너무 보면 마음이 병들 때가 있다.
朝の浜辺は人が少なくて静かだ。,아침 해변은 사람이 적어 조용하다.
地域の子どもを扶育する活動に参加した。,지역 아이들을 양육·지원하는 활동에 참여했다.
同じ山を登った仲間がいるだけで、心強い。,같은 산을 오른 동료가 있다는 것만으로도 든든하다.
犬がしっぽを振って喜んでいる。,개가 꼬리를 흔들며 기뻐하고 있다.
適切な説明があれば、誤解は減る。,적절한 설명이 있으면 오해가 줄어든다.
ログを解析して障害の原因を特定した。,로그를 분석해 장애 원인을 특정했다.
アンケート結果を分析して改善点を洗い出す。,설문 결과를 분석해서 개선점을 도출한다.
サッカーの試合中に転んで、膝にけがをした。,축구 시합 중에 넘어져서 무릎을 다쳤다.
溶液を冷やすと結晶が析出した。,용액을 식히자 결정이 석출됐다.
まずは深呼吸から始めるのが、私の「始め」だ。,우선 심호흡부터 시작하는 게 내 ‘시작’이다.
消防隊の活躍により、火事はすぐに消し止められた。,소방대의 활약으로 화재는 금방 진압(꺼짐)되었다.
高齢の父を扶養しているので、支出が増えた。,고령의 아버지를 부양하고 있어서 지출이 늘었다.
天井から滴が落ちて、バケツが鳴った。,천장에서 물방울이 떨어져 양동이가 똑똑 울렸다.
指に小さな棘が刺さって、作業が止まってしまった。,손가락에 작은 가시가 박혀서 작업이 멈춰버렸다.
窓ガラスに水滴が並び、街の灯りが滲んだ。,창문에 물방울이 맺혀 도시 불빛이 번졌다.
祖父は中風の後、毎朝のリハビリを欠かさない。,할아버지는 뇌졸중 이후 매일 아침 재활을 빼놓지 않는다.
本部からの指示が来るまで、現場は独自判断を控える。,본부의 지시가 올 때까지 현장은 독자 판단을 자제한다.
彼は責任を負って、記者会見で謝罪した。,그는 책임을 지고 기자회견에서 사과했다.
詳細なデータについては、前掲のグラフを参照されたい。,상세한 데이터에 대해서는 앞서 게재한 그래프를 참조하기 바란다.
週末に家族と山に登りました。,주말에 가족과 산에 올랐습니다.
仕事終わりの晩酌が楽しみだ。,일 끝나고 하는 저녁 술 한잔(반샤쿠)이 즐겁다。
令妹はお元気でいらっしゃいますか。,영애(상대의 여동생)는 잘 지내시나요?
弱小チームが番狂わせを起こした。,약소 팀이 이변을 일으켰다。
畑の野菜が害虫に食べられてしまい、農家は困っている。,밭의 채소가 해충에게 먹혀버려 농부는 곤란해하고 있다.
脱水で点滴を受け、少し楽になった。,탈수로 링거를 맞고 조금 나아졌다.
二人で小さな賭けをしてゲームを楽しんだ。,둘이서 작은 내기를 하며 게임을 즐겼다.
電気代を抑えるため、暖房を節約して使う。,전기요금을 줄이려고 난방을 절약해서 쓴다.
試合は一対一の引き分ける結果に終わった。,경기는 1대 1 무승부로 끝났다.
褒められて、思わず頬が赤らんでしまった。,칭찬을 듣고 저도 모르게 볼이 붉어졌다.
ラーメンのスープが辛すぎて、思わず噎せてしまった。,라면 국물이 너무 매워서 나도 모르게 사레들리고 말았다.
冒頭で結論を言うと、今回は見送りです。,"서두에서 결론을 말하자면, 이번엔 보류입니다."
その話は然程面白くはなかった。,그 이야기는 그다지 재미있지는 않았다.
昔、多くの農家が副業として養蚕を行っていた。,"옛날, 많은 농가가 부업으로 양잠을 했다."
庭のミントを少し摘んで、紅茶に入れた。,정원 민트를 조금 따서 홍차에 넣었다.
スープを少し冷ましてから飲みなさい。,수프를 조금 식힌 뒤에 마셔라.
その店は風俗の取材は断る方針だと言った。,그 가게는 유흥업 취재는 거절한다는 방침이라고 말했다.
季節の変わり目は、寒暖の差が激しい。,환절기에는 기온 차가 심하다.
コンビニ弁当を食べるために、割り箸をきれいに割る。,편의점 도시락을 먹기 위해 나무젓가락을 깔끔하게 쪼갠다.
子どもの頃、川辺で摘み草をして遊んだ。,어릴 때 강가에서 나물 뜯기 하며 놀았다.
彼は口笛を吹きながら帰り道を歩いた。,그는 휘파람을 불며 귀갓길을 걸었다.
曲の強弱をつけて弾く。,곡에 강약을 넣어 연주한다。
チームの結束を強めるために合宿を行った。,팀의 결속을 강화하기 위해 합숙훈련을 했다.
弓道で的を狙い、呼吸を整えた。,궁도에서 과녁을 겨냥하며 호흡을 가다듬었다.
私の専門は材料工学だ。,내 전문은 재료공학이다.
草原で牧笛の音が風に溶けた。,초원에서 목동의 피리 소리가 바람에 스며들었다.
港で船の汽笛が低く鳴った。,항구에서 배의 기적이 낮게 울렸다.
マラソンの三十キロ地点で脚が限界を迎えたが、彼は歯を食いしばって走り続けた。,마라톤 30킬로 지점에서 다리가 한계에 다다랐지만 그는 이를 악물고 계속 달렸다.
世の中には知らない仕事がまだまだある。,세상에는 모르는 일이 아직도 많다.
このレストランでは和洋折衷の創作料理が楽しめる。,이 레스토랑에서는 화양절충(일식과 양식의 조화)의 창작 요리를 즐길 수 있다.
朝の電車で新聞を広げる人が減った。,아침 전철에서 신문을 펼치는 사람이 줄었다.
交差点でパトカーの警笛が響いた。,교차로에서 순찰차 사이렌이 울려 퍼졌다.
この薬は粉末なので水に溶かして飲む。,이 약은 분말이라 물에 타서 마신다.
嘘をついていたことが、証拠によって露呈した。,거짓말을 하고 있던 것이 증거에 의해 드러났다.
過去の事例から類推して、結果を予測する。,과거의 사례로부터 유추하여 결과를 예측한다.
福徳を積むより、まず目の前の人に親切にしよう。,"복덕을 쌓기보다, 먼저 눈앞의 사람에게 친절하자."
赤ん坊をそっと抱く。,아기를 살며시 안다.
今夜は特番の放送があります。,오늘 밤 특집 방송이 있습니다.
一辺が１センチの立方体の体積を計算する。,한 변이 1센티미터인 정육면체의 부피를 계산한다.
長い航海の末、ようやく遠くに陸が見えた。,긴 항해 끝에 드디어 멀리 육지가 보였다.
旅行にかかる費用をできるだけ抑えたい。,여행에 드는 비용을 가능한 한 줄이고 싶다.
人混みを避けるため、朝早く出発した。,사람 많은 곳을 피하려고 아침 일찍 출발했다.
彼は陶芸を生業として、山奥で静かに暮らしている。,그는 도예를 생업으로 삼아 산속에서 조용히 살고 있다.
泥棒が入った形跡があり、警察を呼んだ。,도둑이 든 흔적이 있어서 경찰을 불렀다.
その言い方は少し微妙で誤解されやすい。,그 말투는 조금 미묘해서 오해받기 쉽다.
事情のある子猫を知人が引き取ってくれた。,사정이 있는 새끼 고양이를 지인이 맡아 키워 주었다.
この半島の先端には美しい灯台がある。,이 반도의 끝에는 아름다운 등대가 있다.
電気自動車の最大の利点は、環境に優しいことだ。,전기 자동차의 최대 이점은 환경에 친화적이라는 것이다.
親族一同が式場に集まり、記念写真を撮った。,친족 일동이 예식장에 모여 기념사진을 찍었다.
駅前で新しい店の宣伝びらを配っていた。,역 앞에서 새 가게 홍보 전단을 나눠 주고 있었다.
雨上がりの薪は湿っていて、なかなか火がつかない。,비가 갠 뒤의 장작은 젖어 있어 불이 잘 붙지 않는다.
迷ったらいつでも相談してね。,망설이면 언제든 상담해.
首相が会見で談話を発表した。,총리가 기자회견에서 담화를 발표했다.
展示会用に大判のポスターを急いで作った。,전시회용으로 대판(대형) 포스터를 급히 만들었다.
雨上がりで地面がぬかるんでいた。,비가 그친 뒤 땅이 질퍽했다.
根拠もなく、彼を犯人呼ばわりするのは失礼だ。,근거도 없이 그를 범인 취급하는 것은 실례다.
寒い朝はまず暖房を入れて部屋を温める。,추운 아침엔 먼저 난방을 켜서 방을 데운다.
裁判で証人として証言し、手が震えた。,재판에서 증인으로 증언하며 손이 떨렸다.
焚き火で手がすぐ暖まった。,모닥불로 손이 금세 따뜻해졌다.
蝋燭の炎の揺らぎを見ていると心が落ち着く。,촛불의 흔들림을 보고 있으면 마음이 차분해진다.
能の舞には幽玄の美が宿る。,노(能) 공연의 춤에는 유현한 아름다움이 깃든다.
成人式の日、久しぶりに同級生と再会した。,성인의 날(성인식)날 오랜만에 동창을 만났다.
この町は一年中わりと温暖で暮らしやすい。,이 도시는 1년 내내 비교적 온화해서 살기 좋다.
今日は日差しが暖かだね。,오늘은 햇살이 포근하네.
彼は指導者としての資質を十分に有している。,그는 지도자로서의 자질을 충분히 갖추고 있다.
気が進まない誘いを、やんわりと断った。,내키지 않는 권유를 부드럽게 거절했다.
黒潮は日本近海を流れる代表的な暖流だ。,쿠로시오 해류는 일본 근해를 흐르는 대표적인 난류다.
部隊は雪原を北進し、補給線を確保した。,부대는 설원을 북진해 보급선을 확보했다.
ボールが路地で弾む音が響いた。,공이 골목에서 튀는 소리가 울려 퍼졌다.
声が枯れるまで話し合った。,목이 쉴 때까지 의논했다.
三月でこの会社を去ることに決めた。,"3월에 이 회사를 떠나기로 했다."
父は小さな店で商売を続けてきた。,아버지는 작은 가게에서 장사를 계속해 왔다.
小さいころから海外の街並みに憧れて、写真集を何度も眺めていた。,어릴 때부터 해외 거리 풍경을 동경해 사진집을 여러 번 들여다보곤 했다.
夏休みの宿題を遣り残したまま、新学期が始まった。,여름방학 숙제를 남겨둔 채 새 학기가 시작되었다.
パソコン作業の合間に、目を閉じて少し休める。,컴퓨터 작업 도중에 눈을 감고 잠시 쉬어준다.
工場の裏に廃物が山積みになっていた。,공장 뒤편에 폐기물이 산더미처럼 쌓여 있었다.
冷房が強いので上着を持ってきた。,냉방이 세서 겉옷을 가져왔다.
隣の部屋が騒がしくて眠れない。,옆방이 시끄러워서 잠을 잘 수가 없다.
この靴底は弾力があって、長く歩ける。,이 신발 밑창은 탄력이 있어서 오래 걸을 수 있다.
ゲームの弾が切れて、慌てて補給した。,게임 탄약이 떨어져서 허둥지둥 보충했다.
彼女は夜になると静かにギターを弾く。,그녀는 밤이 되면 조용히 기타를 친다.
戦争で友人との連絡が断絶してしまった。,전쟁으로 친구와의 연락이 끊겨 버렸다.
迷ったけど、最終的には自分で判断した。,망설였지만 최종적으로는 스스로 판단했다.
このパンは夕方になるとすぐ売れる。,이 빵은 저녁이 되면 금방 팔린다.
人の失敗を指さして嘲笑うような態度はやめるべきだ。,남의 실패를 손가락질하며 비웃는 태도는 그만두어야 한다.
誘いはうれしかったが、予定があって断った。,초대가 기뻤지만 일정이 있어서 거절했다.
倍率が高すぎて、第一志望は不安になる。,경쟁률이 너무 높아서 1지망은 불안해진다.
電場の変化によって、電波が発生する仕組みだ。,전기장의 변화에 의해 전파가 발생하는 구조다.
庭の大樹が、家を夏の強い日差しから守る。,정원의 큰 나무가 집을 여름의 강한 햇살로부터 지켜준다.
転入届を出すために、朝一番で役場へ向かった。,전입 신고를 하기 위해 아침 일찍 관공서로 향했다.
美術教室で裸体デッサンを始め、陰影の取り方を学んだ。,미술 교실에서 누드 데생을 시작하며 명암 잡는 법을 배웠다.
現金が尽きて、カードに頼るしかなかった。,현금이 바닥나서 카드에 의지할 수밖에 없었다。
徹夜で勉強していたら、気づけば外が明く頃になっていた。,밤새 공부를 하다 보니 어느새 밖이 밝아올 무렵이 되어 있었다.
大器晩成と言うから、焦らず努力を続けよう。,대기만성이라고 하니 조급해하지 말고 노력을 계속하자.
証拠もないのに犯人だと断定しないで。,증거도 없는데 범인이라고 단정하지 마.
包丁を振るう手元は、料理人の自信でぶれない。,칼을 휘두르는 손놀림은 요리사의 자신감으로 흔들림이 없다.
彼は美男で、写真に撮られるのが慣れている。,그는 미남이라 사진 찍히는 데 익숙하다.
彼の男らしい態度に、みんなが安心した。,그의 남자다운 태도에 모두가 안심했다.
予算内で新しい研修制度を設ける。,예산 안에서 새로운 연수 제도를 마련한다.
このレポートは段落ごとに要点を書いてください。,이 보고서는 문단마다 요점을 써 주세요.
図で説明すると、もっと分かりやすい。,그림으로 설명하면 더 이해하기 쉽다.
「あれ、彼処で待ち合わせって言ってなかった？」,"“어, 저기서 만나기로 했던 거 아니었어?”"
ニーチェは深淵を覗く時、深淵もまたこちらを見ていると言った。,니체는 심연을 들여다볼 때 심연 또한 이곳을 보고 있다고 했다.
箸の持ち方を、もう一度練習しよう。,젓가락 잡는 법을 다시 연습하자.
ピラミッドの金字塔は、古代文明の偉大さを示す。,피라미드의 금자탑은 고대 문명의 위대함을 보여준다.
毎朝の勤行は、僧侶にとって重要な修行だ。,매일 아침의 근행은 승려에게 있어 중요한 수행이다.
梅園で甘い香りに包まれながら散歩した。,매화원에서 달콤한 향기에 둘러싸여 산책했다.
地震の揺り返しで食器棚がきしみ、家族が机の下に集まった。,지진의 여진으로 찬장이 삐걱거려 가족이 탁자 아래로 모였다.
正にその瞬間、停電で会場が真っ暗になった。,"바로 그 순간, 정전으로 회장이 새까맣게 되었다."
立て板に水のごとく、彼は流暢に弁明した。,청산유수와 같이 그는 유창하게 변명했다.
鰹節の削り器を使って丁寧に削ると、市販品とは違う豊かな香りが広がる。,"가다랑어포 깎는 기계를 써서 정성스레 깎으면, 시판 제품과는 다른 풍부한 향기가 퍼진다."
新しい靴を買ってもらって嬉しい。,새 신발을 사 주셔서 기쁘다.
彼は若くして大きな功績を成し、表彰された。,그는 젊어서 큰 공적을 이루어 표창을 받았다.
画像ファイルを圧縮して、メールで送れるサイズにした。,이미지 파일을 압축해서 메일로 보낼 수 있는 크기로 만들었다.
庭の噴霧器で観葉植物に水をかける。,분무기로 관엽식물에 물을 뿌린다.
毎朝の鍛練で、走る距離を少しずつ伸ばしている。,매일 아침의 단련으로 달리는 거리를 조금씩 늘리고 있다.
この島では外来種の駆除で、固有種の絶滅を防いだ。,이 섬에서는 외래종 구제로 고유종의 절멸을 막았다.
最後の一秒まで粘れば、まだチャンスはある。,마지막 1초까지 버티면 아직 기회가 있다.
休日は運動と読書で充実している。,휴일은 운동과 독서로 알차다.
崖から落ちかけて、命拾いした。,절벽에서 떨어질 뻔했는데 목숨을 건졌다.
社会生活を営む上で、最低限の公準を守る。,사회생활을 영위하는 데 있어 최소한의 공준을 지킨다.
紺屋の白袴で、彼は自分の服には無頓着だ。,"대장장이 식칼이 녹슨다더니, 그는 자기 옷에는 무관심하다."
セーターが綻びる前に、糸を止めておいた。,스웨터가 올이 풀리기 전에 실을 고정해 두었다.
彼は傲然と胸を張り、批判を一切無視した。,그는 오만하게 가슴을 펴고 비판을 일절 무시했다.
親戚から良い縁談が持ち込まれ、家族が喜ぶ。,친척으로부터 좋은 혼담이 들어와 가족들이 기뻐한다.
箱の片端が破れていて、中身が見えている。,상자 한쪽 끝이 찢어져 내용물이 보인다.
東の空が明るむころ、船が出た。,동쪽 하늘이 밝아올 무렵 배가 떠났다.
馬が鼻面をこすりつけて、甘えてきた。,말이 코끝을 비비며 애교를 부렸다.
不良品をメーカーに送り返す手続きをした。,불량품을 제조사에 반송하는 절차를 밟았다.
彼の一言が、会場の重い空気を一変させた。,그의 한마디가 회장의 무거운 분위기를 일변시켰다.
会計で端数を切り上げて、募金箱に入れた。,계산에서 자투리를 올려 잡아 모금함에 넣었다.
綿は乾くと軽くなるが、濡れると重い。,솜은 마르면 가볍지만 젖으면 무겁다.
ラベンダーの香りで安眠できた。,라벤더 향 덕분에 편안히 잠들 수 있었다.
度重なる遅刻に対し、上司からきつく灸を据えられた。,거듭되는 지각에 대해 상사로부터 호되게 야단을 맞았다.
記事の重要な部分は囲みを入れて強調された。,기사의 중요한 부분은 박스를 쳐서 강조되었다.
資金繰りが破綻して、店は閉店を余儀なくされた。,자금 운용이 파탄 나서 가게는 폐점을 피할 수 없었다.
紙の端に小さく予定を書き足した。,종이 가장자리에 작게 일정을 덧붙여 적었다.
彼女は大学で声楽を専攻した。,그녀는 대학에서 성악을 전공했다.
彼女はキャリアを優先し、現在は未婚だ。,그녀는 경력을 우선하여 현재 미혼이다.
契約書の案文を弁護士と綿密に修正する。,계약서 초안을 변호사와 면밀하게 수정한다.
人は何のために生きるか、という永遠の命題。,사람은 무엇을 위해 사는가 하는 영원한 명제.
彼の説明はどこかあやふやで、肝心なところが見えてこない。,그의 설명은 어딘가 애매해서 정작 중요한 부분이 보이지 않는다.
風が止むと、川の面に夕焼けが映った。,바람이 멎자 강 수면에 노을이 비쳤다.
嘆きが続くと、心まで重くなる気がする。,한탄이 계속되면 마음까지 무거워지는 느낌이 든다.
十五夜の空に、真ん丸な月が浮かんでいる。,보름날 밤하늘에 아주 동그란(만마루) 달이 떠 있다.
大学に入ってから写真サークルに所属している。,대학에 들어가서 사진 동아리에 가입해 활동하고 있다.
信号無視をする車が多くて、とても危うい状況だ。,신호를 무시하는 차량이 많아 매우 아슬아슬한 상황이다.
彼の意見は極端で、賛成か反対かしか認めない。,그의 의견은 극단적이라 찬성 아니면 반대만 인정한다.
あの店の安すぎる値段を見ると、どこか怪しい気がしてしまう。,그 가게의 너무 싼 가격을 보면 어딘가 수상하다는 느낌이 든다.
誰にでも誤ることはあるが、その後の態度が大切だ。,누구나 실수는 하지만 그 이후 태도가 중요하다.
悪銭身につかず、彼の財産はすぐに消えた。,"부정한 돈은 모이지 않아, 그의 재산은 금방 사라졌다."
気晴らしに散歩でもしない？,기분 전환으로 산책이라도 할래?
鰹節の削りたてを冷奴に乗せると、風味が格段に良くなる。,갓 깎은 가다랑어포를 찬 두부에 얹으면 풍미가 훨씬 좋아진다.
空き家が荒らされて、中の家具がめちゃくちゃになっていた。,빈집이 누군가에게 유린되어 안의 가구가 엉망이 되어 있었다.
昨夜、窓の外から奇妙な音が聞こえた。,어젯밤 창밖에서 기묘한 소리가 들렸다.
月曜日の朝は会議が多い。,월요일 아침은 회의가 많다.
群青の海に夕日が沈んだ。,군청빛 바다에 석양이 졌다.
水は温度によって固体・液体・気体に変化する。,물은 온도에 따라 고체·액체·기체로 변한다.
風邪をひいて鼻が詰まり、息がしにくい。,감기가 걸려 코가 막혀 숨쉬기가 힘들다.
朝食に麦のシリアルを用意した。,아침식사로 보리 시리얼을 준비했다.
麦粉で作ったパンは、香ばしく焼けた。,보릿가루로 만든 빵이 고소하게 구워졌다.
この薬は濃度が濃すぎると副作用が出ることがある。,이 약은 농도가 너무 진하면 부작용이 나타날 수 있다.
筋力が落ちないように、階段を使って帰宅した。,근력이 떨어지지 않도록 계단을 이용해 귀가했다.
アラブの音楽には、独特のリズムと哀愁がある。,아랍 음악에는 독특한 리듬과 애수가 담겨 있다.
失敗を嘆くより、次に何をするか考えよう。,실패를 한탄하기보다 다음에 뭘 할지 생각하자.
古代の神々への崇拝が壁画に残っている。,고대 신들에 대한 숭배가 벽화에 남아 있다.
担当者の都合で、会議の開始時間を一時間延ばすことになった。,담당자의 사정으로 회의 시작 시간을 한 시간 늦추게 되었다.
新政権は反対派の粛清を進めた。,새 정권은 반대파 숙청을 추진했다.
海辺の町では、干物作りが家族の生業になっている。,바닷가 마을에서는 생선 말리기가 가족의 생업이 되어 있다.
落ち葉を踏みしめる音が静かな森に響く。,낙엽을 밟는(후미) 소리가 조용한 숲에 울려 퍼진다.
琵琶法師が奏でる悲しい旋律に人々は涙する。,비와 법사가 연주하는 슬픈 선율에 사람들은 눈물짓는다.
古代遺跡の発掘現場を見学した。,고대 유적의 발굴 현장을 견학했다.
食生活を見直し、長年の便秘を解消する。,식생활을 재검토하여 오랜 변비를 해소한다.
検査の結果、特定のウイルスの保菌者と判明した。,검사 결과 특정 바이러스의 보균자로 판명되었다.
住民は安全対策を求めて嘆願書を市に提出した。,주민들은 안전 대책을 요구하는 탄원서를 시에 제출했다.
初売りの行列に並び、豪華な福袋を手に入れる。,첫 판매 줄에 서서 호화로운 복주머니(후쿠부쿠로)를 손에 넣는다.
花火の火薬の匂いが、夏祭りの終わりを知らせた。,불꽃놀이 화약 냄새가 여름 축제의 끝을 알렸다.
炭火で皮が真っ黒になるまで焼いた焼き茄子は、とろりと甘い。,숯불에 껍질이 새카맣게 될 때까지 구운 가지는 걸쭉하고 달다.
物語の中で王子は姫を助けに行く。,이야기 속에서 왕자는 공주를 구하러 간다.
文を豊かにするために適切な副詞を使い分ける。,문장을 풍부하게 하기 위해 적절한 부사를 가려 쓴다.
長年の功績に対して、深い感謝の意を表する。,오랜 공적에 대하여 깊은 감사의 뜻을 표한다.
祝日に、家の玄関に日の丸の旗を掲げる。,공휴일에 집 현관에 일장기(히노마루) 깃발을 내건다.
年に一度の誕生日は、自分へのご褒美として高級レストランに行く。,"일 년에 한 번 있는 생일은, 자신에게 주는 포상으로서 고급 레스토랑에 간다."
危険だと分かっていても、好奇心は私を阻むものがない。,위험하다는 걸 알아도 호기심을 막을 건 없다.
犯人の手口は過去の事件と酷似している。,범인의 수법은 과거 사건과 극도로 흡사하다.
イヤホンの音量が大きすぎて耳が痛い。,이어폰 음량이 너무 커서 귀가 아프다.
不妊治療について夫婦で話し合った。,난임 치료에 대해 부부가 상의했다.
騎士が王の前に跪き、永遠の忠誠を誓う。,기사가 왕 앞에 무릎을 꿇고 영원한 충성을 맹세한다.
腰に下げた瓢箪から水を飲み、一息つく。,허리에 찬 조표(표고박)에서 물을 마시며 한숨 돌린다.
有り触れる日常の中にこそ、小さな幸せが隠れている。,평범한 일상 속에야말로 작은 행복이 숨어 있다.
世間体を気にして本音が言えない。,체면을 의식해 속마음을 말하지 못한다.
お茶を冷ましてから、子どもに飲ませた。,차를 식힌 다음 아이에게 마시게 했다.
景気対策として、中央銀行が金利を引き下げる。,경기 대책으로서 중앙은행이 금리를 인하한다.
彼は遅咲きだが、今になって才能が花開いた。,그는 늦게 피는 타입이지만 이제 와서 재능이 꽃피었다.
彼は大器晩成の型で、晩年に才能を花開かせた。,"그는 대기만성형으로, 만년에 재능을 꽃피웠다."
けんかの末、家出していた息子が一週間ぶりに帰ってきた。,다툰 끝에 가출했던 아들이 일주일 만에 돌아왔다.
彼は若くして会社で出世して部長になった。,그는 젊은 나이에 회사에서 출세해 부장이 되었다.
これは模造品ではなく、本物の絵画です。,이것은 모조품이 아니라 진품 그림입니다.
しばらく安静にしていれば、自然に熱も下がるでしょう。,당분간 안정을 취하면 열도 자연히 내릴 겁니다.
失敗を恐れずに挑戦した経験は、必ずどこかで生かされる。,실패를 두려워하지 않고 도전한 경험은 반드시 어딘가에서 살게 된다.
長引く内乱で多くの市民が避難を余儀なくされた。,장기화된 내란으로 많은 시민이 피난을 강요당했다.
静かな彼が大声で怒鳴ったので、みんな意外な顔をした。,조용한 그가 큰소리로 소리를 질러 모두가 의외라는 표정을 지었다.
買い物の合計金額を暗算でぱっと言い当ててみせた。,장봐 온 물건의 합계를 암산으로 단번에 맞춰 보였다.
淡い光がカーテン越しに差し込み、部屋がやさしく明るい。,은은한 빛이 커튼 너머로 들어와 방이 부드럽게 밝다.
冬になると寒い日が続きます。,겨울이 되면 추운 날이 계속됩니다.
彼は会議中もスマホばかり弄っている。,그는 회의 중에도 스마트폰만 만지작거린다.
この大学は毎年多くの研究者を輩出している。,이 대학은 매년 많은 연구자를 배출하고 있다.
彼は若いのに社長としての貫禄がある。,그는 젊지만 사장으로서의 관록이 있다.
写真の濃淡を調整すると、表情がはっきり見える。,사진의 농담을 조정하면 표정이 또렷하게 보인다.
内陸の盆地では、夏は酷暑で冬は極寒の地となる。,"내륙 분지에서는 여름은 혹서, 겨울은 혹한의 땅이 된다."
怒ると彼は言葉を噴くようにして、止まらなくなる。,화나면 그는 말을 뿜듯이 쏟아내며 멈추지 않는다.
森で拾った丸い団栗を机の上に並べて飾る。,숲에서 주운 동그란 도토리를 책상 위에 나란히 장식한다.
西の空が赤く染まり、カラスたちが巣へと帰っていく。,"서쪽 하늘이 붉게 물들고, 까마귀들이 둥지로 돌아간다."
非常食の在庫は、夏の停電でほとんど費えた。,비상식량 재고는 여름 정전으로 거의 바닥났다.
彼は外出する前に衣を整えた。,그는 외출하기 전에 옷차림을 가지런히 했다.
露天風呂での入浴は、旅の疲れを癒してくれる。,노천탕에서의 입욕은 여행의 피로를 풀어준다.
休日はつい時間を費やしてしまい、やるべきことが進まない。,휴일에는 자꾸 시간을 허비해 버려서 해야 할 일이 진도가 나가지 않는다.
劇的な逆転劇にスタジアム中が響動めきに包まれた。,극적인 역전극에 스타디움 안이 술렁임에 휩싸였다.
今日は時間が無いから、また今度ね。,"오늘은 시간이 없어서, 다음에 보자."
彼は粗野な言い方をするが、根は優しい。,그는 거친 말투를 쓰지만 본성은 친절하다.
五感を研ぎ澄ますと、森のささやきが聞こえてくる。,오감을 날카롭게 세우면 숲의 속삭임이 들려온다.
皆さま奮ってご応募ください。,여러분 적극적으로 응모해 주세요.
父の背中を見て、働くことの厳しさと尊さを学んだ。,아버지의 뒷모습을 보며 일하는 것의 엄격함과 고귀함을 배웠다.
仏の教えを分かりやすく説く老僧の言葉に耳を傾ける。,부처의 가르침을 알기 쉽게 설파하는 노승의 말에 귀를 기울인다.
食後に番茶を淹れて、ほっと一息ついた。,식후에 반차(소박한 일본차)를 우려 한숨 돌렸다.
真っ赤な唐辛子を干して冬の保存食を準備する。,빨간 고추를 말려 겨울 저장 식품을 준비한다.
お金のためなら何でもするなんて卑しい考えだ。,돈을 위해서라면 뭐든지 한다니 비열한 생각이다.
君の無事を心から祈る。,너의 무사를 진심으로 빌고 있어.
彼女は学ぶ意欲にあふれている。,그녀는 배우려는 의욕이 넘친다.
彼は世界記録に挑むつもりだ。,그는 세계 기록에 도전할 생각이다.
その街は海と青空のイメージが強い。,그 도시는 바다와 푸른 하늘의 이미지가 강하다.
古い町を探訪して、路地裏の喫茶店を見つけた。,오래된 마을을 탐방하며 골목의 카페를 찾았다.
彼は若き日の思想から保守的な政治観へ転向した。,그는 젊은 시절의 사상에서 보수적인 정치관으로 전향했다.
この案に異論のある方はいませんか。,이 안건에 이견 있으신 분 없습니까?
この雑誌は働くウーマンのための特集だ。,이 잡지는 일하는 여성들을 위한 특집이다.
ウエートレスが笑顔で注文を取りに来た。,웨이트리스가 웃는 얼굴로 주문을 받으러 왔다.
氷を入れたウイスキーを少しだけ飲んだ。,얼음을 넣은 위스키를 조금만 마셨다。
強風で看板を倒す危険があるので撤去した。,강풍으로 간판이 넘어뜨릴 위험이 있어 철거했다.
台風の威力を思い知らされた一日だった。,태풍의 위력을 절실히 느낀 하루였다.
がん細胞が他の臓器に転移していないか検査する。,암세포가 다른 장기로 전이되지 않았는지 검사한다.
渋滞で苛々してきた。,차가 막혀서 점점 짜증이 난다.
財布を落とした場所に心当たりはありますか。,지갑을 잃어버린 장소에 짐작 가는 곳이 있나요?
相手の本音を探るような質問は、今は控えたほうがいい。,상대의 속마음을 떠보는 질문은 지금은 삼가는 게 좋다.
鍵を探すために、ソファの下まで手を伸ばした。,열쇠를 찾으려고 소파 밑까지 손을 뻗었다.
彼女は探りを入れて、反応を確かめてから話を進めた。,그녀는 떠보며 반응을 확인한 뒤 이야기를 진행했다.
週末はオートバイで山までツーリングに行く予定だ。,주말에는 오토바이를 타고 산까지 투어링을 갈 예정이다.
彼は一生を貧しい人々の救済に徹して生きた。,그는 일생을 가난한 사람들의 구제에 전념하며 살았다.
夜が明ける前の静かな空が好きだ。,날이 밝기 전의 고요한 하늘을 좋아한다.
雨の中を駅まで歩いた。,비 오는 중에 역까지 걸었다.
博物館で青銅の鏡を見た。,박물관에서 청동 거울을 봤다.
突然の青天に洗濯物がよく乾いた。,갑자기 맑게 개어 빨래가 잘 말랐다.
菜の花畑の上を黄色い蝶々がひらひらと舞う。,유채꽃밭 위를 노란 나비가 팔랑팔랑 춤춘다.
図書館の端末で、古い新聞記事を一つずつ閲覧していった。,도서관 단말기로 오래된 신문 기사를 하나씩 열람해 나갔다.
氷は水に浮く。,얼음은 물에 뜬다.
帰ったらまず嗽をしなさい。,집에 오면 먼저 양치와 가글을 해라.
青年たちは地域の祭りを支えた。,청년들이 지역 축제를 떠받쳤다.
ソファでテレビを見ながら転た寝してしまった。,소파에서 TV를 보다가 깜빡 졸아 버렸다.
仕事で失敗した日のささやかな慰めは、帰り道に買うコンビニスイーツだ。,일에서 실패한 날의 소소한 위안은 돌아오는 길에 사 가는 편의점 디저트다.
彼には五つ年上の姉がいる。,그에게는 다섯 살 위의 누나가 있다.
専門用語を多用すると、話が分かりにくくなる。,전문 용어를 많이 사용하면 이야기가 이해하기 어려워진다.
彼は長年運輸業界で働いている。,그는 오랫동안 운수 업계에서 일하고 있다.
約束を破られて、惨めだと感じた夜がある。,"약속을 깨뜨려서, 비참하다고 느낀 밤이 있다."
大学の図書館で深夜まで学問の深淵を探求する。,대학교 도서관에서 심야까지 학문의 심연을 탐구한다.
豊かな大地が育んだ乳の恵みを感謝して頂く。,풍요로운 대지가 키워낸 우유의 은혜를 감사하며 먹는다.
このバスの運賃はいくらですか。,이 버스 요금은 얼마인가요?
今夜は降雪の恐れがあるので、早めに帰ろう。,오늘 밤은 강설 우려가 있으니 일찍 돌아가자.
研究チームが野生の個体を捕獲した。,연구팀이 야생 개체를 포획했다.
山頂からの観望は、言葉を失うほど美しかった。,산 정상에서의 관망은 말을 잃을 정도로 아름다웠다.
お父さんの会社は、高いビルの中にある。,아빠 회사는 높은 빌딩 안에 있다.
シャツの襟の汚れが落ちない。,셔츠 깃때의 때가 잘 안 지워진다.
結果を聞いた瞬間、落胆して言葉が出なかった。,결과를 듣는 순간 낙담해서 말이 나오지 않았다.
不安に駆られて、彼は夜中に彼女に電話をかけた。,불안에 사로잡혀 그는 한밤중에 그녀에게 전화를 걸었다.
きれいな花火が夜空に上がった。,예쁜 불꽃놀이가 밤하늘에 솟아올랐다.
お祭りは人が多くてとても賑やかでした。,축제는 사람이 많아서 매우 활기찼습니다.
みんなが反対する中、彼はあえてその危険な計画を実行した。,"모두가 반대하는 가운데, 그는 굳이 그 위험한 계획을 실행했다."
王子は国民の前でスピーチをした。,왕자는 국민들 앞에서 연설을 했다.
未来への希望を子供たちの手へと託する。,미래에 대한 희망을 아이들의 손에 기탁한다.
若いころからの努力が実り、大きな富を手に入れた。,젊었을 때부터의 노력이 결실을 맺어 큰 부를 손에 넣었다.
うっかりするとパスワードを人に教えてしまいそうで怖い。,자칫하면 비밀번호를 남에게 말해 버릴 것 같아서 무서워.
多才な彼はピアノも絵画も完璧にこなす。,다재다능한 그는 피아노도 그림도 완벽하게 해낸다.
予算審議が長引き、国会の会期は一週間延長されることになった。,예산 심의가 길어져 국회 회기는 일주일 연장되게 되었다.
駅のホームで温かい立ち食い蕎麦を急いで啜る。,역 승강장에서 따뜻한 서서 먹는 소바를 급히 들이킨다.
可愛らしい子猫が窓辺で丸くなって眠っている。,귀여운 아기 고양이가 창가에서 돌돌 말려 자고 있다.
夜明けと同時にロケットが発射された。,새벽과 동시에 로켓이 발사되었다.
火鉢の中の消し炭を取り出して、灰を片づけた。,화로 안의 꺼진 숯을 꺼내 재를 치웠다.
仮説を証明するために何度も実験を実証する。,가설을 증명하기 위해 몇 번이고 실험을 실증한다.
この包丁は作りがしっかりしているので、手入れ次第で一生使える。,이 식칼은 만듦새가 견고해서 손질하기에 따라 평생 쓸 수 있다.
欲を出しすぎて、結局大きな損をしてしまった。,욕심을 너무 부려서 결국 큰 손해를 보고 말았다.
事件の背景には、長年の怨恨があったと報道された。,사건의 배경에는 오랜 원한이 있었다고 보도되었다.
検査の結果、心臓の働きは正常だと言われて安心した。,검사 결과 심장 기능이 정상이라고 해서 안심했다.
先生が授業で使うテキストをあらかじめ配ってくれた。,선생님이 수업에 쓸 텍스트를 미리 나눠 주었다.
自国の文化を愛し、次世代へ語り継いでいく。,자국의 문화를 사랑하고 다음 세대로 전해 내려간다.
家族みんなが元気なのが一番です。,가족 모두가 건강한 것이 최고입니다.
無理に笑おうとして頬の筋肉が突っ張っている。,억지로 웃으려다 보니 볼 근육이 뻐근하게 땡긴다.
ヘルメットは事故の際に頭蓋骨を守る。,헬멧은 사고 시에 두개골을 보호한다.
教室で生け花を習い始めました。,교실에서 꽃꽂이를 배우기 시작했습니다.
片方だけイヤホンが壊れて、音が右からしか聞こえない。,한쪽 이어폰만 고장 나서 소리가 오른쪽에서만 들린다.
結婚式は盛大に行われ、会場は笑顔で満ちた。,"결혼식이 성대하게 열려, 회장은 웃음으로 가득했다."
彼女は会議でもはきはき話すので、とても頼りになる。,그녀는 회의에서도 또렷또렷 말해서 매우 믿음직스럽다.
彼はいつも強気な発言をするが、実は繊細だ。,그는 늘 강한 말만 하지만 사실은 섬세하다.
驚くほどの切れ味で、トマトも潰れずにスッと切れます。,"놀라울 정도의 절삭력으로, 토마토도 뭉개지지 않고 슥 잘립니다."
準備が整い次第、こちらから連絡します。,준비가 되는 대로 이쪽에서 연락드리겠습니다.
俺は絶対にあきらめないと心に誓った。,나는 절대로 포기하지 않겠다고 마음속으로 맹세했다.
村の祭りの夜、広場では太鼓の音とともに酒宴が遅くまで続いた。,"마을 축제 밤, 광장에서는 북소리와 함께 술잔치가 늦게까지 이어졌다."
石炭の輸送が止まり、工場の稼働が一時的に落ちた。,석탄 운송이 멈춰 공장 가동이 일시적으로 떨어졌다.
氷の上を滑るように優雅にダンスを踊る。,얼음 위를 미끄러지듯 우아하게 춤을 춘다.
医師は肺炎の疑いがあると言った。,의사는 폐렴이 의심된다고 말했다.
この薬は市販では手に入らないので、医師に相談してください。,이 약은 시판으로는 구할 수 없으니 의사와 상담하세요.
昔は山の向こうから鉄砲の音がよく聞こえたという。,예전에는 산 너머에서 총 소리가 자주 들렸다고 한다.
この土地は水に富む。,이 땅은 물이 풍부하다.
青少年のスマホ依存が問題になっている。,청소년의 스마트폰 의존이 문제가 되고 있다.
この刺身の作りは包丁捌きが見事で、芸術品のように美しい。,"이 사시미의 만듦새는 칼놀림이 훌륭해서, 예술품처럼 아름답다."
空が暗いと思ったら、案の定、雨が降ってきた。,"하늘이 어둡다고 생각했더니, 아니나 다를까 비가 내리기 시작했다."
自らの判断で退職を決めた。,스스로 판단해 퇴사를 결정했다.
侍女はドレスの裾を整えて王妃を迎えた。,시녀는 드레스 자락을 정돈하며 왕비를 맞이했다.
国際コンクールで優勝した若き才媛のピアニストが、一躍世界の注目を集めた。,국제 콩쿠르에서 우승한 젊은 재원 피아니스트가 단숨에 세계의 주목을 받았다.
江戸時代から続く商家の古い暖簾をくぐる。,에도 시대부터 이어온 상가의 오래된 포렴을 지나가다.
真っ白な雪の上に鮮血が飛び散り、戦慄が走る。,새하얀 눈 위에 선혈이 튀어 전율이 흐른다.
珍しい鳥の捕獲は禁止されている。,희귀한 새의 포획은 금지되어 있다.
最近カロリーを気にして、夜はあまり食べないようにしている。,요즘 칼로리를 신경 써서 밤에는 많이 안 먹으려고 한다.
深夜の放送で、速報が何度も繰り返された。,심야 방송에서 속보가 몇 번이나 반복됐다.
海の中で美しい熱帯魚の群れを見た。,바닷속에서 아름다운 열대어 떼를 보았다.
黒鉛は、鉛筆の芯の主な材料としてよく知られている。,흑연은 연필심의 주요 재료로 잘 알려져 있다.
初詣で、家族と一緒に近所の神社へお参りに行きました。,"새해 첫 참배로, 가족과 함께 근처 신사에 참배하러 갔습니다."
人はこんなにも簡単に変わるものなのか。,사람은 이렇게나 간단히 변하는 법인가.
彼はポケットから一枚の古い写真を出した。,그는 주머니에서 한 장의 낡은 사진을 꺼냈다.
彼らは夜通し議論して、ようやく結論に達した。,그들은 밤새 토론해 마침내 결론에 도달했다.
彼は来賓として威儀を正して壇上に立った。,그는 내빈으로서 위의를 갖추고 단상에 섰다.
この村は美しい湧き水で名高い観光地として知られる。,이 마을은 아름다운 샘물로 이름난 관광지로 알려져 있다.
国際情勢が急速に変化している。,국제 정세가 급속히 변하고 있다.
やっぱり、君の笑った顔が一番好きだ。,"역시, 네가 웃는 얼굴이 제일 좋아."
停戦協定の締結後、国境地帯から撤兵が始まった。,정전 협정 체결 후 국경 지대에서 철병이 시작됐다.
駅前の書店で新刊小説を買った。,역 앞 서점에서 신간 소설을 샀다.
同じ志を持つ同志が集まり、新しい時代を切り拓く。,같은 뜻을 가진 동지가 모여 새로운 시대를 개척한다.
卒業に必要な単位があと三つ足りない。,졸업에 필요한 학점이 세 개 부족하다.
このアプリの設定は意外と簡単で、五分で終わった。,이 앱 설정은 의외로 간단해서 5분 만에 끝났다.
彼は単独で山に入らず、必ず連絡してから出発する。,그는 단독으로 산에 들어가지 않고 반드시 연락한 뒤 출발한다.
侍は刀を置き、礼をして去った。,사무라이는 칼을 내려놓고 예를 갖춘 뒤 떠났다.
彼の志は崇高だが、道は険しい。,그의 뜻은 숭고하지만 길은 험하다.
彼は何事にも積極に取り組むタイプだ。,그는 어떤 일이든 적극적으로 임하는 타입이다.
工場では最新の機械が導入された。,공장에는 최신 기계가 도입되었다.
当日は朝九時までに会場へお越しください。,당일에는 아침 아홉 시까지 회장으로 와 주십시오.
締め切りが切迫して、チーム全体が焦っている。,마감이 절박해져서 팀 전체가 초조해한다.
冷房が効きすぎて、オフィスで上着が手放せない。,냉방이 너무 세서 사무실에서 겉옷을 못 놓는다.
日曜日は学校が休みです。,일요일은 학교가 쉽니다.
空に飛行機が飛んでいる。,하늘에 비행기가 날고 있다.
次の世代が地域の文化を担う人材になってほしい。,다음 세대가 지역 문화를 떠맡을 인재가 되었으면 한다.
タコは体の色を自由に変えることができる。,문어는 몸의 색을 자유롭게 바꿀 수 있다.
イカは墨を吐いて敵から身を守る。,오징어는 먹물을 뿜어 적으로부터 몸을 지킨다.
祭りで神輿を担ぐと、肩が痛くても不思議と元気が出る。,축제에서 미코시를 메면 어깨가 아파도 이상하게 힘이 난다.
この雲は激しい雨を孕んでいるようで、空が暗い。,이 구름은 격렬한 비를 머금고 있는 듯하여 하늘이 어둡다.
来週は出張で近畿地方を回る予定だ。,다음 주에는 출장으로 긴키 지방을 돌 예정이다.
帰省の車中で懐かしい故郷の景色を思い出す。,귀성하는 차 안에서 그리운 고향 풍경을 떠올린다.
店員に横柄な口をきく客を見ると、胸が痛む。,점원에게 거만하게 말하는 손님을 보면 마음이 아프다.
救急隊員が担架で負傷者を運び、病院へ急いだ。,구급대원이 들것으로 부상자를 옮기며 병원으로 급히 갔다.
元旦の朝、家族でお雑煮を囲んで新年を祝った。,설날 아침에 가족이 함께 떡국(오조니)을 먹으며 새해를 축하했다.
友人の門出を祝し、シャンパンで乾杯する。,친구의 새로운 출발을 축하하며 샴페인으로 건배한다.
警察は首謀者を特定し、逮捕に踏み切った。,경찰은 주모자를 특정하고 체포에 나섰다.
脂肪を減らすために、夜の甘い物を控えた。,지방을 줄이기 위해 밤에 단것을 줄였다.
花粉症で鼻がつまって息がしにくい。,꽃가루 알레르기로 코가 막혀 숨쉬기 어렵다.
茶道では、お茶を点てる作法も重要です。,다도에서는 차를 만드는 예법도 중요합니다.
あの俳優は、どんな役でも完璧に演じこなす。,저 배우는 어떤 역할이든 완벽하게 소화해낸다.
文化祭の遊戯コーナーで、輪投げが一番人気だった。,문화제(축제) 놀이 코너에서 링 던지기가 가장 인기였다.
彼女は無事を祈って、静かに目を閉じた。,그녀는 무사를 빌며 조용히 눈을 감았다.
彼には輝かしい未来が待っている。,그에게는 눈부신 미래가 기다리고 있다.
景気の回復が予想より速まった。,경기 회복이 예상보다 빨라졌다.
彼はリーダーとしての器ではない。,그는 리더로서의 그릇이 아니다.
ペットを飼うことは、大きな責任が伴う。,반려동물을 키우는 것은 큰 책임이 따른다.
EU域内での人や物の移動は比較的自由だ。,EU 역내에서 사람과 물자의 이동은 비교적 자유롭다.
祖母は丹精こめて庭の菊を育て、毎朝水をやる。,할머니는 정성을 들여 정원의 국화를 키우고 매일 아침 물을 준다.
雑草のしぶとい生命力に自然の驚異を感じる。,잡초의 끈질긴 생명력에서 자연의 경이로움을 느낀다.
冬の冷たい空気の中、背筋をピンと張って歩く。,겨울의 차가운 공기 속에서 등줄기를 꼿꼿이 펴고 걷는다.
彼は普段から早寝早起きを心がけている。,그는 평소에 일찍 자고 일찍 일어나려고 노력한다.
家具の寸法を測ってから買う。,가구 치수를 재고 나서 산다.
真紅の車体がサーキットを猛スピードで走る。,진홍색 차체가 서킷을 맹렬한 속도로 달린다.
コートの裾が風で揺れた。,코트 자락이 바람에 흔들렸다.
この商品の定価はいくらですか。,이 상품의 정가는 얼마인가요?
理想と現実を並立させるのは、案外むずかしい。,이상과 현실을 병립시키는 건 의외로 어렵다.
彼はどんな状況でも冷静に判断できる人だ。,그는 어떤 상황에서도 냉정하게 판단할 수 있는 사람이다.
データを並列に処理すると、計算が速くなる。,데이터를 병렬로 처리하면 계산이 빨라진다.
彼は丹念にメモを取り、会議の要点を逃さなかった。,그는 꼼꼼하게 메모를 하며 회의 요점을 놓치지 않았다.
昼休みに同僚と雑談を楽しんだ。,점심시간에 동료와 잡담을 나누며 즐거워했다.
雨垂れが屋根を打つ音で、眠りが浅くなった。,빗방울이 처마를 두드리는 소리 때문에 잠이 얕아졌다。
まだたくさん時間があります。,아직 많이 시간이 있습니다.
重い荷物をお母さんが持ってくれた。,무거운 짐을 엄마가 들어주셨다.
音楽を聴きながら散歩します。,음악을 들으며 산책합니다.
古びた時計の発条を巻くと、再び時を刻み始めた。,낡은 시계의 태엽을 감자 다시 시간을 새기기 시작했다.
先祖代々受け継いできた農業を、誇りある自分の生業としている。,조상 대대로 물려받은 농업을 자부심 있는 자신의 생업으로 삼고 있다.
古いビルを爆破して、新しい都市開発が始まる。,낡은 빌딩을 폭파하여 새로운 도시 개발이 시작된다.
良家の子女として厳格な教育を受けて育つ。,양가의 자녀로서 엄격한 교육을 받고 자라다.
家族の写真を飾っています。,가족 사진을 장식해 두었습니다.
かぞくみんなで ピクニックに いったよ。,가족 모두 함께 소풍 갔어.
永い年月を共に過ごした夫婦は、言葉がなくても通じ合うという。,오랜 세월을 함께 보낸 부부는 말이 없어도 통한다 한다.
しおを いれると あじが かわる。,소금을 넣으면 맛이 바뀐다.
妹が描いた絵が上手だ。,여동생이 그린 그림을 잘 그렸다.
人工衛星が予定の軌道に乗った。,인공위성이 예정된 궤도에 올랐다.
公園の鉄棒で懸垂をして、背中を鍛えた。,공원 철봉에서 턱걸이를 하며 등을 단련했다。
歴史小説は史実に基づきつつ想像力を加える。,역사 소설은 사실에 기반하면서 상상력을 더한다.
この家の食堂は日当たりが良くて明るい。,이 집의 식당은 볕이 잘 들어서 밝다.
彼は突然連絡を絶ち、まるで雲隠れした恋人のように音信不通になった。,그는 갑자기 연락을 끊어 버려 마치 종적을 감춘 연인처럼 소식이 끊겼다.
正月には親戚一同が集まる。,설날에는 친척 일동이 모인다.
そんな話、人聞きが悪いから外では言わないで。,그런 얘기는 평판이 안 좋으니 밖에서는 말하지 마.
この棒を床に垂直に立ててください。,이 막대를 바닥에 수직으로 세워 주세요。
彼女は既婚で、小さな子どもが二人いる。,그녀는 기혼이고 어린 아이가 두 명 있다.
彼は世界各地を遍歴して写真集を出した。,그는 세계 각지를 편력하며 사진집을 냈다.
この車は水陸両用で、川も走れる。,이 차는 수륙양용이라 강도 달릴 수 있다。
素顔で出社したら、「雰囲気が違うね」と言われた。,민낯으로 출근했더니 “분위기가 다르네”라는 말을 들었다.
この調査には地域の偏りがある。,이 조사에는 지역적 편중이 있다.
被写体の魅력을 最大限に引き出す写真を撮る。,피사체의 매력을 최대한으로 이끌어내는 사진을 찍는다.
この席は専用なので、予約名を確認します。,이 자리는 전용이라 예약 이름을 확인하겠습니다.
この店はご当地ラーメンの元祖として知られている。,이 가게는 그 지역 라멘의 원조로 알려져 있다.
人間の体は約37兆個の細胞でできているそうだ。,인간의 몸은 약 37조 개의 세포로 이루어져 있다고 한다.
川で死体が発見され、大騒ぎになった。,강에서 시체가 발견되어 큰 소동이 벌어졌다.
渋滞を避けるため、出発時刻を早めるよう図った。,정체를 피하려고 출발 시간을 앞당기도록 꾀했다。
彼の泳ぎはきれいで、見ているだけで気持ちよくなる。,그의 수영폼은 아름다워서 보고 있기만 해도 기분이 좋아진다.
昨今の経済情勢を反映して物価が上昇する。,요즘의 경제 정세를 반영하여 물가가 상승한다.
審美眼を養うことが成功への試金石となる。,심미안을 기르는 것이 성공으로 가는 시금석이 된다.
この彫刻は彼の最高傑作として語り継がれる。,이 조각은 그의 최고 걸작으로 계속 이야기된다.
川は夕焼けを映して、静かに流れていた。,강은 노을을 비추며 조용히 흐르고 있었다.
公平な立場で罪を犯した者を厳格に裁く。,공평한 입장에서 죄를 범한 자를 엄격하게 심판한다.
冷蔵庫でよく冷やした梨をデザートに出した。,냉장고에서 잘 식힌 배를 디저트로 내왔다.
四角い弁当箱に色とりどりのおかずを詰める。,사각 도시락 상자에 알록달록한 반찬을 채운다.
昼休みに同僚と駅前の韓国料理店でビビンバを食べた。,점심시간에 동료와 역 앞 한국 음식점에서 비빔밥을 먹었다.
軍隊では規律が何よりも重んじられる。,군대에서는 기율이 무엇보다 중시된다.
客たちは三々五々に分かれて家路に就く。,손님들은 삼삼오오 흩어져 집으로 향한다.
立ち上がった瞬間に、貧血で目の前が暗くなる。,일어난 순간에 빈혈로 눈앞이 어두워진다.
飛行機の離陸のときに耳抜きのためにガムを噛んだ。,비행기가 이륙할 때 귀가 멍해지는 것을 막으려고 껌을 씹었다.
昔は分からない言葉を調べるのに紙の字引を引いた。,예전에는 모르는 말을 찾을 때 종이 사전을 찾곤 했다.
店員に無礼な口を利くのはやめなさい。,점원에게 무례하게 말하는 건 그만해.
この椅子にちょこんと座って。,이 의자에 얌전히 앉아.
上司の威圧的な口調に、会議室の空気が一気に凍りついた。,상사의 위압적인 말투에 회의실의 공기가 순식간에 얼어붙었다.
彼女の笑顔の麗しさに、思わず言葉を失った。,그녀의 미소의 아름다움에 무심코 말을 잃었다.
砂利を踏む音がして、門の外に誰かいると分かった。,자갈을 밟는 소리가 나서 문 밖에 누가 있는지 알았다.
こってりした料理の合間に、酢の物が良い箸休めになる。,"느끼한 요리 중간에, 초절임이 좋은 입가심이 된다."
将棋の駒を指す音が静かな部屋に響き渡る。,장기 기물을 두는 소리가 조용한 방에 울려 퍼진다.
このプロジェクトの主眼は、コスト削減ではなく品質向上にある。,이 프로젝트의 주안점은 비용 절감이 아니라 품질 향상에 있다.
朝から何も食べていなくて、おなかがぺこぺこだ。,아침부터 아무것도 안 먹어서 배가 꼬르륵거린다.
宇宙飛行士たちが無事に地球へ帰還した。,우주비행사들이 무사히 지구로 귀환했다.
護身のために武道を習い自分の身を守る。,호신을 위해 무도를 배워 자신의 몸을 지킨다.
早起きすると一日が長く 느껴진다。,일찍 일어나면 하루가 길게 느껴진다.
おみくじで大吉が出て、一日中うきうきしていた。,오미쿠지에서 대길이 나와 하루 종일 들떠 있었다.
この魚の地方における呼称は地域ごとに異なる。,이 생물의 지방에서의 호칭은 지역마다 다르다.
夏は海で泳ぐのが一番です。,여름은 바다에서 수영하는 것이 최고입니다。
懐中電灯の光だけでは足元が心許ない。,손전등 불빛만으로는 발밑이 불안하다.
顧客満足度の調査結果をグラフにした。,고객 만족도 조사 결과를 그래프로 만들었다.
彼は生活費のために小切手を振り出した。,그는 생활비를 위해 수표를 발행했다.
この会社には厳しい就業規則がある。,이 회사에는 엄격한 취업 규칙이 있다.
彼の笑顔の意図が読めず、不安になった。,그의 미소의 의도를 읽지 못해 불안해졌다。
風邪をひいたので病院に行きました。,감기에 걸려서 병원에 갔습니다。
集計データに作為が加えられた可能性があると報道された。,집계 데이터에 작위가 가해졌을 가능성이 있다고 보도되었다.
冬には家族みんなで鍋料理を食べる。,겨울에는 가족 모두가 냄비 요리를 먹는다.
バスの後部座席に座って流れる景色を眺める。,버스 뒷좌석에 앉아 흐르는 풍경을 바라본다.
玄関に花瓶を置くと、部屋が明るく見える。,현관에 꽃병을 두면 방이 밝아 보인다.
小さな島にたどり着いたとき、太陽が沈みかけていた。,작은 섬에 당도했을 때 태양이 막 지고 있었다.
図書館で日本史の年表を作成した。,도서관에서 일본사 연표를 작성했다.
泣いている坊やに、優しく飴を差し出す。,울고 있는 꼬마(보야)에게 다정하게 사탕을 내민다.
悪い習慣を断つために、SNSを消した。,나쁜 습관을 끊기 위해 SNS를 삭제했다.
秋は紅葉が美しい季節です。,가을은 단풍이 아름다운 계절입니다。
彼女を恋い焦がれるほど、連絡できずにいる。,그녀를 애타게 그리울수록 연락을 못 하고 있다.
刑期を終えた男が社会での更生を誓う。,형기를 마친 남자가 사회에서의 갱생을 다짐한다.
その管理職は権限を濫用して部下を私用に使った。,그 관리자는 권한을 남용해 부하를 사적으로 부렸다.
小さな命でも、できる限り救いたいと医師は語った。,작은 생명이라도 최대한 구하고 싶다고 의사는 말했다.
喉が渇いたので飲み物がほしいです。,목이 말라서 마실 것이 필요합니다。
神社の宮司が朝早くから境内を清めている。,신사의 궁사가 아침 일찍부터 경내를 정화하고 있다.
隣室の笑い声が聞こえて、こちらまで和んだ。,옆방의 웃음소리가 들려 이쪽까지 마음이 풀렸다.
一度交わした約束を違えるべきではないと、父にきつく言われた。,한 번 맺은 약속을 어겨서는 안 된다고 아버지에게 호되게 혼났다.
図書館で図書を返却してから、静かな席に座った。,도서관에서 책을 반납한 뒤 조용한 자리에 앉았다。
出かける前に鏡で髪型をチェックする。,외출하기 전에 거울로 머리 모양을 확인한다.
その物言いは少しきつく聞こえるかもしれない。,그 말투는 조금 날카롭게 들릴지도 모른다.
抵抗が強くて、交渉が進まない。,저항이 강해서 협상이 진행되지 않는다。
院政の時代には上皇が実質的な権力を握った。,원정 시대에는 상황이 실질적인 권력을 쥐었다.
高貴な身分の女性が豪華な馬車から降りる。,고귀한 신분의 여성이 호화로운 마차에서 내린다.
雲の切れ間から太陽がのぞいた。,구름 사이로 태양이 내다보였다.
彼は友の成功を嫉み、素直に喜ぶことができなかった。,그는 친구의 성공을 시샘하여 순순히 기뻐할 수 없었다.
凹レンズを通すと文字が小さく見える。,오목렌즈를 통과하면 글자가 작게 보인다.
母は味付けに食塩ではなく岩塩を使っている。,엄마는 간을 할 때 식염 대신 암염을 쓴다.
果物の中でイチゴが一番好きです。,과일 중에서 딸기가 제일 좋습니다。
小さな変化を見過ごすと、大きな事故に繋がる。,작은 변화를 간과하면(미스고스) 큰 사고로 이어진다.
労働条件の改善を求めて、座り込みが続いた。,노동 조건 개선을 요구하며 앉아 버티는 시위가 계속됐다.
会社員を続けながら兼業で小説を書いている。,회사원을 계속하면서 겸업으로 소설을 쓰고 있다.
巡査が道に迷った観光客に駅まで案内した。,순경이 길을 잃은 관광객을 역까지 안내했다.
制服の胸囲を測ってください。,교복 가슴둘레를 재 주세요.
「いってきます」と元気に家を出た。,다녀오겠습니다라고 활기차게 집을 나섰다.
彼女の演技は観客の涙を誘った。,그녀의 연기는 관객의 눈물을 자아냈다.
彼は絶対に遅刻しない。,그는 절대로 지각하지 않는다.
遠心分離機にかけて成分をきれいに分離する。,원심분리기게 돌려 성분을 깨끗하게 분리한다.
父は実業の世界で成功した。,아버지는 실업계에서 성공했다.
容疑者は長時間の尋問で疲れ切っていた。,용의자는 장시간의 심문으로 지쳐 있었다。
来月、西欧の歴史的な街を巡る予定だ。,다음 달에 서유럽의 역사적인 도시들을 돌 예정이다.
志を同じくする若者たちが新しい政당を結成した。,뜻을 같이하는 젊은이들이 새로운 정당을 결성했다.
陣痛が強くなり、深夜に病院へ駆け込んだ。,진통이 강해져 한밤중에 병원으로 달려갔다。
等比級数の計算は複雑だが法則性がある。,등비급수의 계산은 복잡하지만 법칙성이 있다.
日本では食事の時に箸を使う。,일본에서는 식사할 때 젓가락을 사용한다.
濡れた傘を袋に入れてから店に入った。,젖은 우산을 봉투에 넣고 나서 가게에 들어갔다.
現職が大差で再選を決めた。,현직이 큰 표차로 재선에 성공했다.
新しいブーツを履いたら足が少し痛くなった。,새 부츠를 신었더니 발이 조금 아팠다.
姉は来月結婚する予定だ。,누나는 다음 달 결혼할 예정이다.
時計が止まっていて、時間に遅れた。,시계가 멈춰 있어서 지각했다.
氷上釣りでは、穴の周りの砕氷が欠かせない。,빙어낚시에서는 구멍 주변의 쇄빙이 필수다.
隣の家の奥さんはとても親切だ。,옆집 아주머니는 무척 친절하다.
この小説は、一人の少年の成長を描いた心温まる物語だ。,이 소설은 한 소년의 성장을 그린 마음 따뜻해지는 이야기이다.
今晩のおかずは肉料理です。,오늘 저녁 반찬은 고기 요리입니다。
担当者が交代したので連絡先が変わりました。,담당자가 교대해서 연락처가 바뀌었습니다.
ご多忙のところ恐縮ですが、ご確認いただければ幸甚です。,"바쁘신 와중에 송구하지만, 확인해 주시면 대단히 감사하겠습니다。"
彼は妻子を守るために転職を決めた。,그는 처자식을 지키기 위해 이직을 결심했다.
くるくると表情が変わる彼女は見ていて飽きない。,빙글빙글 표정이 변하는 그녀는 보고 있어도 질리지 않는다.
試験はぎりぎり及第だったが、次はもっと頑張る。,"시험은 간신히 합격했지만, 다음엔 더 노력하겠다."
お母さんの料理を手伝います。,어머니의 요리를 돕습니다。
健康のために、毎日たくさんの野菜を食べるようにしている。,건강을 위해 매일 많은 채소를 먹으려고 하고 있다.
彼女の訴えは正当だったが、届くまでに時間がかかった。,그녀의 호소는 정당했지만 전달되기까지 시간이 걸렸다.
子どもたちが公園で鬼ごっこをしている。,아이들이 공원에서 술래잡기를 하고 있다.
彼の動きは疾風迅雷で、相手は反応できなかった。,그의 움직임은 질풍뇌전 같아서 상대가 반응하지 못했다。
割れた花瓶の破片を強力な接着剤でくっ付ける。,깨진 화병 조각을 강력 접착제로 붙인다.
見積書をメールで送っていただけますか。,견적서를 이메일로 보내 주실 수 있나요?
書斎で一人、原稿を書き続けた。,서재에서 혼자 원고를 계속 썼다.
朝礼で校長先生の前に立ちます。,조회 시간에 교장 선생님 앞에 섭니다。
今日は私が掃除当番だ。,오늘은 내가 청소 당번이다.
事故で脚の骨にひびが入り、歩くのがつらい。,사고로 다리뼈에 금이 가 걸어 다니기가 괴롭다.
新しい洗濯機は乾燥機能もついている。,새 세탁기는 건조 기능도 붙어 있다.
電車の中では席に座ります。,전철 안에서는 자리에 앉습니다。
秋の空のような気紛れな性格に皆が振り回される。,가을 하늘 같은 변덕스러운 성격에 모두가 휘둘린다.
彼の冷たい眼に、思わず身震いした。,그의 차가운 눈빛에 나도 모르게 몸서리쳤다.
夕食後はたいてい家族でテレビを見る。,저녁 식사 후에는 대개 가족과 함께 TV를 본다.
家を出る前に、忘れ物がないか確認します。,집을 나기 전에 잊은 물건이 없는지 확인합니다。
戦争による無慈悲な虐殺の歴史を風化させない。,전쟁에 의한 무자비한 학살의 역사를 풍화시키지 않는다.
自分の意見を他人に強要するのは良くない。,자신의 의견을 타인에게 강요하는 것은 좋지 않다.
河童の川流れ、名人でも失敗することはある。,"원숭이도 나무에서 떨어진다, 명인이라도 실수할 때는 있다."
ビルの屋上でバーベキューをした。,빌딩 옥상에서 바비큐를 했다.
宝くじが当たって億万長者になった。,복권에 당첨되어 억만장자가 되었다.
今日は風がなくて本当に善い天気だ。,오늘은 바람도 없고 정말 좋은 날씨다.
チーム全員で協調してプロジェクトを進める。,팀 전원이 협조하여 프로젝트를 진행한다.
詳細は追って連絡しますので、善処してください。,자세한 내용은 추후 연락드릴 테니 적절히 처리해 주세요.
この企画、四回目の修正でやっと通った。,"이 기획, 네 번째 수정에서야 드디어 통과됐다."
男女共学の高校で青春の日々を謳歌する。,남녀공학 고등학교에서 청춘의 나날을 구가한다.
縁起の良い担ぎ物をして、祭りを盛り上げる。,재수 좋은 물건을 메고 축제 분위기를 띄운다.
この国を長く統治してきた王朝がついに倒れた。,이 나라를 오랫동안 통치해 온 왕조가 마침내 무너졌다.
この包丁はよく切れる。,이 식칼은 잘 든다.
年末は実家で静かに年越しをする予定だ。,연말에는 본가에서 조용히 연말을 보낼 예정이다.
次回からは遅刻をしないよう、目覚まし時計を二つセットした。,"다음번부터는 지각을 하지 않도록, 자명종을 두 개 세팅했다."
通勤中はいつも音楽を聴いている。,출근길에는 항상 음악을 듣는다.
舞扇を高く掲げて、踊りの型を決める。,춤추는 부채를 높이 들어 올리고 동작을 딱 잡는다.
夏の夜、子どもたちは浴衣姿で線香花火を楽しんだ。,"여름 밤, 아이들은 유카타 차림으로 선향불꽃놀이를 즐겼다."
天気がいいので、ベビーカーで公園まで散歩に行こう。,날씨가 좋으니 유모차로 공원까지 산책하러 가자.
君を見損なったよ。,너를 잘못 봤어(실망했어).
彼は謙遜して「まだまだです」と言った。,그는 겸손하게 “아직 멀었습니다”라고 말했다.
一言多くて、せっかくの場を損ねた。,"말 한마디가 많아, 어렵게 만든 자리를 망쳤다."
さあ行くぞ、とリーダーが声をかけると、全員が一斉に立ち上がった。,"자 가자, 라고 리더가 소리치자, 전원이 일제히 일어섰다."
今日は海も風も穏やかだ。,오늘은 바다도 바람도 잔잔하다.
山道の先で大きな滝が白く落ちていた。,산길 끝에서 큰 폭포가 하얗게 떨어지고 있었다.
小さな償いとして、毎月寄付を続けている。,작은 속죄로 매달 기부를 이어가고 있다.
この方言は、今ではほとんど死に絶えてしまった。,이 방언은 이제 거의 완전히 사라져 버렸다.
この台風は激甚災害級だと報じられた。,이 태풍은 ‘극심 재해’급이라고 보도되었다。
服の上下の色を揃える。,위아래 옷 색을 맞춘다.
困難を共に乗り越えてきた仲間に感謝する。,어려움을 함께 극복해 온 동료에게 감사한다.
引っ越してから、ようやく平穏な日々を取り戻した。,이사 온 뒤 겨우 평온한 나날을 되찾았다.
夏祭りに向けて、子どもたちが太鼓の練習をしている。,여름 축제를 앞두고 아이들이 북 연습을 하고 있다.
相手の意見を尊ぶ姿勢が大切だ。,상대의 의견을 존중하는 자세가 중요하다.
人気チケットの争奪戦が始まった。,인기 티켓 쟁탈전이 시작됐다.
昭和を懐古する番組が最近人気だ。,쇼와 시대를 회고하는 프로그램이 요즘 인기를 끌고 있다.
会場はビルの四階で、受付はエレベーター前です。,"행사는 빌딩 4층이고, 접수는 엘리베이터 앞입니다."
先生に怒られて、悲しくなりました。,선생님께 혼나서 슬퍼졌습니다。
突然の腹痛で、盲腸炎の手術を受けることになった。,갑작스러운 복통으로 맹장염 수술을 받게 되었다.
炊き上がったばかりの白いご飯の湯気が、食欲をそそる。,"갓 지어낸 흰 밥의 김이, 식욕을 돋운다."
パンが狐色に焼けて香ばしい匂いが漂う。,빵이 노릇노릇하게 구워져 고소한 냄새가 풍긴다.
この坂道は勾配がきついので、自転車で登るのは大変だ。,이 비탈길은 경사가 가파라 자전거로 오르기가 힘들다.
家に帰ったら、まず手を洗います。,집에 돌아오면 먼저 손을 씻습니다。
箱を両腕で抱えるように持ち上げた。,상자를 양팔로 안아 들었다.
恋は盲目だと、友だちは笑って言った。,사랑은 눈먼 거라고 친구가 웃으며 말했다.
子どもたちは川原の大きな岩に登って、何度もジャンプして遊んでいた。,아이들은 강가의 큰 바위에 올라가 여러 번 점프하며 놀고 있었다。
彼女は椅子を机に寄せた。,그녀는 의자를 책상에 바짝 붙였다.
その件はすでに存じます。,그 건은 이미 알고 있습니다(존재합니다의 공손표현).
契約書の字句を一つ一つ確認してから署名した。,계약서의 자구를 하나하나 확인한 뒤 서명했다.
彼の言い方はあまりにも醜い。,그의 말투는 너무나도 보기 흉하다.
老舗の宿屋には、木の香りが残っていた。,오래된 여관에는 나무 향이 남아 있었다.
物理学科の実験室で新しい現象を発見する。,물리학과 실험실에서 새로운 현상을 발견한다.
画用紙に鮮やかな色彩で風景を描き出す。,도화지에 선명한 색채로 풍경을 그려낸다.
アルバイトをして大学の学費を自分で払う。,아르바이트를 해서 대학교 학비를 직접 지불한다.
私立の学校は設備が整っていることが多い。,사립 학교는 시설이 잘 갖추어진 경우가 많다.
肌の老化を防ぐために、日焼け止めを塗る。,피부 노화를 막기 위해 자외선 차단제를 바른다.
友情は尊いものだ。,우정은 소중한 것이다.
子孫のために家系図を作った。,자손을 위해 가계도를 만들었다.
蚕糸の産地を訪ねて、養蚕小屋を見学した。,잠사 산지를 찾아가 누에 치는 집을 견학했다.
政治の混乱を慨嘆する老人の背中が寂しい。,정치의 혼란을 개탄하는 노인의 뒷모습이 쓸쓸하다.
私はあの職人を心から尊敬している。,나는 그 장인을 진심으로 존경한다.
新しいメンバーがプロジェクトに加わって、チームが一気に明るくなった。,새 멤버가 프로젝트에 합류하면서 팀 분위기가 한껏 밝아졌다.
景気が回復しつつあるのは喜ばしいことだ。,경기가 회복되고 있는 것은 기쁜 일이다.
受付で万能変換器を十ドルで販売しています,프런트에서 만능 변환기를 10달러에 판매하고 있습니다
卒業式で恩師の話を聞き感慨に耽る。,졸업식에서 은사님의 말씀을 듣고 깊은 감상에 젖는다.
台風の被害状況を確認するため、自衛隊が現地に派遣された。,태풍 피해 상황을 확인하기 위해 자위대가 현지에 파견되었다.
紫陽花の葉の上を蝸牛がゆっくり進む。,수국 잎 위를 달팽이가 천천히 나아간다.
歴史ドラマでは、宮廷での陰謀や権力争いが描かれている。,사극에서는 궁정에서의 음모와 권력 다툼이 그려지고 있다.
既存のシステムに不具合が見つかった。,기존 시스템에서 결함이 발견됐다.
泣き面に蜂と言うように、悪いことは重なるものだ。,"우는 얼굴에 벌이라더니(설상가상), 나쁜 일은 겹치기 마련이다."
初夏の風が窓からそっと吹き込んできた。,초여름 바람이 창문으로 살며시 불어 들어왔다.
部屋の飾りをシンプルなものに変えた。,방 장식을 심플한 것으로 바꾸었다.
このビルの中では、指定された場所以外での喫煙は禁止されています。,이 건물 안에서는 지정된 장소 이외의 흡연이 금지되어 있습니다.
その噂は、彼の存在を大きくした。,그 소문은 그의 존재감을 키웠다.
財布を抜き取るその早業に、周囲の人は気づかなかった。,지갑을 훔쳐 가는 그 빠른 손놀림에 주변 사람들은 눈치채지 못했다.
市役所の窓口で書類の書き方を丁寧に教えてもらった。,시청 창구에서 서류 쓰는 방법을 친절하게 안내받았다.
国際的に捕鯨をめぐる議論が続いている。,국제적으로 포경을 둘러싼 논쟁이 계속되고 있다.
広大な海をマグロの群れが回遊している。,광대한 바다를 참치 떼가 회유하고 있다.
庭にある大きな樫の木が強い風に耐える。,마당에 있는 커다란 가시나무가 강한 바람에 견딘다.
お土産が嵩張るので大きな鞄を用意した。,기념품이 부피를 차지해서 커다란 가방을 준비했다.
旅先からの荷が一週間も届かず、不安になってきた。,여행지에서 보낸 짐이 일주일째 도착하지 않아 불안해졌다.
監督が若い選手たちを率いる。,감독이 젊은 선수들을 이끈다.
彼は十年間空手を習い続けている。,그는 10년 동안 가라테를 계속 배우고 있다.
この石は重くて持てません。,이 돌은 무거워서 들 수 없습니다。
聖書を開いて、静かに一節を読んだ。,성경을 펼쳐 조용히 한 구절을 읽었다.
子供の帽子に、迷子にならないよう名前を縫い付ける。,아이 모자에 미아가 되지 않도록 이름을 바느질해 붙인다.
植樹祭で子どもたちが苗木を植えた。,식수 행사에서 아이들이 묘목을 심었다.
パパと一緒にお風呂に入るのが楽しい。,아빠와 함께 목욕하는 것이 즐겁다.
彼の声には怒りの震えが混じっていた。,그의 목소리에는 분노의 떨림이 섞여 있었다.
今年の初荷をトラックに積み込み、みんなで門出を祝った。,올해 첫 화물을 트럭에 싣고 모두 함께 출발을 축하했다.
駅前は昼夜を問わず人であふれる繁華な一帯だ。,역 앞은 밤낮을 가리지 않고 사람들로 붐비는 번화한 지역이다.
木の板に思い出の言葉を彫る。,나무 판자에 추억의 말을 새긴다.
駅から少し離れた借家だが、庭付きで気に入っている。,역에서 조금 떨어진 셋집이지만 정원이 있어서 마음에 든다.
彼は生一本で、駆け引きよりも真っ直ぐ勝負する。,그는 꾸밈없는 한결같은 성품이라 잔꾀보다 정면 승부를 한다.
誕生日に母へ感謝を込めて花束を贈る。,생일에 어머니께 감사를 담아 꽃다발을 선물한다.
オリンピックでは新しい競技が追加されるたびに話題になる。,올림픽에서는 새로운 종목이 추가될 때마다 화제가 된다.
明日の朝焼けは今日よりも美しくなるだろう。,내일의 아침 노을은 오늘보다 더 아름다울 것이다.
ソファーの足に頭をぶつけて、たんこぶができた。,소파 다리에 머리를 부딪쳐 혹이 생겼다.
食事が別々に安全に準備されることを確実にするために直ちに厨房に知らせます,식사가 따로 안전하게 준비되는 것을 확실히 하기 위해 즉시 주방에 알리겠습니다
この地域では古くから石炭の採掘が行われてきた。,이 지역에서는 예부터 석탄 채굴이 이루어져 왔다.
書類を粉砕して、情報漏えいを防いだ。,서류를 분쇄해 정보 유출을 막았다.
事実と意見をきちんと区別しなければならない。,사실과 의견을 제대로 구별해야 한다.
先生が生徒を引率して博物館へ行った。,선생님이 학생들을 인솔해 박물관에 갔다.
ゴミは部屋の隅にまでたまっていた。,쓰레기가 방 구석구석까지 쌓여 있었다.
花壇の花が通りを彩る季節だ。,화단의 꽃이 거리를 물들이는 계절이다.
軽率な投稿で炎上してしまった。,경솔한 게시물로 논란이 커져 버렸다.
彼は自分の過失を認めて素直に謝罪した。,그는 자신의 과실을 인정하고 솔직하게 사과했다.
彼女が率先してゴミを拾った。,그녀가 솔선해서 쓰레기를 주웠다.
夕焼け空に雲がゆっくりと広がり、街には静かな広がりのある光が満ちていった。,"저녁놀 하늘에 구름이 천천히 퍼지며, 거리에는 은은하게 번지는 빛이 가득했다."
昔話に出てくるようなわらべたちが、野山を駆け回って遊んでいる。,옛날이야기에 나올 법한 아이들이 들산을 뛰어다니며 놀고 있다.
涙が止められなかった。,눈물이 멈추지(억제되지) 않았다.
何時いかなる時でも、災害への備えを忘れてはいけない。,언제 어느 때라도 재해에 대한 대비를 잊어서는 안 된다.
この映画はカラーで、景色がとても美しい。,이 영화는 컬러라서 풍경이 아주 아름답다.
来年、大学を卒業する予定だ。,내년 대학을 졸업할 예정이다.
風邪をひいたので、近くの薬局で薬を買った。,감기에 걸려서 근처 약국에서 약을 샀다.
雨が三日続いて、洗濯物が乾かない。,비가 3일째 계속돼 빨래가 마르지 않는다.
雷の音に驚いた猫が、ベッドの下に隠れて出てこない。,천둥 소리에 놀란 고양이가 침대 밑에 숨어 나오지 않는다.
姉が遠い国へ嫁いでいく日、家族みんなで空港まで見送った。,"언니가 먼 나라로 시집가는 날, 가족 모두가 공항까지 배웅했다."
事故の遺族に対し、心から哀悼の意を表します。,사고 유가족에게 진심으로 애도의 뜻을 표합니다.
毎日10分だけでも運動を続ける。,매일 10분이라도 운동을 계속한다.
歩いていると後ろから誰かの気配を感じた,걷고 있는데 뒤에서 누군가의 기척을 느꼈다
責任を部下に転嫁するような上司にはなりたくない。,책임을 부하에게 전가하는 상사가 되고 싶지 않다.
彼は若い兵卒として前線に送られた。,그는 젊은 병졸로 전선에 보내졌다.
大事な場面で集中力を乱す通知は切っておこう。,중요한 순간에 집중력을 흐트러뜨리는 알림은 꺼 두자.
そして、二人は幸せに暮らしました。,그리고 두 사람은 행복하게 살았습니다。
ユーザー属性を分析して広告を調整する。,사용자 속성을 분석해 광고를 조정한다.
道の果てに小さな灯台がぽつんと立っていた。,길의 끝에 작은 등대가 쓸쓸히 서 있었다.
支店ごとに売り上げの報告を提出してください。,지점마다 매출 보고를 제출해 주세요.
旅先で地域の風俗を学んだ。,여행지에서 지역의 풍속을 배웠다.
まるで夢をみたいな時間だった。,마치 꿈같은 시간이었어.
美術館には有名画家の作品が何点も展示されている。,미술관에는 유명 화가의 작품이 여러 점 전시되어 있다.
陶芸家がろくろを回して濡れた土に手を添える,도예가가 물레를 돌리며 젖은 흙에 손을 대다
駅で何事があったのか、人だかりができていた。,역에서 무슨 일이 있었는지 사람들로 붐비고 있었다.
明日の天気は晴れて、絶好の行楽日和になるだろう。,내일 날씨는 맑아서 더할 나위 없는 행락하기 좋은 날씨가 될 것이다.
金属のにおいが手に残った。,금속 냄새가 손에 남았다.
地図の目的地に赤ペンで印を付け、ルートを確認する。,지도의 목적지에 빨간 펜으로 표시를 하고 경로를 확인한다.
メモを机の上に残して出かけた。,메모를 책상 위에 남겨 두고 나갔다.
涙を流しながら、彼女は微笑んでいた。,"눈물을 흘리면서, 그녀는 미소 짓고 있었다."
この組み立て家具は構造が簡単で作りやすい,이 조립 가구는 구조가 간단해서 만들기 쉽다
昨夜は空を自由に飛び回る不思議な夢を見た,어젯밤은 하늘을 자유롭게 날아다니는 신비한 꿈을 꾸었다
風に散る桜の花弁が川面を薄いピンク色に染めていた。,바람에 흩날리는 벚꽃 꽃잎이 강물을 옅은 분홍빛으로 물들이고 있었다.
周囲に気を配り、会議が円滑に進むよう調整する。,주위에 신경(기)을 써서 회의가 원활하게 진행되도록 조정한다.
今日中にこの仕事を終えるのは到底無理だ。,오늘 안에 이 일을 끝내는 것은 도저히 무리다.
私はあなたの側にいる。,나는 당신 편이야(네 곁에 있어).
美術館で名画を静かに眺めて芸術に浸る,미술관에서 명화를 조용히 바라보며 예술에 잠기다
夏の海岸には朝から大勢の人が集まっていた。,여름 바닷가에는 아침부터 많은 사람들이 모여 있었다.
渋滞で車が全然進まず、苛々が募ってきた。,정체 때문에 차가 전혀 나가지 않아 짜증이 쌓였다.
夏祭りの夜空に大きな花火が次々と打ち上げられた。,여름축제 밤하늘에 큰 불꽃놀이가 잇달아 쏘아 올려졌다.
宇宙船が光を超えて遠くの銀河へワープする,우주선이 빛을 넘어 먼 은하로 워프하다
体幹の鍛え方を教わってから、姿勢が安定した。,코어(체간) 단련 방법을 배우고 나서 자세가 안정됐다.
思春期の年ごろは感情の起伏が激しい,사춘기 무렵은 감정의 기복이 심하다
黄色い鉛筆でぐるぐる描こう。,노란 연필로 동글동글 그리자.
細胞外マトリックスは、細胞の足場となり組織の強度を保っている。,세포 외 기질(ECM)은 세포의 발판이 되어 조직의 강도를 유지하고 있다.
彼は自分の甘さを悔いて、もう一度やり直す決心をした。,그는 자신의 안이함을 뉘우치고 다시 시작하기로 결심했다.
火を強くして、沸騰を速める。,불을 세게 해서 끓는 것을 빠르게 한다.
古い家をオフィスに改造した。,오래된 집을 사무실로 개조했다.
速やかなご返信をお願いいたします。,신속한 회신을 부탁드립니다.
側近が小声で助言した。,측근이 작은 목소리로 조언했다.
この通りは旧称で「銀座通り」と呼ばれていた。,이 거리는 예전 이름으로 ‘긴자도리’라고 불렸다.
お昼だね。お友達に「こんにちは」。,"점심이네. 친구에게 ""안녕""."
難解な数学の証明問題を黒板で解き明かす,난해한 수학 증명 문제를 칠판에서 풀어내다
受験戦争は年々苛烈さを増していると言われる。,입시 전쟁은 해마다 더욱 치열해지고 있다고 한다.
サバンナで巨大なサイが、重そうな体を揺らして歩く。,사바나에서 거대한 코뿔소가 무거워 보이는 몸을 흔들며 걷는다.
相撲中継を見ながら、力士の所作に見入った。,스모 중계를 보며 리키시의 동작에 넋을 잃고 빠져들었다.
ご飯を食べました。それから、歯を磨きました。,밥을 먹었습니다. 그리고 나서 이를 닦았습니다。
雨が降っています。でも、傘がありません。,비가 오고 있습니다. 하지만 우산이 없습니다。
エンドサイトーシスによって、細胞外の巨大分子が内部に取り込まれる。,엔도사이토시스(세포내 섭취)에 의해 세포 밖의 거대 분자가 내부로 섭취된다.
このアプリは起動が速い。,이 앱은 실행이 빠르다.
昨今の政治不信は看過し難い段階に達している。,요즘의 정치 불신은 더 이상 간과하기 어려운 단계에 이르렀다.
ここから先は急に視界が開けて、町全体が見渡せる。,여기서부터는 갑자기 시야가 트여 마을 전체를 내려다볼 수 있다.
名声よりも誠実さを選びたい。,명성보다 성실함을 선택하고 싶다.
普請中につき、通行はご遠慮ください。,공사 중이니 통행은 삼가 주세요.
キラル中心を持つ化合物は、光学異性体として異なる性質を示す。,키랄 중심을 가진 화합물은 광학 이성질체로서 다른 성질을 나타낸다.
かぞくみんなで りょこうに いきたい。,가족 모두 함께 여행 가고 싶다.
時速100キロで走る列車に乗った。,시속 100km로 달리는 열차를 탔다.
新しい椅子は座り心地が快適だ。,새 의자는 앉는 느낌이 쾌적하다.
兄さん、宿題見てくれない？,"형, 숙제 좀 봐 줄래?"
とんぼが すいーっと とんでいった。,잠자리가 휙 하고 날아갔다.
はちが ぶんぶん とんでいる。あぶないよ。,벌이 윙윙 날고 있다. 위험해.
相手の意図を善意に捉えると、会話が円滑になる。,상대의 의도를 선의로 받아들이면 대화가 원활해진다.
敏速な対応に感謝いたします。,신속한 대응에 감사드립니다.
夜に弱い私は、九時を過ぎると急に集中力が落ちる。,밤에 약한 나는 9시가 지나면 갑자기 집중력이 떨어진다.
監視カメラの映像で、容疑者の動きを捕捉した。,감시카메라 영상으로 용의자의 움직임을 포착했다.
速度を落として、カーブに入ってください。,속도를 줄이고 커브에 들어가 주세요.
モノクローナル抗体は、がん細胞特有のタンパク質を標的とする。,단일 클론 항체는 암세포 특유의 단백질을 표적으로 삼는다.
人の短所を見るのではなく、長所を探すように心がける。,남의 단점을 볼 것이 아니라 장점을 찾도록 명심한다.
交差点では信号をよく見て渡ります。,교차로에서는 신호를 잘 보고 건넙니다。
慈善活動のために、多額の寄付金が集まった。,자선 활동을 위해 거액(다액)의 기부금이 모였다.
夜半に電話が鳴って、胸騒ぎで飛び起きた。,한밤중에 전화가 울려 불길한 예감에 벌떡 일어났다.
寺の和尚が朝の鐘をつき、境内に澄んだ音が広がった。,절의 주지가 아침 종을 치자 경내에 맑은 소리가 퍼졌다.
水をたくさん飲んでください。,물을 많이 마셔 주세요。
ありが あまいものに あつまってくる。,개미가 단 것에 모여든다.
上場企業の株式を少しずつ分散して購入した。,상장기업의 주식을 조금씩 분산해 매수했다.
受付の係に名前を伝えてください。,접수 담당자에게 이름을 말씀해 주세요.
友人の昇進を祝して、レストランで乾杯をした。,친구의 승진을 축하하며 레스토랑에서 건배를 했다.
夏祭りで、屋台の葛餅を久しぶりに食べた。,여름축제에서 노점의 갈분떡을 오랜만에 먹었다.
打ち上げの集まり、今夜ある？,"뒤풀이 모임, 오늘 밤 있어?"
中央銀行は経済の軟着陸を目指し、金融引き締めのペースを緩めた。,"중앙은행은 경제의 연착륙(소프트 랜딩)을 목표로, 금융 긴축의 속도를 늦췄다."
投下資本利益率を重視した経営により、資本効率の最適化を図る。,ROIC(투하자본이익률)를 중시한 경영을 통해 자본 효율의 최적화를 꾀한다.
寒い夜、白い吐息が街灯の下でふわりと揺れた。,"추운 밤, 하얀 입김이 가로등 아래서 살랑 흔들렸다."
タックスヘイブンを利用した租税回避スキームに対し、国際的な規制が強まっている。,"조세 피난처(택스 헤이븐)를 이용한 조세 회피 스킴에 대해, 국제적인 규제가 강해지고 있다."
国債の大量発行は、民間の資金需要を圧迫するクラウディングアウトを起こす。,국채의 대량 발행은 민간의 자금 수요를 압박하는 구축 효과(크라우딩 아웃)를 일으킨다.
深呼吸して、ゆっくり息を吐いた。,심호흡하고 천천히 숨을 내쉬었다.
店の前で落ち合って、一緒に映画へ行こう。,가게 앞에서 만나서 같이 영화 보러 가자.
昨日は公園で遊びました。,어제는 공원에서 놀았습니다.
債券価格と金利は逆相関の関係にあり、金利上昇は債券価格の下落を招く。,"채권 가격과 금리는 역상관 관계에 있어, 금리 상승은 채권 가격의 하락을 초래한다."
彼の消息が途絶え、みんな心配している。,그의 소식이 끊겨 모두 걱정하고 있다.
この問題は表裏一体で、片方だけ解決できない。,이 문제는 표리일체라 한쪽만 해결할 수 없다.
過度なナショナリズムに溺れることなく、冷静な外交判断を維持したい。,과도한 민족주의에 빠지지 않고 냉정한 외교 판단을 유지하고자 한다.
注文が次々と入って厨房が大忙しだ。,주문이 잇따라 들어와 주방이 매우 바쁘다.
警察が一斉に狩り込みを行った。,경찰이 일제히 검거 작전을 벌였다.
独占禁止法は、公正な市場競争を阻害するカルテルや独占行為を規制する。,독점금지법은 공정한 시장 경쟁을 저해하는 카르텔이나 독점 행위를 규제한다.
夕暮れに鷲が獲物を狩る。,해질녘에 독수리가 먹잇감을 사냥한다.
無理せず休息を取り、体を回復させよう。,무리하지 말고 휴식을 취해 몸을 회복하자.
週末は郊外のアウトレットモールに買い物に行った。,주말에는 교외 아웃렛몰에 쇼핑하러 갔다.
この雑誌は隔月で新しい号が出る。,이 잡지는 격월로 새 호가 나온다.
会議は「結論から話す」のが鉄則だ。,회의는 ‘결론부터 말하기’가 철칙이다.
この工場は飲料用アルミ缶の製缶技術で世界的に知られている。,이 공장은 음료용 알루미늄 캔 제조 기술로 세계적으로 알려져 있다.
変則的な勤務が続いて、睡眠時間が安定しない。,변칙적인 근무가 이어져 수면 시간이 안정되지 않는다.
次期リーダーの候補として三人の名前が挙がっている。,차기 리더 후보로 세 사람의 이름이 오르고 있다.
飛行機に乗って、外国へ行きたいです。,비행기를 타고 외국에 가고 싶습니다.
先生の話をよく聞く。,선생님의 말씀을 잘 듣는다.
家から学校までの距離は、歩いて十五分くらいだ。,집에서 학교까지 거리는 걸어서 15분 정도다.
柔和な表情で説明されると、難しい話もすっと頭に入った。,온화한 표정으로 설명해 주니 어려운 이야기도 쏙 들어왔다.
夜空を見上げ、北斗七星の柄の先を探す。,밤하늘을 올려다보며 북두칠성의 자루 끝을 찾는다.
フリーキャッシュフローが潤沢であれば、自社株買いや配当増額が可能になる。,"잉여 현금 흐름이 윤택하면, 자사주 매입이나 배당 증액이 가능해진다."
損益分岐点を下回る事業部門は、早急な撤退か再編を検討すべきだ。,손익분기점을 밑도는 사업 부문은 시급한 철수나 재편을 검토해야 한다.
彼は古書に執心して、毎週市場へ通った。,그는 고서에 집착해 매주 시장에 다녔다.
顧客生涯価値を最大化するには、既存顧客のリテンションが不可欠だ。,"고객 생애 가치(LTV)를 극대화하려면, 기존 고객의 유지(리텐션)가 필수적이다."
議論の中で問題の本質が見えてきた。,논의 속에서 문제의 본질이 보이기 시작했다.
申請書の脱漏がないか、提出前に確認してください。,신청서에 누락이 없는지 제출 전에 확인해 주세요.
怒りが少し和らいで、深呼吸できるようになった。,분노가 조금 누그러져서 깊게 숨을 쉴 수 있게 됐다.
報告書に疎漏があっては困るので、二重にチェックする。,보고서에 소홀(누락)이 있으면 곤란하니 이중으로 점검한다.
促成栽培のおかげで、冬でも新鮮な野菜が手に入る。,촉성 재배 덕분에 겨울에도 신선한 채소를 구할 수 있다.
ご飯、おいしいね。もぐもぐ食べよう。,밥 맛있네. 냠냠 먹자.
船に乗って、島へ渡ります。,배를 타고 섬으로 건너갑니다.
猫が背中の毛を逆立てて犬を威嚇している。,고양이가 등털을 세우고 개를 위협하고 있다.
キックオフ前に円陣を組んで気合を入れた。,킥오프 전에 원진을 짜고 기합을 넣었다。
春の夜、庭の梅がほのかに香っている。,"봄밤, 뜰의 매화가 은은히 향기를 풍긴다."
女優の色香に観客は息を呑んだ。,여배우의 요염한 매력에 관객들은 숨을 죽였다.
この薬は体にいいです。,이 약은 몸에 좋습니다.
駅の裏に小さな雑木林が残っている。,역 뒤에 작은 잡목림이 남아 있다.
地下二階の駐車場は薄暗く、自分の車を探すのに少し苦労した。,"지하 2층 주차장은 어둑어둑해서, 내 차를 찾는 데 조금 고생했다."
草むらでバッタを捕まえようと、子供たちが網を持って追いかけている。,풀숲에서 메뚜기를 잡으려고 아이들이 곤충 채집망을 들고 쫓아다니고 있다.
日差しが強いから、帽子をかぶって行こう。,햇볕이 강하니까 모자 쓰고 가자.
サプライチェーンの混乱が製造コストを押し上げ、利益率を圧迫している。,"공급망의 혼란이 제조 원가를 밀어 올려, 이익률을 압박하고 있다."
適度な運動は代謝を促進し、体調管理に役立つ。,적당한 운동은 대사를 촉진해 컨디션 관리에 도움이 된다.
彼は優秀且つ誠実なリーダーとして信頼されている。,그는 유능하며 또 성실한 리더로 신뢰받고 있다.
彼女は海外留学のために一年間日本を離れる。,그녀는 해외 유학을 위해 1년 동안 일본을 떠난다.
長雨が続かず、池の水がほとんど干上がってしまった。,장마가 계속되지 않아 연못의 물이 거의 말라 버렸다.
秋の夜長に、鈴虫がリンリンと涼しげに鳴いている。,가을의 긴 밤에 방울벌레가 린린(찌르르)하고 시원스레 울고 있다.
地図を見ながら、最短のルートを探した。,지도를 보면서 최단 경로를 찾았다。
不思議な縁で二人は再会した。,묘한 인연으로 두 사람은 다시 만났다.
彼女は舌足らずで、言葉が少し甘く聞こえる。,그녀는 혀 짧은 발음이라 말이 조금 귀엽게 들린다.
車両の連結部を確認する。,차량의 연결부를 확인한다.
その不祥事に関与した疑いで、担当者は事情聴取を受けた。,그 불상사에 관여한 혐의로 담당자는 조사를 받았다.
彼は汚名をすすぐために真相を調べ続けた。,그는 오명을 씻기 위해 진상을 계속 조사했다.
合格通知を見た瞬間、胸に小さな愉悦が広がった。,"합격 통지를 보는 순간, 가슴에 작은 기쁨(유열)이 퍼졌다."
スマートコントラクトは、ブロックチェーン上で契約条件が満たされた時に自動的に実行されるプログラムだ。,스마트 컨트랙트는 블록체인 상에서 계약 조건이 충족되었을 때 자동으로 실행되는 프로그램이다.
この人数なら、料理はこれで足りると思う。,이 인원이라면 음식은 이걸로 충분할 것 같아.
駅ビルを出てから徒歩3分ほどで到着します。,역 빌딩을 나오셔서 도보로 3분 정도면 도착합니다.
調査船は大陸棚の地形を測り、資源の分布を記録した。,조사선은 대륙붕 지형을 측정하고 자원 분포를 기록했다.
暗い階段で一段踏み外して転びそうになった。,어두운 계단에서 한 칸을 헛디뎌 넘어질 뻔했다.
この一帯の田地は、代々同じ家が守ってきた。,이 일대의 전답은 대대로 같은 집안이 지켜왔다.
夕方になると風が冷たくなる。,저녁 무렵이 되면 바람이 차가워진다.
東の空から太陽が昇ります。,동쪽 하늘에서 해가 뜹니다.
プラグマティズムは、思想の真理性を行動の結果や実用性によって判断するアメリカの哲学だ。,실용주의는 사상의 진리성을 행동의 결과나 실용성에 의해 판단하는 미국의 철학이다.
方法を変えて、もう一度やってみます。,방법을 바꿔서 다시 한번 해보겠습니다.
優勝チームのために盛大な祝賀パーティーが開かれた。,우승 팀을 위해 성대한 축하 파티가 열렸다.
年末になると、毎年お世話になった方へ賀状を書く。,연말이 되면 매년 신세를 진 분들께 축하 엽서를 쓴다.
投資に失敗して資産の半分を大損した。,투자에 실패하여 자산의 절반을 큰 손해 보았다.
この本、自分で読んでみる！,"이 책, 내가 직접 읽어볼래!"
あはは、面白いね。いっぱい笑おう。,"아하하, 재밌다. 실컷 웃자."
論理回路のNANDゲートは、その組み合わせだけですべての論理演算を構成できる完全性を持つ。,논리 회로의 NAND 게이트는 그 조합만으로 모든 논리 연산을 구성할 수 있는 완전성을 가진다.
凄絶な戦いの末、城は落ちた。,처절한 전투 끝에 성이 함락됐다.
新規株式公開を控え、財務諸表の透明性を高める必要がある。,"기업공개(IPO)를 앞두고, 재무제표의 투명성을 높일 필요가 있다."
連勝が止まり、黒星が付いた。,연승이 끊기며 패배(흑성)가 기록됐다.
新雪の上に、小さな足跡が一直線に続いていた。,새로 내린 눈 위에 작은 발자국이 일직선으로 이어져 있었다.
閉山した鉱山跡を見学し、当時の労働環境について説明を受けた。,폐광이 된 광산 터를 견학하며 당시의 노동 환경에 대한 설명을 들었다.
髪を高く結い上げる。,머리를 높게 올려 묶는다.
久しぶりに親友と会話が弾み、時間が経つのを忘れた。,오랜만에 절친과 대화가 꽃을 피워 시간 가는 줄 몰랐다.
きれいなお花が咲いているね。,예쁜 꽃이 피어있네.
明日の約束は絶対に忘れないでね。,내일 약속은 절대 잊지 말아 줘.
土星は代表的な惑星で、環が美しいことで有名だ。,토성은 대표적인 행성으로 고리가 아름답기로 유명하다.
初舞台で緊張して声が震えた。,첫 무대에서 긴장해 목소리가 떨렸다.
フェルミのパラドックスは、宇宙に地球外文明が存在する可能性が高いのに、接触がない矛盾を指す。,페르미의 역설은 우주에 외계 문명이 존재할 가능성이 높은데도 접촉이 없는 모순을 가리킨다.
それは比喩であって、文字どおりに受け取るな。,그건 비유일 뿐이니 문자 그대로 받아들이지 마.
リュックの両脇のポケットに、水と折り畳み傘を入れた。,배낭 양옆 포켓에 물과 접이식 우산을 넣었다.
プリズムによる分散は、光の波長によって屈折率が異なるために虹色が分離する現象だ。,프리즘에 의한 분산은 빛의 파장에 따라 굴절률이 다르기 때문에 무지개색이 분리되는 현상이다.
運動会で赤い大玉を皆で協力して転がす。,운동회에서 빨간 큰 공을 모두가 협력하여 굴린다.
展覧会で大きな油絵をじっと見つめた。,전시회에서 큰 유화를 가만히 바라보았다.
深夜の迷惑電話が続き、番号をブロックした。,심야에 민폐 전화가 계속 와서 번호를 차단했다.
卒業式で先生に花束を渡し、みんなで写真を撮った。,졸업식에서 선생님께 꽃다발을 드리고 다 같이 사진을 찍었다.
細腕でも工夫すれば重い荷物を運べる。,가느다란 팔이라도 요령이 있으면 무거운 짐을 옮길 수 있다.
彼の冗談で、場の空気が一気に愉快になった。,그의 농담으로 분위기가 단숨에 유쾌해졌다.
暗いお部屋はちょっと怖いな。,어두운 방은 좀 무서워.
あかい くつを はいて いこう。,빨간 신발을 신고 가자.
納期を守るために、仕様を少し妥協した。,납기를 지키기 위해 사양을 조금 타협했다.
センサーが異常を探知し、警報が鳴った。,센서가 이상을 탐지해 경보가 울렸다.
計画は白紙に戻そう。,계획은 백지로 돌리자.
面接中に冷や汗が止まらず、手のひらが濡れた。,면접 중에 식은땀이 멈추지 않아 손바닥이 젖었다.
夜道で野犬が吠えた。,밤길에서 들개가 짖었다.
エンジンの冷却が追いつかず、警告灯が点いた。,엔진 냉각이 따라가지 못해 경고등이 켜졌다.
試合に勝って、みんなで喜びました。,시합에서 이겨서 다 함께 기뻐했습니다.
この店は姉妹で切り盛りしている。,이 가게는 자매가 함께 운영한다.
困難な時ほど、仲間との結束が試される。,어려울수록 동료와의 결속이 시험받는다.
研究室では毎週、テーマを変えて探求を続けている。,연구실에서는 매주 주제를 바꿔 탐구를 계속하고 있다.
束縛の強い関係に疲れて、距離を置くことにした。,속박이 강한 관계에 지쳐 거리를 두기로 했다.
ソクラテスの産婆術は、対話を重ねることで相手の無知を自覚させ、真理へと導く。,소크라테스의 산파술은 대화를 거듭함으로써 상대의 무지를 자각하게 하고 진리로 이끈다.
ライブで彼は即興のギターソロを披露した。,라이브에서 그는 즉흥 기타 솔로를 선보였다.
村の道路は長いから、車で曲がる時はゆっくり行く。,"마을 길은 길어서, 차로 꺾어 들어갈 때는 천천히 간다."
少年は怪物に立ち向かう勇気を胸に、剣を握りしめた。,소년은 괴물에 맞설 용기를 품고 검을 꽉 쥐었다.
祖母が元結いを結んでくれた。,할머니가 머리끈(모토유이)을 매어 주셨다.
彼女の返事は冷淡で、話がそこで途切れた。,그녀의 대답은 냉담해서 이야기가 거기서 끊겼다.
卵がふわふわのオムライスにケチャップを塗る。,달걀이 폭신폭신한 오므라이스에 케첩을 바른다.
祖母の訃報を電報で受け取り、手が震えた。,할머니의 부고를 전보로 받아 손이 떨렸다.
彼は体つきががっしりしていて、頼もしい。,그는 몸매(체격)가 탄탄해서 믿음직하다.
子供たちは夏休みに学校で水練に励んだ。,아이들은 여름방학에 학교에서 수영 연습에 힘썼다.
予備のバッテリーを持っておけば、旅行中も安心だ。,예비 배터리를 챙겨두면 여행 중에도 안심이다.
迷妄に囚われず、事実を見つめたい。,미망에 사로잡히지 않고 사실을 직시하고 싶다.
机の横に小さな棚を置いた。,책상 옆에 작은 선반을 두었다.
君がいてくれると、本当に頼もしい。,네가 있어 주면 정말 든든해.
奥の部屋から、微かにピアノの旋律が聞こえてくる。,"안쪽 방에서, 희미하게 피아노 선율이 들려온다."
週末はコメディー映画で笑った。,주말에 코미디 영화 보고 웃었다.
彼は静かな教室でおならを堪えるのに必死だ。,그는 조용한 교실에서 방귀를 참느라 필사적이다.
カメラで記念写真を撮る。,카메라로 기념사진을 찍는다.
スイカに塩を少しだけかけると甘くなる。,수박에 소금을 조금만 뿌리면 달아진다.
救急外来で患者が吐血し、医師がすぐ処置した。,응급실에서 환자가 토혈해 의사가 즉시 처치했다.
テストで悪い点数をとって、がっかりした。,시험에서 나쁜 점수를 받아서 실망했다.
この菓子は植物性油脂を使っている。,이 과자는 식물성 유지(기름·지방)를 사용한다.
ムーアの法則は、半導体の集積密度が約18ヶ月から24ヶ月で倍増するという経験則だ。,무어의 법칙은 반도체의 집적 밀도가 약 18개월에서 24개월마다 배가 된다는 경험칙이다.
朝食に、炭火で焼いたアジの干物が出てきた。,아침 식사로 숯불에 구운 전갱이 건어물이 나왔다.
沖合で新しい油田が見つかった。,근해에서 새로운 유전이 발견되었다.
今暁の地震で、多くの住民が目を覚ました。,금새벽의 지진으로 많은 주민들이 잠에서 깨어났다.
フィボナッチ数列は、ひまわりの種の配列など自然界の至る所に現れる不思議な数列だ。,피보나치 수열은 해바라기 씨의 배열 등 자연계 도처에 나타나는 신비한 수열이다.
その問いには、今すぐ答えが出ない。,그 물음에는 지금 당장 답이 나오지 않는다.
小説の中で彼は「裏切り者を刺し殺す」と呟いたが、私はページを閉じた。,"소설 속에서 그는 “배신자를 찔러 죽이겠다”고 중얼거렸고, 나는 책을 덮었다."
子供はしぶしぶ歯医者に行った。,아이는 마지못해 치과에 갔다.
臓器移植について学び、医療の倫理も考えた。,장기 이식에 대해 배우며 의료 윤리도 생각했다.
受刑中でも、家族からの手紙は支えになる。,복역 중이라도 가족의 편지는 버팀목이 된다.
鬼に金棒という言葉通り彼は最強の味方だ。,도깨비에 방망이 격이라는 말처럼 그는 최강의 아군이다.
先生の恩情に今でも感謝している。,선생님의 은정에 지금도 감사하고 있다.
肉が生煮えで、中心がまだ赤かった。,고기가 덜 익어서 중심이 아직 빨갰다.
大雪で空港が閉鎖され、医薬品の輸送が遅れた。,폭설로 공항이 폐쇄되어 의약품 운송이 지연되었다.
エピクロス派は、精神的な平静（アタラクシア）こそが最高の快楽であると説いた。,에피쿠로스 학파는 정신적인 평정(아타락시아)이야말로 최고의 쾌락이라고 역설했다.
熱が下がるまで外出を控えてください。,열이 내릴 때까지 외출을 삼가 주세요.
冷たい飲み物ばかりだと内臓が冷える気がする。,차가운 음료만 마시면 내장이 차가워지는 느낌이 든다.
外から帰ったら手を洗う。,밖에서 돌아오면 손을 씻는다.
このコートは羊毛100％で、触るとふわっと暖かい。,이 코트는 양모 100%라 만지면 포근하고 따뜻하다。
あの店の安すぎるブランド品は、どうにも怪しい。,저 가게의 너무 싼 명품들은 아무래도 수상하다.
誕生日に、友人へ手紙と一緒に花を贈った。,생일에 친구에게 편지와 함께 꽃을 선물했다.
ゆうびんきょくに てがみを だしに いこう。,우체국에 편지를 부치러 가자.
来る20日までに、申請書を提出してください。,오는 20일까지 신청서를 제출해 주세요.
路地裏で怪しげな取引をしている人たちを見かけた。,뒷골목에서 수상쩍은 거래를 하는 사람들을 보았다.
決算前に公租公課を整理して、経費計上を確認した。,결산 전에 공과금을 정리하고 비용 계상을 확인했다.
議論が激して声が荒くなった。,논쟁이 격해져 목소리가 거칠어졌다.
彼の論旨は明快だが、証拠が足りない。,그의 논지는 명쾌하지만 증거가 부족하다.
内閣は経済対策として大型の補正予算を組んだ。,내각은 경기 대책으로 대형 추가 예산을 편성했다.
この本のお話はとても感動的でした。,이 책의 이야기는 매우 감동적이었습니다.
畳み込みニューラルネットワークは、画像認識において圧倒的な性能を発揮する。,합성곱 신경망(CNN)은 이미지 인식에 있어 압도적인 성능을 발휘한다.
介護ロボットが、夜間の見守りを手伝う。,돌봄 로봇이 야간 모니터링을 돕는다.
猫は悠然と窓辺で昼寝していた。,고양이는 태연하게 창가에서 낮잠을 자고 있었다.
鞄の金具が壊れたので修理に出すことにした。,가방의 금속 장식이 고장 나서 수리를 맡기기로 했다.
時間が有るなら、荷物運びを手伝って。,시간이 있으면 짐 나르는 것 좀 도와줘.
ドラマの続きが気になって眠れない。,드라마 다음 이야기가 궁금해서 잠이 안 온다.
寝ている子供を起こさないように、そっと部屋を出た。,자고 있는 아이를 깨우지 않도록 살며시 방을 나갔다.
戦争で多くの人が食糧不足に苦しみ、餓死者も少なくなかった。,"전쟁으로 많은 사람들이 식량 부족에 시달렸고, 아사한 사람도 적지 않았다."
使者は王への貢ぎ物として金貨の入った箱を差し出した。,사신은 왕에게 바칠 공물로 금화가 든 상자를 내밀었다.
長い問答の末、ようやく合意に達した。,긴 문답 끝에 마침내 합의에 도달했다.
彼はふだんはくだけているが、仕事の話になると表情が急に改まる。,그는 평소에는 캐주얼하지만 일 이야기만 나오면 표정이 갑자기 딱딱해진다.
旅行サイトではホテルの等級や口コミを必ず確認してから予約する。,여행 사이트에서는 호텔의 등급과 후기를 반드시 확인한 뒤 예약한다.
警官は目撃者に詳しく問いただした。,경찰관은 목격자에게 자세히 추궁했다.
雨が強くなってきたので、洗濯物を急いでベランダから下ろした。,비가 세게 오기 시작해서 베란다의 빨래를 황급히 걷어들였다.
地政学的リスクの高まりが、エネルギー価格の急騰と供給不安を招いている。,지정학적 리스크의 고조가 에너지 가격의 급등과 공급 불안을 초래하고 있다.
光の速さで情報を伝達する光ファイバー技術は、現代社会の基盤だ。,"빛의 속도로 정보를 전달하는 광섬유 기술은, 현대 사회의 기반이다."
金物屋で台所用の便利な道具を探し歩く。,철물점에서 주방용 편리한 도구를 찾아 다닌다.
瀬が速い川では足元に注意する。,여울이 센 강에서는 발밑을 조심한다.
橋の鉄索が風で唸っていた。,다리의 철삭(와이어 로프)이 바람에 윙윙 울었다.
玄関に門松を飾って正月を迎えた。,현관에 문송이를 장식해 설을 맞았다.
その男性は落とし物を拾って、交番に届けた。,그 남성은 분실물을 주워 파출소에 맡겼다.
重力レンズ効果は、巨大な天体の重力が背後の光を曲げ、像を拡大・変形させる現象だ。,중력 렌즈 효과는 거대한 천체의 중력이 배후의 빛을 굴절시켜 상을 확대·변형시키는 현상이다.
その問題は一晩では解決しない。,그 문제는 하룻밤에 해결되지 않는다.
憎しみを抱えたまま眠ると、夢まで苦しくなる。,증오를 안은 채 잠들면 꿈까지 괴로워진다.
城の旗には家の紋章が刺繍されていた。,성의 깃발에는 가문의 문장이 수놓아져 있었다.
生産工程のボトルネックを解消し、工場全体のスループットを最大化させた。,"생산 공정의 병목 현상을 해소하여, 공장 전체의 처리량(스루풋)을 극대화시켰다."
長男は来年、大学に進学する予定だ。,장남은 내년에 대학에 진학할 예정이다.
垂直統合を行うことで、原材料の確保から販売までを一貫して管理する。,"수직 통합을 수행함으로써, 원재료 확보에서 판매까지를 일관되게 관리한다."
その発言は社内に波紋を広げた。,그 발언은 사내에 파문을 일으켰다.
川は平野で大きく蛇行している。,강은 평야에서 크게 사행(구불구불)하고 있다.
そこで黙ると、誤解されるよ。,거기서 입 다물면 오해받아.
冷めたご飯を電子レンジで暖める。,식은 밥을 전자레인지로 데운다.
かわで さかなつりを した。,강에서 낚시를 했다.
彼はいつも地味な灰色のスーツを着ている。,그는 늘 수수한 회색 정장을 입고 다닌다.
あの言い方が憎いほど的確で、反論できなかった。,그 말투가 미울 정도로 정확해서 반박할 수 없었다.
憎さのあまり、言葉が荒くなってしまった。,미움이 치밀어 말이 거칠어져 버렸다.
粘土をこねて彫刻の原型を丁寧に形作る。,찰흙을 이겨서 조각의 원형을 정성껏 형상화한다.
今日は暇だから映画でも見ようか。,오늘은 한가하니까 영화라도 볼까.
その村は冬になると雪に埋もれる。,그 마을은 겨울이 되면 눈에 파묻힌다.
九つのりんごがあります。,아홉 개의 사과가 있습니다.
前震のあとに来た本震は、想像を絶する揺れだった。,전진 뒤에 온 본진은 상상을 초월하는 흔들림이었다.
このプールは夏季だけ一般に開放される。,이 수영장은 하계에만 일반에 개방된다.
裏切られても人を憎むより、自分を立て直したい。,배신당해도 남을 미워하기보다 스스로를 다시 세우고 싶다.
静かな村里に鐘の音が響いた。,고요한 촌락에 종소리가 울려 퍼졌다.
古い録音は声が掠れて聞こえる。,오래된 녹음은 목소리가 쉬어서 들린다.
弾き手の指先がライトに照らされていた。,연주자의 손끝이 조명에 비쳐 있었다.
彼は、燃え盛る家の中に飛び込むという大胆な行動で、子供を救出した。,그는 활활 타오르는 집 안에 뛰어드는 대담한 행동으로 아이를 구해냈다.
箱を開けると、プレゼントが入っていた。,상자를 열자 선물이 들어있었다.
愛憎が入り混じる関係ほど、別れが長引く。,애증이 뒤섞인 관계일수록 이별이 길어진다.
短冊に願いを書いた。,소원 종이에 소원을 적었다.
千草の香りが雨上がりの庭に満ちた。,비 갠 뒤 정원에 온갖 풀내음이 가득 찼다.
宇宙マイクロ波背景放射は、ビッグバンから約38万年後の宇宙の晴れ上がりを伝える最古の光だ。,우주 마이크로파 배경 복사(CMB)는 빅뱅으로부터 약 38만 년 후 우주의 맑음(recombination)을 전하는 가장 오래된 빛이다.
兵役を終えた友人が、久しぶりに故郷へ戻ってきた。,병역을 마친 친구가 오랜만에 고향으로 돌아왔다.
きつい靴が足の甲を圧迫して痛い。,꽉 끼는 신발이 발등을 압박해서 아프다.
毎日少しでも運動すると健康に良い。,매일 조금이라도 운동을 하면 건강에 좋다.
春になると桜の花が咲く。,봄이 되면 벚꽃이 핀다.
多様性の推進は、多様な視点によるイノベーション創出に不可欠だ。,다양성의 추진은 다양한 시점에 의한 이노베이션 창출에 필수불가결하다.
門口で宅配便を受け取った。,대문 입구에서 택배를 받았다.
窓から外の景色を見る。,창문으로 바깥 경치를 본다.
照明が落ち、音楽が流れ始めると、会場の空気が一気に華やいだ。,"조명이 내려가고 음악이 흐르기 시작하자, 회장 분위기가 단숨에 들떴다."
暗室でフィルムを現像し、写真がゆっくり浮かび上がった。,암실에서 필름을 현상하자 사진이 천천히 떠올랐다.
新商品を目立つ位置に陳列して、客の目を引いた。,신상품을 눈에 띄는 곳에 진열해 손님의 시선을 끌었다.
アクセス増加でサーバーが重くなり、緊急対応に入った。,접속 증가로 서버가 느려져 긴급 대응에 들어갔다.
一度でいいから本場のナポリでピザを食べてみたい。,한 번만이라도 본고장 나폴리에서 피자를 먹어 보고 싶다.
卵黄だけを使って濃厚なプリンを作った。,노른자만 사용해 진한 푸딩을 만들었다.
この町は大きな川の下流に位置していて、よく洪水の被害を受ける。,이 마을은 큰 강의 하류에 위치해 있어 자주 홍수 피해를 입는다.
小さな苗木を十年かけて大きな木に育てる。,작은 묘목을 10년에 걸쳐 큰 나무로 키운다.
階段で足首を捻挫して、しばらく松葉杖になった。,계단에서 발목을 삐어서 한동안 목발을 짚게 됐다.
休日は家でゆっくり本を読みながら過ごすのが好きだ。,휴일에는 집에서 천천히 책을 읽으며 보내는 것을 좋아한다.
札入れを新調したら、財布が薄くなった。,지폐 지갑(지폐 넣는 칸)을 새로 바꾸니 지갑이 얇아졌다.
部屋にほんのり甘い香りがする。,방에 은은하게 달콤한 향이 난다.
花の香りが部屋いっぱいに広がって、気持ちが和んだ。,꽃 향기가 방 안 가득 퍼져 마음이 누그러졌다.
ウェスタンブロッティング法で、特定のタンパク質の発現量を確認する。,웨스턴 블로팅법으로 특정 단백질의 발현량을 확인한다.
深い森の中を探検しよう。,깊은 숲속을 탐험하자.
皆で協力して教室の掃除を終わらせた。,모두가 협력해서 교실 청소를 끝냈다.
空前のヒットで在庫が足りない。,전례 없는 히트로 재고가 부족하다.
地図で漁場を確認してから、船を沖へ出した。,지도로 어장을 확인한 뒤 배를 바다로 내보냈다.
卑劣なうわさで人を貶めるのは許せない。,비열한 소문으로 사람을 깎아내리는 건 용서 못 한다.
アロステリック効果により、酵素の立体構造と活性が制御される。,알로스테릭 효과에 의해 효소의 입체 구조와 활성이 제어된다.
この研究室では飲酒は厳禁だ。,이 연구실에서는 음주는 엄금이다.
運動後、汗が額から滴る。,운동 후 이마에서 땀이 뚝뚝 떨어진다.
口を大きくあけてください。,입을 크게 벌려주세요.
健康のために、来月から本気で禁煙するつもりだ。,건강을 위해 다음 달부터 진지하게 금연할 생각이다.
古い寺の門をくぐると、空気が変わった。,오래된 절의 문을 지나자 공기가 달라졌다.
この店は水曜日が定休なので、今日は閉まっている。,이 가게는 수요일이 정기 휴일이라 오늘은 문을 닫았다.
二人は市役所に婚姻届を提出した。,두 사람은 시청에 혼인 신고서를 제출했다.
先生が丁寧にアドバイスを下さったおかげで、論文を書き上げることができた。,선생님이 정성껏 조언을 해 주신 덕분에 논문을 완성할 수 있었다.
彼は急に黙り込んで、目を合わせなくなった。,그는 갑자기 입을 다물고 눈도 마주치지 않게 됐다.
里へ帰る道で、川沿いの桜が咲いていた。,마을로 돌아가는 길에 강가의 벚꽃이 피어 있었다.
市民として正当な選挙権を行使して投票する。,시민으로서 정당한 선거권을 행사하여 투표한다.
母親は本能で子どもの危険を察した。,어머니는 본능으로 아이의 위험을 감지했다.
久しぶりに郷里へ帰ると、空気の匂いが違った。,오랜만에 고향에 돌아가니 공기 냄새가 달랐다.
この箱はとても丈夫だ。,이 상자는 매우 튼튼하다.
静かな海を眺めながら、これからの人生について考えた。,잔잔한 바다를 바라보며 앞으로의 인생에 대해 생각했다.
九回裏、彼の粘りがチームを逆転勝利に導いた。,"9회 말 그의 끈기가 팀을 역전승으로 이끌었다."
ｉＰＳ細胞の分化誘導により、神経細胞を再生することに成功した。,iPS 세포의 분화 유도로 신경 세포를 재생하는 데 성공했다.
彼は帽子を目深にかぶり、顔を隠した。,그는 모자를 푹 눌러써 얼굴을 가렸다.
彼女の観察力は千里眼みたいに細部まで見抜く。,그녀의 관찰력은 천리안처럼 세부까지 꿰뚫는다.
新規プロジェクトの骨子を立案して、上司に提出した。,신규 프로젝트의 골자를 입안해 상사에게 제출했다.
この小説は映画のために書き下ろされたオリジナル脚本だ。,이 소설은 영화화를 위해 새로 집필된 오리지널 각본이다.
君がくれたこの大きな愛を、一生忘れない。,네가 준 이 커다란 사랑을 평생 잊지 않을게.
強化学習において、エージェントは環境と相互作用し、報酬を最大化する行動方針を学習する。,강화학습에서 에이전트는 환경과 상호작용하며 보상을 최대화하는 행동 방침을 학습한다.
微温湯に浸かったら、のぼせずに長く入れた。,미지근한 물에 담그니 어지럽지 않게 오래 목욕할 수 있었다.
叔父は養豚をしていて、毎朝えさやりに忙しい。,삼촌은 양돈을 해서 매일 아침 먹이 주느라 바쁘다.
インフレで貯金の実質価値が目減りしている。,인플레로 저축의 실질 가치가 줄어들고 있다。
事故の瞬間を目の当たりにして、言葉を失った。,사고 순간을 목격하고 말을 잃었다.
毒ヘビにかまれた場合は、すぐに解毒剤を投与しなければならない。,독사에 물렸을 경우 즉시 해독제를 투여해야 한다.
週末に棚を造るため、ホームセンターで木材を切ってもらった。,주말에 선반을 만들기 위해 홈센터에서 목재를 잘라 달라고 했다.
困ったらいつでも相談して。,곤란하면 언제든 상담해.
真夏の砂浜は裸足では歩けないほど熱かった。,한여름의 모래사장은 맨발로는 걸을 수 없을 만큼 뜨거웠다.
パーティー会場は色とりどりのドレスでとても華やかだ。,파티장에는 형형색색의 드레스가 가득해 매우 화려하다.
彼の文章は詞藻が豊かで、読んでいて映像が浮かぶ。,그의 글은 어휘(수사)가 풍부해서 읽으면 영상이 떠오른다.
鈴木様のお宅はこちらでございますか。,스즈키 님의 댁이 이곳입니까?
この企画の狙いは、若い世代の客を増やすことだ。,이 기획의 노림수는 젊은 세대 손님을 늘리는 것이다.
このビルの構造は複雑で、非常口の位置を先に確認した。,이 빌딩의 구조가 복잡해서 비상구 위치를 먼저 확인했다.
無頼を気取る男が、実は誰より義理堅いと知って笑った。,무뢰를 자처하던 남자가 사실 누구보다 의리가 두텁다는 걸 알고 웃었다.
主権は国民にある。,주권은 국민에게 있다.
寿司屋で、丁寧に下ごしらえされたシンコを味わう。,초밥집에서 정성스럽게 손질된 전어 새끼(싱코)를 맛본다.
残業の夜は、駅前の牛丼で手早く済ませる。,야근하는 밤엔 역 앞 규동으로 빠르게 때운다.
博物館で、動物の剥製を間近で見た。,박물관에서 동물 박제를 가까이서 봤다.
BCS理論は、電子がクーパー対を形成することで超伝導現象が起こると説明する。,BCS 이론은 전자가 쿠퍼 쌍을 형성함으로써 초전도 현상이 일어난다고 설명한다.
ラグランジュ力学は、エネルギーの観点から運動方程式を導出する解析力学の体系だ。,라그랑주 역학은 에너지의 관점에서 운동방정식을 도출하는 해석역학의 체계다.
スープを少し冷ましてから子どもに出した。,수프를 조금 식힌 뒤 아이에게 내왔다.
研究室では藻類を培養して、バイオ燃料の実験をしている。,연구실에서는 조류를 배양해 바이오연료 실험을 하고 있다.
学んだ敬語を接客で実践してみた。,배운 경어를 응대에서 실천해 봤다.
あなたの夢、私が必ず叶えてみせる。,"당신의 꿈, 제가 반드시 이루어 보이겠어요."
この森は鳥類が多くて、朝だけで十種類は見られる。,이 숲은 조류가 많아서 아침에만도 열 종은 볼 수 있다.
ストア派の哲学は、自身の制御下にあるものとそうでないものを区別し、不動心を目指す。,스토아학파의 철학은 자신이 제어할 수 있는 것과 그렇지 않은 것을 구별하여 부동심(아파테이아)을 지향한다.
彼は風邪をひいて、ひどく咳き込んでいた。,그는 감기에 걸려 심하게 기침을 했다.
先生は客に簡単な茶菓を添えてお茶を出した。,선생님은 손님에게 간단한 다과를 곁들여 차를 내왔다.
医師に処方された薬は、用法用量を守って正しく服用しなければならない。,"의사에게 처방받은 약은, 용법 용량을 지켜 올바르게 복용해야 한다."
ガロア理論は、代数方程式が代数的に解けるための条件を群論を用いて記述する。,갈루아 이론은 대수방정식이 대수적으로 풀리기 위한 조건을 군론을 이용하여 기술한다.
雨が上がったので戸外で遊ぶことにした。,비가 그쳐서 야외에서 놀기로 했다。
靴ひもの結び目がほどけて転びそうになった。,신발끈 매듭이 풀려 넘어질 뻔했다.
彼女は赤いコートが目立っていた。,그녀는 빨간 코트가 눈에 띄었다.
運動中に足首を痛めてしまった。,운동 중에 발목을 다쳐 버렸다.
クラスで弱い子を苛めるのは絶対に許されない。,반에서 약한 아이를 괴롭히는 것은 절대 용납될 수 없다.
言語ゲームの概念において、ウィトゲンシュタインは言葉の意味がその使用にあると主張した。,언어 게임 개념에서 비트겐슈타인은 말의 의미가 그 사용에 있다고 주장했다.
彼はまだ若いが、考えはしっかりしている。,"그는 아직 젊지만, 생각은 확고하다."
問題解決のために、適切な対応が求められる。,문제 해결을 위해 적절한 대응이 요구된다.
庭には樹齢100年の大木が立っている。,정원에는 수령 100년의 큰 나무가 서 있다.
彼は今もなおスキャンダルの渦中にいる政治家だ。,그는 지금도 스캔들의 소용돌이 한가운데에 있는 정치인이다.
量子コンピュータは、重ね合わせと量子もつれを利用して、従来の計算機を凌駕する並列処理を行う。,양자 컴퓨터는 중첩과 얽힘을 이용하여 기존 계산기를 능가하는 병렬 처리를 수행한다.
日本料理では昆布で出汁をとることが多い。,일본 요리에서는 다시마로 국물을 내는 경우가 많다.
マンデルブロ集合は、拡大しても同じような複雑な図形が現れる自己相似性を持つフラクタルだ。,만델브로 집합은 확대해도 같은 복잡한 도형이 나타나는 자기유사성을 가진 프랙탈이다.
窓枠に手を置いて外を見ると、風の匂いがした。,창틀에 손을 얹고 밖을 보니 바람 냄새가 났다.
チャペルの扉が開き、花嫁が白いドレスでゆっくりと入場した。,예배당 문이 열리자 신부가 흰 드레스를 입고 천천히 입장했다.
二つの都市を繋ぐ巨大な吊り橋が完成した,두 도시를 잇는 거대한 현수교가 완성되었다
知識、即ち力という言葉を胸に勉学に励む。,"지식, 즉 힘이라는 말을 가슴에 새기고 학업에 힘쓴다."
あの日の景色は嘸美しかったことだろう。,그날의 풍경은 참으로 아름다웠겠지.
申込書の必須項目を一つずつ確認した。,신청서의 필수 항목을 하나씩 확인했다.
忙しい日々を送っている。,바쁜 나날을 보내고 있다.
井の中の蛙大海を知らず,"우물 안 개구리, 큰 바다를 모른다 (좁은 식견을 비유)"
彼は真剣な目でモニターを見つめ、プログラムのバグを探していた。,"그는 진지한 눈으로 모니터를 응시하며, 프로그램의 버그를 찾고 있었다."
新しい展示を観覧するために、朝一番で美術館へ行った。,새 전시를 관람하러 아침 일찍 미술관에 갔다.
モンティホール問題は、直感と確率論的な正解が食い違うことで有名な数学パズルだ。,몬티 홀 문제는 직관과 확률론적 정답이 엇갈리는 것으로 유명한 수학 퍼즐이다.
目が乾いて痛いので、目薬をさした。,눈이 건조하고 아파서 안약을 넣었다.
願いはたった一つ。ただ、そばにいてほしい。,"소원은 단 하나. 그저, 곁에 있어 줬으면 좋겠어."
列車は目前で発車してしまった。,열차는 눈앞에서 출발해버렸다.
本家の一族が集まり、母屋で厳かな会議が開かれた。,본가 일족이 모여 안채에서 엄숙한 회의가 열렸다.
木の机にこぼしたコーヒーが染みる前に拭いた。,나무 책상에 쏟은 커피가 스며들기 전에 닦았다.
遅刻してしまい、先輩に面目が立たない。,지각해 선배에게 체면이 서지 않는다.
歴史の授業で古代の王政の仕組みを学ぶ。,역사 수업에서 고대 왕정의 구조를 배운다.
とんだ災難に見舞われたが、家族の絆で乗り越えた。,엉뚱한 재난을 당했지만 가족의 유대로 극복했다.
母親はどんな時も子供を庇うものだ。,어머니는 어떤 때라도 자식을 감싸는 법이다.
彼は字を書くとき左利きだとすぐにわかる。,그가 글씨를 쓸 때 왼손잡이라는 걸 금방 알 수 있다.
ディープラーニングの誤差逆伝播法は、出力誤差をネットワークに逆流させ重みを修正する。,딥러닝의 오차역전파법은 출력 오차를 네트워크에 역류시켜 가중치를 수정한다.
焼き色がつくまで丁寧に魚の身を裏返す。,노릇노릇해질 때까지 정성껏 생선 살을 뒤집는다.
石の上にも三年,돌 위에도 3년 (꾸준히 노력하면 언젠가는 성공한다)
朝、芝を刈って庭を整えた。,아침에 잔디를 깎아 정원을 정리했다.
池に網を入れて、小魚をすくった。,연못에 그물을 넣어 작은 물고기를 건져 올렸다.
神様が私たちに豊かな恵みを授け給うた。,신께서 우리에게 풍요로운 은혜를 내리셨다.
急に寒気がして熱を測ってみた。,갑자기 오한이 나서 열을 재 보았다.
子どもが転んで泣いたので、膝の砂を払ってやった。,아이가 넘어져 울어서 무릎의 모래를 털어 주었다.
夏は網戸にして、風を通す。,여름에는 방충망 문으로 해 바람이 통하게 한다.
鬱病の友人に寄り添い静かに話を聴く。,우울증이 있는 친구 곁에서 조용히 이야기를 듣는다.
それは冗談の類いではなく、本気の警告だ。,그건 농담 따위가 아니라 진심 어린 경고다.
喉元過ぎれば熱さを忘れる,목구멍 지나면 뜨거움을 잊는다 (괴로운 일도 지나고 나면 쉽게 잊는다)
来週のプレゼンテーションに向けて、資料の最終確認を行っている。,"다음 주 프레젠테이션을 향해, 자료의 최종 확인을 하고 있다."
上司からの評価が下がらないように、毎日必死で働いている。,상사의 평가가 떨어지지 않도록 매일 필사적으로 일하고 있다.
浜辺で漁網を干していると潮風が心地いい。,해변에서 어망을 말리면 바닷바람이 상쾌하다.
駅前で小さな騒動が起き、警備員が人を誘導していた。,역 앞에서 작은 소동이 일어나 경비원이 사람들을 유도하고 있었다.
地震のあと、通信網が一時的に混乱した。,지진 후 통신망이 일시적으로 혼란에 빠졌다.
カントールの集合論は、無限集合の濃度という概念を導入し、無限の階層を明らかにした。,칸토어의 집합론은 무한집합의 농도(cardinality)라는 개념을 도입해 무한의 계층을 밝혔다.
この馬は血統が良い。,이 말은 혈통이 좋다.
今し方、駅に着いたところです。,방금 역에 도착했어요.
緊張すると、どうしても早口になってしまう。,긴장하면 아무래도 말을 빨리하게 된다.
涙ぐましい努力の跡が、練習ノートにびっしり残っていた。,눈물겨운 노력의 흔적이 연습 노트에 빽빽이 남아 있었다.
ゲーム理論における囚人のジレンマは、個人の合理的選択が全体最適につながらない状況を示す。,게임 이론의 죄수의 딜레마는 개인의 합리적 선택이 전체 최적으로 이어지지 않는 상황을 보여준다.
優勝への執念が逆転劇を呼んだ。,우승에 대한 집념이 역전극을 불러왔다.
虹にはたくさんの色がある。,무지개에는 많은 색이 있다.
黄金比は、自然界の植物の配置や古代建築の中に頻繁に見られる調和の比率だ。,황금비는 자연계의 식물 배치나 고대 건축 속에서 빈번하게 볼 수 있는 조화의 비율이다.
何をやっても裏目に出て、まるで疫病神がついているようだ。,무엇을 해도 잘못되어 마치 액운의 신이 붙어 있는 것 같다.
サファイアガラスの硬度はモース硬度9であり、ダイヤモンドに次ぐ硬さを誇る。,"사파이어 글라스의 경도는 모스 경도 9이며, 다이아몬드 다음가는 단단함을 자랑한다."
レイノルズ数は、流体の慣性力と粘性力の比を表し、層流と乱流を区別する指標となる。,레이놀즈 수는 유체의 관성력과 점성력의 비를 나타내며 층류와 난류를 구분하는 지표가 된다.
災害派遣の要請を受け、自衛隊の救助隊が現地に向かった。,"재해 파견 요청을 받고, 자위대 구조 부대가 현지로 향했다."
幸福とは、幸福を探すことである。,"행복이란, 행복을 찾는 것이다. - 아쿠타가와 류노스케"
木を揺すり、熟れた果実を地面に落とす。,나무를 흔들어 잘 익은 과일을 땅에 떨어뜨린다.
切手を貼って、手紙を出す。,우표를 붙여서 편지를 부친다.
悪夢から目覚めたとき、背中は冷や汗でびっしょりだった。,"악몽에서 깨어났을 때, 등은 식은땀으로 흠뻑 젖어 있었다."
空き缶を分別してリサイクル箱に投入する。,빈 캔을 분류해서 재활용 함에 넣는다.
人間は、時として、満ち足りた無知の状態に安住することを望む。,"인간은, 때때로, 만족스러운 무지의 상태에 안주하기를 원한다. - 아베 코보"
人間は恋と革命のために生まれてきたのだ。,인간은 사랑과 혁명을 위해 태어났다. - 다자이 오사무
古い街道を山越えする旅に出た。,옛길로 산을 넘는 여행을 떠났다.
熱力学におけるカルノーサイクルは、理論上最も効率が高い理想的な熱機関のモデルだ。,열역학에서의 카르노 사이클은 이론상 가장 효율이 높은 이상적인 열기관 모델이다.
共振現象は、外部からの振動数が物体の固有振動数と一致した時に振幅が最大化する。,공진 현상은 외부로부터의 진동수가 물체의 고유 진동수와 일치했을 때 진폭이 최대화된다.
梅雨前線が停滞し、各地で大雨となった。,장마전선이 정체해 곳곳에 폭우가 내렸다.
勇猛な消防士が炎の中へ駆け込んだ。,용맹한 소방관이 불길 속으로 뛰어들었다.
猛獣エリアでは車の窓を開けないでください。,맹수 구역에서는 차 창문을 열지 마세요.
猛烈な雨で試合は中止になった。,맹렬한 비로 경기가 취소됐다.
思春期の息子が親に反抗して口をきかなくなった。,사춘기 아들이 부모에게 반항해서 말을 하지 않게 되었다.
窓の外の霜が朝日にきらきら光っていた。,창밖의 서리가 아침 햇살에 반짝이고 있었다.
新しいカフェがこの路線の沿線に次々とオープンしている。,새 카페가 이 노선 연선에 잇따라 문을 열고 있다.
仏教では、後の世の幸せのために今を生きると説かれることがある。,불교에서는 내세의 행복을 위해 지금을 살아가야 한다고 설할 때가 있다.
植物は葉緑体を使い、光合成を行ってエネルギーを作る。,식물은 엽록체를 사용하여 광합성을 하여 에너지를 만든다.
失敗の原因をよく反省して、次に生かそう。,실패의 원인을 잘 반성해서 다음에 살리자.
ここに新しい住所と番地を書いてください。,여기에 새로운 주소와 번지를 적어 주세요.
コリオリの力は、地球の自転により大気の流れや海流の向きに影響を与える。,코리올리 힘(전향력)은 지구의 자전으로 인해 대기의 흐름이나 해류의 방향에 영향을 준다.
カフェで会話が弾み、気づけば閉店時間になっていた。,카페에서 대화가 무르익어 정신 차리니 마감 시간이 됐다.
このイタズラは、きっとあの子の仕業に違いない。,이 장난은 분명 그 아이 소행이 틀림없다.
日射が強いと、車内がすぐ蒸し風呂になる。,일사가 강하면 차 안이 금방 찜질방처럼 된다.
この小説は風景の描写が細かい。,이 소설은 풍경 묘사가 세밀하다.
嘘をついてしまったことが、ずっと後ろめたく感じられる。,거짓말을 해 버린 일이 계속 마음에 걸린다.
庭の風鈴の音を聞くと、気持ちが自然と和む。,마당의 풍경 소리를 들으면 마음이 저절로 누그러진다.
ファンタジー小説の主人公は、黒い鎧をまとった孤高の騎士だ。,판타지 소설의 주인공은 검은 갑옷을 두른 고독한 기사이다.
彼は涙ぐむのをこらえ、静かにうなずいた。,그는 눈물이 고이는 걸 참으며 조용히 고개를 끄덕였다.
捨象して考えると、問題の構造が見えてくる。,추상화해서 생각하면 문제의 구조가 보인다.
夢を見るから、人生は輝く。,"꿈을 꾸기 때문에, 인생은 빛난다. - 모차르트"
危ないから一歩退いてください。,위험하니 한 걸음 물러나 주세요.
腕に小さな傷ができて、消毒して絆創膏を貼った。,팔에 작은 상처가 나서 소독하고 반창고를 붙였다.
戦争がもたらした悲劇を二度と繰り返してはならない。,전쟁이 가져온 비극을 두 번 다시 되풀이해서는 안 된다.
研究倫理を守ることは、結果よりも大切だ。,연구 윤리를 지키는 것은 결과보다 중요하다.
カオス理論におけるバタフライ効果は、初期値の微細な差が結果に甚大な影響を与える現象だ。,카오스 이론의 나비 효과는 초기값의 미세한 차이가 결과에 막대한 영향을 미치는 현상이다.
ベイズの定理は、新しい証拠を得るたびに事後確率を更新する数理的枠組みだ。,베이즈 정리는 새로운 증거를 얻을 때마다 사후 확률을 갱신하는 수리적 틀이다.
この道は狭いから、車に気をつけて。,이 길은 좁으니까 차를 조심해.
友人が会社を辞めようとしたので、必死に引き止めた。,친구가 회사를 그만두려 해서 필사적으로 말렸다.
晩霜が降りそうだから、苗に不織布をかけておこう。,늦서리가 내릴 것 같으니 모종에 부직포를 덮어 두자.
委員長はメンバーの互選で決められた。,위원장은 구성원들의 호선으로 정해졌다.
古い失敗をいつまでも引き摺るのはやめよう。,옛 실패를 언제까지나 끌고 다니는 것은 그만두자.
人生に失敗がないと、人生を失敗する。,"인생에 실패가 없으면, 인생을 실패한다. - 사이토 시게타"
舞台の照明が色彩を鮮やかに見せる。,무대 조명이 색채를 선명하게 보이게 한다.
変化こそが唯一の永遠である。,변화만이 유일한 영원이다. - 헤라클레이토스
この地方は高燥な気候で、洗濯物がすぐ乾く。,이 지역은 건조한 기후라 빨래가 금방 마른다.
有限要素法は、複雑な形状の構造解析において不可欠な数値解析手法である。,유한요소법(FEM)은 복잡한 형상의 구조 해석에 있어 필수 불가결한 수치 해석 기법이다.
完全燃焼させるには空気が要る。,완전 연소시키려면 공기가 필요하다.
稲の出穂の時期には、十分な水管理が必要になる。,벼가 이삭을 틔우는(출수) 시기에는 충분한 물 관리가 필요하다.
特殊相対性理論において、光速に近い速度で動く物体の時間は遅れる。,특수지대성이론에서 광속에 가까운 속도로 움직이는 물체의 시간은 느려진다.
粘着テープで箱をしっかり留めた。,점착 테이프로 상자를 단단히 봉했다.
冬の乾燥で喉が痛くなり、加湿器を買い足した。,겨울 건조로 목이 아파져서 가습기를 더 샀다.
朝起きて顔を洗います。,아침에 일어나서 세수를 합니다.
含み益を実現益に変えるため、保有している投資有価証券の一部を売却する。,"평가익(함미익)을 실현익으로 바꾸기 위해, 보유하고 있는 투자 유가 증권을 일부 매각한다."
議論では正邪より、事実確認が先だ。,논쟁에서는 옳고 그름보다 사실 확인이 먼저다.
彼女の冗談が場の緊張をすっかり解かしてくれた。,그녀의 농담이 분위기의 긴장을 완전히 풀어 주었다.
久しぶりに友人と遠出をして、海辺の町をのんびり散策した。,오랜만에 친구와 먼 길을 나가 바닷가 마을을 한가롭게 거닐었다.
カルマンフィルタは、ノイズを含む観測データからシステムの状態を推定する。,칼만 필터는 잡음이 포함된 관측 데이터로부터 시스템의 상태를 추정한다.
電車がトンネルに入ると、車輪の音が次第に遠ざかっていった。,전철이 터널로 들어가자 차륜 소리가 서서히 멀어져 갔다.
そのサイトは情報源が疑わしいので、鵜呑みにしないほうがいい。,그 사이트는 정보 출처가 의심스러우니 그대로 믿지 않는 편이 좋다.
心神耗弱かどうかが裁判で争点になった。,심신모약 여부가 재판에서 쟁점이 됐다.
部屋に入った瞬間、窓から夜景が広がった。,방에 들어서는 순간 창밖으로 야경이 펼쳐졌다。
蝋燭の火をふっと消つと、部屋は完全な闇に包まれた。,"촛불을 훅 끄자, 방은 완전한 어둠에 휩싸였다."
工事現場の鉄柵の外に立って待った。,공사 현장의 철책 밖에 서서 기다렸다.
この馬は人の気配を読むのが上手で、飼い主に操られているみたいだ。,"이 말은 사람 기척을 잘 읽어서, 주인에게 조종당하는 것 같다."
彼は日曜に島へ行くと言うが、私は南の海より山が好きだ。,"그는 일요일에 섬에 간다고 말하지만, 나는 남쪽 바다보다 산이 좋다."
結果を聞く前から、心は千々に乱れていた。,결과를 듣기 전부터 마음이 갈기갈기 흔들리고 있었다.
今日は酒は控えて、水にしておく。,오늘은 술을 자제하고 물로 하겠다.
このクリームを塗ると、肌が驚くほど滑らかだ。,이 크림을 바르면 피부가 놀라울 정도로 매끄럽다.
初対面なのにあまりに馴れ馴れしい態度だ。,처음 만났는데도 너무 친한 척하는 태도다.
地球を取り巻く環境問題は深刻だ。,지구를 둘러싼 환경 문제가 심각하다.
茶褐色の川の水が、激しく渦を巻いて流れていた。,갈색빛 강물이 거세게 소용돌이치며 흐르고 있었다.
ナンキョクの氷が溶けるスピードが問題になっている。,남극의 얼음이 녹는 속도가 문제가 되고 있다.
ハイデガーは『存在と時間』において、現存在としての人間を分析した。,하이데거는 『존재와 시간』에서 현존재로서의 인간을 분석했다.
駅で落とした財布が、交番に届けられていた。,역에서 잃어버린 지갑이 파출소에 들어와 있었다.
縄をしっかり結んでテントを固定した。,밧줄을 단단히 묶어 텐트를 고정했다.
両親にとって私は一粒種だから、心配されがちだ。,부모님에게 나는 외동(하나뿐인 자식)이라 걱정을 많이 받는다.
彼は自分の去就について、まだはっきりとした答えを出していない。,그는 자신의 거취에 대해 아직 명확한 답을 내리지 않았다.
新しいPOS端末の操作を覚えるまで、レジが少し渋滞した。,새 POS 단말기 조작을 익힐 때까지 계산대가 조금 밀렸다.
その件はまだ沙汰がないから、動けない。,그 건은 아직 결정이 없어서 움직일 수 없어.
噂に翻弄されず、事実だけを確認しよう。,소문에 휘둘리지 말고 사실만 확인하자.
散歩しながら、人生について思索した。,산책하며 인생에 대해 사색했다.
噂に流されず、操を守って静かに暮らしたい。,소문에 휩쓸리지 않고 정조를 지키며 조용히 살고 싶다.
車のナンバーをメモして警察に届けた。,차 번호를 적어 두고 경찰에 신고했다.
空に白い雲が浮かんでいる。,하늘에 흰 구름이 떠 있다.
この小説の一部は、散文ではなく韻文のようにリズムよく書かれている。,이 소설의 일부는 산문이 아니라 운문처럼 리듬감 있게 쓰여 있다.
川で魚が泳いでいる。,강에서 물고기가 헤엄치고 있다.
神社で巫女が振鈴し、参拝者を清めた。,신사에서 무녀가 방울을 흔들어 참배자를 정화했다.
乾杯の弾みで、つい本音を話してしまった。,건배 분위기에 휩쓸려 그만 속마음을 말해 버렸다.
天地がひっくり返るほど驚いた。,천지가 뒤집힐 만큼 놀랐다.
期末に引当金の戻入を行い、利益が増えた。,기말에 충당금 환입을 해서 이익이 늘었다.
電鈴が鳴って、会議の開始を知らせた。,전령(전기 벨)이 울려 회의 시작을 알렸다.
甘言に惑わされず、契約内容を冷静に確認すべきだ。,감언에 속지 말고 계약 내용을 냉정하게 확인해야 한다.
規則通りにやると時間がかかるので、今回は便法を使って処理した。,"규칙대로 하면 시간이 걸리므로, 이번에는 편법을 써서 처리했다."
半導体のバンドギャップは、その物質の電気伝導性を決定づける重要な要素だ。,반도체의 밴드 갭은 그 물질의 전기 전도성을 결정짓는 중요한 요소다.
汗を流した後のシャワーは、言葉にできないほど爽快だ。,땀 흘린 뒤의 샤워는 말로 못 할 만큼 상쾌하다.
町内会の清掃で、落ち葉を竹ぼうきで集めた。,동네 자치회 청소에서 낙엽을 대나무 빗자루로 모았다.
未曽有の豪雨で川が増水し、避難指示が出た。,미증유의 폭우로 강이 불어나 대피 지시가 내려졌다.
このビルは地下に食品売り場がある。,이 건물은 지하에 식품 매장이 있다.
店員に値引きを拝み倒して、ようやくおまけまで付けてもらった。,점원에게 계속 부탁해(빌어대서) 마침내 덤까지 받았다.
曽孫を抱いた祖母の笑顔が、写真いっぱいに広がった。,증손자를 안은 할머니의 미소가 사진 가득 퍼졌다.
壁の時計が3時を指している。,벽시계가 3시를 가리키고 있다.
ミトコンドリアの電子伝達系により、プロトン勾配が形成される。,미토콘드리아의 전자 전달계에 의해 양성자(프로톤) 구배가 형성된다.
川に架かる橋を渡って向こう岸へ行く。,강에 놓인 다리를 건너 반대편으로 간다.
アマゾンの奥地には、まだ文明と接触していない未開の部族がいる。,아마존 오지에는 아직 문명과 접촉하지 않은 미개 부족이 있다.
大きな口を開けて歌う。,입을 크게 벌리고 노래한다.
花のいい匂いを鼻で吸い込む。,꽃의 좋은 향기를 코로 들이마신다.
漢和辞典で知らない漢字を調べた。,한일 자전에서 모르는 한자를 찾아봤다.
夜にキーボードを打つ音だけが響いていた。,밤에 키보드 치는 소리만 울리고 있었다.
曽祖父の古い時計を、今も大切に使っている。,증조부의 오래된 시계를 지금도 소중히 쓰고 있다.
古い城郭をライトアップするイベントに観光客が集まった。,오래된 성곽을 라이트업하는 행사에 관광객들이 모였다.
彼女は顔の輪郭がはっきりしていて写真写りがいい。,그녀는 얼굴 윤곽이 뚜렷해서 사진이 잘 나온다.
大きな音で耳が痛くなった。,큰 소리에 귀가 아파졌다.
人事を尽くして天命を待つ。,인사를 다하고 천명을 기다린다. - 도쿠가와 이에야스
映画館の真ん前の席しか空いておらず、首が痛くなった。,"영화관의 맨 앞 좌석밖에 비어 있지 않아, 목이 아팠다."
朝の雨露が葉先に光り、庭がきらめいた。,아침 이슬비가 잎 끝에서 빛나 정원이 반짝였다.
実験結果をもう一度確かめるために条件を変えて試した。,실험 결과를 다시 확인하기 위해 조건을 바꾸어 시험했다.
友情とは、二つの身体に宿る一つの魂である。,우정이란 두 개의 몸에 깃든 하나의 영혼이다. - 아리스토텔레스
その計画の盲点は維持費の高さだ。,그 계획의 맹점은 유지비가 높다는 점이다.
上司に盲従せず、自分の意見を持て。,상사에게 맹종하지 말고 자기 의견을 가져라.
艦隊は夜明けとともに一斉に出港した。,함대는 새벽과 함께 일제히 출항했다.
科学的な根拠がない噂は信じない。,과학적 근거가 없는 소문은 믿지 않는다.
今年はサンマの漁獲高が大きく落ち込んでいる。,올해는 꽁치 어획량이 크게 줄어들고 있다.
陸曹が地図を広げ、訓練の要点を手短に説明した。,육조(육상자위대 부사관)가 지도를 펼쳐 훈련 요점을 간단히 설명했다.
文盲のままだと契約書も読めない。,문맹인 채로는 계약서도 읽을 수 없다.
満潮になると、この岩場は完全に海水の下に沈んでしまう。,만조가 되면 이 바위터는 완전히 바닷물 아래로 잠겨 버린다.
酒屋の店員が紺色の帆前掛けをきりりと締めて、荷物を運んでいる。,술집 점원이 감색 앞치마를 단단히 매고 짐을 나르고 있다.
地元の市場で旬の野菜を買った。,동네 시장에서 제철 채소를 샀다.
老骨に鞭打って、今年も畑仕事を続けている。,늙은 몸을 채찍질하며 올해도 밭일을 계속하고 있다.
彼は一度の失言でせっかくの商談を潰してしまった。,그는 한마디의 실수로 모처럼의 거래를 망쳐 버렸다。
不況で近所の老舗旅館が潰れてしまい、寂しくなった。,불황으로 근처의 노포 여관이 망해 버려서 허전해졌다.
そんな急な依頼をされても本当に困ります。,그렇게 갑작스러운 부탁을 하셔도 정말 곤란합니다.
工事現場には太い鉄管がいくつも積み上げられていた。,공사 현장에는 두꺼운 철관이 여러 개 쌓여 있었다.
山で獲ったイノシシの肉で鍋を作った。,산에서 잡은 멧돼지 고기로 전골을 만들었다.
米を量るときは、目盛りを水平に見る。,쌀을 잴 때는 눈금을 수평으로 본다.
朝、電車が遅れて、改札の前で長い列ができていた。,"아침에 전철이 지연되어, 개찰구 앞에 긴 줄이 생겨 있었다."
空港の管制塔から滑走路の状況を確認している。,공항 관제탑에서 활주로 상황을 확인하고 있다.
会見での妄言がすぐに拡散した。,기자회견에서의 망언이 곧바로 확산됐다.
昨日は一日中図書館にこもって、古い文献を読み漁っていた。,"어제는 하루 종일 도서관에 틀어박혀, 오래된 문헌을 닥치는 대로 읽고 있었다."
薄暮の駅で、友人を待った。,박명의 역에서 친구를 기다렸다.
港に巨大な帆船が入港し、その優雅な姿に多くの人が集まった。,"항구에 거대한 범선이 입항하여, 그 우아한 모습에 많은 사람이 모였다."
お菓子をねだって泣きわめく弟を、母は「まるで餓鬼みたいね」とあきれて見ていた。,과자를 사 달라며 울며 떼쓰는 남동생을 엄마는 “마치 아귀 같네”라며 어이없어했다.
公園で痩せ細った野良犬を見かけ、餌をあげたくなった。,공원에서 비쩍 마른 들개를 보고 먹이를 주고 싶어졌다.
子どもに平方根の意味を図を使って説明した。,아이에게 제곱근의 의미를 그림을 써 가며 설명했다.
アンケートの全ての質問に正直に回答した。,설문지의 모든 질문에 솔직하게 답변했다.
私はこの技術の基礎を、会社の先輩から一つ一つ教わった。,나는 이 기술의 기초를 회사 선배에게서 하나하나 배웠다.
この作文、助詞の使い方を中心に添削してもらえますか。,"이 작문, 조사의 사용을 중심으로 첨삭해 주실 수 있나요?"
友達に鉛筆を一本貸してください。,친구에게 연필 한 자루를 빌려 주세요.
断崖絶壁の上から見る海の景色は息をのむ美しさだ。,절벽 위에서 내려다본 바다 풍경은 숨이 멎을 만큼 아름답다.
古い鉄橋の橋脚の下に、新しい歩道橋を架ける工事が始まった。,오래된 철교의 교각 아래에 새 보도교를 놓는 공사가 시작되었다.
暖かくなって、庭にまいた種が一斉に発芽した。,"날이 따뜻해지자, 마당에 뿌려 둔 씨앗이 일제히 발아했다."
戦争の悲劇から得た教訓を、教育や宗教の場で次の世代に伝えていくべきだ。,전쟁의 비극에서 얻은 교훈을 교육과 종교의 장에서 다음 세대에 전해야 한다.
古い家の庭には、大きな根を張った桜の木がある。,오래된 집 마당에는 굵은 뿌리를 내린 벚나무가 있다.
パーティーの日は少しだけ着飾って出かけた。,파티 날에는 조금 꾸미고 나가 보았다.
社長のご母堂が百歳を迎えられたとのことで、お祝いの花を贈った。,사장님의 모친께서 백 세를 맞이하셨다는 소식에 축하 꽃을 보냈다.
会議の冒頭で、新しく入社したメンバーが皆に紹介された。,회의 시작에 새로 입사한 구성원이 모두에게 소개되었다.
贈り物に添え手紙を付けて、感謝を伝えた。,선물에 덧붙이는 편지를 붙여 감사함을 전했다.
詳しい説明は次回の授業で行います。,자세한 설명은 다음 수업에서 하겠습니다.
投票日に仕事で行けず、結局棄権してしまった。,투표 날에 일이 있어 가지 못해 결국 기권해 버렸다.
眠れない夜、妄想が次々に浮かんだ。,"잠 못 드는 밤, 망상이 연이어 떠올랐다."
彼のわがままな振る舞いには、ほとほと愛想が尽きた。,그의 제멋대로인 행동에는 정말이지 정이 떨어졌다.
一つの情報だけを妄信すると危ない。,한 가지 정보만 맹신하면 위험하다.
茶色い犬が、しっぽを振っている。,갈색 개가 꼬리를 흔들고 있다.
フィンテック企業の台頭により、既存の金融機関もデジタル変革を迫られている。,"핀테크 기업의 대두로 인해, 기존 금융 기관도 디지털 변혁을 강요받고 있다."
寝る前に本を二十ページ読む。,자기 전에 책을 20페이지 읽는다。
落ち葉を掃く音が、静かな午後に心地よかった。,낙엽을 쓸어내는 소리가 고요한 오후에 기분 좋았다.
久しぶりに祖父母の家を訪ね、畳の匂いに懐かしさが込み上げた。,오랜만에 조부모님 집을 찾아 다다미 냄새에 그리움이 북받쳤다.
両家は和睦して争いを終えた。,양가는 화해하여 다툼을 끝냈다。
たまたまエレベーターに乗り合わせた人と、天気の話をした。,우연히 엘리베이터에 같이 탄 사람과 날씨 이야기를 했다.
子どもが雪玉を転がして、大きな雪だるまを作った。,아이가 눈덩이를 굴려 큰 눈사람을 만들었다.
古い慣習を一掃して、手続きをシンプルにした。,낡은 관행을 일소하고 절차를 단순하게 했다.
問題の本質を見失わないで。,문제의 본질을 놓치지 마。
傷口に健康な肉芽ができてきているので、治りは順調です。,상처 부위에 건강한 육아가 생기고 있어서 회복은 순조롭습니다.
倉庫には今年収穫した穀物がぎっしりと積み上げられている。,창고에는 올해 수확한 곡물이 가득 쌓여 있다.
台所で味噌汁を温め直し、豆腐をそっと入れた。,부엌에서 된장국을 다시 데우고 두부를 살며시 넣었다.
彼の奇異な服装が街ゆく人々の視線を一身に集めていた。,그의 기이한 복장이 길을 걷는 사람들의 시선을 한몸에 받고 있었다.
来客前に急いで部屋を掃除して、なんとか間に合った。,손님 오기 전에 급히 방을 청소해서 어떻게든 맞췄다.
ストーブの灰は、完全に冷めてから捨てなければ危ない。,난로의 재는 완전히 식은 뒤에 버리지 않으면 위험하다.
春の水田に空が映って、鏡みたいだった。,봄의 논에 하늘이 비쳐 거울 같았다.
彼は地位や名誉を弊履のごとく捨て去り、隠居生活に入った。,그는 지위나 명예를 헌신짝처럼 버리고 은거 생활에 들어갔다.
彼は一人の兵卒として戦場に赴き、数々の武功を立てた。,"그는 한 명의 병졸로서 전장에 나가, 수많은 무공을 세웠다."
彼の望みはただ平穏だった。,그의 바람은 그저 평온이었다.
彼は締め切りに間に合わせようと血眼になって資料を作っている。,그는 마감에 맞추려고 혈안이 되어 자료를 만들고 있다.
パスポートの更改手続きは、オンラインでも申請できる。,여권 갱신 절차는 온라인으로도 신청할 수 있다.
死は、人間にとって最大のものではない。生きる勇気を失うことこそが最大のものである。,죽음은 인간에게 있어 가장 큰 것이 아니다. 살아갈 용기를 잃는 것이야말로 가장 큰 것이다. - 플라톤
その記者は、権力の醜悪さを暴く記事を書いた。,그 기자는 권력의 추악함을 폭로하는 기사를 썼다.
刺身の盛り合わせを注文した。,사시미 모둠을 주문했다.
祭りで大鍋の豚汁を配った。,축제에서 큰 냄비로 만든 돼지고기 된장국을 나눠줬다.
失敗を次への戒めとして、記録ノートに詳しく書き留めた。,실패를 다음을 위한 교훈으로 삼아 기록 노트에 자세히 적어 두었다.
彼は三十代なのに高校生に間違えられるほどの童顔だ。,그는 30대인데도 고등학생으로 착각될 만큼 동안이다.
古い倉庫をカフェに改造して、若者に人気のスポットになった。,오래된 창고를 카페로 개조해 젊은이들에게 인기 있는 장소가 되었다.
暇な時にでも連絡してください。,한가할 때라도 연락해 주세요.
彼の背中にはどこか哀愁が漂っていた。,그의 등에는 어딘가 애수가 감돌고 있었다.
発表会に向けて、有名な歌曲をピアノ伴奏で練習する。,"발표회를 앞두고, 유명한 가곡을 피아노 반주로 연습한다."
倉庫で脚立に乗って在庫を取っていた彼は、足を滑らせてヒヤリとした。,창고에서 사다리에 올라 재고를 꺼내던 그는 발을 헛디뎌 아찔한 순간을 겪었다.
この計画が成功すると言えるのは、九分九厘以上データがそろってからだ。,이 계획이 성공한다고 말할 수 있는 때는 구분구리 이상 데이터가 갖춰진 뒤다.
庭の木に巣箱を掛けたら、小鳥が来るようになった。,정원 나무에 새집을 달았더니 작은 새가 오게 됐다.
毎朝、コップ一杯の牛乳を飲む。,매일 아침 컵 한 잔의 우유를 마신다.
市場では新年最初の取引が行われ、初荷を積んだトラックが出発した。,"시장에서는 새해 첫 거래가 이루어져, 첫 출하 물건을 실은 트럭이 출발했다."
ベランダの隅に蜂の巣ができていて、慌てて管理会社に連絡した。,베란다 구석에 벌집이 생겨서 급히 관리회사에 연락했다.
花瓶が床に落ちて粉々に割れてしまった。,꽃병이 바닥에 떨어져 산산조각났다.
静々と扉を開けて、子どもを起こさないようにした。,조용조용 문을 열어 아이를 깨우지 않게 했다.
雨が降ってきたから、傘をさす。,비가 와서 우산을 쓴다.
銀行でお金をおろす。,은행에서 돈을 찾는다.
半導体不足で納期が延びた。,반도체 부족으로 납기가 늘어났다.
田植えの日、泥に足を取られて笑ってしまった。,"모내기 날, 진흙에 발이 걸려 웃어버렸다."
法案は賛成多数で採決された。,법안은 찬성 다수로 표결 통과되었다.
寿司屋のカウンターで、職人が手早く握りを作っていた。,초밥집 카운터에서 장인이 재빠르게 니기리를 만들고 있었다.
夕暮れの田に風が通り、稲がざわめいた。,해질녘 논에 바람이 지나가 벼가 사각거렸다.
検診で卵巣の状態を確認して、少し安心した。,검진에서 난소 상태를 확인하고 조금 안심했다.
コップに指紋が残っていた。,컵에 지문이 남아 있었다.
この山は、それほど低い山ではない。,이 산은 그다지 낮은 산이 아니다.
我々がコントロールできるのは、我々の思考、感情、行動だけである。,"우리가 통제할 수 있는 것은 우리의 생각, 감정, 행동뿐이다. - 에픽테토스"
CTで病巣の位置がはっきり写っていた。,CT로 병소의 위치가 뚜렷하게 찍혀 있었다.
末子として生まれた彼は、家族みんなに甘やかされて育った。,막내로 태어난 그는 가족 모두에게 응석받이로 자랐다.
お小遣いが安いので、もっと欲しい。,용돈이 적어서 더 받고 싶다.
昔はこの辺り一帯が桑畑で、絹の町だったという。,옛날에는 이 근처 일대가 뽕밭이라 비단의 마을이었다고 한다.
笑顔の裏に腹黒い野心を隠して、彼は機会を伺う。,웃음 뒤에 음흉한 야심을 숨기고 그는 기회를 엿본다.
彼は上司に隷属するだけの働き方を拒んだ。,그는 상사에게 예속되기만 하는 일 방식을 거부했다.
春は挿し木で増やした苗が、一斉に芽吹く。,봄에는 꺾꽂이로 늘린 묘목이 일제히 싹튼다.
彼女は日々の思いを短歌に詠んでSNSに投稿している。,그녀는 매일의 생각을 단가로 지어 SNS에 올리고 있다.
皿をきれいに並べると、食卓がすっきり見える。,접시를 깔끔히 늘어놓으면 식탁이 정돈돼 보인다.
焼きたてのパンは、いい匂いがする。,갓 구운 빵은 좋은 냄새가 난다.
仕事が一段落したのでコーヒーを飲んで一息つく。,일이 한 고비를 넘겨 커피를 마시며 한숨 돌린다.
蛇口をひねると冷たい水が勢いよく出てきた。,수도꼭지를 틀자 차가운 물이 세차게 나왔다.
彼女はぱっちりとした大きな目が特徴的で、とても愛らしい。,그녀는 또렷하고 큰 눈이 특징적이어서 매우 사랑스럽다.
友人たちは彼の誕生日にサプライズパーティーを企てている。,친구들은 그의 생일에 깜짝 파티를 꾸미고 있다.
結婚指輪には、変色しにくい白金を選ぶカップルが多い。,결혼 반지로는 변색하기 어려운 백금을 고르는 커플이 많다.
神社の御神木を傷つけるなんて、罰当たりな行為だ。,"신사의 신목을 상처 입히다니, 벌 받을(천벌 받을) 행위다."
家に帰ると、いい匂いがした。,집에 돌아오니 좋은 냄새가 났다.
プロジェクト参加を自分から申し出た。,프로젝트 참여를 스스로 자청했다.
その国は長い闘争の末に独立を勝ち取った。,그 나라는 긴 투쟁 끝에 독립을 쟁취했다.
彼は大学で土木工学を学んでいる。,그는 대학에서 토목공학을 공부하고 있다.
児童書の挿絵が可愛くて、つい何度も見返した。,아동서의 삽화가 귀여워서 자꾸 다시 보게 됐다.
昼ごはんは、友達と外で食べた。,점심은 친구와 밖에서 먹었다.
彼はちょっと洒落た帽子をかぶっている。,그는 약간 멋들어진 모자를 쓰고 있다.
怒りに震える自分を、彼はかろうじて制した。,분노에 떠는 자신을 그는 겨우 억제했다.
土蔵造りの倉の白壁が、夕日に染まっていた。,토조(흙창고) 양식의 창고 흰 벽이 석양에 물들어 있었다.
多くの国では、成人男性に一定期間の兵役が義務付けられている。,많은 나라에서는 성인 남성에게 일정 기간의 병역이 의무화되어 있다.
会社の経営方針が大きく転換された。,회사 경영 방침이 크게 전환되었다.
子どもがやっと寝入った。,아이가 드디어 잠들었다.
祖父は若い頃、漁師として毎日海に出ていた。,할아버지는 젊은 시절 어부로서 매일 바다에 나갔다.
部署の購買ルールに従って、備品を申請した。,부서의 구매 규칙에 따라 비품을 신청했다.
空港では厳格な防疫対策が取られている。,공항에서는 엄격한 방역 대책이 시행되고 있다.
鍋の上澄みだけをすくって、雑味を取り除いた。,냄비의 윗물만 떠서 잡맛을 없앴다.
同じ種類の動物同士が共食いすることもある。,같은 종류의 동물이 서로 동족상잔을 하는 경우도 있다.
彼は努力した、故に成功したのだ。,"그는 노력했다, 그러므로 성공한 것이다."
囚人は面会室で家族と短い時間だけ話した。,수감자는 면회실에서 가족과 잠깐만 이야기했다.
彼女は裏切った彼を最後まで許さなかった。,그녀는 자신을 배신한 그를 끝까지 용서하지 않았다.
同じ宣伝は見飽きてしまい、すぐ飽きる性格だから、飽きが来ない趣味を探している。,"같은 광고는 질려 버리고 금방 싫증내는 성격이라, 싫증나지 않는 취미를 찾고 있다."
昭和初期には、人絹のスカーフがおしゃれな若者の間で流行した。,쇼와 초기에는 인견 스카프가 멋쟁이 젊은이들 사이에서 유행했다.
彼は大股で歩くので、すぐに人混みを抜けてしまう。,그는 보폭이 커서 금방 인파를 뚫고 나가 버린다.
彼は虚空を見つめて何かを考えていた。,그는 허공을 바라보며 무엇인가를 생각하고 있었다.
この地域は雨が少ないため、水稲よりも小麦などの畑作が盛んだ。,"이 지역은 비가 적기 때문에, 논농사보다 밀 등의 밭농사가 성행한다."
事件解決の手懸けとなる重要な証拠が見つかった。,사건 해결의 단서가 될 중요한 증거가 발견되었다.
取引先の来訪に備えて訪問予定を組み、古書店の探訪も挟んだ。,"거래처의 내방에 대비해 방문 일정을 짜고, 헌책방 탐방도 끼워 넣었다."
コーヒーでも飲みながら、少し休憩しませんか。,커피라도 마시면서 잠깐 쉬지 않을래요?
上座に社長が座り、宴席の空気が少し張りつめた。,상석에 사장이 앉자 연석의 공기가 조금 팽팽해졌다.
倉庫の棚番を見直して、在庫を探しやすくした。,창고 선반 번호를 재정비해 재고를 찾기 쉽게 했다.
送別会で花束を渡したら、本人が泣いてしまった。,송별회에서 꽃다발을 건네자 본인이 울어버렸다.
絵の具の肌色を使って、人物の顔を丁寧に塗る。,"물감의 살색을 사용하여, 인물의 얼굴을 정성스럽게 칠한다."
秒針が一周すると一分になる。,초침이 한 바퀴 돌면 1분이 된다.
新聞を十年近く購読している。,신문을 10년 가까이 구독하고 있다.
週末は都会を離れて、森林浴でリフレッシュする。,주말에는 도시를 떠나 삼림욕으로 재충전한다.
新幹線のホームで友人を見送り、手を振り続けた。,신칸센 플랫폼에서 친구를 배웅하며 계속 손을 흔들었다.
彼の視線には敵意が混じっていて、背筋が寒くなった。,그의 시선엔 적의가 섞여 있어 등골이 서늘해졌다.
雨上がりの土手で草がきらきら光っていた。,비가 그친 뒤 둑에서 풀이 반짝이고 있었다.
自宅で在宅勤務している。,자택에서 재택근무를 하고 있다.
こんなに悩むくらいなら、いっそ会社を辞めてしまおうか。,이렇게 고민할 바에는 차라리 회사를 그만둬 버릴까.
軒下に干し柿が吊るされている風景は、日本の秋を感じさせる。,처마 밑에 곶감이 매달려 있는 풍경은 일본의 가을을 느끼게 한다.
雨上がりの公園を漫歩しながら考え事をした。,비 온 뒤 공원을 한가롭게 거닐며 생각에 잠겼다.
夏になると、庭で育てたトマトを収穫するのが楽しみだ。,여름이 되면 정원에서 키운 토마토를 수확하는 것이 즐거움이다.
壁に大きな花を描く。,벽에 큰 꽃을 그린다.
最近、抜け毛が増えて少し不安だ。,최근 빠지는 머리카락이 늘어 조금 불안하다.
この靴は長時間の歩行には向いていない。,이 신발은 장시간 걷기에는 맞지 않는다.
バスケットボールの試合中に肩を脱臼してしまった。,농구 경기 중에 어깨가 탈구되고 말았다.
深夜営業のコンビニは本当に助かる。,심야 영업 편의점은 정말 도움이 된다.
観客を魅する演奏だった。,관객을 매료시키는 연주였다.
試合の興奮が伝わるよう、アナウンサーが熱く実況している。,경기의 흥분이 전해지도록 아나운서가 뜨겁게 중계하고 있다.
牧草ロールの匂いに、牧場の朝を思い出す。,목초 롤의 냄새에 목장의 아침이 떠오른다.
出初式で、鳶職人による見事な梯子乗りが披露された。,"신년 첫 소방 의식에서, 비계공들에 의한 멋진 사다리 타기가 피로되었다."
事故の被害者に対して会社は賠償金を支払った。,사고 피해자에게 회사는 배상금을 지급했다.
清貧の暮らしに憧れる人もいる。,청빈한 삶을 동경하는 사람도 있다.
木材が腐敗して、床が抜けそうになっていた。,목재가 부패해 바닥이 꺼질 것 같았다.
清貧を貫いた作家として知られる。,청빈을 지킨 작가로 알려져 있다.
真理は存在しない。あるのは解釈だけだ。,진리는 존재하지 않는다. 존재하는 것은 해석뿐이다. - 니체
新幹線の秒速はどれくらいだろう。,신칸센의 초속은 어느 정도일까.
彼は困っている友人に薄情にも背を向けた。,그는 곤란한 친구에게 박정하게도 등을 돌렸다.
このナイフは刃が鈍いのでよく切れない。,이 칼은 날이 무뎌서 잘 잘리지 않는다.
祖母は毛糸でマフラーを編んでくれた。,할머니가 털실로 목도리를 떠주셨다.
庭の隅に雑草が伸びてきたので、まとめて抜いた。,정원 구석에 잡초가 자라서 한꺼번에 뽑았다.
担当者は賄賂を受け取った疑いで逮捕された。,담당자는 뇌물을 받은 혐의로 체포되었다.
引っ越しの日は、友だちが家具を運ぶのを手伝ってくれた。,이삿날에는 친구가 가구를 나르는 것을 도와줬다.
子どもを罵るより、理由を聞こう。,아이를 욕하기보다 이유를 들어보자.
赤ちゃんの足はなんて小さいんだろう。,아기 발은 어쩜 이렇게 작을까?
荘厳な伽藍に太鼓の音が響き、法要が始まった。,장엄한 사찰 가람에 북소리가 울려 퍼지며 법요가 시작됐다.
式典は終始荘重な雰囲気で、誰も私語をしなかった。,식전은 내내 장중한 분위기였고 아무도 잡담을 하지 않았다.
料理に使う野菜は、産地と鮮度をよく吟味して選ぶ。,요리에 쓸 채소는 산지와 신선도를 잘 음미해 고른다.
炊き立てのご飯のいい匂いがする。,갓 지은 밥의 좋은 냄새가 난다.
家族の食卓に鍋の湯気が立った。,가족 식탁에 전골의 김이 올라왔다.
イサムは毎朝、愛犬と一緒に海岸を散歩するのが日課だ。,이 사무는 매일 아침 애견과 함께 해안을 산책하는 것이 일과다.
転び公妨を狙うような卑怯な手段は許さない。,일부러 넘어져 공무집행방해를 유도하는 비겁한 수단은 용납하지 않는다.
トラックが高さ制限を無視して、高架の橋桁に衝突した。,"트럭이 높이 제한을 무시하고, 고가도로의 교각(상판)에 충돌했다."
彼は強い意志を持ってリハビリに取り組み、奇跡的に回復した。,"그는 강한 의지를 가지고 재활에 임해, 기적적으로 회복했다."
小さな銭入れに硬貨を分けて入れる。,작은 동전지갑에 동전을 나눠 넣는다.
買い物のついでに薬局にも寄った。,쇼핑하는 김에 약국에도 들렀다.
先輩に敬語を間違えて、顔が熱くなった。,선배에게 존댓말을 잘못 써서 얼굴이 화끈거렸다.
子どもを車内に閉じ込めるのは絶対に危ない。,아이를 차 안에 가두는 건 절대 위험하다.
大きな木の下は涼しいね。,커다란 나무 아래는 시원하네.
祖父の趣味は詩吟で、毎晩静かに声を響かせている。,할아버지의 취미는 시낭송 창이라 매일 밤 조용히 목소리를 울린다.
この役は私には務まらない気がする。,이 역할은 나에게 감당이 안 될 것 같다.
緊迫した時局を乗り切るため、首相が会見する。,긴박한 시국을 타개하기 위해 총리가 회견한다.
港には自衛隊の艦船が静かに停泊していた。,항구에는 자위대 함선이 조용히 정박해 있었다.
府県をまたぐ移動は、事前にルールを確認しよう。,부·현을 넘는 이동은 미리 규칙을 확인하자.
金槌で釘を打つときは指に気をつけて。,망치로 못을 박을 때는 손가락을 조심해.
旅の途中で銭が尽きて途方に暮れた。,여행 도중 돈이 떨어져 막막해졌다.
このネジは少し緩いから、ドライバーでしっかり締めておいて。,이 나사는 좀 헐거우니까 드라이버로 제대로 조여 둬.
ソファに新しいカバーをかけた。,소파에 새 커버를 씌웠다.
春になったら郊外の新居へ移る予定で、今は荷造りに追われている。,"봄이 되면 교외의 새 집으로 이사할 예정이라, 지금은 짐 싸느라 분주하다."
功を焦って勇み足をしてしまい、せっかくのチャンスを逃した。,공을 서두르다 너무 앞서나가(이사미아시) 모처럼의 기회를 놓쳤다.
きれいな かおを しているね。,예쁜 얼굴을 하고 있구나.
刑事は現場に残された弾丸を手掛かりに、犯人を追っていた。,형사는 현장에 남겨진 탄환을 단서로 범인을 추적하고 있었다.
締め切りのことしか考えられず、仕事に夢中だ。,마감 생각뿐이라 일에 몰두 중이다.
採用の基準をもっと明確にしたほうがいい。,채용 기준을 더 명확히 하는 편이 좋다.
これはあくまで仮のスケジュールです。,이것은 어디까지나 가상의 일정입니다.
本物と偽物をしっかり区別できる目を養うことが大切だ。,진짜와 가짜를 확실히 구별할 수 있는 눈을 기르는 것이 중요하다.
戦後数十年が経ち、ようやく戦地から遺骨が帰還した。,"전후 수십 년이 지나, 드디어 전지에서 유골이 귀환했다."
この詩は巧みに押韻が使われている。,이 시에는 능숙하게 운을 맞추는 기법이 쓰였다.
この館は明治時代に建てられた歴史的な建物だ。,이 관은 메이지 시대에 지어진 역사적인 건물이다.
この店の味は素朴だ。,이 가게의 맛은 소박하다.
急激な水温の変化は、魚たちの生態系に悪影響を与える。,급격한 수온의 변화는 물고기들의 생태계에 악영향을 준다.
薬局で処方䇳を出して薬を受け取った。,약국에서 처방전을 내고 약을 받았다.
けんかをして相手を殴ってしまったことを後悔している。,싸움하다가 상대를 때려 버린 것을 후회하고 있다.
満開の桜花が川面を覆っている。,만개한 벚꽃이 강물을 뒤덮고 있다.
工事現場から古代の住居跡の遺構が発見され、調査が行われている。,공사 현장에서 고대 주거지의 유구(흔적)가 발견되어 조사가 진행되고 있다.
このチームの実力は優勝候補に匹敵する。,이 팀의 실력은 우승 후보에 필적한다.
不要な書類を丸めて、ゴミ箱に放り込んだ。,불필요한 서류를 돌돌 말아 쓰레기통에 던져 넣었다.
彼は口数は少ないが、実直な働きぶりで信頼されている。,그는 말수는 적지만 성실한 일처리로 신뢰받는다.
彼は学生時代を追憶するエッセイを書いた。,그는 학생 시절을 추억하는 에세이를 썼다.
検査のために少量の血液を採取します。,검사를 위해 소량의 혈액을 채취하겠습니다.
短期的な利益ばかり追うと信頼を失う。,단기적인 이익만 추구하면 신뢰를 잃는다.
駅前の花屋でバラの花束を買った。,역 앞 꽃집에서 장미 꽃다발을 샀다.
救急隊は現場近くで待機していた。,구급대는 현장 근처에서 대기하고 있었다.
音の振幅を上げすぎると、スピーカーが歪む。,소리의 진폭을 너무 올리면 스피커가 찌그러진다(왜곡된다).
急に悪寒がして、熱を測ったら三十九度もあった。,갑자기 오한이 나서 열을 쟀더니 39도나 되었다.
子どもの頃の記憶がふとよみがえった。,어린 시절의 기억이 문득 되살아났다.
お父さんが自転車の乗り方を教えてくれた。,아버지가 자전거 타는 법을 가르쳐 주셨다.
将来への不安でなかなか眠れない。,장래에 대한 불안 때문에 좀처럼 잠들지 못한다.
この公園は、都会で働く人々にとって貴重な憩いの場だ。,이 공원은 도시에서 일하는 사람들에게 있어 귀중한 휴식처다.
うちの猫はひなたぼっこが好きだ。,우리 집 고양이는 햇볕 쬐기를 좋아한다.
問屋街には早朝からトラックが出入りしている。,도매상 거리는 이른 아침부터 트럭이 드나든다.
彼の自由な暮らしを少し羡む。,그의 자유로운 삶이 조금 부럽다.
転んでしまって、思わず泣いてしまった。,넘어져서 나도 모르게 울어버렸다.
検診で前立腺の検査を受けた。,검진에서 전립선 검사를 받았다.
あの映画は涙腺に来るから注意して。,그 영화는 눈물샘을 자극하니까 각오해.
所詮は噂だと割り切って聞き流した。,결국은 소문일 뿐이라 생각하고 흘려들었다.
大自然の圧倒的な力に対し、人々は畏敬の念を抱く。,"대자연의 압도적인 힘에 대해, 사람들은 외경심을 품는다."
海外で暮らせるなんて羡ましいね。,해외에서 살 수 있다니 부럽다.
おばあちゃんに電話をかける。,할머니께 전화를 건다.
天井のシミをじっと見つめているうちに、いつの間にか眠ってしまった。,"천장의 얼룩을 가만히 바라보고 있는 사이에, 어느새 잠이 들어 버렸다."
憂愁に沈む夜、雨音だけが静かに響いていた。,"우수에 잠긴 밤, 빗소리만 조용히 울렸다."
他人の事情を詮索するのはやめよう。,남의 사정을 캐묻는 건 그만하자.
化学反応における成分の活量を計算する。,화학 반응에서의 성분의 활량을 계산한다.
楽しんで過ごした時間は、無駄な時間ではない。,즐겁게 보낸 시간은 헛된 시간이 아니다. - 존 레논
外国人ガイドを雇うことにした。,외국인 가이드를 고용하기로 했다.
永遠に生きるかのように学び、明日死ぬかのように生きよ。,"영원히 살 것처럼 배우고, 내일 죽을 것처럼 살아라. - 간디"
皇后は被災地を訪れ、人々を励ました。,황후는 재해 지역을 방문해 사람들을 격려했다.
面白い話を聞いて、みんなで笑った。,재미있는 이야기를 듣고 모두 함께 웃었다.
節分に煎り豆を年の数だけ食べた。,세쓰분에 볶은 콩을 나이 수만큼 먹었다.
バスに乗って、おばあちゃんの家に行く。,버스를 타고 할머니 댁에 간다.
彼女は病気と戦う決意を固めた。,그녀는 병과 싸우기로 결심을 굳혔다.
正月飾りに宝船の絵を飾った。,새해 장식으로 보선 그림을 걸었다.
みんなの前で嘘をついた彼を、少し懲らす必要がある。,사람들 앞에서 거짓말한 그를 조금 혼내줄 필요가 있다.
彼は威儀を正して、厳粛な面持ちで式典に臨んだ。,"그는 예법에 맞는 몸가짐을 하고, 엄숙한 표정으로 식전에 임했다."
道で鍵を拾う。,길에서 열쇠를 줍는다.
大きな川に長い橋がかかっている。,큰 강에 긴 다리가 놓여 있다.
困ったときはお互い様、少しは情けをかけてやれよ。,"곤란할 때는 서로 돕는 거지, 좀은 정을 베풀어 줘라."
ここは勝ち戦だ、落ち着いて攻めよう。,"여긴 이길 싸움이야, 침착하게 밀어붙이자."
労働者の連帯で交渉が前に進んだ。,노동자들의 연대로 협상이 진전됐다.
ご厚意を珍重し、心より感謝いたします。,호의를 소중히 여기며 진심으로 감사드립니다.
激しい競争社会で生き残るためには、常に進化が必要だ。,"치열한 경쟁 사회에서 살아남기 위해서는, 항상 진화가 필요하다."
夜空に星が静かに光っている。,밤하늘에 별이 조용히 빛나고 있다.
この道はまっすぐ学校まで続いている。,이 길은 곧장 학교까지 이어져 있다.
そのコーヒー、もう冷たいよ。温め直す？,"그 커피, 벌써 차가워. 다시 데울까?"
初夏の陽気につられて、テラス席で冷たいビールを注文した。,"초여름의 날씨에 이끌려, 테라스석에서 차가운 맥주를 주문했다."
停滞していた前線が動き出し、明日は大雨になる予報だ。,"정체되어 있던 전선이 움직이기 시작해, 내일은 큰비가 올 예보이다."
負の感情を溜め込まず、適度に発散することが大切だ。,"부정적인 감정을 쌓아두지 말고, 적절히 발산하는 것이 중요하다."
徹夜が続いて、鏡を見ると一気に老けた気がした。,밤샘이 계속돼 거울을 보니 갑자기 늙어 보이는 기분이 들었다.
災害情報は繰り返し放送された。,재해 정보가 반복해서 방송되었다.
彼は大学進学を放棄した。,그는 대학 진학을 포기했다.
準備はすべてよし、あとは出発の合図を待つだけだ。,"준비는 모두 좋다(완료), 이제 출발 신호를 기다릴 뿐이다."
若者の会話には、聞いたことのない略語が多い。,젊은이들의 대화에는 들어본 적 없는 줄임말이 많다.
権利を放棄する書類に署名した。,권리를 포기하는 서류에 서명했다.
国会で激しい論戦が交わされた。,국회에서 치열한 논전이 오갔다.
島々を巡る船旅に胸が躍った。,섬들을 도는 배 여행에 가슴이 설렜다.
新春の歌会で、素晴らしい和歌が披露された。,신춘 가회(와카 모임)에서 훌륭한 와카가 피로되었다.
彼は社会の理不尽さに憤り、改革を訴える演説をした。,"그는 사회의 불합리함에 분개하여, 개혁을 호소하는 연설을 했다."
戦争の記憶を語り継ぐ展示を見た。,전쟁의 기억을 전하는 전시를 보았다.
長い戦がようやく終わった。,긴 전쟁(싸움)이 마침내 끝났다.
不正に対する激しい憤りが、彼を突き動かしている。,"부정에 대한 격렬한 분노가, 그를 움직이게 하고 있다."
電波が弱いので携帯の機内モードを一度切った。,전파가 약해서 휴대폰 비행기 모드를 한 번 껐다.
部隊は霧に紛れて退却した。,부대는 안개에 숨어 퇴각했다.
生温い風が吹いてきて、余計に眠くなった。,미지근한 바람이 불어와서 더 졸려졌다.
書類に不備があり、差し戻しになった。,서류에 미비가 있어 반려되었다.
暗闇の中から、獣の荒い息遣いが聞こえてきて恐怖を感じた。,어둠 속에서 짐승의 거친 숨결이 들려와 공포를 느꼈다.
再三の注意にもかかわらず、彼は同じミスを繰り返した。,"두세 번(거듭된) 주의에도 불구하고, 그는 같은 실수를 반복했다."
夏祭りで浴衣を着て、屋台の焼きそばを頬張った。,여름축제에서 유카타를 입고 포장마차 야키소바를 먹었다。
夢か現かわからないほど、美しい景色が広がっていた。,"꿈인지 현실인지 모를 만큼, 아름다운 풍경이 펼쳐져 있었다."
粘土板に刻まれた楔形文字は、古代文明の謎を語る。,점토판에 새겨진 쐐기(설형) 문자는 고대 문명의 수수께끼를 말해준다.
彼は第一志望の大学に見事合格した。,그는 제1지망 대학에 멋지게 합격했다.
この植物は元来熱帯地方のものだ。,이 식물은 원래 열대 지역의 것이다.
消防士が消火栓にホースをつないだ。,소방관이 소화전에 호스를 연결했다.
試験の準備は早めに始めたほうが安心だ。,시험 준비는 일찍 시작하는 게 마음이 편하다.
趣味のガーデニングが、定年後の私の生き甲斐になっている。,"취미인 원예가, 정년 후 내 삶의 보람이 되고 있다."
この港では大型船舶の出入りが多い。,이 항구는 대형 선박의 입출항이 많다.
宿題を放って遊びに行った。,숙제를 내버려 두고 놀러 갔다.
連絡の行き違いで、待ち合わせ場所を間違えてしまった。,"연락이 엇갈려서, 약속 장소를 틀리고 말았다."
公園の給水栓で水筒に水を補給した。,공원의 급수전에서 물병에 물을 채웠다.
草むらから蛇が出てきてびっくりした。,수풀에서 뱀이 나와서 깜짝 놀랐다.
彼の研究分野は多岐にわたり、環境問題からエネルギー政策まで扱っている。,그의 연구 분야는 다방면에 걸쳐 있어 환경 문제에서 에너지 정책까지 다루고 있다.
不在の上司に伝言を残しておいてください。,부재 중인 상사에게 전언을 남겨 두세요.
忘れ物に気づいて駅まで戻る。,깜빡 잊은 물건이 생각나 역까지 되돌아간다.
あいつの落ち着いた態度が、時々憎いくらい眩しい。,그 녀석의 침착한 태도가 가끔 미울 정도로 눈부시다.
災害に備えるため、水と電池を常備している。,재해에 대비하려고 물과 배터리를 상비하고 있다.
思春期になると面皰が増えて気になるものだ。,사춘기가 되면 여드름이 늘어 신경 쓰이기 마련이다.
クリスマスの街は、プレゼントを持った人々が行き交う。,크리스마스 거리는 선물을 든 사람들이 오간다.
不定期に開催されるフリーマーケットでは、掘り出し物が見つかることが多い。,"비정기적으로 개최되는 플리마켓에서는, 뜻밖의 횡재 물건(득템)이 발견되는 일이 많다."
最寄りのコンビニまで徒歩五分です。,가장 가까운 편의점까지 도보 5분입니다。
木綿の手ぬぐいは吸水がよくて、台所で重宝する。,면 손수건은 흡수가 좋아서 주방에서 유용하다。
溶けた金属を鋳型に流し込み、部品を成形する。,녹은 금속을 주형에 흘려 넣어 부품을 성형한다.
能の舞台で、扇を静かに閉じた。,노(能) 무대에서 부채를 조용히 접었다.
彼は機敏に身をかわし、転びそうな子どもを支えた。,그는 재빨리 몸을 피하며 넘어질 뻔한 아이를 받쳐 줬다.
船長の合図で出帆し、港の灯りが遠ざかった。,선장의 신호로 출항해 항구의 불빛이 멀어졌다.
些細な喧嘩が原因で、息子が家出をしてしまった。,사소한 싸움이 원인으로 아들이 가출을 해 버렸다.
裏切りを知った彼は、怒り狂って机を叩いた。,배신을 알게 된 그는 미친 듯이 화를 내며 책상을 쳤다.
山麓の扇状地には果樹園が広がっている。,산기슭의 선상지에는 과수원이 넓게 펼쳐져 있다.
瓶の栓を抜いた瞬間、炭酸が弾けた。,병마개를 뽑는 순간 탄산이 톡 터졌다.
火山の火口付近では、黄色い硫黄の結晶が見られる。,화산 분화구 근처에서는 노란 유황 결정을 볼 수 있다.
式典では太刀が奉納され、神職が丁寧に受け取った。,의식에서 타치가 봉납되었고 신관이 정중히 받아 들었다.
準備は万端、あとは出発するだけだ。,"준비는 만반, 이제 출발만 하면 된다."
態度は、小さなことだが、大きな違いを生む。,"태도는 사소한 것이지만, 큰 차이를 만들어낸다. - 윈스턴 처칠"
彼女は伝統的な機織りの技術を受け継いでいる。,그녀는 전통적인 베틀짜기 기술을 이어받고 있다.
道が凸凹していて、自転車が跳ねた。,길이 울퉁불퉁해서 자전거가 덜컹거렸다.
猫の毛がセーターにびっしり付いた。,고양이 털이 스웨터에 잔뜩 붙었다.
緊張していた肩の力を放した。,긴장했던 어깨의 힘을 풀었다.
彼の表情の険しさから、ただ事ではないとすぐに分かった。,그의 험악한 표정에서 보통 일이 아님을 바로 알 수 있었다.
猫が尾を立てて近寄ってきたので、思わず笑った。,고양이가 꼬리를 세우고 다가와서 나도 모르게 웃었다.
彼は動物実験に強い嫌悪を示して、署名活動に参加した。,그는 동물 실험에 강한 혐오를 보여 서명 운동에 참여했다.
ATMで現金を引き出すには、四桁の暗証番号が必要だ。,ATM에서 현금을 인출하려면 4자리 비밀번호가 필요하다.
手を放すと風船が空へ飛んでいった。,손을 놓자 풍선이 하늘로 날아갔다.
阪神が九回に逆転し、球場が揺れた。,한신이 9회에 역전해 구장이 들썩였다.
夕方になると、空気に雨の気配が混じり始めた。,저녁이 되자 공기 속에 비 올 기운이 섞이기 시작했다.
快適な安眠を得るために、自分に合った枕を選ぶことは重要だ。,쾌적한 숙면을 얻기 위해 자신에게 맞는 베개를 고르는 것은 중요하다.
前後の文脈を読まないと、この言葉の本当の意味は理解できない。,"전후 문맥을 읽지 않으면, 이 말의 진정한 의미는 이해할 수 없다."
夕焼けに染まる道を、カラスが鳴く中、家路を急ぐ。,"저녁노을로 물든 길을, 까마귀가 우는 가운데 귀갓길을 서두른다."
寝る前に扇風機のタイマーを30分に設定する。,자기 전에 선풍기 타이머를 30분으로 맞춘다.
歴史の授業で江戸時代の飢饉について学んだ。,역사 시간에 에도 시대의 기근에 대해 배웠다.
氷上のチェスと呼ばれるカーリングは、頭脳戦が魅力だ。,빙판 위의 체스라 불리는 컬링은 두뇌 싸움이 매력이다.
弟は最近オンラインゲームに熱中して、夜更かしばかりしている。,남동생은 요즘 온라인 게임에 열중해서 밤늦게까지 깨어 있다.
このプロジェクトの末を見届けたい。,이 프로젝트의 끝을 끝까지 지켜보고 싶다.
本末転倒にならないように目的を確認しよう。,본말전도가 되지 않게 목적을 확인하자.
小さいころから兄弟仲が良く、今でも休みの日には一緒に旅行に出かける。,"어릴 때부터 형제 사이가 좋아서, 지금도 쉬는 날이면 함께 여행을 떠난다."
フライパンをよく熱してから、肉を入れてください。,프라이팬을 충분히 달군 뒤에 고기를 넣어 주세요.
手放した瞬間、後悔が押し寄せた。,놓는 순간 후회가 밀려왔다.
彼は計算が得意で、三桁の掛け算も瞬時に暗算できる。,그는 계산을 잘해서 세 자리 곱셈도 순식간에 암산할 수 있다.
万国の旗が並ぶ会場は華やかだった。,만국기가 늘어선 행사장은 화려했다.
家から駅までの距離は徒歩十分ほどだ。,집에서 역까지의 거리는 도보로 10분 정도이다.
玄関の鍵を失くしてしまって家に入れない。,현관 열쇠를 잃어버려서 집에 들어가지 못한다.
末っ子は甘え上手だ。,막내는 응석을 잘 부린다.
古い帳簿を炉で燃した。,낡은 장부를 화로에서 태웠다.
思い切って手放すと気が楽になった。,과감히 내려놓으니 마음이 편해졌다.
彼は自らの不遇な境遇を哀れむばかりで、努力しようとしない。,"그는 자신의 불우한 처지를 비관할 뿐, 노력하려고 하지 않는다."
気持ちが定まったら連絡して。,마음이 정해지면 연락해。
あまりにも優秀な人たちばかりで、思わず気後れしてしまった。,너무 뛰어난 사람들뿐이라 나도 모르게 주눅이 들었다.
電車又はバスでお越しください。,전철 또는 버스로 오세요.
西部劇では、早撃ちのガンマンがいつも人気の的だ。,서부극에서는 총을 빨리 뽑는 건맨이 언제나 인기가 많다.
急がば回れ、近道だと思った道が実は一番の悪路だった。,"급할수록 돌아가라, 지름길이라고 생각했던 길이 사실은 최악의 험한 길이었다."
この饅頭には、上品な甘さのこし餡がたっぷりと詰まっている。,이 만쥬에는 고급스러운 단맛의 고운 팥소가 듬뿍 들어 있다.
高山では酸素が薄くて、息が苦しい。,"고산에서는 산소가 옅어서, 숨쉬기 힘들다."
法律が改正されたとニュースで知った。,법률이 개정됐다는 걸 뉴스로 알았다.
この沿岸地帯は夕日の景色で有名だ。,이 해안 지대는 석양 풍경으로 유명하다.
乾燥すると粘膜が荒れやすい。,건조하면 점막이 쉽게 거칠어진다.
職人が繭糸を紡いで光沢のある絹布を織り上げる。,장인이 고치실을 자아 광택 있는 비단을 짠다.
知り合いのいない街で一人暮らしを始めた頃は、とても心細かった。,아는 사람이 없는 도시에서 혼자 살기 시작했을 때는 무척 외로웠다.
枕元に水を置いて寝る。,머리맡에 물을 두고 잔다.
直に答えを出さず、まず一晩寝かせてから判断した。,바로 답을 내지 않고 하룻밤 두고 판단했다.
彼は総務で事務を担当している。,그는 총무부에서 사무를 담당하고 있다.
電卓なしで計算できる人に憧れる。,계산기를 안 쓰고 계산하는 사람을 동경한다.
風が書類を床に散らして、慌てて拾った。,"바람이 서류를 바닥에 흩뿌려서, 허둥지둥 주웠다."
資料館で原爆の写真を見て、胸が詰まった。,자료관에서 원폭 사진을 보고 가슴이 먹먹해졌다.
親として子どもを守るのは義務だと思う。,부모로서 아이를 지키는 것은 의무라고 생각한다.
砂糖の固まりを紅茶に入れてかき混ぜた。,설탕 덩어리를 홍차에 넣고 저었다.
緊張のあまり体が固まってしまった。,너무 긴장한 나머지 몸이 굳어 버렸다.
空軍のパイロットが、青空を背景に敬礼している。,공군 조종사가 푸른 하늘을 배경으로 경례하고 있다.
雨に濡れた捨て犬を見て、少女は深い哀れみを抱いた。,비에 젖은 유기견을 보고 소녀는 깊은 연민을 품었다.
個人のプライバシーを守ることが大切だ。,개인의 프라이버시를 지키는 것이 중요하다.
夕方になると台所がすぐ散らかる。,저녁이 되면 부엌이 금방 어질러진다.
通勤経路を変えたら時間が短くなった。,통근 경로를 바꾸었더니 시간이 줄었다.
図書館の隅で、二人が秘密を囁き合っている。,도서관 구석에서 두 사람이 비밀을 속삭이고 있다.
空港で爆弾の置き忘れが疑われ、騒ぎになった。,공항에서 폭탄 방치가 의심돼 소동이 났다.
娘心は複雑で、言葉にしにくい。,여자아이 마음은 복잡해서 말로 하기 어렵다.
負けじ魂を燃やして、弱小チームは強豪校に挑んだ。,지지 않겠다는 투지를 불태우며 약팀은 강호 학교에 도전했다.
凡百のアドバイスより、自分で試した一回の失敗が役に立つ。,평범한 조언 백 개보다 직접 해본 한 번의 실패가 더 도움이 된다.
深く呼吸を整えてからスピーチを始めた。,깊게 호흡을 가다듬고 나서 연설을 시작했다.
幕僚は作戦の細部を詰めていた。,막료(참모)는 작전의 세부를 다듬고 있었다.
花は黙って咲き、黙って散る。,"꽃은 말없이 피고, 말없이 진다. - 미야자와 겐지"
火傷をした時は、アロエの果肉を塗ると痛みが和らぐと言われている。,화상을 입었을 때는 알로에 과육을 바르면 통증이 완화된다고 한다.
卒業生のための謝恩パーティーが開かれた。,졸업생을 위한 사은 파티가 열렸다.
薄絹のカーテン越しに、柔らかな朝日が部屋に差し込んでいた。,얇은 비단 커튼 너머로 부드러운 아침 햇살이 방 안으로 비쳤다.
事件の明くる日に、記者会見が開かれた。,사건 다음 날 기자회견이 열렸다.
動物園で初めて本物の虎を見た。,동물원에서 처음으로 진짜 호랑이를 보았다.
停電のあと、みんな散り散りに家へ戻った。,"정전 뒤에, 모두 뿔뿔이 집으로 돌아갔다."
暑くて何度も寝返りを打ち、シーツがねじれてしまった。,더워서 여러 번 뒤척이다 보니 시트가 꼬여 버렸다.
彼は誰に対しても温厚な人柄だ。,그는 누구에게나 온후한 성품이다.
念願の自転車を手に入れた。,염원하던 자전거를 손에 넣었다.
早起きをして朝日を浴びると、体内時計がリセットされて健康的だ。,"일찍 일어나서 아침 햇살을 쬐면, 체내 시계가 리셋되어 건강에 좋다."
明くる朝、雪がすべてを白く覆っていた。,"다음 날 아침, 눈이 모든 것을 하얗게 덮고 있었다."
支払いが滞るとサービスが停止されます。,결제가 지연되면 서비스가 중지됩니다.
台風の影響で波浪が高く、フェリーが欠航になった。,태풍 영향으로 파랑이 높아 페리가 결항되었다.
彼は何か楽しげな様子でスマートフォンの画面を眺めていた。,그는 어딘가 즐거운 듯한 모습으로 스마트폰 화면을 바라보고 있었다.
桜が散るころ、写真を撮りに出かけた。,"벚꽃이 질 무렵, 사진을 찍으러 나갔다."
彼の散文は、会話みたいに読みやすい。,그의 산문은 대화처럼 읽기 쉽다.
スマホの使いすぎは睡眠に悪い影響を与えると言われている。,스마트폰을 너무 많이 쓰면 수면에 나쁜 영향을 준다고 한다.
蜂に刺されて指が腫れ、冷やしながら様子を見た。,벌에 쏘여 손가락이 부어 얼리며 경과를 지켜봤다.
この部屋は少し狭いが、一人で暮らすには十分だ。,이 방은 조금 좁지만 혼자 살기에는 충분하다.
小娘が生意気だ、なんて言い方は古いよ。,"어린 여자애가 건방지다, 같은 말은 구식이야."
寺の灯明が揺れて、静けさが増した。,절의 등명(불빛)이 흔들리며 고요함이 더해졌다.
初めてのスカイダイビングで落下傘が開き、息をのんだ。,"첫 스카이다이빙에서 낙하산이 펼쳐져, 숨을 삼켰다."
嫌な胸騒ぎがして、彼にすぐ電話をかけた。,불길한 예감이 들어 그에게 바로 전화를 걸었다.
短冊に願いを書いて笹に結び、風に揺れる音を聞いた。,소원 종이에 소원을 적어 대나무에 묶고 바람에 흔들리는 소리를 들었다.
久しぶりの再会を祝して、一献傾けましょう。,오랜만의 재회를 기념해서 한 잔 기울입시다.
遠くに見える人影、彼れは誰だろうかと目を凝らした。,"멀리 보이는 사람 그림자, 저 사람은 누구일까 하고 눈을 응시했다."
遺跡から新しい土器が発掘された。,유적에서 새로운 토기가 발굴되었다.
駅のベンチに傘を置き忘れてしまった。,역 벤치에 우산을 두고 와 버렸다.
彼女は手触りの良い絹のブラウスを、とても大事に着ている。,그녀는 촉감이 좋은 비단 블라우스를 매우 소중히 입는다.
祖母の手縫いの産着を、次の世代にも残したい。,"할머니가 손바느질한 배냇저고리를, 다음 세대에도 남기고 싶다."
授業中にスマホが鳴ると、教室がざわつく。,수업 중 휴대폰이 울리면 교실이 술렁인다.
スマートフォンが振動したので、メッセージが届いたことに気づいた。,스마트폰이 진동해서 메시지가 온 것을 깨달았다.
広場で老人が手風琴を奏で、周りに人だかりができた。,광장에서 노인이 아코디언을 연주하자 주변에 사람들이 모였다.
新人の頃は毎日厳しい訓練を受けた。,신입 시절에는 매일 엄한 훈련을 받았다.
外で元気に遊びましょう。,밖에서 힘차게 놀자.
彼は懐中に手紙をしまい、静かに部屋を出ていった。,그는 품속에 편지를 넣고 조용히 방을 나갔다.
市民団体は、市長に対してゴミ焼却場の見直しを求める建議を提出した。,시민 단체는 시장에게 쓰레기 소각장 재검토를 요구하는 건의를 제출했다.
申請書の欄外に、追加の説明を書き足した。,신청서의 난외에 추가 설명을 덧붙였다.
電車で行くか、或いはバスで行くか、まだ迷っている。,"전철로 갈지, 혹은 버스로 갈지 아직 망설이고 있다."
友人の出産祝いに、小さな靴下を贈った。,"친구의 출산 축하로, 작은 양말을 선물했다."
毎日欠かさず練習しているなんて、本当に偉いね。,매일 빠짐없이 연습하다니 정말 대단해.
旅行中は麺類ばかり食べてしまった。,여행 중에는 면류만 계속 먹게 됐다.
赤ちゃんが初めて産湯につかる写真に、みんなが笑顔になった。,"아기가 처음으로 산탕(첫 목욕물)에 들어간 사진에, 모두가 미소 지었다."
地震の後、住民は体育館へ避難した。,지진 후 주민들은 체육관으로 대피했다.
産み月が近づいて、母は毎日散歩を欠かさなかった。,"출산 달이 가까워져, 엄마는 매일 산책을 빼먹지 않았다."
親友と胸襟を開いて将来について語り合った。,절친과 흉금을 털어놓고 미래에 대해 이야기했다.
延長戦の末に勝利を決めて、会場が沸いた。,연장전 끝에 승리를 결정지어 경기장이 들끓었다.
彼は子どものころから恐竜の化石を集めるのが趣味だった。,그는 어릴 때부터 공룡 화석을 모으는 것이 취미였다.
聖域として守られてきたその森には、精霊が住むと言われている。,"성역으로서 지켜져 온 그 숲에는, 정령이 산다고 전해진다."
新人たちが上層部に顔見せするパーティーが今夜開かれる。,신입 사원들이 윗사람들에게 얼굴을 비추는 파티가 오늘 밤 열린다.
新しい企画書を上司に見せるのは、やっぱり緊張する。,새 기획서를 상사에게 보여 주는 건 역시 긴장이 된다.
遅れてしまって、本当に申し訳ありません。,늦어버려서 정말 죄송합니다.
句会でなかなか良い表現が浮かばず、一人だけ苦吟していた。,하이쿠 모임에서 좋은 표현이 떠오르지 않아 혼자만 고뇌하며 짓고 있었다.
夜の森で奇妙な光を見た気がした。,밤의 숲에서 기묘한 빛을 본 것 같았다.
真夏의炎天下を歩き続けて、喉가ひどく渇いた。,한여름 땡볕 아래를 계속 걸어 목이 심하게 말랐다.
古い机の脚が一本折れてしまい、本の山を積んでなんとか支えている。,낡은 책상 다리 하나가 부러져 책 더미를 쌓아 간신히 버티고 있다.
突然背後から名前を呼ばれて、心臓が止まりそうなほど脅かされた。,"갑자기 뒤에서 이름을 불려서, 심장이 멎을 것처럼 놀랐다."
暗幕を閉めて、部屋を真っ暗にした。,암막 커튼을 닫아 방을 깜깜하게 했다.
不要なものを捨てることは、部屋だけでなく心も整理することになる。,불필요한 것을 버리는 것은 방뿐만 아니라 마음도 정리하는 것이 된다.
キャンプの天幕に雨粒が当たっていた。,캠핑 천막에 빗방울이 떨어지고 있었다.
身だしなみの乱れは、第一印象に出やすい。,단정함의 흐트러짐은 첫인상에 잘 드러난다.
彼は交渉に敏腕で、短時間で条件をまとめてしまう。,그는 협상에 유능해서 짧은 시간에 조건을 정리해 버린다.
彼は事故で惨死したと聞き、言葉を失った。,"그가 사고로 참혹하게 죽었다는 말을 듣고, 말을 잃었다."
推理小説で主人公が惨殺事件の真相を追う。,추리소설에서 주인공이 참살 사건의 진상을 쫓는다.
この平野は火山灰のおかげで土が肥沃だ。,이 평야는 화산재 덕분에 토양이 비옥하다.
貴重な古文書が散逸しないよう、博物館で管理する。,귀중한 고문서가 흩어져 없어지지 않도록 박물관에서 관리한다.
不祥事の責任を取って大臣が更迭された。,불상사의 책임을 지고 장관이 경질되었다.
転んで膝を擦りむき、少し血が出てしまった。,"넘어져서 무릎이 까져, 피가 조금 나고 말았다."
厳しい審査を経て、彼女の作品がコンクールで最優秀賞に選ばれた。,엄격한 심사를 거쳐 그녀의 작품이 콩쿠르에서 최우수상을 받았다.
ライブの音を高音質で録音して、あとで聴き返した。,라이브 소리를 고음질로 녹음해 나중에 다시 들었다.
店に来た流しの歌手が、懐メロを歌った。,가게에 온 ‘떠돌이 가수(유랑 가수)’가 옛 노래를 불렀다.
子どもがすぐ眠るように、絵本を読んだ。,아이가 금방 잠들도록 그림책을 읽어줬다.
日常を超越した体験が創作意欲を刺激する。,일상을 초월한 체험이 창작 의욕을 자극한다.
この城の主は、代々この地域を治めてきた名家だ。,이 성의 주인은 대대로 이 지역을 다스려 온 명문가다.
夕暮れの桟橋から、静かな海を眺めた。,"해질녘 잔교에서, 잔잔한 바다를 바라보았다."
箱の中の蚕が、桑の葉をむしゃむしゃ食べている。,상자 안의 누에가 뽕잎을 아작아작 먹고 있다.
飛行機の左翼に傷が見つかり、整備士が尾翼も点検した。,비행기 좌익에서 상처가 발견되어 정비사가 미익도 점검했다.
洗濯物は風通しの良い乾いた場所に干すと、早く乾く。,세탁물은 통풍이 잘 되는 건조한 장소에 널면 빨리 마른다.
近々、新しいショッピングモールがオープンする予定だ。,조만간(근간) 새로운 쇼핑몰이 오픈할 예정이다.
長年の勲功が認められ、彼は殊勲を称えられて勲章を授与された。,"오랜 공훈이 인정되어, 그는 특히 뛰어난 공로를 기려 훈장을 수여받았다."
将棋で香車をうまく使えると、端攻めが決まりやすい。,쇼기에서 향차를 잘 쓰면 변 공격이 잘 먹힌다.
強いて選ぶなら、私は赤い方のドレスが好きです。,"굳이 고르자면, 저는 빨간 쪽 드레스가 좋습니다."
音楽が鳴ると、彼女は反射的に躍る。,음악이 나오면 그녀는 반사적으로 춤춘다.
決勝戦は雌雄を決する接戦で、最後の一球まで目が離せなかった。,결승전은 자웅을 겨루는 접전이라 마지막 한 공까지 눈을 뗄 수 없었다.
熱があるので、近所のクリニックで診療を受けた。,열이 있어서 근처 클리닉에서 진료를 받았다.
二人は昔から懇ろだと、近所では有名だった。,두 사람은 예전부터 각별한 사이라고 동네에서 유명했다.
会議は来週に延期するの由で、予定を組み直した。,회의는 다음 주로 연기한다는 전언이라서 일정을 다시 짰다.
技術面で他社に優越していることがこの企業の強みだ。,기술 면에서 타사에 우월한 것이 이 기업의 강점이다.
夜の峠道は街灯が少ない。,밤의 고갯길은 가로등이 적다.
春の陽気に誘われて、授業中にうっかり寝惚け眼になってしまった。,"봄의 양기에 이끌려, 수업 중에 무심코 잠이 덜 깬 눈이 되어 버렸다."
人間の思考の仕組みを研究している。,나는 인간의 사고 구조를 연구하고 있다.
彼は若いころから持病を患い、健康管理に人一倍気を使っている。,"그는 젊을 때부터 지병을 앓고 있어, 건강 관리에 누구보다 신경을 쓴다。"
霊長類の行動を観察するため、研究室は早朝から忙しい。,영장류 행동을 관찰하려고 연구실은 새벽부터 바쁘다.
軒下に燕が巣を作り、親鳥が餌を運んでいる。,"처마 밑에 제비가 둥지를 틀고, 어미 새가 먹이를 나르고 있다."
長距離運転の疲労が抜けず、今日は早く寝る。,장거리 운전 피로가 풀리지 않아 오늘은 일찍 잔다.
新しい高速道路が国土を南北に縦貫している。,새 고속도로가 국토를 남북으로 종단하고 있다.
トンネルが山を貫通し、移動時間が大幅に短縮された。,터널이 산을 관통하면서 이동 시간이 크게 단축되었다.
ご祝儀の中袋に、金額を参万円と旧字体で書いておいた。,축의금 봉투 안쪽 봉투에 금액을 ‘참만원’(구자체)으로 적어 두었다.
発車ベルが鳴り響く中、彼は急いで電車に飛び乗った。,"발차 벨이 울려 퍼지는 가운데, 그는 서둘러 전차에 뛰어 올랐다."
その謎解きは難しすぎて、私は完全に降参した。,"그 수수께끼 풀이는 너무 어려워서, 나는 완전히 항복했다."
古い家には悪霊がいると噂され、誰も近づかなかった。,오래된 집에는 악령이 있다고 소문나 아무도 가까이 가지 않았다.
地方創生の掛け声と、現場の実情がまったくマッチしていない計画は見直すべきだ。,지방 창생의 구호와 현장의 실정이 전혀 맞지 않는 계획은 재검토해야 한다.
この部屋は真南を向いているので、一日中日当たりが良くて暖かい。,"이 방은 정남향을 향하고 있어서, 하루 종일 볕이 잘 들고 따뜻하다."
蒸気機関車がシュッと音を立てて、白い煙を吐き出しながら出発した。,"증기 기관차가 '슈' 하고 소리를 내며, 하얀 연기를 내뿜으며 출발했다."
川辺で埋もれ木を拾って飾った。,강가에서 매몰목을 주워 장식했다.
最後は意外な幕切れで観客がどよめいた。,마지막은 뜻밖의 결말로 관객이 술렁였다.
子供の健やかな生育は、すべての親の願いだ。,아이의 건강한 생육은 모든 부모의 바람이다.
人生には限りがあるのだから、やりたいことを今やっておこう。,"인생에는 한계가 있으니, 하고 싶은 일을 지금 해 두자."
障子の桟に指を挟んで、思わず声が出た。,"쇼지의 살(가로대)에 손가락이 끼어서, 무심코 소리가 나왔다."
山寺の居士が淹れた茶は、驚くほど澄んだ香りがした。,산사에 머무는 거사가 내린 차는 놀랄 만큼 맑은 향이 났다.
彼は額に汗を浮かべながら、懸命に坂を登っている。,그는 이마에 땀을 흘리며 열심히 언덕을 오르고 있다.
働き盛りの壮年期は、仕事と家庭の両立に追われる毎日だ。,"한창 일할 나이인 장년기는, 일과 가정의 양립에 쫓기는 매일이다."
初対面でも礼儀として、まず名刺を両手で渡した。,처음 만난 자리에서도 예의로 먼저 명함을 두 손으로 건넸다.
面倒な仕事は、みんながなんとなく敬遠して後回しにしている。,귀찮은 일은 모두가 어쩐지 꺼려서 뒷전으로 미루고 있다.
着物の美しい紋様には、伝統的な自然の美が宿っている。,기모노의 아름다운 문양에는 전통적인 자연의 미가 깃들어 있다.
満室で、見知らぬ客と相宿することになった。,만실이라서 모르는 손님과 함께 묵게 됐다.
クッキーが良い焼き色になるまで、オーブンで十五分ほど焼く。,"쿠키가 좋은 구운 색(갈색)이 될 때까지, 오븐에서 15분 정도 굽는다."
豆腐を一丁買ってきて、今夜は冷奴にして食べよう。,"두부를 한 모 사 와서, 오늘 밤은 냉두부로 해서 먹자."
エスカレーターでは、急ぐ人のために片側を空けるのが暗黙のルールだ。,"에스컬레이터에서는, 서두르는 사람을 위해 한쪽을 비우는 것이 암묵적인 룰이다."
昔はガソリンに鉛が含まれていたが、今では多くの国で使用が禁止されている。,예전에는 휘발유에 납이 포함되어 있었지만 지금은 많은 나라에서 사용이 금지되어 있다.
青春時代はあっという間に過ぎ去るが、その輝きは一生心に残る。,"청춘 시대는 순식간에 지나가 버리지만, 그 반짝임은 평생 마음에 남는다."
未練を断ち切るために、彼女は思い出の写真を全て捨てた。,"미련을 끊어내기 위해, 그녀는 추억의 사진을 모두 버렸다."
この腕時計は、精密な部品を組み合わせて作られている。,이 손목시계는 정밀한 부품을 조합하여 만들어졌다.
昨日の雨が嘘のように、今日は素晴らしい晴天だ。,어제의 비가 거짓말처럼 오늘은 멋진 맑은 하늘이다.
反対されるとわかっていながらも、彼は敢えて自分の意見を主張した。,반대받을 것을 알면서도 그는 굳이 자신의 의견을 주장했다.
面倒な仕事を部下に丸投げするのは、上司として無責任だ。,귀찮은 일을 부하에게 통째로 떠넘기는 것은 상사로서 무책임하다.
其方の意見ももっと聞かせてください。,그쪽 의견도 더 들려 주세요.
会社の創立10周年を記念して、盛大なパーティーが開かれた。,회사 창립 10주년을 기념하여 성대한 파티가 열렸다.
この部屋には霊がいる、と祖母は真顔で言った。,이 방에는 영이 있다고 할머니는 진지하게 말했다.
このカーブは事故が多いので注意してください。,이 커브에서는 사고가 많으니 조심하세요.
自転車の車輪がゆがんでしまった。,자전거 바퀴가 휘어 버렸다.
新しい法律が制定され、来月から施行されることになった。,새로운 법률이 제정되어 다음 달부터 시행되게 되었다.
毎日、体温と気分を帳面に書き留めている。,매일 체온과 기분을 공책에 적어 두고 있다.
この電車は次の駅から本格的な下りになる。,이 열차는 다음 역부터 본격적인 하행선이 된다.
今日は強い相手と対戦する。,오늘은 강한 상대와 대전한다.
教会では、牧師が聖書の一節を読み上げて説教をした。,교회에서는 목사님이 성경의 한 구절을 읽으며 설교했다.
日本では20歳になると成年とみなされ、飲酒や喫煙が許される。,일본에서는 20세가 되면 성년으로 간주되어 음주나 흡연이 허용된다.
この仕事は相当な覚悟が要る。,이 일은 상당한 각오가 필요하다.
雪で車輪が埋まって動けない。,눈에 바퀴가 파묻혀 움직일 수 없다.
清の時代の陶磁器は、世界中の収集家に人気がある。,청나라 시대의 도자기는 전 세계 수집가들에게 인기가 있다.
古い手紙が引き出しの奥に埋もれていた。,오래된 편지가 서랍 깊숙이 파묻혀 있었다.
太陽暦に切り替えた年、季節行事の日取りが変わった。,"태양력으로 바꾼 해, 계절 행사의 날짜가 달라졌다."
彼は進路に苦悩していた。,그는 진로 때문에 고뇌하고 있었다.
昨夜はぐっすり眠れた。,어젯밤에는 푹 잘 잤다.
災害時に備えて、携帯用の浄水ボトルをリュックに入れた。,"재해 시에 대비해, 휴대용 정수 보틀을 배낭에 넣었다."
真相を知るのはまだ早い。,진상을 아는 건 아직 이르다.
夜は歯を磨いてから寝る。,밤에는 이를 닦고 잔다.
この地域では、オオカミを神聖な動物として崇めている。,이 지역에서는 늑대를 신성한 동물로 숭배하고 있다.
借りた本を返す時に手紙を添えて渡した。,빌린 책을 돌려줄 때 편지를 곁들여 건넸다.
穴を土で埋めて、転ばないようにした。,구덩이를 흙으로 메워 넘어지지 않게 했다.
彼はギターで優しい旋律を奏でた。,그는 기타로 부드러운 선율을 연주했다.
猛烈な台風が接近し、窓ガラスが震えた。,맹렬한 태풍이 접근해 창유리가 떨렸다.
母の乳房に抱かれて、赤ん坊は安心して眠っている。,"어머니의 가슴에 안겨, 아기는 안심하고 잠들어 있다."
夫は毎日、会社まで車で通勤している。,남편은 매일 회사까지 차로 통근한다.
彼は英語が上手で、会議でも流暢に話す。,그는 영어를 잘해서 회의에서도 유창하게 말한다.
抽象画の前に立つと、言葉より先に感情が動く。,추상화 앞에 서면 말보다 먼저 감정이 움직인다.
飯炊き当番は、米を研いでから水加減を確認する。,밥 짓기 당번은 쌀을 씻은 뒤 물 맞춤을 확인한다.
ぬるいスープだと、味がぼんやりする。,미지근한 수프면 맛이 흐릿해진다.
竹の子が地面から顔を出した。,죽순이 땅에서 얼굴을 내밀었다.
朝起きたばかりでまだ寝惚けており、左右違う靴下を履いてしまった。,"아침에 막 일어나서 아직 잠이 덜 깨어, 좌우 다른 양말을 신어 버렸다."
バラの蕾が、もうすぐ開きそうだ。,장미 봉오리가 이제 곧 터질 것 같다.
シマウマの白黒の縞模様は、一頭一頭で異なる。,얼룩말의 흑백 줄무늬는 한 마리 한 마리 다르다.
買ったばかりの本に落丁があり、数ページ分が白紙だった。,"막 산 책에 낙장이 있어, 몇 페이지 분량이 백지였다."
昼寝をしたら、午後の作業がはかどった。,낮잠을 자니 오후 일이 잘 풀렸다.
ポケットの中をまさぐって、ようやく家の鍵を見つけ出した。,"주머니 속을 뒤져서, 드디어 집 열쇠를 찾아냈다."
強い横風を受けて、車体が大きく揺さぶられた。,강한 횡풍(옆바람)을 맞고 차체가 크게 흔들렸다.
帝国の崩壊は、国境線だけでなく人々の価値観も変えた。,제국의 붕괴는 국경선뿐 아니라 사람들의 가치관도 바꿨다.
長い航海の末、船はようやく故郷の港に着した。,긴 항해 끝에 배는 드디어 고향 항구에 도착했다.
休みの日は読書三昧で過ごした。,쉬는 날은 독서 삼매로 보냈다.
朝は公園を五キロ走る。,아침에는 공원을 5km 달린다.
春になって、だんだん暖かくなってきた。,봄이 되어서 점점 따뜻해졌다.
この地域には石油が埋蔵されている。,이 지역에는 석유가 매장되어 있다.
有限体の標数は、必ず素数でなければならない。,유한체의 표수(characteristic)는 반드시 소수여야 한다.
暖かい季節になると、多くの昆虫が繁殖を始める。,따뜻한 계절이 되면 많은 곤충이 번식을 시작한다.
印刷する枚数をもう一度確認してください。,인쇄할 매수를 다시 확인해 주세요.
祖父は静かな丘に埋葬された。,할아버지는 조용한 언덕에 매장되었다.
飛行機が滑走路を滑走し始めた。,비행기가 활주로를 활주하기 시작했다.
大安の日は縁起が良いので、結婚式や宝くじの購入に人気がある。,"대안(손 없는 날)은 운수가 좋아서, 결혼식이나 복권 구입에 인기가 있다."
彼は限定モデルに大枚をはたいた。,그는 한정 모델에 큰돈을 썼다.
根拠のないうわさ話を広めてはいけない。,근거 없는 소문을 퍼뜨려서는 안 된다.
泣き止まない子どもを音楽で鎮める。,울음을 그치지 않는 아이를 음악으로 달랜다.
事故の影響でトンネルが全面閉鎖された。,사고의 영향으로 터널이 전면 폐쇄되었다.
価格競争が激しくなった。,가격 경쟁이 치열해졌다.
毎々お手数をおかけして申し訳ありません。,매번 번거롭게 해 드려 죄송합니다.
争いを避けるため、第三者を入れた。,다툼을 피하려고 제3자를 끼웠다.
支持率が首位に肉薄した。,지지율이 1위에 바짝 다가섰다.
基礎練習を繰り返し行い技術を身に付ける。,기초 연습을 반복하여 기술을 익힌다.
テストの評価は可と良の中間くらいだった。,시험 평가는 가와 양의 중간 정도였다.
卵黄を入れてカルボナーラのソースを手早く混ぜた。,달걀노른자를 넣고 카르보나라 소스를 재빨리 섞었다.
倒れた木は森の土に戻り、新しい命の養分となる。,쓰러진 나무는 숲의 흙으로 돌아가 새로운 생명의 양분이 된다.
夜空に架かる虹が、綺麗な弧状を 描いて消えていった。,밤하늘에 걸린 무지개가 예쁜 호 모양을 그리며 사라져 갔다.
最近、野菜の相場が上がっている。,최근 채소 시세가 오르고 있다.
島のぐるりを高い壁のような岩場が囲んでいる。,섬의 주위를 높은 벽 같은 암벽이 둘러싸고 있다.
雨に濡れたコンクリートの道が街灯に照らされて光っている。,빗물에 젖은 콘크리트 길이 가로등에 비쳐 빛나고 있다.
義妹が入学式の写真を送ってくれた。,의붓여동생(처제/시누이)이 입학식 사진을 보내줬다.
運動会の徒競走で一位になった。,운동회 달리기에서 1등을 했다.
戦争が終わると、敗戦国に対して巨額の償金の支払いが求められた。,전쟁이 끝나자 패전국에 대해 거액의 배상금 지급이 요구되었다.
彼は巧みな術策を弄してライバルを蹴落とし、社長の座に就いた。,"그는 교묘한 술책을 부려 라이벌을 밀어내고, 사장 자리에 올랐다."
彼はしょっちゅう仕事に遅刻して上司に叱られている。,그는 자주 회사에 지각해서 상사에게 혼나고 있다.
仕上がるまでにあと一週間はかかるだろう。,완성되기까지는 앞으로 일주일은 걸릴 것이다.
心理学概論の授業を履修している。,심리학 개론 수업을 수강하고 있다.
今朝の鶏卵は産地直送で、殻がつやつやしている。,오늘 아침의 계란은 산지 직송이라 껍데기가 윤기가 난다.
野良犬に餌をやるのは、町のルールで禁止されている。,떠돌이개에게 먹이를 주는 것은 마을 규칙으로 금지되어 있다.
この果物は酸が強いので、胃の弱い人は注意が必要だ。,이 과일은 산이 강해서 위가 약한 사람은 주의가 필요하다.
両親に電話すると、変わらない声にほっとした。,부모님께 전화하니 변함없는 목소리에 안심했다.
この部屋は坪数が小さいけど、天井が高くて広く感じる。,이 방은 평수가 작지만 천장이 높아 넓게 느껴진다.
出演者は控え室で静かに出番を待っていた。,출연자들은 대기실에서 조용히 출연 순서를 기다리고 있었다.
本日はこの後も運転のご予定はございますか、それともご宿泊先へ向かわれますか。,"오늘 이후에도 운전하실 예정이 있으신가요, 아니면 숙소로 가실 계획이신가요?"
江戸時代、大名の力は領地の石高によって格付けされていた。,"에도 시대, 다이묘의 힘은 영지의 고쿠다카(쌀 수확량)에 의해 등급이 매겨졌다."
失敗しても続ける覚悟がある。,실패해도 계속할 각오가 있다.
蓄えが底をつく前に、固定費を見直そう。,비상금이 바닥나기 전에 고정비를 점검하자.
彼の話した内容を正確に書き取った。,그가 말한 내용을 정확히 받아 적었다.
賃金をめぐる争議が長引いている。,임금을 둘러싼 쟁의가 길어지고 있다.
築港工事で岸壁が延び、港の景色が一変した。,축항 공사로 부두가 늘어나 항구 풍경이 확 달라졌다.
ミツバチのおかげで、たくさんの果物が実る。,꿀벌 덕분에 많은 과일이 열린다.
毎日少しずつでも運動するようにしている。,매일 조금씩이라도 운동하려고 한다.
壁に白いペンキを塗り直した。,벽에 흰 페인트를 다시 칠했다.
通帳の記帳をしようとしたら、ATMが混んでいた。,통장 정리를 하려 했더니 ATM이 붐볐다.
午後の茶話会では、美味しいケーキを食べながらお喋りを楽しむ。,오후의 다과회에서는 맛있는 케이크를 먹으며 수다를 즐긴다.
高い所が苦手な彼は、観覧車に乗っている間ずっと目を閉じていた。,"높은 곳을 힘들어하는(고소공포증인) 그는, 관람차를 타고 있는 동안 내내 눈을 감고 있었다."
彼はいつも不機嫌そうな顔付きだ。,그는 늘 불만스러운 표정이다.
宝くじで大金を当てて一晩中豪遊する。,복권으로 큰돈을 따서 하룻밤 내내 호유한다.
この問題は早晩表面化するだろう。,이 문제는 조만간 드러날 것이다.
破損箇所の修理を早急に手配します。,파손 부위 수리를 긴급히 준비하겠습니다.
王は億兆の民の幸せを願い、国中に平和と繁栄をもたらした。,"왕은 만백성의 행복을 기원하며, 나라 전체에 평화와 번영을 가져왔다."
失敗も学びの過程だと考えるようにしている。,실패도 배움의 과정이라고 생각하려고 한다.
雨が上がったので、洗濯物を庭に干し直した。,비가 그쳐서 세탁물을 마당에 다시 널었다.
もう桜が咲くなんて、今年は早いね。,"벌써 벚꽃이 피다니, 올해는 빠르네."
山奥の集落は、まるで桃源郷のように静かだった。,산속 마을은 마치 도원향처럼 고요했다。
彼は寝る前に小説を朗読して、子どもを落ち着かせた。,그는 잠들기 전에 소설을 낭독해서 아이를 진정시켰다.
干支が申の年は、行動的で賑やかな一年になると言われている。,"간지가 원숭이인 해는, 활동적이고 떠들썩한 한 해가 된다고 전해진다."
先生が入ってきたので、私たちは一斉に立った。,선생님이 들어오셔서 우리는 일제히 일어섰다.
寝る前に子どもへ童話を読み聞かせ、安心した顔で眠った。,잠들기 전 아이에게 동화를 읽어 주자 안심한 얼굴로 잠들었다.
公園でそっくりな双子に出会った。,공원에서 똑같이 닮은 쌍둥이를 만났다.
この店では各種カードが利用できます。,이 가게에서는 각종 카드를 사용할 수 있습니다.
残忍な場面が多くて目をそらした。,잔인한 장면이 많아 눈을 돌렸다.
熱いスープを急いで飲んで舌を火傷してしまった。,뜨거운 수프를 서둘러 마셨다가 혀를 데어 버렸다。
八十歳でも祖父は壮健で毎朝歩いている。,여든이 되어도 할아버지는 건장해서 매일 아침 걷는다.
大雨で堤防が決壊し、住宅地が浸水した。,폭우로 제방이 붕괴해 주택가가 침수됐다.
庭の電線に一羽のカラスがとまって、じっとこちらを見ていた。,마당 전선에 까마귀 한 마리가 앉아 가만히 이쪽을 보고 있었다.
受付で診察券を出したら、番号札を渡された。,"접수에서 진찰권을 내니, 번호표를 받았다."
強壮剤に頼らず、睡眠を整えよう。,강장제에 의존하지 말고 수면을 바로잡자.
このガイドブックは、京都を観光する旅行者にとって必携の一冊だ。,이 가이드북은 교토를 관광하는 여행자에게 있어 필수 휴대가 필요한 한 권이다.
すぐ近くに住んでいるのに、生活リズムが違ってなかなか会えない。,"바로 근처에 사는데, 생활 리듬이 달라서 좀처럼 만날 수 없다."
嫡子として家督を継ぐ重みを、彼は口にしなかった。,적자로서 가독을 잇는 무게를 그는 입에 올리지 않았다.
秋の夜長に、窓から見える美しい名月を眺めて酒を飲む。,"가을의 긴 밤에, 창문으로 보이는 아름다운 명월을 바라보며 술을 마신다."
森の奥には、いろいろな動物がいる。,숲 깊은 곳에는 여러 동물이 있다.
子どもは魔法のような花火に目を輝かせた。,아이는 마법 같은 불꽃놀이에 눈을 빛냈다.
彼は封建社会の身分制度について研究している。,그는 봉건 사회의 신분 제도에 대해 연구하고 있다.
会議の議事録は本日中に共有いたします。,회의 의사록은 오늘 중으로 공유하겠습니다.
私は地方支社の営業部に所属している。,나는 지방 지사의 영업부에 소속되어 있다.
祖母が三味線を弾き始めると、座敷が華やいだ。,할머니가 샤미센을 연주하기 시작하자 다다미방이 한층 화사해졌다.
医師に「水分をこまめに」と言われ、白湯を用意した。,의사에게 “수분을 자주”라는 말을 듣고 미지근한 물을 준비했다.
首相は記者会見で方針を説明した。,총리는 기자회견에서 방침을 설명했다.
城壁の望楼から海を見張った。,성벽의 망루에서 바다를 감시했다.
裁判長が静粛にするよう木槌を叩くと、法廷内は静まり返った。,"재판장이 정숙하도록 나무 망치를 두드리자, 법정 안은 아주 조용해졌다."
針金を切るのにペンチを使った。,철사를 자르려고 펜치를 사용했다.
いつまでも客扱いしないで、家族の一員として接してほしい。,"언제까지나 손님 취급하지 말고, 가족의 한 사람으로 대해 줬으면 한다."
夕食後に散歩すると、胃が軽くなる気がする。,저녁 식사 후 산책하면 속이 가벼워지는 느낌이 든다.
彼女の剣さばきはまさに無双だ。,그녀의 검술은 그야말로 무쌍하다.
双方が合意文書に署名した。,쌍방이 합의 문서에 서명했다.
経験が乏しいため、まだ一人では任せられない。,경험이 부족해서 아직 혼자에게는 맡길 수 없다.
会場は別棟なので、案内板に従ってください。,행사장은 별동이므로 안내판을 따라 주세요。
昨日のサッカー日本代表の試合の話で、教室は朝から持ち切りだった。,"어제 축구 일본 대표팀 경기 이야기로, 교실은 아침부터 떠들썩했다."
広場の銅像が夕日に照らされている。,광장의 동상이 석양에 비치고 있다.
彼は静かに父を山の墓地に葬った。,그는 조용히 아버지를 산속 묘지에 모셨다.
長距離走の後は足が重くて、かなりしんどい。,장거리 달리기 후에는 다리가 무겁고 꽤 힘들다.
水道の蛇口から水漏れしていたので、ゴム製のパッキンを交換した。,"수도꼭지에서 물이 새고 있어서, 고무 패킹을 교체했다."
銀のスプーンを磨き粉で光らせた。,은 숟가락을 광택제로 반짝이게 했다.
この曲は世代を超えて愛され続ける、昭和を代表する名曲だ。,"이 곡은 세대를 넘어 계속 사랑받는, 쇼와 시대를 대표하는 명곡이다."
あの棟には最新の実験室がある。,저 동(건물)에는 최신 실험실이 있다。
猿が木登りをしている。,원숭이가 나무를 타고 있다.
伝説では、天女の羽衣を隠した男が彼女を地上に留めたという。,전설에서는 천녀의 날개옷을 숨긴 남자가 그녀를 지상에 붙잡아 두었다고 한다.
彼は会社の将来を双肩に担っている。,그는 회사의 미래를 양어깨에 짊어지고 있다.
この寺の礎石は千年前のままだ。,이 절의 초석은 천 년 전 그대로다.
ミヤザキ監督のアニメは、美しい背景美術と深いストーリーが特徴だ。,미야자키 감독의 애니메이션은 아름다운 배경 미술과 깊은 스토리가 특징이다.
ハンバーガーショップで、セットのポテトをLサイズに変更した。,햄버거 가게에서 세트의 감자튀김을 L사이즈로 변경했다.
獲物を狙う鷲の眼は鋭く、遥か上空から地上の動きを捉えている。,"먹이를 노리는 독수리의 눈은 날카로워, 저 먼 상공에서 지상의 움직임을 포착하고 있다."
忠実な犬は、主人の帰りを雨の日も風の日も玄関で待っていた。,충실한 개는 주인의 귀가를 비가 오나 바람이 부나 현관에서 기다렸다.
駅の案内表示が分かりやすくて助かった。,역 안내 표지가 알아보기 쉬워서 도움이 되었다.
締め切り前の一時逃れに、散歩して頭を冷やした。,마감 전 잠깐의 도피로 산책하며 머리를 식혔다.
友達と久しぶりに会って、近況を語り合った。,친구와 오랜만에 만나 근황을 나눴다.
日本語の基礎を三か月で固めた。,일본어 기초를 3개월 만에 다졌다.
彼は普段は厳しいが、孫の前では仏のような優しい顔になる。,"그는 평소에는 엄격하지만, 손주 앞에서는 부처님 같은 상냥한 얼굴이 된다."
子どもは注射を怖がるけれど、深呼吸すると落ち着いた。,"아이들은 주사를 무서워하지만, 심호흡을 하니 진정했다."
教育にもっと予算を投じるべきだという声が高まっている。,교육에 더 많은 예산을 투입해야 한다는 목소리가 높아지고 있다.
地図で列島の形を確認すると面白い。,지도에서 열도의 형태를 확인하면 재미있다.
彼女の才能に惚れ込んだプロデューサーが、デビューを熱心に勧めた。,그녀의 재능에 반한 프로듀서가 데뷔를 열심히 권했다.
彼女は一流ホテルにふさわしいサービスの格を備えている。,그녀는 일류 호텔에 걸맞은 서비스의 격을 갖추고 있다.
著名な女史による講演会に多くの聴衆が集まる。,저명한 여사의 강연회에 많은 청중이 모인다.
彼は大学で彫塑を専攻し、石を彫って作品を作る。,그는 대학에서 조소를 전공해 돌을 깎아 작품을 만든다.
脳には経験で変わる可塑性があると言われる。,뇌에는 경험에 따라 변하는 가소성이 있다고 한다.
師走に入ると、街の灯りもせわしなく見える。,"12월(시와스)에 들어서면 거리의 불빛도 분주해 보인다."
事件の原因を十年前に遡って調べた。,사건의 원인을 10년 전까지 거슬러 조사했다.
産卵の季節になると鮭が川を遡上する。,산란기가 되면 연어가 강을 거슬러 올라간다.
都市部の道路網は交通量が限界に達し、朝夕は飽和状態にある。,"도심부의 도로망은 교통량이 한계에 달해, 아침저녁은 포화 상태에 있다."
ベイエリアのレストランからは、海と都会の美しい夜景が一望できる。,베이 에어리어의 레스토랑에서는 바다와 도시의 아름다운 야경을 한눈에 볼 수 있다.
この偉人には数多くの逸話が残されている。,이 위인에겐 수많은 일화가 남아 있다.
来週の予定が動いたので、調整し直します。,다음 주 일정이 변경되어 다시 조정하겠습니다.
漸進的な改革で混乱を避けたい。,점진적인 개혁으로 혼란을 피하고 싶다.
制度は漸次改善される見込みです。,제도는 점차 개선될 전망입니다.
飽食の時代と言われるが、食品ロスの問題については深く考えるべきだ。,"포식의 시대라고 하지만, 식품 로스(낭비) 문제에 대해서는 깊이 생각해야 한다."
バターの固まりをフライパンに落とした。,버터 덩어리를 프라이팬에 떨어뜨렸다.
イベントの案内を冊子にまとめた。,이벤트 안내를 소책자로 정리했다.
凸レンズで太陽光を集めた。,볼록렌즈로 태양빛을 모았다.
大雪で列車が遅延し、駅が混雑した。,폭설로 열차가 지연되어 역이 붐볐다.
救急車が随伴する中、長距離レースがスタートした。,구급차가 수반(동행)하는 가운데 장거리 레이스가 시작됐다.
結婚式では仲人が二人の出会いを紹介した。,결혼식에서 중매인이 두 사람의 만남을 소개했다.
博物館の入口に巨大な英雄の塑像が立っている。,박물관 입구에 거대한 영웅의 소상이 서 있다.
休日に古城へ登城し、石垣を見学した。,휴일에 옛 성에 올라 성벽(돌담)을 구경했다.
栄えある伝統校で学べることを誇りに思う。,영예로운 전통 학교에서 배울 수 있는 것을 자랑스럽게 생각한다.
好景気にも徐々に陰りが見え始めた。,호경기에도 서서히 그늘이 비치기 시작했다.
大臣の答弁は曖昧で、野党が追及した。,장관의 답변은 애매했고 야당이 추궁했다.
旅先で静かな禅寺を訪ねた。,여행지에서 조용한 선사를 방문했다.
彼女は知識欲が旺盛だ。,그녀는 지적 욕구가 왕성하다.
禅宗の思想を解説する講座に参加した。,선종 사상을 해설하는 강좌에 참여했다.
右折禁止の標識に気づかず、危うく警察に止められるところだった。,"우회전 금지 표지판을 알아채지 못하고, 하마터면 경찰에게 세워질 뻔했다."
朝の座禅で呼吸に集中した。,아침 좌선에서 호흡에 집중했다.
運動後は糖分を控えめにした。,운동 후에는 당분을 조금 줄였다.
満潮の時間を外すと、磯に降りられない。,만조 시간을 피하지 않으면 갯바위로 내려갈 수 없다.
姻族との付き合い方に悩む人も多い。,인척과의 관계 맺기에 고민하는 사람도 많다.
短冊に願いを書いて笹に吊るすと、その夢が叶うという言い伝えがある。,"탄자쿠(종이)에 소원을 적어 대나무에 매달면, 그 꿈이 이루어진다는 전설이 있다."
試合の妨害をした観客は、すぐに退場させられた。,경기를 방해한 관객은 곧바로 퇴장당했다.
努力したんだから成功して当然だ。,노력했으니 성공하는 건 당연하다.
緊張がほどけて、自然に笑った。,긴장이 풀려서 자연스럽게 웃었다.
島の製糖工場が今季の操業を始めた。,섬의 제당 공장이 이번 시즌 가동을 시작했다.
社長の英断が会社の存続を救った。,사장의 과단한 결단이 회사의 존속을 구했다.
容疑者は一晩中取り調べられた。,용의자는 밤새 심문을 받았다.
名前を書いてから提出して。,이름 쓰고 나서 제출해.
彼は平気な顔をしていたが、内心ではプレッシャーに押し潰されそうだった。,"그는 태연한 얼굴을 하고 있었지만, 내심으로는 압박감에 짓눌릴 것 같았다."
コーヒーに砂糖を入れない。,커피에 설탕을 넣지 않는다.
警察が飲酒運転を厳しく取り締まっている。,경찰이 음주 운전을 엄격히 단속하고 있다.
慈善バザーに服を寄付した。,자선 바자회에 옷을 기부했다.
角を曲がったところに薬局があり、処方箋をすぐ出せた。,모퉁이를 돌면 약국이 있어 처방전을 바로 낼 수 있었다.
薬が効きすぎたのか、午後はずっと眠かった。,약이 너무 들었는지 오후 내내 졸렸다.
急な斜面で雪崩が発生し、道がふさがれた。,가파른 비탈에서 눈사태가 발생해 길이 막혔다.
ウェブサイトのアドレスを入力する時は、ドットやスラッシュに注意する。,"웹사이트 주소를 입력할 때는, 점(.)이나 슬래시에 주의한다."
直角三角形の辺の長さは、ピタゴラスの定理を使って計算できる。,직각삼각형 변의 길이는 피타고라스의 정리를 사용하여 계산할 수 있다.
根本から見直さなければ、この問題は解決しない。,근본부터 재검토하지 않으면 이 문제는 해결되지 않는다.
式典の開始とともに国旗を掲揚し、会場が静まり返った。,식전 시작과 함께 국기를 게양하자 회장이 조용해졌다。
その提案、前向きに検討します。,"그 제안, 긍정적으로 검토하겠습니다."
駅の前で集合しよう。,역 앞에서 모이자.
木漏れ日が壁の陰影を美しく浮かび上がらせていた。,나뭇잎 사이로 새어 들어온 햇빛이 벽의 음영을 아름답게 드러냈다。
卒業式の後、みんなで記念撮影をした。,졸업식 후 모두 함께 기념촬영을 했다.
彼女は窓辺で本を読みながら、時々空を見上げた。,그녀는 창가에서 책을 읽으며 때때로 하늘을 올려다보았다.
猫が窓辺で日光を浴びて気持ちよさそうに眠っている。,고양이가 창가에서 햇빛을 쬐며 기분 좋게 자고 있다.
中心から外れた場所にあるため、家賃は比較的安く抑えられる。,"중심에서 벗어난 장소에 있기 때문에, 집세는 비교적 싸게 막을 수 있다."
夜中に銀行が襲撃される事件が起こった。,한밤중에 은행이 습격당하는 사건이 일어났다.
今日は取り分け寒いね。,오늘은 유난히 춥네.
濡れた髪をタオルで強く拭きすぎた。,젖은 머리를 수건으로 너무 세게 닦아버렸다.
彼は清廉な人柄で、裏金の噂とは無縁だ。,그는 청렴한 인품이라 뒷돈 소문과는 거리가 멀다.
返事が曖昧で、結論が見えない。,답변이 애매해서 결론이 보이지 않는다.
物語では彼がいつも悪者役を引き受けている。,이야기에서는 그가 항상 악당 역할을 맡는다.
最後まで役目を全うするつもりだ。,끝까지 역할을 완수할 생각이다.
彼は売り上げを伸ばすための新案を次々と出してくる。,그는 매출을 늘리기 위한 새로운 안을 잇달아 내놓는다.
この雑誌は月に一回発行されている。,이 잡지는 한 달에 한 번 발행된다.
成功の定義は人によって異なるが、彼にとってそれは自由であることだ。,"성공의 정의는 사람마다 다르지만, 그에게 있어서 그것은 자유로움이다."
テストでは自分の考えを自由に記述しなさい。,시험에서는 자신의 생각을 자유롭게 기술하세요.
新しい福祉政策の財源について議論が続いている。,새로운 복지 정책의 재원에 대해 논의가 계속되고 있다.
川の堤を愛犬と散歩していると、春の心地よい風が吹き抜けた。,"강 둑을 애견과 산책하고 있으니, 봄의 기분 좋은 바람이 불어왔다."
昨夜は全く眠れなかった。,어젯밤에는 전혀 잠을 못 잤다.
毎度ありがとうございます、と店員が笑顔で言った。,"매번 감사합니다, 라고 점원이 웃으며 말했다."
炉辺で湯気の立つ鍋を囲み、家族で話し込んだ。,난롯가에서 김이 나는 냄비를 둘러앉아 가족끼리 이야기꽃을 피웠다.
この店は廉価だけど、作りは意外としっかりしている。,이 가게는 저가지만 만듦새가 의외로 탄탄하다.
彼の研究に対する真摯な姿勢には畏敬の念を抱かずにはいられない。,그의 연구에 대한 성실한 자세에는 경외의 마음을 품지 않을 수 없다.
古い洋館のレンガ壁には、緑色の蔦の蔓がびっしりと絡まっている。,오래된 양관의 벽돌 벽에는 녹색 담쟁이덩굴이 빈틈없이 얽혀 있다.
派手な光と音が鳴り響くぱちんこ店に入る。,화려한 빛과 소리가 울려 퍼지는 파칭코 가게에 들어간다.
参加者一覧をメールで共有して、欠席者を確認した。,참가자 일람을 이메일로 공유하고 결석자를 확인했다.
巨万の富を築いた起業家が話題だ。,거대한 부를 이룬 기업가가 화제다.
彼女は末頼もしい研究者として期待されている。,그녀는 장래가 촉망되는 연구자로 기대받고 있다.
初恋の人を前にして、彼女ははにかむように笑う。,첫사랑 상대를 앞에 두고 그녀는 수줍어하는 듯 웃는다.
冷えた体を温めたくて、風呂にゆっくり浸かった。,차가워진 몸을 데우고 싶어 목욕탕에 천천히 몸을 담갔다.
朝、歯を磨いてから家を出る。,아침에 이를 닦고 나서 집을 나선다.
違法な濫伐で山肌がむき出しになっていた。,불법적인 남벌로 산비탈이 드러나 있었다.
彼は十年間、研究一筋の生活を送ってきた。,그는 10년간 연구 한길만 걸어온 삶을 살아왔다.
不況の影響で店が軒並み閉店に追い込まれた。,불황의 영향으로 가게들이 줄줄이 폐업으로 내몰렸다.
減速せずにカーブに突っ込み、タイヤが激しい音を立てた。,"감속하지 않고 커브에 진입해, 타이어가 격렬한 소리를 냈다."
新しい職場での一月目はあっという間だった。,새 직장에서의 첫 한 달은 눈 깜짝할 사이에 지나갔다.
彼女の温かい言葉に励まされた。,그녀의 따뜻한 말에 용기를 얻었다.
そんな簡単に行くわけないさ。,그렇게 쉽게 될 리가 없잖아.
レンズを研磨して表面の傷を消した。,렌즈를 연마해 표면의 흠집을 없앴다.
料金の差額は後日返金します。,요금 차액은 추후 환불해 드리겠습니다.
先般のご連絡の件、社内で確認いたしました。,"지난번에 연락 주신 건, 사내에서 확인했습니다."
応募は他薦だけでなく自薦も可能です。,지원은 타천뿐 아니라 자천도 가능합니다.
顧客情報が漏れると、信用を失う。,고객 정보가 유출되면 신뢰를 잃는다.
隣の工事が煩いせいで、オンライン会議に集中できない。,옆 공사가 시끄러워서 온라인 회의에 집중이 안 된다.
彼女の繊細な気遣いが伝わった。,그녀의 섬세한 배려가 전해졌다.
海辺で見る夕映えは何度見ても飽きない。,바닷가에서 보는 석양은 몇 번 봐도 질리지 않는다.
市場で鮮魚を買って刺身にした。,시장에 가서 신선한 생선을 사서 회로 만들었다.
週末は家族みんなで動物園に行き、パンダを見るのを楽しみにしている。,주말은 가족 모두 동물원에 가서 판다를 보는 것을 기대하고 있다.
包丁の刃の扱いには十分注意してください。,식칼의 날을 다룰 때는 충분히 조심하십시오.
毎晩のように飲み歩いていた彼も、結婚してからはすっかり家庭的になった。,"매일 밤처럼 술을 마시러 돌아다니던 그도, 결혼하고 나서는 완전히 가정적이 되었다."
工事の騒音が勉強を妨げる。,공사 소음이 공부를 방해한다.
さあ、これからが本番だぞ。みんな気合を入れていこう！,"자, 이제부터가 진짜다. 모두 기합 넣고 가자!"
夏は麻のシャツが涼しい。,여름엔 린넨(마) 셔츠가 시원하다.
会議中に部下を罵るのは破廉恥だと注意された。,회의 중에 부하를 모욕하는 건 파렴치하다고 주의를 받았다.
子供の頃は、学校の裏山を探検して秘密基地を作って遊んだものだ。,"어릴 적에는, 학교 뒷산을 탐험하며 비밀 기지를 만들고 놀곤 했다."
彼の独創がチームの停滞を一気に破った。,그의 독창성이 팀의 정체를 단번에 깼다.
会社が社員向けの社宅を用意してくれた。,회사가 사원을 위한 사택을 마련해 주었다.
彼の背後に不穏な影が立っているような気がした。,그의 배후에 불길한 그림자가 서 있는 듯한 느낌이 들었다.
この工場は優良な製品で評価を得ている。,이 공장은 우량한 제품으로 평가를 받고 있다.
最後の一歩を踏み出せたのは、彼の底力のおかげだ。,마지막 한 걸음을 내딛을 수 있었던 건 그의 저력 덕분이다.
亜麻の種から搾った油をサラダにかけた。,아마 씨에서 짠 기름을 샐러드에 뿌렸다.
良心が痛んで、ついに正直に謝ることにした。,양심이 찔려 결국 솔직히 사과하기로 했다.
靴ずれは摩擦が原因で起こる。,물집은 마찰이 원인으로 생긴다.
夜の摩天楼が川面に映っていた。,밤의 마천루가 강물 표면에 비쳐 있었다.
日が暮れに差し掛かって急に冷えてきた。,해 질 무렵이 되자 갑자기 추워졌다.
閉館のベルが鳴り、図書館の明かりが消える。,폐관 벨이 울리고 도서관의 불이 꺼진다.
文豪が愛した旅館で、静かに執筆に励む。,문호가 사랑했던 여관에서 조용히 집필에 힘쓴다.
新鮮な魚を市場で大量に仕入れた。,신선한 생선을 시장에서 대량으로 들여왔다.
迷った末にこの色を選ぶことにした。,고민 끝에 이 색을 고르기로 했다.
自分の弱さを自覚することから成長が始まる。,자신의 약함을 자각하는 것에서 성장이 시작된다.
立ち退いてください、工事が始まります。,"비켜 주세요, 공사가 시작됩니다."
冷たいアイスクリームが虫歯に染みて、彼は思わず顔をしかめた。,"차가운 아이스크림이 충치에 시려서, 그는 나도 모르게 얼굴을 찌푸렸다."
川沿いの桜並木は、春になるとピンク色のトンネルを作り出す。,강변의 벚꽃 가로수는 봄이 되면 분홍색 터널을 만들어 낸다.
トマトみたいに真っ赤な傘が、雨の街で目立っていた。,토마토처럼 새빨간 우산이 비 오는 거리에서 눈에 띄었다。
深い森の中で新鮮な空気を思い切りすうと、気分がリフレッシュする。,깊은 숲속에서 신선한 공기를 힘껏 들이마시면 기분이 상쾌해진다.
善悪の区別を学ぶのは大切だ。,선악의 구별을 배우는 건 중요하다.
出来心で買った高い靴が、結局ほとんど履けていない。,충동으로 산 비싼 신발이 결국 거의 신지 못했다.
料理の味を決めるのは、やはり素材そのものが持つ素の良さだ。,요리의 맛을 결정하는 것은 역시 소재 그 자체가 가진 본연의 좋음이다.
この家の主は昼間はほとんど家にいない。,이 집의 가장은 낮에는 거의 집에 있지 않다.
彼女は一人でずっと喋り続けている。,그녀는 혼자서 줄곧 말을 이어 가고 있다.
彼は都合が悪くなると、すぐにとぼける。,그는 형편이 나빠지면 금방 시치미를 뗀다(토보케루).
温泉地で数日間、心身の保養をして過ごす。,온천지에서 며칠간 심신의 보양을 하며 지낸다.
彼は新しいことにはやや消極的だ。,그는 새로운 일에는 다소 소극적이다.
彼は若い頃から雷名を轟かせ、業界を驚かせた。,그는 젊은 시절부터 명성을 떨쳐 업계를 놀라게 했다.
母の声にはどこか円みがあって、聞いていると心が落ち着く。,어머니의 목소리에는 어딘가 포근함이 느껴져 듣고 있으면 마음이 차분해진다.
読書は人生にとって非常に有益だ。,독서는 인생에 매우 유익하다.
選挙の日は早起きして投票に行く。,선거일에는 일찍 일어나 투표하러 간다.
姉は市議会議員に当選した。,언니가 시의회 의원에 당선됐다.
居酒屋で仕事の不満をぼやくサラリーマン。,이자카야에서 일에 대한 불만을 투덜대는(보야쿠) 회사원.
かき氷の涼味が、火照った頬を一瞬で冷ました。,빙수의 시원한 맛이 달아오른 뺨을 순식간에 식혔다.
非常ベルが鳴って、みんな一斉に立ち上がった。,비상벨이 울려 모두가 일제히 일어섰다.
庭の木々が夏の雨で一段と茂った。,정원 나무들이 여름비로 한층 더 무성해졌다.
彼女は紅茶にミルクも砂糖も入れず、ストレートで飲むのが好きだ。,그녀는 홍차에 우유도 설탕도 넣지 않고 스트레이트로 마시는 것을 좋아한다.
野球少年は毎日欠かさず、庭で千回の素振りを繰り返している。,야구 소년은 매일 빠짐없이 정원에서 천 번의 스윙 연습을 반복하고 있다.
理科の実験で薄い塩酸を使った。,과학 실험에서 묽은 염산을 사용했다.
若い社員は、口うるさい先輩を少し煙たがっている。,젊은 사원들은 잔소리가 심한 선배를 좀 껄끄러워한다.
アンケートの結果は来年度の計画に反映される。,설문 결과는 내년도 계획에 반영된다.
俳優がセリフを噛んでしまい、監督は苦笑いしてテークツーを命じた。,"배우가 대사를 씹어버려서, 감독은 쓴웃음을 지으며 테이크 투를 명령했다."
寒い冬の夜に食べる熱いおでんの出汁が、冷えた体に染みる。,추운 겨울밤에 먹는 뜨거운 오뎅 국물이 언 몸에 스며든다.
山道で突然野猿の群れに出くわし、慌てて距離を取った。,산길에서 갑자기 야생 원숭이 무리를 만나 허겁지겁 거리를 뒀다.
二の十乗を計算すると、千二十四になることを暗記している。,"2의 10승을 계산하면 1024가 된다는 것을 암기하고 있다."
陪審の判断で被告は無罪となった。,배심의 판단으로 피고는 무죄가 되었다.
彼の功績が抹殺されるような報道には反論が出た。,그의 공적이 말살되는 듯한 보도에는 반론이 나왔다.
重機の音で、会話がかき消された。,중장비 소리로 대화가 묻혔다.
このスーツは高級な生地を使い、一流の職人が仕立てた逸品だ。,이 정장은 고급 원단을 사용하여 일류 장인이 지어낸 일품이다.
駅前が工事で混乱していて、待ち合わせに遅れた。,역 앞이 공사로 혼잡해서 약속에 늦었다.
ここは私有の土地なので立ち入り禁止だ。,여기는 사유지라 출입 금지다.
このアプリはメモから家計簿までこなす万能ツールだ。,이 앱은 메모부터 가계부까지 다 되는 만능 도구다.
説明書の点線に沿って切り取る。,설명서의 점선을 따라 오려낸다.
今度の祭り、一緒に行かない？屋台も出るらしいよ。,"다음 축제, 같이 가지 않을래? 노점도 나온다더라."
それは二人だけの秘密にしておこう。,그건 우리 둘만의 비밀로 하자.
飛行機の計器に異常がないか確認する。,비행기의 계기에 이상이 없는지 확인한다.
草むらに猫が潜んでいる。,풀숲에 고양이가 숨어 있다.
猟師は足跡を見て、獲物の方向を判断した。,사냥꾼은 발자국을 보고 먹잇감의 방향을 판단했다.
鏡に太陽の光が反射してまぶしい。,거울에 태양빛이 반사되어 눈이 부시다.
冷たい水が知覚過敏の歯に染みるので、アイスクリームが食べられない。,차가운 물이 지각과민 치아에 시려서 아이스크림을 먹을 수가 없다.
深夜のコンビニで、温かい肉まんがやけにありがたかった。,심야 편의점에서 따끈한 고기만두가 유난히 고마웠다.
彼は無口だが、心優しい青年として知られる。,그는 말수가 적지만(무쿠치) 마음씨 착한 청년으로 알려져 있다.
この町の産業の変遷を資料館で学んだ。,이 도시의 산업 변천을 자료관에서 배웠다.
小さな誤解が重なって、悲劇に発展した。,작은 오해가 쌓여 비극으로 번졌다.
ピアノの旋律が静かな部屋に流れた。,피아노 선율이 조용한 방에 흘렀다.
事件の後、彼は沈潜して執筆に専念した。,사건 이후 그는 은둔하며 집필에 전념했다.
校庭に霜柱が立っていて、踏むとしゃりっと音がした。,운동장에 서릿발이 서 있어서 밟으면 바삭 소리가 났다.
医療の分野では、データの扱いが命に直結する。,의료 분야에서는 데이터 취급이 생명과 직결된다.
総意として、来月から制度を変更することになった。,총의로 다음 달부터 제도를 변경하기로 했다.
報告書の総括を一枚にまとめて上司に出した。,보고서 총괄을 한 장으로 정리해 상사에게 제출했다.
寮母は遅く帰る学生に、温かい味噌汁を残してくれた。,기숙사 사감은 늦게 돌아오는 학생을 위해 따뜻한 된장국을 남겨줬다.
負けてばかりで本当に悔しい。,계속 지기만 해서 정말 분하다.
一月の寒空の下、受験生たちは白い息を吐きながら会場へ向かう。,"1월의 차가운 하늘 아래, 수험생들은 하얀 입김을 내뱉으며 시험장으로 향한다."
初霜の知らせを聞いて、祖母が白菜を取り込んだ。,첫서리 소식을 듣고 할머니가 배추를 거둬 들였다.
熱帯魚の水槽を掃除して、水が澄んだ。,열대어 수조를 청소하니 물이 맑아졌다.
地方の医療を支えるため、遠隔診療が広がっている。,지방 의료를 뒷받침하기 위해 원격진료가 확산되고 있다.
野に出ると、街の騒音が嘘みたいに遠ざかる。,들판에 나가면 도시 소음이 거짓말처럼 멀어진다.
笑顔で「お疲れさま」と言われて、肩の力が抜けた。,미소로 “수고했어”라는 말을 듣고 긴장이 풀렸다.
戦争の災厄は、数字ではなく暮らしを壊す。,전쟁의 재앙은 숫자가 아니라 삶을 무너뜨린다.
彼は人を使役するより、自分で手を動かすタイプだ。,그는 사람을 부리기보다 스스로 손을 움직이는 타입이다.
姉は来年、カナダへ留学する予定だ。,누나는 내년에 캐나다로 유학 갈 예정이다.
夕日を背にして、地面に長い影が伸びていた。,저녁 해를 등지고 땅 위에 긴 그림자가 늘어져 있었다.
二人の間の喧嘩は終わったが、心にはまだ小さな痼が残っている。,"두 사람 사이의 싸움은 끝났지만, 마음에는 아직 작은 응어리가 남아 있다."
うちの旦那は、料理がとても上手です。,우리 남편은 요리를 아주 잘해요.
空に層雲が広がり、光がぼんやり滲んだ。,하늘에 층운이 퍼져 빛이 흐릿하게 번졌다.
総合的に判断すると、今は見送るべきだ。,종합적으로 판단하면 지금은 보류해야 한다.
地震で断層がずれた可能性があるという。,지진으로 단층이 어긋났을 가능성이 있다고 한다.
実りの秋を迎え、農家は収穫で忙しい。,결실의 가을을 맞아 농가는 수확으로 바쁘다.
彼は緑色のネクタイをラッキーカラーだと言っていつも身につけている。,그는 초록색 넥타이를 행운의 색이라고 하며 늘 착용한다.
山の紅葉が見頃だ。,산의 단풍이 한창이다.
まさか親友が転職するなんて、昨日まで全然知らなかった。,"설마 절친이 이직할 줄은, 어제까지 전혀 몰랐어."
昔の音楽を聴くためにカセットプレーヤーを引っ張り出した。,옛 음악을 듣기 위해 카세트 플레이어를 꺼내왔다.
建物の外装がリニューアルされ、街が明るくなった。,건물 외관이 리뉴얼되어 거리가 밝아졌다.
想像だけで不安になるより、事実を確かめよう。,상상만으로 불안해하기보다 사실을 확인하자.
そろそろ次のプロジェクトの準備を始めたほうがいい。,슬슬 다음 프로젝트 준비를 시작하는 게 좋겠다.
老婦人に仕える執事が、紅茶を静かに注ぐ。,노부인을 모시는 집사가 홍차를 조용히 따른다.
転んだ頬が青膨れになって、冷やした。,넘어져 멍이 들어 부은 뺨을 차갑게 했다.
植民地支配の影響は今も各地に残っている。,식민지 지배의 영향은 지금도 각지에 남아 있다.
彼は「絶対勝つ」と息巻いていたが、結果は逆だった。,그는 ‘반드시 이긴다’고 큰소리쳤지만 결과는 반대였다.
読書の感想を三行でまとめて提出した。,독서 감상을 세 줄로 정리해 제출했다.
彼は言葉を紡いで、静かな物語を作った。,그는 말을 자아내어 조용한 이야기를 만들었다.
雨の予想が外れて、ピクニック日和になった。,비 예보가 빗나가서 소풍하기 좋은 날이 됐다.
宝くじが当たれば億の金が入るかもしれない。,복권에 당첨되면 억의 돈이 들어올지도 모른다.
叔父はまだ若くて、いつも冗談ばかり言う。,숙부는 아직 젊어서 늘 농담만 한다.
結婚式で二人の馴れ初めが披露され、会場が笑いに包まれた。,결혼식에서 두 사람의 연애담이 공개되어 장내가 웃음으로 가득했다.
二人には映画好きという共通の話題がある。,둘 사이에는 영화광이라는 공통 화제가 있다.
友人は変装して舞台袖に潜り込み、私を驚かせた。,친구가 변장하고 무대 뒤로 숨어들어 나를 놀라게 했다.
山奥の僧院では、朝の鐘が澄んで聞こえた。,산속 승원에서는 아침 종소리가 맑게 들렸다.
下手するとこのプロジェクトは全部やり直しになるよ。,자칫하면 이 프로젝트는 전부 다시 해야 될 거야.
コンテストで優勝して高額の賞金を手に入れた。,콘테스트에서 우승해 고액의 상금을 손에 넣었다.
彼女は春の風景を、淡く優しい色合いの水彩画で描いた。,"그녀는 봄의 풍경을, 옅고 부드러운 색조의 수채화로 그렸다."
パスタを茹でる時は、海水と同じくらいの塩水で茹でると良い。,파스타를 삶을 때는 바닷물과 비슷한 정도의 소금물로 삶는 것이 좋다.
オーブンで生地がふっくら膨れるのを待つ。,오븐에서 반죽이 폭신하게 부푸는 것을 기다린다.
母は朝一番に庭へ水をまく。,어머니는 아침 첫 번째로 정원에 물을 준다.
渋滞を避けるために、出発時間を少し早めた。,교통체증을 피하려고 출발 시간을 조금 앞당겼다.
塵も積もれば山となる、コツコツと貯めた小銭が旅行資金になった。,"티끌 모아 태산, 꾸준히 모은 잔돈이 여행 자금이 되었다."
休み明けの月曜日は、いつも少し憂鬱な気分になる。,휴일이 끝난 월요일에는 항상 조금 우울한 기분이 든다.
旅先での装いは、動きやすさを優先する。,여행지에서의 차림은 활동성을 우선한다.
窓の外へ、静かに雲が流れる。,창밖으로 조용히 구름이 흘러간다.
新しい文化の興隆は、若者の表現から始まる。,새 문화의 흥기는 젊은이들의 표현에서 시작된다.
祖父の遺骨は故郷の山に埋葬された。,할아버지의 유골은 고향 산에 매장되었다.
突然のニュースは彼女に大きな衝撃を与えた。,갑작스러운 소식은 그녀에게 큰 충격을 주었다.
話し方ひとつで、印象は大きく変わる。,말하는 방식 하나로 인상은 크게 달라진다.
この装置は温度を一定に保つ仕組みになっている。,이 장치는 온도를 일정하게 유지하는 구조다.
書道展で隷書の作品を見て、文字の力強さに驚いた。,서예전에서 예서 작품을 보고 글자의 힘에 놀랐다.
この二つのクラスの人数の比を求めなさい。,이 두 반의 인원 비를 구하시오.
「海」や「泳」という漢字には、部首として三水が使われている。,'바다 해'나 '헤엄칠 영'이라는 한자에는 부수로 삼수변이 쓰이고 있다.
洗濯機に漂白剤を入れる時は、分量を間違えないように注意する。,세탁기에 표백제를 넣을 때는 분량을 틀리지 않도록 주의한다.
今日は朝からずっと曇っていましたが、午後になってようやく晴れ間が見えてきましたね。,"오늘은 아침부터 계속 흐렸는데, 오후가 되어서야 겨우 맑은 하늘이 보이기 시작하네요."
古い記憶を心の奥に葬って、前を向く。,오래된 기억을 마음속 깊이 묻고 앞으로 나아간다.
ニュースで竜巻の進路が刻々と変わっていると言っていた。,뉴스에서 토네이도의 진로가 시시각각 바뀐다고 했다.
昔の家族旅行のビデオをみんなで見て懐かしんだ。,옛 가족 여행 비디오를 다 함께 보며 추억에 잠겼다.
今年も暮れが近づいて、街が慌ただしい。,올해도 연말이 다가와 거리가 분주하다.
彼は伴侶と並んで、ゆっくり歩いた。,그는 배우자와 나란히 천천히 걸었다.
次の駅で下車して、南口からバスに乗り換えてください。,다음 역에서 하차해서 남쪽 출구로 나가 버스로 갈아타세요.
敵を倒すための策略を静かに巡らせる。,적을 쓰러뜨리기 위한 책략을 조용히 짜낸다.
工場の事故でガスが噴出し、周囲は立入禁止になった。,공장 사고로 가스가 분출해 주변이 출입 금지되었다.
休日に木の棚を創って、部屋にぴったり収めた。,휴일에 나무 선반을 만들어 방에 딱 맞게 넣었다.
本音が笑顔の奥に見え隠れしていた。,속마음이 미소 뒤에서 어렴풋이 드러났다 숨었다 했다.
このジュースは新鮮な果実だけで作られている。,이 주스는 신선한 과실로만 만들어져 있다.
喪が明けて、ようやく写真を飾る気持ちになれた。,상기가 지나서야 비로소 사진을 걸 마음이 생겼다.
昨夜の噴火で、山の上に赤い火柱が立った。,어젯밤 분화로 산 정상에 붉은 불기둥이 솟았다.
この国は近年、目覚ましい経済発展を遂げた。,이 나라는 최근 눈부신 경제 발전을 이룩했다.
最近は食費が嵩んで、家計が苦しくなってきた。,요즘 식비가 늘어서 가계가 어려워지고 있다.
会場は着飾った人々で溢れ、さながら舞踏会のような様だった。,회장은 치장한 사람들로 넘쳐나 흡사 무도회 같은 모습이었다.
喪主として挨拶に立った瞬間、声が震えた。,상주로서 인사하러 섰을 때 목소리가 떨렸다.
喪服を着ると、背筋が自然と伸びた。,상복을 입으니 자세가 저절로 곧아졌다.
ピアノの独奏演奏を録音した。,피아노 독주 연주를 녹음했다.
プレゼンの資料に最新の統計データを差し込み、説得力を高める。,프레젠테이션 자료에 최신 통계 데이터를 삽입하여 설득력을 높인다.
この会社は販売から開発まで系統立てて管理している。,이 회사는 판매부터 개발까지 계통적으로 관리하고 있다.
景気が好況に転じて、企業の業績も上向いている。,경기가 호황으로 돌아서 기업 실적도 좋아지고 있다.
机の上の書類を整理して、要るものだけ残した。,책상 위 서류를 정리해서 필요한 것만 남겼다.
剣道の稽古で刀創を負い、病院で縫ってもらった。,검도 연습 중 칼상처를 입어 병원에서 꿰맸다.
この単語は漢語なので意味が固い印象になる。,이 단어는 한자어라 의미가 딱딱한 인상을 준다.
先生からレポートの書き方についてヒントをもらった。,선생님께 레포트 쓰는 방법에 대한 힌트를 받았다.
子どものころから行儀よくしなさいと教えられてきた。,어렸을 때부터 예의 바르게 행동하라고 교육받아 왔다.
車間距離にゆとりを持って、安全運転を心がける。,차간 거리에 여유를 두고 안전 운전을 유념한다.
森の中で美しい野鳥のさえずりに耳を澄ませる。,숲속에서 아름다운 야생 조류의 지저귐에 귀를 기울인다.
商店街の夏祭りでは、金魚すくいの屋台が特に人気だ。,상점가 여름 축제에서는 금붕어 뜨기 노점이 특히 인기다.
カメラマンが新郎新婦を撮影している。,카메라맨이 신랑 신부를 촬영하고 있다.
彼とは似た境遇にあるので話が合う。,그와는 비슷한 처지라서 말이 잘 통한다.
品物の善し悪しを見分けるには、経験が必要だ。,물건의 좋고 나쁨을 구별하는 데는 경험이 필요하다.
受付は本館の一階にあります。,접수처는 본관 1층에 있습니다.
コピー用紙の枚数が足りないので買い足しておいて。,복사용지 매수가 모자라니까 더 사다 놔.
最近あの人はやたらと残業が多くて心配になる。,요즘 그 사람은 유난히 야근이 많아서 걱정된다.
試験中にカンニングをして退学になった学生がいる。,시험 중에 컨닝을 해서 퇴학당한 학생이 있다.
説明を聞いて、やっと分かるようになった。,설명을 듣고서야 드디어 이해하게 됐다.
手術の前に麻酔が効いているか確認した。,수술 전에 마취가 잘 듣는지 확인했다.
天ぷらを揚げる音がして、食欲が一気に湧いてきた。,덴푸라를 튀기는 소리가 나서 식욕이 확 올라왔다。
理科室で凹面鏡を使って光を集めた。,과학실에서 오목거울로 빛을 모았다.
夏祭りの夜、川辺に大きな花火が揚がって歓声が上がった。,"여름축제 밤, 강가에 큰 불꽃놀이가 올라가 환성이 터졌다。"
雨が止んだ後、庭の草木は生き生きとして見えた。,"비가 그친 뒤, 정원의 초목은 생생해 보였다."
地図の斜線部分は立入禁止区域です。,지도에서 사선 부분은 출입 금지 구역입니다.
王朝の栄華は長く続かず、やがて静かに幕を閉じた。,왕조의 영화는 오래가지 못하고 결국 조용히 막을 내렸다.
夜中にふと目が覚めて、昔の友達のことを思い出した。,한밤중에 문득 눈이 떠져서 옛 친구가 생각났다.
一旦外に出て、深呼吸してから戻ろう。,일단 밖에 나가서 심호흡하고 돌아오자.
どうりで今日は街が静かだと思ったら、祝日だったんだね。,어쩐지 오늘 거리가 조용하다 했더니 공휴일이었네.
成る丈早く連絡してください。,가능한 한 빨리 연락해 주세요.
出張は二日で終わる予定なので、金曜には戻ります。,출장은 이틀 만에 끝날 예정이라 금요일에 돌아옵니다。
銀行の窓口で住所変更の手続きをした。,은행 창구에서 주소 변경 절차를 했다.
質的な向上だけでなく、量的な拡大も目指す。,질적인 향상뿐만 아니라 양적인 확대도 목표로 한다.
写真コンテストで入賞して、家族みんなが喜んだ。,사진 콘테스트에서 입상해서 가족 모두가 기뻐했다.
海水が傷にしみて、思わず顔をしかめた。,"바닷물이 상처에 스며들어, 무심코 얼굴을 찌푸렸다。"
出窓にハーブを並べて、毎朝水をやる。,베이윈도에 허브를 늘어놓고 매일 아침 물을 준다.
有名人に対する脅迫メールが警察に通報された。,유명인에게 보내진 협박 메일이 경찰에 신고되었다.
冷害の影響で今年は米が凶作だった。,냉해의 영향으로 올해는 쌀이 흉작이었다.
日本語のスピーチは抑揚をつけると、ぐっと伝わりやすい。,일본어 스피치는 억양을 주면 훨씬 전달이 잘 된다。
検査で大腸に炎症が見つかり、薬を始めた。,검사에서 대장에 염증이 발견되어 약을 시작했다.
真夏の緑陰に入ると、空気がひんやり感じた。,한여름의 녹음에 들어가니 공기가 서늘하게 느껴졌다.
このヒーロー映画は、悪を倒すという懲悪の物語だ。,이 히어로 영화는 악을 물리치는 징악의 이야기다.
彼女は深窓で育ち、世間のことをあまり知らなかった。,그녀는 규수처럼 곱게 자라 세상일을 잘 몰랐다.
二日の短い旅行だったが、彼女にとっては一生忘れられない思い出になった。,"이틀간의 짧은 여행이었지만, 그녀에게 있어서는 평생 잊을 수 없는 추억이 되었다."
篤志家からの恵与により、新しい図書館が建設されることになった。,독지가의 기증(혜여)에 의해 새로운 도서관이 건설되게 되었다.
宇宙の深奥にはまだ知られざる謎がある。,우주의 심오한 곳에는 아직 알려지지 않은 수수께끼가 있다.
会社の同僚と観桜の宴を開いた。,회사 동료들과 벚꽃놀이 연회를 열었다.
炭鉱の跡地は資料館になり、当時の暮らしが展示されている。,탄광 옛터는 자료관이 되어 당시의 삶이 전시되어 있다.
村の祭りでは、代々受け継がれた獅子頭が大切に使われている。,마을 축제에서는 대대로 내려온 사자 머리가 소중히 쓰이고 있다.
棚を組み立てるために、螺子回しを工具箱から取り出した。,선반을 조립하기 위해 드라이버를 공구함에서 꺼냈다.
このタオルは粗いけど、吸水はいい。,이 수건은 거칠지만 흡수는 좋다.
福引きで特賞が当たり、豪華な景品をもらって帰宅した。,"제비뽑기에서 특상에 당첨되어, 호화로운 경품을 받아 귀가했다."
一寸の虫にも五分の魂、命を粗末にしてはいけない。,"지렁이도 밟으면 꿈틀한다, 생명을 함부로 해서는 안 된다."
窓を少し開けると、春の風がふわっと入ってきた。,창문을 조금 열자 봄바람이 살짝 들어왔다.
テレビのコマーシャルで流れた曲が頭から離れない。,텔레비전 광고에서 나온 노래가 머릿속에서 떠나지 않는다.
休日が出勤になったので、翌週に休みを振り替える。,휴일에 출근하게 되어 다음 주에 휴무를 대체한다.
急いで染み抜きをして、会議に間に合った。,급히 얼룩 제거를 해서 회의에 맞춰 갔다.
握手を交わして契約を結んだ。,악수를 주고받으며 계약을 맺었다.
このテストは全部で十問だけだ。,이 시험은 전부 열 문제뿐이다.
日本語の母音は五つある。,일본어의 모음은 다섯 개다.
彼は人生を救ってくれた恩人だ。,그는 내 인생을 구해준 은인이다.
草むらから蛇がにょろにょろと現れ、皆が悲鳴を上げた。,풀숲에서 뱀이 스르륵(꿈틀꿈틀) 나타나 모두가 비명을 질렀다.
昼過ぎには雨が上がり、空に虹がかかった。,낮이 지나자 비가 그치고 하늘에 무지개가 걸렸다.
駅前で集団がプラカードを掲げて歩いていた。,역 앞에서 한 무리가 피켓을 들고 걸어가고 있었다.
六日間の断食修行を終え、彼は生まれ変わったような清々しい顔をしていた。,"엿새 간의 단식 수행을 마치고, 그는 다시 태어난 듯한 상쾌한 얼굴을 하고 있었다."
ご家族共々、どうぞお元気でお過ごしください。,가족 여러분 모두 건강하게 지내시길 바랍니다.
旅の車窓から雪化粧の田んぼが流れていった。,여행 열차 창밖으로 눈 덮인 논이 흘러가듯 지나갔다.
静かな山の郷で、私はゆっくり休暇を過ごした。,조용한 산골 고장에서 나는 천천히 휴가를 보냈다.
工事の騒音で勉強に集中できない。,공사 소음 때문에 공부에 집중할 수 없다.
同窓の仲間と十年ぶりに集まり、近況を語り合った。,동창 친구들과 10년 만에 모여 근황을 이야기했다.
川端のベンチでコーヒーを飲みながら、風の音を聞いた。,강가 벤치에서 커피를 마시며 바람 소리를 들었다.
天気もいいし、今日は外で昼ご飯を食べよう。,날씨도 좋으니 오늘은 밖에서 점심을 먹자.
出張が好きな派もいれば、できれば行きたくない派もいる。,출장을 좋아하는 파도 있고 될 수 있으면 가기 싫어하는 파도 있다.
彼は困っている人を決して見捨てない、正義感の強い熱い漢だ。,"그는 곤란한 사람을 결코 내버려 두지 않는, 정의감이 강하고 뜨거운 사나이다."
スマホが突然壊れて、連絡が一切取れなくなった。,스마트폰이 갑자기 고장 나서 전혀 연락을 할 수 없게 되었다.
夕焼けで空が朱に染まる瞬間が好きだ。,노을로 하늘이 붉게 물드는 순간이 좋다.
危機一髪のところで、彼は子供の手を掴んで助けた。,"위기일발의 순간에, 그는 아이의 손을 잡아 구해냈다."
布を赤く染めるには、温度管理が大事だ。,천을 빨갛게 물들이려면 온도 관리가 중요하다.
カメはゆっくりだが、着実に前に進む。,거북이는 느리지만 착실하게 앞으로 나아간다.
マラソン大会で、彼は息を切らしながら一着でゴールした。,마라톤 대회에서 그는 숨을 헐떡이며 1등으로 골인했다.
この染料は天然由来で、肌に優しいらしい。,이 염료는 천연 유래라 피부에 순하다고 한다.
手を洗う前に、指輪を外しておいた。,손을 씻기 전에 반지를 빼 두었다.
八日市場という地名は、かつて毎月八日に市が開かれていたことに由来する。,"요카이치바(8일 시장)라는 지명은, 과거 매월 8일에 시장이 열렸던 것에서 유래한다."
彼の実力と私の実力は雲泥の差だ。,그의 실력과 내 실력은 하늘과 땅 차이다.
屋上の上から街を見下ろすと、車がおもちゃのように見えた。,옥상 위에서 거리를 내려다보니 자동차가 장난감처럼 보였다.
言葉遣いに拘泥しすぎて、本題が進まない。,말투에 지나치게 집착해서 본론이 나아가지 않는다.
彼は消極な態度で、あまり意見を言わない。,그는 소극적인 태도로 별로 의견을 말하지 않는다.
交渉は泥沼化して、期限を過ぎた。,협상이 진흙탕 싸움처럼 꼬여서 기한을 넘겼다.
このバスは、〇〇城まで行きますか？,이 버스는 〇〇성까지 갑니까?
言葉遣いが洗練されていて、聞いていて心地よい。,말투가 세련되어 들어서 기분이 좋다.
このパンは、国産の小麦を使って作られています。,이 빵은 국산 밀을 사용해 만들어졌습니다.
朝の洗面を済ませて、身だしなみを整えた。,아침 세면을 마치고 단정하게 꾸몄다.
犬が庭に埋めておいた骨を、雨上がりにまた掘り返して遊んでいる。,개가 마당에 묻어 둔 뼈를 비가 그친 뒤에 다시 파내며 놀고 있다.
消防士が梯子を使って二階の窓から人を救出した。,소방관이 사다리를 이용해 2층 창문에서 사람을 구조했다.
この辺りは初めて来ました。,이 근처는 처음 왔습니다.
新しい洗剤は香りが強くて、部屋まで甘い匂いになる。,새 세제는 향이 강해서 방까지 달콤한 냄새가 난다.
彼は昔からロック派で、ライブハウス通いがやめられない。,그는 예전부터 록파라 라이브하우스를 다니는 걸 그만두지 못한다.
浅学ゆえに、専門用語の意味を取り違えた。,천학이라 전문용어 뜻을 잘못 이해했다.
彼は有名な嘘吐きだが、今回の話だけは妙に説得力がある。,"그는 유명한 거짓말쟁이지만, 이번 이야기만큼은 묘하게 설득력이 있다."
新製品は海外市場へ展開する方針らしい。,신제품은 해외 시장으로 전개할 방침인 듯하다.
先日部長から頂いた頂き物の菓子折りを、みんなで分ける。,일전 부장님께 받은 선물 과자 세트를 다 같이 나눈다.
来月、東京から大阪へ転出する手続きをする。,다음 달 도쿄에서 오사카로 전출(이사) 절차를 한다.
彼の感想は浅薄で、作品の核心に触れていない。,그의 감상은 피상적이라 작품의 핵심을 건드리지 못한다.
浜辺でカニが横歩きしているのを見つけた。,해변에서 게가 옆으로 걷고 있는 것을 발견했다。
夕食、とても美味しかったです。,"저녁 식사, 정말 맛있었습니다."
台風一過の空は、驚くほど青く澄み渡っていた。,태풍이 지나간 뒤의 하늘은 놀라울 정도로 파랗게 맑게 개어 있었다.
扇風機の羽が回転すると、涼しい風が広がる。,선풍기 날개가 회전하면 시원한 바람이 퍼진다.
川の深浅を測ってから、ボートを出した。,강의 깊고 얕음을 재고 나서 보트를 띄웠다.
予想が的中して、皆が驚いた。,예상이 적중해서 모두가 놀랐다.
エアーギターの大会で優勝し、観客から喝采を浴びた。,에어 기타 대회에서 우승하여 관객으로부터 갈채를 받았다.
傘を拝借してもよろしいでしょうか。,우산을 좀 빌려도 괜찮을까요?
契約書の各箇条を丁寧に読み合わせる。,계약서의 각 조항을 정성껏 대조해 가며 읽는다.
新商品を宣伝するため、駅に大きなポスターを貼った。,신상품을 홍보하려고 역에 큰 포스터를 붙였다.
彼の専門はデータ分析で、数字に強い。,그의 전공은 데이터 분석이라 숫자에 강하다.
男の子たちが森でカブトムシを捕まえて喜んでいる。,남자아이들이 숲에서 장수풍뎅이를 잡고 기뻐하고 있다.
最新のアニメーション技術を駆使して、リアルな風景を描写する。,"최신 애니메이션 기술을 구사하여, 리얼한 풍경을 묘사한다."
今夜の集まりには、高校時代の旧友が大勢来る予定だ。,오늘 밤 모임에는 고등학교 시절의 옛 친구들이 많이 올 예정이다.
キッチンについた頑固な油汚れは、重曹を使うとよく落ちる。,부엌에 묻은 찌든 기름때는 베이킹소다를 사용하면 잘 지워진다.
彼らは険しい山塊を越えて、次の村へ向かった。,그들은 험한 산괴를 넘어 다음 마을로 향했다.
ニュースで森林の燃焼が続いていると報じていた。,뉴스에서 산림의 연소가 계속된다고 보도했다.
休日は専ら読書に費やしている。,휴일은 주로 독서에 쓴다.
この靴は少し緩いので、歩きにくい。,이 신발은 좀 헐거워서 걷기 불편하다.
嫉妬のあまり、彼の顔は醜く歪んだ。,질투 나머지 그의 얼굴은 추하게 일그러졌다.
彼は土の塊を手でつぶしながら庭仕事をしていた。,그는 흙 덩이를 손으로 부수며 정원 일을 하고 있었다.
彼は結婚式の司会を頼まれた。,그는 결혼식 사회를 부탁받았다.
彼女は、同僚に密かな恋心を抱いていた。,그녀는 동료에게 남몰래 연정을 품고 있었다.
子供たちがダンゴムシを触って、丸くなるのを楽しんでいる。,아이들이 콩벌레를 만져서 동그래지는 것을 즐기고 있다.
部長が率先して残業を減らす仕組みを作った。,부장이 솔선수범해 야근을 줄이는 제도를 만들었다.
ドルを円に換算するといくらになりますか。,달러를 엔으로 환산하면 얼마가 되나요?
彼女は、訪れた客を心から持て成した。,그녀는 찾아온 손님을 진심으로 대접했다.
料理に使うために、ベランダでハーブを育てている。,요리에 사용하기 위해 베란다에서 허브를 키우고 있다.
先が見えない道でも、一歩ずつ進めばいい。,앞이 보이지 않는 길이라도 한 걸음씩 나아가면 된다.
気分を替えるために、席を窓側に替えた。,기분 전환하려고 자리를 창가 쪽으로 바꿨다.
別れの言葉より、涙が先立ってしまった。,이별 인사보다 눈물이 먼저 나와 버렸다.
この辺りは桜がきれいだと聞きました。,이 근처는 벚꽃이 예쁘다고 들었습니다.
この地域では灌漑のおかげで砂漠でも農業ができる。,이 지역은 관개 덕분에 사막에서도 농사가 가능하다.
川のせせらぎが聞こえますね。,냇물 소리가 들리네요.
空港で郵袋がベルトコンベアに次々と流れてきた。,공항에서 우편 자루가 컨베이어 벨트로 계속 흘러왔다.
町にはたくさんのお店が並んでいる。,마을에는 많은 가게가 늘어서 있다.
一応今日中に終わらせましたが、明日もう一度確認します。,"일단 오늘 중으로 끝내 뒀지만, 내일 한 번 더 확인하겠습니다."
審査は誰に対しても公正に行われなければならない。,심사는 누구에게나 공정하게 이루어져야 한다.
新しく配属になりました、渡辺です。ご指導ご鞭撻のほど、よろしくお願いいたします。,새로 배속된 와타나베입니다. 지도 편달 잘 부탁드립니다.
志望大学の願書を締め切り前日に 제출した。,지원 대학의 원서를 마감 전날에 제출했다.
コース料理のアレルギー対応は、当日でも可能ですか。,코스 요리 알레르기 대응은 당일이라도 가능합니까.
会議の時間まで少しあるから、とりあえずコーヒーでも飲もう。,"회의 시간까지 좀 남았으니까, 일단 커피라도 마시자."
誕生日のメッセージプレートをお願いしたいのですが。,생일 메시지 플레이트를 부탁하고 싶은데요.
昔の配管には鉛が使われていた。,옛날 배관에는 납이 사용되었다.
救助部隊が夜通し捜索を続けた。,구조 부대가 밤새 수색을 계속했다.
子供の入店はお断りしております。,어린이의 입점은 사절하고 있습니다.
そんなに焦るなよ、まだ時間はある。,"그렇게 초조해하지 마, 아직 시간 있어."
受賞者の名前を順に連ねて、壇上のスクリーンに映した。,수상자 이름을 차례로 나열해 단상 스크린에 띄웠다.
彼は表情で相手の本音を占う癖がある。,그는 표정으로 상대의 속마음을 점치는 버릇이 있다.
来週の水曜日に予約を変更したいのですが、空きはありますか。,"다음 주 수요일로 예약을 변경하고 싶은데, 빈자리는 있나요."
新入社員を会場まで連れていく役を任された。,신입사원을 행사장까지 데려가는 역할을 맡았다.
交渉は難航したが、双方が譲歩して合意に至った。,협상은 난항이었지만 양쪽이 양보해 합의에 이르렀다.
先方の都合で、打ち合わせは来週に延期となった。,상대방 사정으로 미팅이 다음 주로 연기됐다.
発熱がある場合は、来院前にお電話でご相談ください。,"발열이 있는 경우는, 내원 전에 전화로 상담해 주십시오."
先生は例え話を交え、難題を噛み砕いて説明した。,선생님은 비유를 섞어 어려운 문제를 쉽게 설명했다.
代は私が払うから、先に中へ入って。,값(계산)은 내가 낼 테니 먼저 안으로 들어가.
判断の錯誤が大きな損失を生んだ。,판단 착오가 큰 손실을 낳았다.
シャワーを浴びて、一日の疲れと汗をきれいに洗い流す。,샤워를 해서 하루의 피로와 땀을 깨끗이 씻어낸다.
神代の物語を読むと想像が広がる。,신대(신들의 시대) 이야기를 읽으면 상상이 넓어진다.
今月は残業代のおかげで、いつもより稼ぎが多かった。,이번 달은 잔업 수당 덕분에 평소보다 벌이가 많았다.
勇気を出して話しかけたが、素っ気ない返事が返ってきた。,용기를 내어 말을 걸었지만 쌀쌀맞은 대답이 돌아왔다.
失敗したけど、やっぱり挑戦してみてよかったと思う。,실패하긴 했지만 역시 도전해 봐서 다행이라고 생각해.
地面に耳を当てると、遠くから馬が走ってくる音が聞こえた。,"지면에 귀를 대니, 멀리서 말이 달려오는 소리가 들렸다."
子供たちが公園で鳩に餌をやっている。,아이들이 공원에서 비둘기에게 먹이를 주고 있다.
静かな夜に誰かの叫びが響いた。,고요한 밤에 누군가의 절규가 울려 퍼졌다.
本日は予約で満席のため、ウェイティングリストにお名前をお願いします。,"오늘은 예약 만석이라, 웨이팅 리스트에 이름을 부탁합니다."
団体でのご利用の場合、事前にコース料理を決めていただく必要があります。,"단체 이용의 경우, 사전에 코스 요리를 정해주셔야 합니다."
祭りの前に、荷物を縄でしっかり縛る。,축제 전에 짐을 밧줄로 단단히 묶는다.
やぶ蚊に刺されて足が真っ赤に腫れてしまった。,숲모기에 물려서 다리가 새빨갛게 부어 버렸다.
山奥の庵に、仙人のような老人が住んでいるという。,산속 암자에 신선 같은 노인이 산다더라.
飛行機は高度一万メートルを順調に飛行している。,비행기는 고도 1만 미터를 순조롭게 비행하고 있다.
臨床の現場では、教科書通りにいかないことも多い。,임상 현장에서는 교과서대로 되지 않는 일도 많다.
あのカフェにはしょっちゅう行くけど、飽きない雰囲気だ。,저 카페에는 자주 가는데도 질리지 않는 분위기야.
母からの許しを得て、留学することにした。,어머니의 허락을 받아 유학을 가기로 했다.
申し訳ございません、電波が悪くお声が少し遠いようなのですが。,"죄송합니다, 전파가 안 좋아 목소리가 조금 먼 것 같습니다만."
彼の勘違いぶりがあまりにも滑稽で、皆が吹き出した。,그의 착각이 너무 우스꽝스러워서 모두가 웃음을 터뜨렸다.
空が俄かに暗くなり、激しい雨が降り出した。,하늘이 갑자기 어두워지더니 거센 비가 쏟아지기 시작했다.
小川のせせらぎが、森の静けさを際立たせる。,개울의 졸졸거림이 숲의 고요함을 더 돋보이게 한다.
欲しい商品が売り切れだったので、他店に在庫を確認してもらう。,원하는 상품이 품절이라 타 점포에 재고를 확인해달라고 한다.
獲物を狙う狼の鋭い牙が月明かりに光っていた。,먹이를 노리는 늑대의 날카로운 송곳니가 달빛에 빛나고 있었다.
学生時代はいずれ海外で働きたいと本気で考えていた。,학생 때는 언젠가 해외에서 일하고 싶다고 진지하게 생각했었다.
霧雨が降って、傘がいらない程度だった。,이슬비가 내려서 우산이 필요 없을 정도였다.
道路が凍結しているので、今日は早めに出発しよう。,도로가 결빙되어 있으니 오늘은 일찍 출발하자.
レモンを見ると唾液が出てしまう。,레몬을 보면 침이 나와 버린다.
仕事帰りの家路で、コンビニの明かりがやけに暖かく見えた。,퇴근길 귀갓길에서 편의점 불빛이 유난히 따뜻해 보였다.
そんなうわさは歯牙にもかけないほうがいい。,그런 소문은 아예 문제 삼지도 않는 편이 좋다.
キャンセル料が発生する期間について教えていただけますか。,취소 수수료가 발생하는 기간에 대해 알려주실 수 있나요.
ランニングでしっかり脂肪を燃焼させたい。,런닝으로 제대로 지방을 연소시키고 싶다.
お席の指定は承っておりませんので、あらかじめご了承ください。,"좌석 지정은 받지 않고 있으므로, 미리 양해 부탁드립니다."
サプライズ用の花束を、事前に届けておくことは可能ですか。,서프라이즈용 꽃다발을 사전에 보내 두는 것은 가능한가요.
お仕事は、いつもそんなにお忙しいのですか？,일은 항상 그렇게 바쁘신가요?
雨の帰途、傘を持たない彼に私は傘を差し出した。,비 오는 귀갓길에 우산 없는 그에게 나는 우산을 내밀었다.
嘘がばれては名折れだ、と彼は黙った。,거짓말이 들키면 체면이 깎인다며 그는 입을 다물었다.
大雨で河川が増水し、避難情報が出た。,폭우로 하천이 불어나 대피 정보가 나왔다.
教会では信徒が祈りを捧げ、静かな歌が響いた。,교회에서는 신도들이 기도를 올리고 조용한 노래가 울렸다.
将軍の御殿を見学し、金屏風の前で足が止まった。,장군의 저택을 견학하며 금빛 병풍 앞에서 발길이 멈췄다.
神社の巫女が、清らかな白袴を身に着けて舞を奉納する。,신사의 무녀가 정갈한 흰 하카마를 입고 춤을 봉납한다.
川岸に座って、石を水面へ投げた。,강가에 앉아 돌을 물수면으로 던졌다.
この部屋は駅から近いわりに家賃が安くて助かる。,이 방은 역에서 가까운 데 비해 월세가 싸서 정말 다행이야.
飲み放題のラストオーダーは、終了３０分前となります。,음료 무제한 라스트 오더는 종료 30분 전입니다.
そろそろ結婚を考える年頃になってきた。,슬슬 결혼을 생각할 만한 나이가 되어 왔다.
只今の時間は、お電話での予約受付を終了しております。,지금 시간은 전화 예약 접수를 종료했습니다.
志を同じくする仲間と出会い、起業を決意した。,뜻을 같이하는 동료들을 만나 창업을 결심했다.
書類の名前が一文字違っていた。,서류의 이름이 한 글자 달랐다.
この折、日頃の感謝をお伝えします。,이 기회에 평소의 감사를 전합니다.
彼は成功するために、ひたすら努力を続けた。,그는 성공하기 위해 오로지 노력을 계속했다.
馬が驚いて後ろ足で立ち上がり、いななき声を上げた。,말이 놀라서 뒷다리로 일어서며 울음소리를 냈다.
虫に刺されたところが赤くなり、ひどい腫れが引かない。,벌레 물린 곳이 빨개져서 심한 부기가 빠지지 않는다.
彼の話にはいつも少し誇張が混じっている。,그의 이야기에는 항상 약간의 과장이 섞여 있다.
プレゼントは小さな折り箱に入れて渡した。,선물은 작은 종이 상자에 넣어 건넸다.
今日は然程寒くはない。,오늘은 그다지 춥지는 않다.
小さな努力の蓄積が、大きな差になる。,작은 노력의 축적이 큰 차이가 된다.
当店の会員カードをお持ちですか？ お持ちでない場合は作成しますか。,저희 가게 회원 카드를 가지고 계십니까? 없으신 경우 만드시겠습니까.
子供たちが水族館で海の生き物を観察している。,아이들이 수족관에서 해양 생물을 관찰하고 있다.
下積み時代に学んだ礼儀が、今も役に立つ。,하적(견습) 시절에 배운 예의가 지금도 도움이 된다.
丘陵の道はゆるやかで、自転車でも走りやすい。,구릉의 길은 완만해서 자전거로도 달리기 쉽다.
彼の話は嘘ばかりで、全くつじつまが合わない。,그의 이야기는 거짓말뿐이라 전혀 앞뒤가 맞지 않는다.
このスーツは水洗い不可で、ドライに出さなければならない。,이 정장은 물세탁이 안 돼서 드라이클리닝을 해야 한다.
会議がいきなりキャンセルになって、時間がぽっかり空いてしまった。,회의가 갑자기 취소돼서 시간이 덩그러니 비어 버렸어.
感動的な映画を見て、彼女の目は涙で潤んだ。,감동적인 영화를 보고 그녀의 눈은 눈물로 그렁거렸다.
事故で指を切断し、すぐ救急車を呼んだ。,사고로 손가락이 절단되어 곧바로 구급차를 불렀다.
ガラスの表面に細かい傷がついている。,유리 표면에 잔잔한 흠집이 나 있다.
駅前で積もる話をしていたら、終電を逃した。,역 앞에서 쌓인 이야기를 하다 막차를 놓쳤다.
髪を切って、気分を変えた。,머리를 자르고 기분 전환을 했다.
彼は一度も過去を顧みることなく、前だけを見て歩んできた。,그는 한 번도 과거를 돌아보지 않고 앞만 보고 걸어왔다.
屋敷跡には石垣だけが残り、草に埋もれていた。,저택 터에는 돌담만 남아 풀에 파묻혀 있었다.
今朝は積雪が多く、電車が遅れている。,오늘 아침은 적설이 많아 전철이 지연되고 있다.
入道雲が空高く湧き上がり、遠くで雷の音がゴロゴロと鳴っている。,"입도운(적란운)이 하늘 높이 피어오르고, 멀리서 천둥소리가 우르르 울리고 있다."
この地方は平たい土地が広がっていて田んぼが多い。,이 지방은 평탄한 땅이 넓게 펼쳐져 있어 논이 많다.
はい、１２月２４日の１８時から、２名様でご予約承りました。,"네, 12월 24일 18시부터, 2분 예약 접수했습니다."
固いネジが多くて、ドライバーで外すのに苦労した。,단단한 나사가 많아서 드라이버로 빼느라 고생했다.
能の面を手に取ると、木の香りがした。,노의 가면을 집어 들자 나무 향이 났다.
苔むした石塔が山道にひっそり立っていた。,이끼 낀 석탑이 산길에 조용히 서 있었다。
雨で地面がぬかるみ、跡がすぐ消えてしまう。,비로 땅이 질척해져 자국이 금세 사라진다.
彼は勘が鋭く、隠し事をしてもすぐに見抜かれる。,그는 감이 날카로워 숨기는 일을 해도 금방 간파당한다.
忘れられない旅の思い出はありますか？,잊을 수 없는 여행의 추억이 있으신가요?
参加者が十名未満なら、中止になります。,참가자가 10명 미만이면 취소됩니다.
彼は面魂が太く、叱られても平然としている。,그는 뻔뻔해서 혼나도 태연하다.
弟はサッカーが好きで、毎日練習している。,남동생은 축구를 좋아해서 매일 연습하고 있다.
長い冬が終わり、森には春の息吹が感じられた。,긴 겨울이 끝나고 숲에는 봄의 숨결이 느껴졌다.
予約時間を１５分過ぎますと、自動的にキャンセルとなります。,"예약 시간을 15분 넘기면, 자동적으로 취소됩니다."
彼の謝罪の声涙に、場の空気が少し和らいだ。,그의 눈물 섞인 사과 목소리에 분위기가 조금 누그러졌다.
夜中にふと外を見たら、雪が静かに降っていて感動した。,한밤중에 문득 밖을 보니 눈이 조용히 내리고 있어서 감동했어.
彼はのんびりした気質で、あまり怒らない。,그는 느긋한 기질이라 좀처럼 화를 내지 않는다.
彼らが戦うことは、避けられない宿命だったのかもしれない。,그들이 싸우는 것은 피할 수 없는 숙명이었는지도 모른다.
ひょっとすると彼はもう駅に着いているかもしれない。,혹시 그는 벌써 역에 도착했을지도 모른다.
砂漠の遺跡で、壁画の色が今も残っていた。,사막의 유적에서 벽화의 색이 지금도 남아 있었다.
四季折々の花が咲く庭園は、訪れる人々の心を癒してくれる。,"사계절 그때그때의 꽃이 피는 정원은, 방문하는 사람들의 마음을 치유해 준다."
到着が遅れそうな場合は、必ずお電話にてご連絡ください。,"도착이 늦어질 것 같은 경우는, 반드시 전화로 연락해 주십시오."
苦手な食材やアレルギーなどがございましたら、お伝えください。,못 드시는 식재료나 알레르기 등이 있으시면 말씀해 주세요.
あいにく個室は埋まっておりますが、テーブル席ならご案内できます。,"공교롭게도 개별 룸은 꽉 찼습니다만, 테이블석이라면 안내해 드릴 수 있습니다."
厳しい責めに耐え、彼は最後まで黙っていた。,가혹한 책망을 견디며 그는 끝까지 말이 없었다.
汽船に乗って川をゆっくり下った。,기선에 올라 강을 천천히 내려갔다.
週末は親戚の家に集まって鍋を囲んだ。,주말에 친척 집에 모여 전골을 둘러앉았다.
警察は監視カメラ映像をもとに犯人を追跡している。,경찰은 CCTV 영상을 바탕으로 범인을 추적하고 있다.
台風の中心は静かだが、その周囲は猛烈な暴風雨に見舞われている。,"태풍의 중심은 조용하지만, 그 주위는 맹렬한 폭풍우를 겪고 있다."
負け惜しみで「本気じゃなかった」と言ってしまった。,지기 싫어서 “진심이 아니었어”라고 말해 버렸다.
干潮の時間に干潟へ降りて、カニや貝を観察した。,간조 시간에 갯벌로 내려가 게와 조개를 관찰했다.
彼は有力者の庇護のもと、芸術家として大成した。,그는 유력자의 비호 아래 예술가로서 대성했다.
静かな席が良いのですが、宴会の予約などは入っていますか。,"조용한 자리가 좋은데, 연회 예약 같은 게 잡혀 있나요."
お客様にはきちんと挨拶して、名刺をお渡ししてください。,손님께는 제대로 인사드리고 명함을 건네 주세요.
古い手紙を愛惜し、箱に丁寧にしまった。,오래된 편지를 아끼고 아껴서 상자에 정성껏 넣어 두었다.
タクシーを呼んでいただきたいのですが、お願いできますか。,"택시를 불러주셨으면 하는데, 부탁드릴 수 있나요."
飲み物に、輪切りにしたレモンを浮かべた。,음료에 둥글게 썬 레몬을 띄웠다.
森で栗や木の実を拾った。,숲에서 밤이나 나무 열매를 주웠다.
城の周囲に深い堀を巡らせ、敵の侵入を阻む。,성 주위에 깊은 해자를 둘러(메구라세) 적의 침입을 막는다.
丸々と太った猫が、日向で気持ちよさそうに寝ている。,토실토실하게 살찐 고양이가 양지에서 기분 좋은 듯 자고 있다.
名監督の訃報を痛惜する声が、各界から寄せられた。,명감독의 부고를 애도하는 목소리가 각계에서 전해졌다.
この駅が新しい路線の起点になる。,이 역이 새로운 노선의 기점이 된다.
決勝での惜敗が、次の大会への火をつけた。,결승에서의 아쉬운 패배가 다음 대회를 향한 불을 지폈다.
大事な書類はちゃんとバックアップを取っておいたほうが安心だ。,중요한 서류는 제대로 백업을 해 두는 편이 안심이야.
あんなに頑張ったのに結果が出なくて気の毒だ。,그렇게 열심히 했는데도 결과가 안 나와 안쓰럽다.
初めてなもので。助かりました。私はチェと申します。,처음이라서요. 덕분에 살았습니다. 저는 최라고 합니다.
議論が進むにつれ、反対派の旗色が悪くなってきた。,논의가 진행됨에 따라 반대파의 형세(깃발 색)가 나빠졌다.
木村大将、よろしくお願いします。,"기무라 대장님, 잘 부탁드립니다."
スピードの出しすぎだと警察に警告された。,속도를 너무 낸다고 경찰에게 경고를 받았다.
何時まで待ってもバスが来ず、不安になってきた。,몇 시가 되도록 기다려도 버스가 오지 않아 불안해졌다.
世代間の隔たりを埋めるには対話が必要だ。,세대 간의 간극을 메우려면 대화가 필요하다.
雨に濡れた紫陽花は、一層美しく見える。,비에 젖은 수국은 한층 더 아름답게 보인다.
旅行の前の日はいつもぐっすり眠れなくて、少し寝不足になる。,여행 전날에는 항상 푹 못 자서 조금은 잠이 부족해.
この部屋は仕事と趣味の部屋を兼用している。,이 방은 작업실과 취미 방을 겸용하고 있다.
ご丁寧にありがとうございます。宿泊客のリーです。,정중한 인사 감사합니다. 숙박객인 리입니다.
港には漁船が数隻、静かに浮かんでいた。,항구에는 어선 몇 척이 조용히 떠 있었다.
予約確認のメールが届かないのですが、確認していただけますか。,"예약 확인 메일이 오지 않는데, 확인해 주실 수 있나요."
商品の価格と性能を比較してから購入を決めた。,상품의 가격과 성능을 비교한 뒤에 구매를 결정했다.
データの確かさを検証する作業に時間がかかった。,데이터의 정확성을 검증하는 작업에 시간이 걸렸다.
カットとカラーで予約したいのですが、指名料はかかりますか。,"커트와 염색으로 예약하고 싶은데, 지명료는 드나요."
その契約は法律に照らして無効になる可能性がある。,그 계약은 법률에 비춰 무효가 될 가능성이 있다.
彼は隻手で箱を抱え、もう片方で改札を通った。,"그는 외손으로 상자를 안고, 다른 손으로 개찰구를 통과했다."
おそらく今日は電車が遅れるだろうから、早めに出たほうがいい。,아마 오늘은 전철이 늦을 테니 일찍 나가는 게 좋겠어.
公園の遊具で遊ぶ幼児たちの声が、春の風に混じって聞こえた。,공원에서 노는 유아들의 목소리가 봄바람에 섞여 들려왔다。
持ち込み料をお支払いすれば、ワインを持ち込んでも大丈夫ですか。,"반입료(콜키지)를 지불하면, 와인을 가져가도 괜찮습니까."
欲望に流されず、食欲もほどほどにして、無欲で眠りについた。,"욕망에 휩쓸리지 않고 식욕도 적당히 하며, 무욕하게 잠들었다."
古着屋で革ジャンを物色した。,빈티지 가게에서 가죽 재킷을 물색했다.
忍びやかな恋文を引き出しにしまった。,남몰래 하는 연애편지를 서랍에 넣어두었다.
子供たちは砂浜で砂の城を作って遊んだ。,아이들은 모래사장에서 모래성을 만들며 놀았다.
深紅のバラが一輪、花瓶に活けてあった。,"짙은 붉은색 장미가 한 송이, 꽃병에 꽂혀 있었다."
けんかした友だちと仲直りして、やっと安心した。,싸웠던 친구와 화해해서 드디어 안심했다.
私も、ファンになりそうです。,저도 팬이 될 것 같아요.
ペット同伴での入店は、テラス席のみ可能となっております。,반려동물 동반 입점은 테라스 좌석만 가능합니다.
週に2回は来ていますね。落ち着くんですよ、ここ。,"일주일에 두 번은 오네요. 마음이 차분해지거든요, 여기가."
実話だが映画ではかなり脚色されている。,실화지만 영화에서는 상당히 각색되어 있다.
彼のつけている香水は甘くて印象的だ。,그가 뿌린 향수는 달콤하고 인상적이다.
貸切パーティーを行いたいのですが、最大何名まで入れますか。,"대관 파티를 하고 싶은데, 최대 몇 명까지 들어갈 수 있나요."
盆になると祖父の仏壇に線香をあげる。,오봉이 되면 할아버지의 불단에 향을 피운다.
もしかして昨日のメール、まだ読んでいない？,"혹시 어제 메일, 아직 안 읽었어?"
突然の雨で、頭から足の先までびっしょり濡れてしまった。,갑작스러운 비에 머리부터 발끝까지 흠뻑 젖어버렸다.
客席から大きな拍手が起こった。,객석에서 큰 박수가 터져 나왔다.
飲み放題プランは、グループ全員が注文する必要がありますか。,"음료 무제한(노미호다이) 플랜은, 그룹 전원이 주문해야 합니까."
プレゼンの肝となる部分だけは、何度も練習しておいた。,프레젠테이션의 핵심이 되는 부분만큼은 여러 번 연습해 두었다.
予算の都合で計画の規模を大幅に縮小せざるを得なかった。,예산 관계로 계획 규모를 대폭 축소할 수밖에 없었다.
出発前に旅券の有効期限を確認した。,출발 전에 여권 유효기간을 확인했다.
彼は中級レベルの日本語テストに合格した。,그는 중급 레벨의 일본어 시험에 합격했다.
医者に肝臓の検査結果を見せられ、生活習慣を改めるように言われた。,"의사에게 간 검진 결과를 보여 주고, 생활 습관을 고치라는 말을 들었다."
彼の哀訴が胸に刺さり、眠れなかった。,그의 애절한 호소가 가슴에 박혀 잠을 못 잤다.
この路線は広軌を採用しているため、車両が安定して走る。,이 노선은 광궤를 채택하고 있어서 차량이 안정적으로 달린다.
旅は道連れ、という言葉を思い出した。,‘여행에는 동행이 있다’는 말을 떠올렸다.
姿勢が悪いと脊柱に負担がかかり、腰痛の原因になる。,자세가 나쁘면 척주에 부담이 가서 요통의 원인이 된다.
このコート、値段のわりに暖かいね。,"이 코트, 가격에 비해 따뜻하네."
来月、友だちと台湾へ旅行する。,다음 달에 친구와 대만으로 여행 간다.
数字に疎い私は、家計簿がいつも続かない。,숫자에 약한 나는 가계부가 늘 오래 못 간다.
年末には紅白歌合戦を家族で見るのが楽しみだ。,연말에는 가족과 함께 홍백가합전을 보는 것이 즐겁다.
この小説は作者の急逝により未完のまま残された。,이 소설은 작가의 급작스러운 서거로 미완인 채 남겨졌다.
留学することを本気で決心した。,유학을 진지하게 결심했다.
連絡の疎密で誤解が生まれやすい。,연락 빈도 차이 때문에 오해가 생기기 쉽다.
焦るあまり、彼は判断ミスの悪循環に陥ってしまった。,너무 조급한 나머지 그는 판단 미스의 악순환에 빠지고 말았다.
目覚ましを止めてしまい、会議に遅刻した。,알람을 꺼버려 회의에 지각했다.
運動会では赤組が最後に逆転した。,운동회에서는 빨간 팀이 마지막에 역전했다.
その漫画は一巻だけで完結していて、すぐ読み終えられる。,그 만화는 1권만으로 완결되어 있어서 금방 다 읽을 수 있다.
古い和書の巻の一だけが図書館に残っていた。,오래된 일본식 서적의 ‘권 제1’만 도서관에 남아 있었다.
嵐で帆柱が折れ、急いで応急処置をした。,폭풍으로 돛대가 부러져 급히 응급조치를 했다.
寒いので、外に出る前にマフラーを首に巻いた。,추워서 밖에 나가기 전에 목도리를 목에 감았다.
次の電車は新宿行きの準急です。,다음 열차는 신주쿠행 준급입니다.
只今電話が大変混み合っております。もうしばらくお待ちください。,지금 전화가 매우 붐비고 있습니다. 잠시만 기다려 주십시오.
最近の流行には疎いけど、昔の歌なら詳しい。,요즘 유행엔 약하지만 옛 노래는 잘 알아.
輪の中に入れず、少しだけ疎外感を覚えた。,무리에 끼지 못해 조금 소외감을 느꼈다.
ライバルを陥れるために噂を流すのは卑怯だ。,라이벌을 궁지에 몰아넣기 위해 소문을 내는 것은 비겁하다.
二人でチームを組んで、プロジェクトを進めよう。,둘이 팀을 짜서 프로젝트를 진행하자.
窓側の席が希望なのですが、空き状況はいかがでしょうか。,"창가 쪽 좌석을 희망합니다만, 빈 상황은 어떠신가요."
空から霰がぱらぱらと降ってきて、子どもたちが空を見上げた。,하늘에서 싸락눈이 톡톡 떨어지자 아이들이 하늘을 올려다보았다.
この町には歴史的な建物が多いという特色がある。,이 마을은 역사적인 건물이 많다는 특징이 있다.
スープが少し塩辛いので、水を足した。,수프가 조금 짜서 물을 더 넣었다.
コース料理の内容は、季節によって変更になる場合があります。,코스 요리 내용은 계절에 따라 변경될 수 있습니다.
朝起きてすぐポットのお湯でコーヒーを入れた。,아침에 일어나자마자 포트 물로 커피를 내렸다.
梅雨の湿気で、髪がまとまらない。,장마철 습기로 머리가 정돈되지 않는다.
材料の組成を分析して、原因物質を特定した。,재료의 성분 구성을 분석해 원인 물질을 특정했다.
人口の粗密で、同じ市内でも雰囲気が変わる。,인구의 밀도 차이로 같은 시내라도 분위기가 달라진다.
休日には、読書や映画鑑賞などをしてリラックスした時間を過ごす。,휴일에는 독서나 영화 감상 따위를 하며 리랙스한 시간을 보낸다.
彼は都会を離れ、山あいの寒村で自給自足の生活を始めた。,그는 도시를 떠나 산골의 한 추운 작은 마을에서 자급자족 생활을 시작했다.
素手で触ると危ないので、手袋をしてください。,맨손으로 만지면 위험하니 장갑을 끼세요.
面接では素性を正直に話したほうがいい。,면접에서는 신상 정보를 솔직히 말하는 편이 좋다.
小さな挙措にまで気を配るのが、接客の基本だ。,작은 몸짓까지 신경 쓰는 것이 접객의 기본이다.
緊急措置として、駅の出入口が一時閉鎖された。,긴급 조치로 역 출입구가 일시 폐쇄됐다.
テストでびりでも、次に頑張ればいい。,시험에서 꼴찌를 해도 다음에 열심히 하면 된다.
砂糖は二倍入れずに、半分でいいよ。,설탕은 두 배로 넣지 말고 절반이면 돼.
朝起きて寝惚けていたせいで、洗顔フォームで歯を磨いてしまった。,"아침에 일어나 잠이 덜 깬 탓에, 폼 클렌징으로 이를 닦아 버렸다."
リモコンの乾電池を交換したら、ちゃんと動くようになった。,리모컨의 건전지를 갈았더니 제대로 작동하게 되었다.
週末は近郊の温泉までドライブした。,주말에는 근교 온천까지 드라이브했다.
トマトの苗を植木鉢に植え替えた。,토마토 모종을 화분에 옮겨 심었다.
ポイントが貯まる日にまとめて買う。,포인트가 쌓이는 날에 한꺼번에 산다.
彼女の明るい笑顔は、私の抱えていた不安を一瞬で吹き飛ばしてくれた。,"그녀의 밝은 미소는, 내가 안고 있던 불안을 한순간에 날려 버려 주었다."
冬になると、凍った池で子どもたちがスケートを楽しむ。,겨울이 되면 얼어붙은 연못에서 아이들이 스케이트를 즐긴다.
彼女は話し方も身なりもとても上品だ。,그녀는 말투도 차림새도 아주 고상하다.
会議の日時はメールでお知らせします。,회의 일시는 메일로 알려 드리겠습니다.
困難な状況でもユーモアを忘れないのが、いかにも彼らしい。,"곤란한 상황에서도 유머를 잊지 않는 것이, 정말이지 그다답다."
メールを放置すると、すぐに未読が溜まる。,메일을 방치하면 금세 미확인이 쌓인다.
毎度ご利用いただきありがとうございます。,매번 이용해 주셔서 감사합니다.
来客をもてなすために、最高級の茶葉と季節の菓子を用意した。,손님을 대접하기 위해 최고급 찻잎과 제철 과자를 준비했다.
ラストオーダーは２２時、閉店は２３時となっております。,"라스트 오더는 22시, 폐점은 23시입니다."
シリアルの上から冷たい牛乳をかけて食べるのが好きだ。,시리얼 위에 차가운 우유를 부어 먹는 것을 좋아한다.
はい、承りました。では１９時に３名様でお待ちしております。,"네, 알겠습니다(받들었습니다). 그럼 19시에 3분 기다리고 있겠습니다."
沖積層の上に建てるので、地盤調査を念入りに行った。,충적층 위에 짓는 거라 지반 조사를 꼼꼼히 했다.
川のそばに住まう人々は自然と共に暮らしている。,강가에 사는 사람들은 자연과 더불어 살고 있다.
元素周期表を見ながら、気体の反応を説明した。,원소 주기율표를 보며 기체 반응을 설명했다.
伯父は毎年、正月になると遊びに来る。,큰아버지는 매년 설이 되면 놀러 오신다.
ゴルフ場の芝は、完璧に手入れされていた。,골프장의 잔디는 완벽하게 관리되고 있었다.
この容器はプラスチックなので、軽くて扱いやすい。,이 용기는 플라스틱이라 가볍고 다루기 쉽다.
彼は古典の精神を祖述しつつ、新しい解釈を提案した。,그는 고전의 정신을 계승해 서술하면서 새로운 해석을 제안했다.
通信の阻害が発生し、オンライン会議が中断された。,통신 방해가 발생해 온라인 회의가 중단됐다.
雨の中、電柱にもたれて電話をかけている人がいた。,비 속에서 전신주에 기대어 전화를 하는 사람이 있었다.
お車でお越しの際は、店舗裏手の専用駐車場をご利用ください。,차로 오실 때는 점포 뒤편의 전용 주차장을 이용해 주십시오.
朝食の定番といえば、ふわふわの卵焼きだ。,"아침 식사의 정석이라고 하면, 푹신푹신한 계란말이다."
狙撃手は風を読み、一発で標的を仕留めた。,저격수는 바람을 읽고 한 발로 표적을 제압했다.
この映画は素材の良さを生かして、脚本が光った。,이 영화는 소재의 장점을 살려 각본이 빛났다.
職人の精緻な彫刻に見とれた。,장인의 정교한 조각에 넋을 잃고 바라봤다.
彼女は涙をこらえようとしたが、感情が言葉を阻んだ。,그녀는 눈물을 참으려 했지만 감정이 말을 가로막았다.
出発を一時間遅らして、雨が止むのを待とう。,출발을 한 시간 늦추고 비가 그치길 기다리자.
年末は租税と公租公課の支払いで頭が痛い。,연말엔 세금과 공과금 납부로 머리가 아프다.
お支払いは現金のみとなっております。クレジットカードは使えません。,지불은 현금만 가능합니다. 신용카드는 사용할 수 없습니다.
家族みんなで映画を見に行った。,온 가족이 영화를 보러 갔다.
彼は釈放されて放免となり、家に帰った。,그는 석방되어 풀려나 집으로 돌아갔다.
車をガソリンスタンドに寄せて給油した。,차를 주유소(스탠드)에 세우고 주유했다.
彼は自分の身の上を静かに語り始めた。,그는 자신의 신세를 조용히 이야기하기 시작했다.
砂糖入れの中身が空だったので、新しい砂糖を補充した。,"설탕 용기의 내용물이 비어 있어서, 새로운 설탕을 보충했다."
お風呂から上がって、パジャマに着替えた。,목욕을 마치고 파자마로 갈아입었다.
彼は成功した今も、昔住んでいたみすぼらしいアパートを忘れない。,그는 성공한 지금도 예전에 살던 초라한 아파트를 잊지 않는다.
環境汚染が進み、状況は悪化する一方だ。,환경 오염이 진행되어 상황은 악화되기만 한다.
真っ赤に熟したトマトを丸かじりする。,새빨갛게 익은 토마토를 통째로 베어 문다.
週末は福岡のテンジンで買い物と食事を楽しむ。,주말에는 후쿠오카의 텐진에서 쇼핑과 식사를 즐긴다.
壁の絵が少し斜めになって掛かっていて、気になって仕方がない。,벽에 걸린 그림이 약간 비스듬해서 자꾸 신경 쓰인다.
祖父はいつも身形をきちんと整えてから外出する。,할아버지는 언제나 단정한 차림새를 갖추고 외출하신다.
この町の祭りは、毎年少しずつ常繕されて今の形になった。,이 마을의 축제는 해마다 조금씩 손질되며 지금의 형태가 됐다.
厳密に言えば、その推定は条件付きだ。,엄밀히 말하면 그 추정은 조건부다.
申し訳ございませんが、その時間帯はあいにく満席となっております。,"죄송합니다만, 그 시간대는 공교롭게도 만석입니다."
温室の中は、冬でも暖かく、珍しい花が咲いていた。,온실 안은 겨울에도 따뜻해서 희귀한 꽃이 피어 있었다.
トーストをうっかり焦がしてしまった。,토스트를 깜빡해서 태워 버렸다.
交通網の発達で、この地域はぐっと便利になった。,교통망의 발달로 이 지역은 훨씬 편리해졌다.
山梨県は、美味しいぶどうの産地として有名だ。,야마나시현은 맛있는 포도 산지로 유명하다.
"５名で伺いたいのですが、個室を利用することは可能でしょうか。","5명이 가고 싶은데, 개별 룸을 이용하는 것이 가능할까요."
彼は「ここは天国みたいだ」と言って、美しい海を眺めていた。,그는 '여긴 천국 같다'라고 말하며 아름다운 바다를 바라보고 있었다.
砂を踏むと、「ざっ」と小さな音が足元から聞こえた。,모래를 밟자 '삿' 하는 작은 소리가 발밑에서 들려왔다.
宛先のフナヤマ様が転居されていたため、郵便物が戻ってきた。,"수신인 후나야마 님이 이사했기 때문에, 우편물이 되돌아왔다."
非常ベルが鳴って、彼は何をしていいか分からずまごまごしていた。,비상벨이 울리자 그는 어찌할 바를 몰라 허둥지둥했다.
私は二十のときに一人で東京へ出てきた。,나는 스무 살 때 혼자 도쿄로 상경했다.
近隣トラブルは、裁判ではなく調停で解決した。,이웃 분쟁은 재판이 아니라 조정(調停)으로 해결했다.
タイヤと路面の摩擦のおかげで車は止まることができる。,타이어와 노면의 마찰 덕분에 자동차는 멈출 수 있다.
応募は本日18時で締め切るのでご注意ください。,지원은 오늘 18시에 마감하니 유의해 주세요.
彼は地方から上京して出世した。,그는 지방에서 상경해 출세했다.
卒業アルバムを振り返って見ると、いろいろな思い出がよみがえる。,졸업 앨범을 되돌아보며 보면 여러 추억이 떠오른다.
からあげを3個お願いします。,가라아게를 3개 부탁합니다.
旅館の朝、女将が部屋まで配膳してくれた。,료칸 아침에 주인장이 방까지 음식을 날라 차려 주었다.
雨が続いて、川の水かさがいっそう増した。,비가 계속 내려 강물 수위가 더욱 늘어났다.
本の題名だけを見て、面白そうだと思って買ってしまった。,책 제목만 보고 재미있어 보인다고 생각해서 사 버렸다.
雑誌コーナーで最新号の雑誌を立ち読みした。,잡지 코너에서 최신호 잡지를 서서 읽었다.
この分子の構造は高校の授業で習った。,이 분자의 구조는 고등학교 수업에서 배웠다.
その城は、山の上にどっしりと構えていた。,그 성은 산 위에 묵직하게 자리 잡고 있었다.
展望台から夜の街を見下ろすと、無数の光がきらめいていた。,전망대에서 밤거리를 내려다보니 수많은 불빛이 반짝이고 있었다.
自分が間違っていたと、今になってつくづく思う。,내가 틀렸었다고 이제 와서 절실히 느낀다.
世界が一変したように感じた。,세상이 완전히 변한 것처럼 느꼈다.
掃除機では取り切れないダニや花粉を、強力に除去します。,"청소기로는 다 제거할 수 없는 진드기나 꽃가루를, 강력하게 제거합니다."
世界のニュースを毎朝チェックする。,세계 뉴스를 매일 아침 확인한다.
急な雨で傘を買うしかなかった。,갑작스러운 비에 우산을 살 수밖에 없었다.
雨が上がって空が一気に晴れると、虹が現れた。,비가 그치고 하늘이 금세 개이자 무지개가 나타났다.
昨夜、隣の家で盗難事件があったらしい。,어젯밤 옆집에서 도난 사건이 있었다고 한다.
彼の演技は、今まさにキャリアの頂点だと思う。,그의 연기는 지금이야말로 커리어의 정점이라고 생각한다.
電車の席を年寄りに譲った。,전철 자리를 노인에게 양보했다.
友達が家に帰れなくなったので、今夜はうちに泊めることにした。,"친구가 집에 못 가게 되어서, 오늘 밤은 우리 집에 재워 주기로 했다."
子どもが円いボールを追いかけて、庭を走り回っている。,아이 가 둥근 공을 쫓아 마당을 뛰어다니고 있다.
記念碑の前で写真を撮り、旅の終わりを実感した。,기념비 앞에서 사진을 찍으며 여행의 끝을 실감했다.
株の売買はリスクが高いことを理解しておくべきだ。,주식 매매는 리스크가 높다는 것을 이해해야 한다.
処世術を学ぶより、誠実でいたい。,처세술을 배우기보다 성실하고 싶다.
罷業に踏み切れば、生活は苦しくなるが声は届く。,파업에 들어가면 생활은 힘들어지지만 목소리는 닿는다.
このチャンスを逃すと、次回の入荷は未定となっております。,"이 기회를 놓치면, 다음번 입하는 미정으로 되어 있습니다."
熱帯雨林には、まだ知られていない多くの植物が存在する。,열대우림에는 아직 알려지지 않은 많은 식물이 존재한다.
砂漠には、サボテンのように乾燥に強い植物が生えている。,사막에는 선인장처럼 건조에 강한 식물이 자라고 있다.
届いたその日から、快適な睡眠ライフが始まります。,"도착한 그날부터, 쾌적한 수면 라이프가 시작됩니다."
大切な方への贈り物としても、大変喜ばれております。,"소중한 분께 드리는 선물로도, 매우 환영받고 있습니다."
地球の温暖化を防ぐために、再生可能エネルギーの導入が急務だ。,"지구의 온난화를 막기 위해, 재생 가능 에너지의 도입이 급선무다."
年齢確認のため、画面のボタンを押してください。,연령 확인을 위해 화면의 버튼을 눌러주세요.
雨で服が少し湿ってしまった。,비에 옷이 조금 젖어 버렸다.
最新の省エネ技術で、電気代を大幅にカットできます。,"최신 에너지 절약 기술로, 전기 요금을 대폭 삭감할 수 있습니다."
彼は海外支社の責任者を務めている。,그는 해외 지사의 책임자를 맡고 있다.
彼女はクラスで一番の美人だ。,그녀는 반에서 제일가는 미인이다.
庭に古い井戸が残っている。,정원에 오래된 우물이 남아 있다.
プロの料理人も愛用する、本格的な調理器具です。,"프로 요리사도 애용하는, 본격적인 조리 기구입니다."
お弁当のおかずが豊富で迷う。,도시락 반찬이 풍부해서 고민된다.
おしぼりはご自由にお取りください。,물수건은 자유롭게 가져가세요.
朝早く起きて、鏡の前でゆっくり化粧をした。,아침 일찍 일어나 거울 앞에서 천천히 화장을 했다.
この橋には設計上の欠陥が見つかった。,이 다리에는 설계상의 결함이 발견되었다.
旅行の様子をビデオに撮っておいた。,여행 모습을 비디오로 찍어 두었다.
オンラインショップで偽物をつかまされてしまった。,온라인 쇼핑몰에서 가짜를 잡게 돼 버렸다.
売り切れの表示が出たら、そこで販売終了となります。,"매진 표시가 나오면, 거기서 판매 종료가 됩니다."
部屋でステレオから静かな音楽が流れている。,방 안에서 스테레오에서 잔잔한 음악이 흘러나오고 있다.
そんな話、私は初耳だよ。,그런 얘기는 나 처음 듣는데.
魔法陣からドラゴンを召喚するゲームを友だちと楽しんだ。,마법진에서 드래곤을 소환하는 게임을 친구들과 즐겼다.
大学院への入学申請を済ませた。,대학원 입학 신청을 마쳤다.
恩師の教えを胸に、彼は夢を追いかけて新たな地へと旅立った。,"은사의 가르침을 가슴에 품고, 그는 꿈을 쫓아 새로운 땅으로 떠났다."
お会計はセルフレジでお願いします。,계산은 셀프 계산대에서 부탁합니다.
地震で水道管が破裂した。,지진으로 수도관이 파열되었다.
雨が激しくなってきたので、近くの民家の軒の下で雨宿りをした。,"비가 거세져서, 근처 민가 처마 밑에서 비를 피했다."
この町は盆地にあるため、夏はとても暑い。,이 마을은 분지에 있어서 여름에 무척 덥다.
気になるニオイを元から分解し、強力に消臭します。,"신경 쓰이는 냄새를 원천 분해하여, 강력하게 소취합니다."
"1000円札でお支払いします。","1000엔 지폐로 지불하겠습니다."
このくじは当たる気がして、当たりを引いた。,이 복권은 맞을 것 같아서 당첨을 뽑았다.
彼女は笑顔で本心を偽っていた。,그녀는 웃는 얼굴로 속마음을 숨기고 있었다.
花びら一枚一枚が繊細な花弁を観察した。,꽃잎 한 장 한 장 섬세한 화판을 관찰했다.
合格発表を見た瞬間、彼は意気揚々と両手を上げた。,합격 발표를 본 순간 그는 의기양양하게 양손을 들었다。
小銭がないので、お札で払います。,잔돈이 없어서 지폐로 내겠습니다.
雨に濡れた庭は、しっとりと落ち着いた雰囲気を醸し出していた。,비에 젖은 정원은 촉촉하고 차분한 분위기를 자아내고 있었다.
古い宮を改修して、地域の文化センターとして活用している。,오래된 궁을 개수하여 지역 문화 센터로 활용하고 있다.
お箸はご利用ですか？,젓가락은 필요하신가요?
朝の上り電車は通勤客でいつも混んでいる。,아침 상행 열차는 통근객으로 항상 붐빈다.
市井の声を拾うために街頭で取材した。,서민의 목소리를 듣기 위해 거리에서 취재했다.
油井の掘削が環境に与える影響を調べる。,유정 굴착이 환경에 미치는 영향을 조사한다.
春の野原で、きれいな蝶がひらひらと飛んでいた。,봄 들판에서 예쁜 나비가 팔랑팔랑 날고 있었다.
白鳥が美しく羽を広げ、静かな湖面から飛び立っていった。,백조가 아름답게 날개를 펴고 고요한 호수면에서 날아올랐다.
天井のシミが広がってきた。,천장의 얼룩이 번져 왔다.
セット内容は、本体、充電器、取扱説明書、そして保証書です。,"세트 내용은 본체, 충전기, 취급 설명서, 그리고 보증서입니다."
母はミシンで子どもたちの服を縫っている。,어머니는 재봉틀로 아이들 옷을 짓고 있다.
学術会議で最新の研究成果が発表された。,학술 회의에서 최신 연구 성과가 발표되었다.
その改正案は国会で是認されなかった。,그 개정안은 국회에서 승인되지 않았다.
新しい法律が施行されました。,새로운 법률이 시행되었습니다.
彼女は趣味で生け花を習っていて、玄関にはいつも季節の花が飾られている。,"그녀는 취미로 꽃꽂이를 배워서, 현관에는 늘 제철 꽃이 장식되어 있다."
近所のパン屋は毎朝いい匂いをさせている。,동네 빵집에서는 매일 아침 좋은 냄새가 난다.
毎朝、公園を散歩します。,"매일 아침, 공원을 산책합니다."
厚い雲が街に低く垂れ込み、昼間なのに薄暗い。,두꺼운 구름이 도시에 낮게 드리워져 한낮인데도 어둑어둑하다.
ライオンの鋭い牙は、獲物を捕らえるための強力な武器だ。,사자의 날카로운 송곳니는 사냥감을 잡기 위한 강력한 무기이다.
川でカワウソが石で貝を割って食べていた。,강에서 수달이 돌로 조개를 깨서 먹고 있었다.
面倒な下準備は一切不要、届いてすぐに調理できます。,"번거로운 밑준비는 일절 불필요, 도착해서 바로 조리할 수 있습니다."
ペットショップで鈴虫の美しい音色に癒された。,펫숍에서 방울벌레의 아름다운 소리에 힐링했다.
出棺のとき、参列者全員が静かに頭を下げた。,출관할 때 조문객 전원이 조용히 머리를 숙였다.
ご飯のおかずにはもちろん、お酒のおつまみにも最高です。,"밥 반찬으로는 물론, 술안주로도 최고입니다."
妹はちょっとしたことですぐに泣く、泣き虫だ。,여동생은 사소한 일로 금방 우는 울보다.
発表会で使う曲の楽譜を配った。,발표회에서 사용할 곡의 악보를 나눠 주었다.
四月から担当の先生が換わるそうです。,"4월부터 담당 선생님이 바뀐다고 합니다."
住民の多くが計画に反対し、その建設案を拒否した。,주민 대부분이 계획에 반대하여 그 건설안을 거부했다.
電源を入れるとすぐに暖まるので、寒い冬も快適です。,"전원을 켜면 금방 따뜻해지므로, 추운 겨울도 쾌적합니다."
娘は毎日バイオリンの練習に励んでいる。,딸은 매일 바이올린 연습에 힘쓰고 있다.
職人が一つ一つ手作業で仕上げた、こだわりの逸品です。,"장인이 하나하나 수작업으로 완성한, 정성이 깃든 일품입니다."
来週の会議の資料は、今週中に仕上げてください。,다음 주 회의 자료는 이번 주 안에 마무리해 주세요.
彼は部下の失敗に寛大で、いつも次のチャンスを与える。,그는 부하의 실수에 관대해서 항상 다음 기회를 준다.
昨夜あまり眠れなかったので、一日中あくびばかりしている。,어젯밤 별로 못 자서 하루 종일 하품만 하고 있다.
この工場では輸入した原料を使って製品を作っている。,이 공장에서는 수입한 원료로 제품을 만들고 있다.
怖い話を聞いて、腕に鳥肌が立った。,무서운 이야기를 듣고 팔에 소름이 돋았다.
京都には歴史的な建物がたくさん残っています。,교토에는 역사적인 건물이 많이 남아있습니다.
医者に診察してもらうために病院へ行った。,의사에게 진찰받기 위해 병원에 갔다.
民俗学の授業で昔話を読んだ。,민속학 수업에서 옛이야기를 읽었다.
凶刃に倒れたというニュースに言葉を失った。,흉기에 쓰러졌다는 뉴스에 말을 잃었다.
誰かが私の噂をしているのか、くしゃみが出た。,누군가 내 소문을 하는 건지 재채기가 나왔다.
特殊なコーティングにより、傷がつきにくく耐久性も抜群です。,"특수 코팅으로 인해, 흠집이 잘 나지 않고 내구성도 발군입니다."
店の前で「いらっしゃい」という呼び声が聞こえる。,가게 앞에서 “어서 오세요”라는 호객 소리가 들린다.
合図とともに一斉に走り出した。,신호와 함께 일제히 달리기 시작했다.
幼い王に代わり摂政が国を治めた。,어린 왕을 대신해 섭정이 나라를 다스렸다.
検査の結果、すべて正常でした。,"검사 결과, 모든 것이 정상이었습니다."
"21世紀は情報技術の世紀だ。","21세기는 정보 기술의 세기이다."
彼女は英語だけでなくフランス語にも堪能だ。,그녀는 영어뿐 아니라 프랑스어에도 능통하다.
俳句には季節の言葉を入れるのが一般的だ。,하이쿠에는 계절을 나타내는 말을 넣는 것이 일반적이다。
彼は政に身を置き、改革を志した。,그는 정사(정치)에 몸담아 개혁을 뜻했다.
配列の順番を変えると結果も変わります。,배열 순서를 바꾸면 결과도 달라집니다.
朝の忙しい時間でも、わずか１０秒でセット完了です。,"아침 바쁜 시간에도, 불과 10초 만에 세팅 완료입니다."
クイズ番組でついに正解を出した。,퀴즈 프로그램에서 드디어 정답을 맞혔다.
熱いお茶をこぼして、手にやけどをした。,뜨거운 차를 엎질러서 손에 화상을 입었다.
コンパクトに折りたためるので、収納場所にも困りません。,"콤팩트하게 접을 수 있어서, 수납장소도 걱정 없습니다."
玄関で靴を脱いでスリッパに履き替えてください。,현관에서 신발을 벗고 슬리퍼로 갈아 신어 주세요.
小さな命を慈しむ気持ちを大切にしたい。,작은 생명을 아끼는 마음을 소중히 하고 싶다.
失敗が続いて立つ瀬がなくなった。,실패가 이어져 설 자리가 없어졌다.
資料は直接メールで送ってください。,자료는 직접 이메일로 보내 주세요.
契約書に署名して、控えを受け取った。,계약서에 서명하고 사본을 받았다.
今回のセミナーには専門家を講師として招いた。,이번 세미나에는 전문가를 강사로 초청했다.
彼の作品は、現代芸術の最高峰と評価されています。,그의 작품은 현대 예술의 최고봉으로 평가받고 있습니다.
祭りで騎馬武者の行列がゆっくりと通り過ぎた。,축제에서 기마 무사의 행렬이 천천히 지나갔다.
このイベントは学生の自主的な活動として行われる。,이 행사는 학생들의 자주적인 활동으로 진행된다.
高級ホテルで使われている枕と、同じ素材を使用しています。,고급 호텔에서 사용되는 베개와 같은 소재를 사용하고 있습니다.
この一台で、「刻む・混ぜる・潰す」の３役をこなします。,"이 한 대로, '다지기·섞기·으깨기'의 3가지 역할을 해냅니다."
夏の朝、庭の木でセミが羽化する瞬間を子どもと一緒に観察した。,여름 아침에 마당 나무에서 매미가 우화하는 순간을 아이와 함께 관찰했다.
浅瀬に小魚が群れていた。,얕은 여울에 작은 물고기들이 떼 지어 있었다.
彼は友人のために、新しい仕事の斡旋に尽力した。,그는 친구를 위해 새로운 일자리를 알선하는 데 힘썼다.
そんなことを言ったら立つ瀬がない。,그런 말을 하면 설 자리가 없다.
この文の述語はどれですか。,이 문장의 술어는 어느 것입니까?
判決に異議がある場合は、期間内에控訴しなければならない。,판결에 이의가 있을 경우 기한 내에 항소해야 한다.
一寸先は闇だと思って備える。,한 치 앞은 어둠이라 생각하고 대비한다.
彼の才能は躍如としていて、誰もが認めた。,그의 재능은 약여하여(뚜렷하여) 모두가 인정했다.
正月に一族が集まった。,설날(정월)에 일가가 모였다.
数量限定のため、お一人様３点限りとさせていただきます。,"수량 한정이기 때문에, 1인당 3개까지만 구매 가능합니다."
困ったときは、遠慮せず助けを求めて。,곤란할 때는 사양 말고 도움을 구해.
思い出の瀬で釣り糸を垂らした。,추억의 여울에서 낚싯줄을 드리웠다.
彼の無責任な態度に、むかむか腹が立った。,그의 무책임한 태도에 부글부글 화가 났다.
口の中でとろけるような食感と、濃厚な旨味が特徴です。,"입안에서 살살 녹는 듯한 식감과, 농후한 감칠맛이 특징입니다."
純粋な気持ちでボランティアに参加した。,순수한 마음으로 봉사 활동에 참가했다.
今月は予想外の出費が多くて貯金ができなかった。,이번 달은 예기치 못한 지출이 많아서 저축을 못 했다.
子犬が庭で落ち葉と戯れている。,강아지가 마당에서 낙엽과 장난치고 있다.
富士山の裾野まで雲が流れていた。,후지산 산기슭까지 구름이 흘러가고 있었다.
カブトムシの幼虫を土から掘り出して、観察ノートに描いた。,장수풍뎅이 유충을 흙에서 꺼내 관찰 노트에 그렸다.
スマートフォンは瞬く間に世界中に普及し、人々の生活様式を大きく変えた。,스마트폰은 순식간에 전 세계에 보급되어 사람들의 생활 방식을 크게 바꾸어 놓았다.
リスが木の実を地面に隠している。,다람쥐가 나무 열매를 땅에 숨기고 있다.
寸暇があれば本を開く。,잠깐 시간이 나면 책을 펼친다.
寸法が合わずに机が入らなかった。,치수가 맞지 않아 책상이 들어가지 않았다.
深呼吸をして、新鮮な空気を肺いっぱいに吸い込んだ。,심호흡을 해서 신선한 공기를 폐 가득 들이마셨다.
荷物を軽く放ってしまい、箱がへこんだ。,짐을 가볍게 던져버려 상자가 찌그러졌다.
その村では古くから山の神への信仰が受け継がれている。,그 마을에서는 예로부터 산신에 대한 신앙이 이어져 내려오고 있다.
子どもの頃の願いがようやく叶った。,어린 시절의 소원이 드디어 이루어졌다。
子どもたちの無邪気な笑い声が庭に響いている。,아이들의 천진난만한 웃음소리가 마당에 울려 퍼진다.
私は彼を人生の師として仰いでいる。,나는 그를 인생의 스승으로 우러러보고 있다.
この部屋はすぐに人で埋まってしまうだろう。,이 방은 금방 사람들로 가득 차 버릴 것이다.
企画の草案を共有フォルダに入れて、意見を集めた。,기획 초안을 공유 폴더에 넣고 의견을 모았다.
杉並木を抜けると神社が見えた。,삼나무 가로수길을 지나면 신사가 보였다.
裾野が広い競技ほど選手層が厚い。,저변(활동 기반)이 넓은 종목일수록 선수층이 두껍다.
危険なサメがいる海域では泳いではいけない。,위험한 상어가 있는 해역에서는 수영하면 안 된다.
それは信じ難いほどの出来事だった。,그것은 믿기 어려울 정도의 사건이었다.
自分のペースで走ればいいよ。,자기 페이스로 달리면 돼.
裾を踏まないように着物を持ち上げた。,기모노 자락을 밟지 않게 들어 올렸다.
賑やかな音楽に紛れて外の騒音が気にならない。,시끄러운 음악에 묻혀 밖의 소음은 신경 쓰이지 않는다.
茶色の熊のぬいぐるみを持っている。,갈색 곰인형을 가지고 있다.
覚悟が据わった表情をしていた。,각오가 선 표정을 하고 있었다.
豆は水に浸してからゆっくり煮る。,콩은 물에 불린 뒤 천천히 끓인다.
油を使わなくても食材がくっつかない、魔法のようなフライパンです。,"기름을 쓰지 않아도 식재료가 들러붙지 않는, 마법 같은 프라이팬입니다."
神社の壁には古い弓矢が奉納されている。,신사 벽에는 오래된 활과 화살이 봉납되어 있다.
家に宿題を忘れてしまった。,집에 숙제를 잊고 와버렸다.
息子の大学合格祝いに家族で食事をした。,아들의 대학 합격 축하로 가족과 함께 식사했다.
この広い地球で君に出会えたのは奇跡だ。,이 넓은 지구에서 너를 만난 건 기적이야.
海岸で子どもたちが色とりどりの貝殻を拾っている。,해변에서 아이들이 알록달록한 조개껍데기를 줍고 있다.
大雪で交通が麻痺して、電車がほとんど動いていない。,폭설로 교통이 마비되어 기차가 거의 움직이지 않는다.
杉が花粉を飛ばす季節になった。,삼나무가 꽃가루를 날리는 계절이 됐다.
あめが ふってきた。かさを さそう。,비가 내리기 시작했다. 우산을 쓰자.
この靴は履いた瞬間の据わりがいい。,이 신발은 신는 순간 착용감이 안정적이다.
自己啓発の本を山ほど読んでも、行動しなければ現実は変わらない。,"자기 계발서를 산더미처럼 읽어도, 행동하지 않으면 현실은 바뀌지 않는다."
浜辺で色とりどりの貝を拾って子どもたちが喜んでいた。,해변에서 알록달록한 조개를 주우며 아이들이 즐거워했다.
ピアノの月謝を毎月きちんと払っている。,피아노 수업료를 매달 꼬박꼬박 내고 있다.
工事現場の音は、とてもうるさい。,공사 현장 소리는 매우 시끄럽다.
来月の上旬に新しいプロジェクトが始まる予定だ。,다음 달 상순에 새로운 프로젝트가 시작될 예정이다.
金利・手数料はすべて当社が負担いたします。,금리와 수수료는 모두 당사가 부담하겠습니다.
裏庭には、雨ざらしで錆びて朽ちた自転車が放置されている。,뒷마당에는 비를 맞아 녹슬고 썩어버린 자전거가 방치되어 있다.
驚きの吸引力で、カーペットの奥のゴミまで逃しません。,"놀라운 흡입력으로, 카펫 깊숙한 곳의 먼지까지 놓치지 않습니다."
けが人が出たため、すぐに緊急通報をして救急車を呼んだ。,부상자가 나서 즉시 긴급 신고를 하고 구급차를 불렀다.
オペレーターが増員して待機しております。今すぐお電話を！,상담원을 증원하여 대기하고 있습니다. 지금 바로 전화를!
この椅子は座り心地が良くて腰が据わる。,이 의자는 앉기 편해서 허리가 안정된다.
世が明けて、新しい仕事が始まった。,해가 바뀌어 새로운 일이 시작됐다.
この映画は本当に傑作だと思う。,이 영화는 정말 걸작이라고 생각한다.
机の上でお絵かきしよう。,책상 위에서 그림 그리자.
世に出る前の試作品を触らせてもらった。,세상에 나오기 전의 시제품을 만져 보게 됐다.
館内では携帯電話の電源をお切りくださいとアナウンスが流れた。,관내에서는 휴대전화 전원을 꺼 달라는 안내 방송이 나왔다.
ロープの緩みが原因で、テントが一晩中揺れていた。,로프가 느슨해져서 텐트가 밤새 흔들렸다.
試験前なので、図書館の自習室は学生でいっぱいだ。,시험을 앞두고 있어서 도서관 자습실은 학생들로 가득하다.
ＳＮＳ上の匿名の言葉は、人を傷つけ易い刃にもなりうることを忘れてはならない。,SNS상의 익명 발언은 사람을 쉽게 상처내는 칼날이 될 수 있음을 잊어서는 안 된다。
喧嘩したけど、すぐに仲直りした。,싸웠지만 바로 화해했다.
手すりが凍り付くほど寒い朝だった。,난간이 얼어붙을 만큼 추운 아침이었다.
安価な輸入品が市場を席巻している。,값싼 수입품이 시장을 휩쓸고 있다.
古い橋脚のひび割れを修繕して、通行止めが解除された。,낡은 교각의 균열을 수리해서 통행금지가 해제됐다.
うまの せなかに のってみたい。,말의 등에 타보고 싶다.
メーカー希望小売価格から、驚きの５０％オフでご提供します。,"제조업체 희망 소비자가격에서, 놀라운 50% 할인으로 제공해 드립니다."
次回の試合は、来週の土曜日に生中継でお送りします。,"다음 시합은, 다음 주 토요일에 생중계로 보내드립니다."
明日は学校でお歌を歌うんだ。,내일은 학교(유치원)에서 노래를 부를 거야.
彼は狡い手を使って競争相手を負かした。,그는 교활한 수를 써서 경쟁 상대를 이겼다.
体裁ばかり気にして本音を言わないのはよくない。,체면만 신경 쓰고 속마음을 말하지 않는 것은 좋지 않다.
彼は私を疎んじている気がして、話しかけにくい。,그가 나를 멀리하는 것 같아 말을 걸기 어렵다.
価格は当面据え置く方針です。,가격은 당분간 동결 방침입니다.
部長を新しい責任者に据える。,부장을 새 책임자로 앉히다(임명하다).
両チームのサポーターが、声を枯らして応援合戦を繰り広げています。,"양 팀의 서포터가, 목이 쉬도록 응원전을 펼치고 있습니다."
設備投資を据え置く判断をした。,설비투자를 동결하기로 판단했다.
公の財を私物化するような不祥事は、民主主義そのものへの背信行為である。,공적 재산을 사유화하는 불상사는 민주주의 그 자체에 대한 배신 행위다.
このワインは果実の味わいが豊かだ。,이 와인은 과일 풍미가 풍부하다.
焼きたてのクッキーをお皿に並べた。,갓 구운 쿠키를 접시에 늘어놓았다.
今日はお気に入りのスカーフを巻いて出かけた。,오늘은 좋아하는 스카프를 두르고 외출했다.
その態度は疎ましいから、やめてくれない？,그 태도는 눈살이 찌푸려지니까 그만해 줄래?
財布に一万円札が一枚だけ残っていた。,지갑에 1만 엔 지폐가 한 장만 남아있었다.
みんなで遊ぶと楽しいね！,다 함께 놀면 즐겁네!
幼稚園の発表会で子どもたちが木琴を楽しそうに叩いている。,유치원 발표회에서 아이들이 신나게 목금을 두드리고 있다.
今日から離乳食を始めました。,오늘부터 이유식을 시작했습니다.
いぬが ワンワンと ほえているよ。,강아지가 멍멍 짖고 있어.
書類は郵送でお送りいたします。,서류는 우편 발송으로 보내 드리겠습니다.
雪道に足跡が一直線に続いていた。,눈길에 발자국이 일직선으로 이어져 있었다.
合格の吉報がメールで届いた。,합격의 길보가 메일로 도착했다.
紙を折って、鶴を作った。,종이를 접어 학을 만들었다.
レントゲンで脊椎のゆがみを確認した。,엑스레이로 척추의 휘어짐을 확인했다.
千円でお釣りが足りるか、レジで数え直した。,천 엔으로 거스름돈이 맞는지 계산대에서 다시 세어 봤다.
彼は愛玩用の小さな犬を家族のように可愛がっている。,그는 애완용 작은 개를 가족처럼 귀여워한다.
道に迷って、同じ場所をうろうろ歩き回った。,길을 잃어서 같은 곳을 우왕좌왕 걸어 다녔다.
線路の近くでは写真を撮らないでください。,선로 근처에서는 사진을 찍지 마세요.
床一面に玩具が散らばっていて、歩くたびにカラカラと音がした。,바닥 전체에 장난감이 흩어져 있어 걸을 때마다 달그락 소리가 났다.
優勝が決まった瞬間、選手たちはマウンドに駆け寄りました。,"우승이 결정된 순간, 선수들은 마운드로 달려갔습니다."
「ありがとう」とちゃんと言えて、ママは感動した。,고마워라고 제대로 말할 수 있어서 엄마는 감동했다.
喧嘩の後は、ちゃんと仲直りできた。,싸운 뒤에는 제대로 화해했다.
失敗したからといって、彼を責めることはない。,실패했다고 해서 그를 탓할 것은 없다.
はさみを使うときは気をつけて。,가위를 사용할 때는 조심해.
相手の弱点を徹底的に攻める、冷徹な作戦勝ちです。,"상대의 약점을 철저하게 공략하는, 냉철한 작전승입니다."
木陰で小鳥が憩う様子を、子どもたちが静かに眺めている。,나무 그늘에서 쉬고 있는 작은 새들을 아이들이 조용히 바라보고 있다.
古い寺には色あせた僧の衣が今も残っている。,오래된 절에는 빛바랜 승려의 옷이 지금도 남아 있다.
受験生たちは合格祈願の絵馬を神社に奉納した。,수험생들은 합격 기원을 적은 에마를 신사에 봉납했다.
祖母の染め物は色合いが深く、長く使っても飽きない。,할머니의 염색 천은 색감이 깊어 오래 써도 질리지 않는다.
最近は夜食をやめたら、少し痩せた。,최근 야식을 끊었더니 조금 살이 빠졌다.
彼は危ういところで崖から落ちずに済んだ。,그는 아슬아슬하게 절벽에서 떨어지지 않고 무사했다.
葬儀の間、雨音だけが静かに響いていた。,장례식 동안 빗소리만 조용히 울렸다.
解説席も興奮を隠しきれません、とんでもないことが起きました！,"해설석도 흥분을 감추지 못합니다, 터무니없는 일이 벌어졌습니다!"
川辺に無数の蛍が舞い、子どもたちは息をのんでその光を追いかけた。,강가에 셀 수 없이 많은 반딧불이가 날아다니자 아이들은 숨을 죽이고 그 빛을 따라갔다.
ペットショップで新しい猫用フードを試しに買ってみた。,애완동물 가게에서 고양이용 새 사료를 시험 삼아 사 보았다.
「おはよう！」と元気な声で、朝の挨拶をしてくれた。,좋은 아침!이라고 활기찬 목소리로 아침 인사를 해주었다.
舞台で拍手を浴びて、役者冥利に尽きた。,무대에서 박수를 받아 배우로서 더할 나위 없었다.
賛成の人は挙手してください。,찬성하시는 분은 손을 들어 주세요.
彼は欲張りで、何でも自分のものにしようとする。,그는 욕심이 많아서 뭐든지 자기 것으로 만들려 한다.
戦後、人々は挙国一致で復興に取り組んだ。,전후에 사람들은 국민이 한마음이 되어 복구에 힘썼다.
船頭が櫓を操って川を渡った。,뱃사공이 노를 저어 강을 건넜다.
犯人を特定する決定的な証拠が見つかった。,범인을 특정할 결정적인 증거가 발견되었다.
寝坊してしまい、会社に大遅刻してしまった。,늦잠을 자 버려 회사에 크게 지각하고 말았다.
契約の重要な箇条をもう一度読み直した。,계약의 중요한 조항을 다시 한 번 읽어보았다.
春になると、桜の花が咲く。,봄이 되면 벚꽃이 핀다.
塩分の摂り過ぎなど、過剰なダイエット情報に惑わされないで。,염분 과다 섭취 등 과도한 다이어트 정보에 휘둘리지 마.
相手の動きを先読みし、パスカットに成功しました。,"상대의 움직임을 미리 읽고, 패스 차단에 성공했습니다."
そんなにネガティブに考えず、まずやってみようよ。,그렇게 부정적으로만 생각하지 말고 우선 해 보자.
二人は遠距離恋愛で愛情をゆっくり育んだ。,두 사람은 장거리 연애로 사랑을 천천히 키워 왔다.
私が言いたいことは、これで以上です。,제가 말하고 싶은 것은 이것으로 이상입니다.
新人監督が舞台に登壇し、受賞スピーチをした。,신인 감독이 무대에 올라 수상 소감을 말했다.
新しい規則に対して社員の反発が強まっている。,새로운 규정에 대해 직원들의 반발이 거세지고 있다.
騒動の発端は一通の匿名メールだった。,소동의 발단은 한 통의 익명 이메일이었다.
高層ビルの最上階から街を見下ろした。,고층 빌딩 최상층에서 도시를 내려다봤다.
彼は大した準備もせずに、本番の試験に臨んだ。,그는 별다른 준비도 하지 않고 본 시험에 임했다.
店員の愛想がよくて、つい長居してしまった。,점원의 싹싹함이 좋아서 나도 모르게 오래 머물렀다.
お店でパンを売っている。,가게에서 빵을 팔고 있다.
レジでお釣りを数える。,계산대에서 거스름돈을 센다.
この地域は昔から地震が多い。,이 지역은 예전부터 지진이 많다.
ゆきが ふってきた！ゆきだるま つくろう！,눈이 내리기 시작했다! 눈사람 만들자!
夏休みに海へ泳ぎに行った。,여름방학에 바다에 수영하러 갔다.
祖母は今でも数え年で話す。,할머니는 지금도 세는나이로 말한다.
星を一つずつ数えると眠くなる。,별을 하나씩 세면 졸려진다.
数が少ないうちに席を取ろう。,수가 적을 때 자리를 잡자.
完全に相手のペースに巻き込まれ、自分たちのプレーができていません。,"완전히 상대의 페이스에 휘말려, 자신들의 플레이를 하지 못하고 있습니다."
監督の采配が的中し、交代選手が貴重な追加点を挙げました。,"감독의 용병술이 적중하여, 교체 선수가 귀중한 추가점을 올렸습니다."
今日はうんと練習したから、きっと明日は上手くなる。,오늘은 엄청 연습했으니까 분명 내일은 더 잘하게 될 거야.
景気刺激策の効果は時間とともに逓減していく。,경기부양책의 효과는 시간이 갈수록 체감(逓減)해 간다.
お昼ご飯におにぎりを食べた。,점심으로 주먹밥을 먹었다.
観客の手拍子に乗って、軽快なステップを踏んでいます。,"관객의 박자에 맞춰, 경쾌한 스텝을 밟고 있습니다."
エースの意地とプライドがぶつかり合う、名勝負となりました。,"에이스의 오기와 자존심이 부딪치는, 명승부가 되었습니다."
南の島は暖かくて果物がおいしい。,남쪽 섬은 따뜻하고 과일이 맛있다.
このソフトは汎用の形式で出力できる。,이 소프트웨어는 범용 형식으로 출력할 수 있다.
積み木で遊ぶの、楽しいな。,"블록 쌓기 놀이, 재밌다."
駅のエスカレーターが故障していた。,역의 에스컬레이터가 고장 나 있었다.
この画家は現代日本を代表する巨匠の一人だ。,이 화가는 현대 일본을 대표하는 거장 중 한 명이다.
巻末の索引を使って知りたい用語を探す。,책 맨 뒤의 색인을 이용해 알고 싶은 용어를 찾는다。
忙しい時に限って風邪を引くものだ。,바쁠 때일수록 감기에 걸리기 마련이다.
朝ごはんに卵を一つ食べました。,아침밥으로 달걀을 하나 먹었습니다.
小さな喫茶店で雨宿りした。,작은 찻집에서 비를 피했다。
バスの中で若者が立ち上がり、老人に席を譲った。,버스 안에서 한 젊은이가 일어나 노인에게 자리를 양보했다.
公園では、子どもたちが楽しそうに拳法の型を練習している。,공원에서는 아이들이 즐겁게 권법 품새를 연습하고 있다.
ご冥福をお祈り申し上げます。,고인의 명복을 빕니다.
兄弟で遺産を争うのは悲しい。,형제끼리 유산을 다투는 건 슬프다.
太陽は東の空からのぼる。,태양은 동쪽 하늘에서 뜬다.
春になって苗から双葉が顔を出した。,봄이 되자 싹에서 떡잎이 고개를 내밀었다.
太陽は西の空にしずむ。,태양은 서쪽 하늘로 진다.
筋骨隆々とした警備員が入口に立っている。,근골이 우람한 경비원이 입구에 서 있다.
この会社は精密機械を製造している。,이 회사는 정밀 기계를 제조하고 있다.
日曜の午後、公園では子どもたちがボール遊びをしていた。,"일요일 오후, 공원에서는 아이들이 공놀이를 하고 있었다."
会社を設立する前に、定款の内容を弁護士と確認した。,회사를 설립하기 전에 정관 내용을 변호사와 확인했다.
彼は歴代天皇の系図をノートに写している。,그는 역대 천황의 계보를 노트에 옮겨 적고 있다.
彼は毎朝の筋トレで全身の筋肉を鍛えている。,그는 매일 아침 근력 운동으로 온몸의 근육을 단련하고 있다.
停電の原因は近くに落ちた落雷だった。,정전의 원인은 근처에 떨어진 낙뢰였다.
母に電話して近況を報告した。,어머니께 전화해서 근황을 전했다.
暖炉の火がぱちぱちと音を立てている。,벽난로의 불이 타닥타닥 소리를 내고 있다.
チームの司令塔として、的確な指示を出し続けています。,"팀의 사령탑으로서, 정확한 지시를 계속 내리고 있습니다."
ビデオ判定の結果、ボールはラインを割っていないことが確認されました。,"비디오 판독 결과, 공은 라인을 넘지 않은 것이 확인되었습니다."
その戦いはまだ終わっていない。,그 싸움은 아직 끝나지 않았다.
あわあわのお風呂、気持ちいいね。,"거품 목욕, 기분 좋다."
会場の人数を先に把握しておく。,행사장의 인원수를 먼저 파악해 둔다.
勤務の年数が十年を超えた。,근무 연수가 10년을 넘었다.
東の空から太陽が昇る。,동쪽 하늘에서 해가 뜬다.
風邪をひいたので、病院に行った。,감기에 걸려서 병원에 갔다.
彼女は女性史の観点から近代化を研究している。,그녀는 여성사 관점에서 근대화를 연구하고 있다.
毎日欠かさず勉強している姿には感心させられる。,매일 빠짐없이 공부하는 모습에는 감탄하게 된다.
固いパンを少し齧ると、香ばしい香りが広がった。,딱딱한 빵을 살짝 베어 물자 고소한 향이 퍼졌다.
産地直送の白桃を冷やして、食後に切り分けた。,산지 직송 백도를 차게 해서 식후에 썰어 먹었다。
数が合わないレシートを見つけた。,수가 맞지 않는 영수증을 찾았다.
その石碑には戦没者の名前がぎっしり刻まれている。,그 비석에는 전몰자의 이름이 빼곡히 새겨져 있다.
年賀状の表には大きく「謹賀新年」と印刷されていた。,연하장 앞면에는 ‘근하신년’이라는 글자가 크게 인쇄되어 있었다.
年数が経つほど味が出る家具だ。,연수가 지날수록 멋이 나는 가구다.
強風の影響で、ボールの軌道が大きく変化しています。,"강풍의 영향으로, 공의 궤도가 크게 변화하고 있습니다."
くもが すを はっている。,거미가 집을 치고 있다.
在庫の数量を毎朝確認する。,재고 수량을 매일 아침 확인한다.
このサーバーが社内ネットワークの中枢だ。,이 서버가 사내 네트워크의 중추다.
彼女は偶像を崇拝する気持ちが理解できない。,그녀는 우상을 숭배하는 마음을 이해하지 못한다.
授業中なのに、眠くなってきた。,수업 중인데 졸려왔다.
日本の国会は二つの議院から成り立っている。,일본 국회는 두 개의 의원으로 이루어져 있다.
速度違反で警察に止められた。,과속 위반으로 경찰에게 제지당했다.
自分の意見をはっきり言う。,자신의 의견을 확실히 말한다.
気候変動がこの島国の暮らしそのものを静かに脅かしている。,기후 변화가 이 섬나라의 삶 자체를 조용히 위협하고 있다.
恩師の薫陶を受け、研究の道に進んだ。,은사의 훈도를 받아 연구의 길로 나아갔다。
初夢に見ると縁起が良いとされる「一富士二鷹三茄子」の話を聞いた。,첫꿈에 보면 길하다고 하는 ‘일후지 이타카 산나스비’ 이야기를 들었다.
自販機のために小銭を用意しておく。,자판기를 위해 잔돈을 미리 준비해 둔다.
院内での大声の会話は控えてください。,원내에서는 큰 소리로 대화하는 것을 삼가 주세요.
トップ集団から抜け出し、独走状態でゴールテープを切りました！,"선두 집단에서 빠져나와, 독주 상태로 결승 테이프를 끊었습니다!"
午後になるとビルの影で通りが急に陰る。,오후가 되면 빌딩 그림자 때문에 거리가 갑자기 어두워진다.
夏は帽子をかぶって外に出る。,여름에는 모자를 쓰고 밖에 나간다.
お姉さんはピアノを弾くのが上手です。,누나는 피아노를 잘 칩니다.
大丈夫、みんなで力を合わせれば、きっと乗り越えられる。,"괜찮아, 모두가 힘을 합치면 분명히 이겨낼 수 있어."
スタンドからは、割れんばかりの拍手が送られています。,"스탠드에서는, 떠나갈 듯한 박수가 쏟아지고 있습니다."
人の命は何よりも貴い。,인간의 생명은 무엇보다도 귀하다.
山中で行方不明者が出て、警察と消防が捜索に入った。,산중에서 실종자가 나와 경찰과 소방이 수색에 들어갔다.
山の神様に感謝して、春と秋に山の入り口で祭りを行う。,산신께 감사하며 봄과 가을에 산 입구에서 제를 지낸다.
彼女は社会のために貴い働きをしている。,그녀는 사회를 위해 고귀한 일을 하고 있다.
隣の部屋が騒がしいと、集中して読書できない。,옆방이 시끄러우면 집중해서 독서할 수 없다.
道に迷って困ってしまった。,길을 잃어서 곤란해졌다.
古い家では、台所の隅にかまどの神様を祀る小さな祠がある。,옛 집에는 부엌 한쪽에 부뚜막 신을 모시는 작은 사당이 있다.
ジェットコースターは高いところが怖い人には無理だ。,롤러코스터는 높은 곳을 무서워하는 사람에게는 무리다.
使ったものは元の場所に返す。,쓴 물건은 원래 장소에 돌려놓는다.
いつも元気に挨拶する子だ。,언제나 활기차게 인사하는 아이다.
子どものころ、この谷は自分だけの桃源郷だと本気で信じていた。,어렸을 때 이 골짜기는 나만의 도원경이라고 진심으로 믿고 있었다.
大切なものを失って初めて、その価値に気づくんだ。,소중한 것을 잃고 나서야 비로소 그 가치를 깨닫는 거야.
彼女の感受性の鋭さにはいつも驚かされる。,그녀의 감수성의 예리함에는 늘 놀란다.
戦後の窮乏生活について祖母からよく聞かされた。,전후의 궁핍한 생활에 대해 할머니께 자주 들었다.
縁側で祖父が村に伝わることわざを教えてくれた。,툇마루에서 할아버지가 마을에 전해 내려오는 속담을 알려 주었다.
彼は責任ある答えをのらりくらりと避け続けた。,그는 책임 있는 대답을 뺀질뻰질 피하기만 했다。
舞台の上で操り人形が踊り、客席から拍手が起こった。,무대 위에서 꼭두각시 인형이 춤추자 객석에서 박수가 터졌다.
この新しいパソコンは非常に性能が高い。,이 새로운 컴퓨터는 매우 성능이 높다.
川に映り込んだ夜景が幻想的だった。,강에 비친 야경이 환상적이었다.
持ち味である粘り強い守備で、相手のミスを誘っています。,"장점인 끈질긴 수비로, 상대의 실수를 유도하고 있습니다."
机の上に本が置いてある。,책상 위에 책이 놓여 있다.
仕事に疲れた週末には、この山奥の温泉街が小さな桃源郷になる。,일에 지친 주말에는 이 산속 온천 마을이 작은 도원경이 된다.
退職したら、夫婦で海辺の桃源郷を見つけてゆっくり暮らしたい。,은퇴하면 부부가 함께 바닷가의 도원경을 찾아 느긋하게 살고 싶다.
図書館で本を借りる。,도서관에서 책을 빌린다.
物語の骨だけを先に決めてから、細かい場面を作り込んでいく。,"이야기의 골격만 먼저 정해 두고, 세부 장면을 만들어 간다."
文を読んで、質問に答える。,문장을 읽고 질문에 답한다.
この試験は内容の割に難易が高いと言われている。,이 시험은 내용에 비해 난이도가 높다고 불린다.
彼は初心者にも分かるように易しい言葉で説明してくれた。,그는 초보자도 이해할 수 있도록 쉬운 말로 설명해 주었다.
仲間たちと酒を飲み、よいよいと陽気に騒いだ。,"동료들과 술을 마시며, 좋구나 좋아 하고 흥겹게 떠들었다."
SNSの投稿が一晩で激増し、炎上の兆しが見えた。,"SNS 게시물이 하룻밤 사이 급증해, 논란 조짐이 보였다."
優勝へのプレッシャーがかかる場面で、見事な集中力を見せました。,"우승에 대한 압박감이 걸리는 장면에서, 훌륭한 집중력을 보여주었습니다."
阿吽の呼吸でパスを回し、相手ディフェンスを翻弄しています。,"아운의 호흡(찰떡 호흡)으로 패스를 돌리며, 상대 수비를 농락하고 있습니다."
冬になると、寒い日が続く。,겨울이 되면 추운 날이 이어진다.
夕方になったので、家に帰る。,저녁이 되어서 집으로 돌아간다.
今日中にこのレポートを仕上げるつもりだ。,오늘 중으로 이 리포트를 끝낼 생각이다.
其方の都合のいい時間を教えてください。,그쪽이 편한 시간을 알려 주십시오.
責任感に駆り立てられ、彼は徹夜で報告書を書いた。,책임감에 떠밀려 그는 밤새 보고서를 썼다.
雨だったのでタクシーで家に帰った。,비가 와서 택시로 집에 돌아왔다.
両者一歩も譲らぬ攻防が続き、延長戦にもつれ込みました。,"양자 한 발짝도 양보 없는 공방이 이어져, 연장전으로 접어들었습니다."
雨が降るかもしれないから傘を持っていこう。,비가 올지도 모르니 우산을 가져가자.
字を丁寧に書くことを心がける。,글씨를 정성껏 쓰는 것을 명심한다.
日本は私の生まれた国です。,일본은 제가 태어난 나라입니다.
背景を知らずに批判するのは危険だ。,배경을 모른 채 비판하는 건 위험하다.
トンネルの側壁にひびが入っている。,터널의 측벽에 금이 가 있다.
支払いの催促が来る前に、振り込みを済ませた。,지불 독촉이 오기 전에 송금을 마쳤다.
この化粧品には天然成分が多く含まれている。,이 화장품에는 천연 성분이 많이 포함되어 있다.
先週、久しぶりに映画館で映画を見た。,지난주에 오랜만에 영화관에서 영화를 봤다.
不景気で小さな店が潰れてしまった。,불황으로 작은 가게가 망해 버렸다.
職人技の真髄を間近で見た。,장인 기술의 진수를 바로 눈앞에서 봤다.
枢軸国という言葉は歴史の文脈で使われる。,‘추축국’이라는 말은 역사적 맥락에서 사용된다.
彼はプロジェクトで枢要な役割を担った。,그는 프로젝트에서 핵심 역할을 맡았다.
企業はデータを経営の枢軸に据えた。,기업은 데이터를 경영의 축으로 삼았다.
アプリからの通知が多すぎて、設定を見直した。,앱 알림이 너무 많아서 설정을 다시 손봤다.
駅前の喫茶で友達とコーヒーを飲みながら話した。,역 앞 다방에서 친구와 커피를 마시며 이야기했다.
朝、ブラシで髪を整えてから出かける。,아침에 브러시로 머리를 빗고 나서 외출한다.
体温を測る前に手を洗う。,체온을 재기 전에 손을 씻는다.
彼は北海道出身だそうだ。,그는 홋카이도 출신이라고 한다.
もしもし、田中ですが、山田さんはいらっしゃいますか。,"여보세요, 다나카인데요, 야마다 씨 계신가요?"
大音量で鼓膜を傷めないように注意して。,큰 소리로 고막을 다치지 않게 조심해.
重い荷物の運搬は、無理せず台車を使おう。,무거운 짐 운반은 무리하지 말고 대차를 쓰자.
この議論の真髄は「信頼」にある。,이 논의의 진수는 ‘신뢰’에 있다.
発車の直前に彼がホームに走り込んできた。,출발 직전에 그가 승강장으로 뛰어 들어왔다.
大きなトラックが材木を運んでいった。,큰 트럭이 재목을 실어 나갔다.
美しい演技に、会場中が息を呑んで見守っています。,"아름다운 연기에, 경기장 전체가 숨을 죽이고 지켜보고 있습니다."
観客席からは、地鳴りのような歓声と応援歌が響いています。,"관중석에서는, 땅이 울리는 듯한 함성과 응원가가 울려 퍼지고 있습니다."
子犬がすぐに彼女に懐いて、どこへ行くにもついて回った。,강아지가 금방 그녀에게 마음을 붙여서 어디든 따라다녔다.
骨髄検査の結果を医師が丁寧に説明した。,골수 검사 결과를 의사가 정성껏 설명했다.
この道を左に曲がります。,이 길을 왼쪽으로 돕니다.
配送中に商品が破損したらしい。,배송 중에 상품이 파손된 것 같다.
村長が新しい橋の計画を説明した。,촌장이 새 다리 계획을 설명했다.
窓を開けるとカーテンが独りでに揺れ始めた。,창을 열자 커튼이 저절로 흔들리기 시작했다.
嘘は信頼を損なう。,거짓말은 신뢰를 해친다.
検品で部品の欠損が見つかった。,검품에서 부품의 결손이 발견됐다.
夕暮れ時、灯台の前に立つ彼の火影が、赤い海に長く伸びていた。,해질 무렵 등대 앞에 선 그의 불빛 그림자가 붉은 바다 위로 길게 드리워져 있었다.
脳髄に響くような重低音が鳴った。,뇌수까지 울리는 듯한 저음이 울렸다.
見積書の金額と実際に請求された金額が違っていたので、担当者に確認した。,견적서의 금액과 실제 청구된 금액이 달라서 담당자에게 확인했다.
殿様は忠実な家来をそばに呼び寄せた。,영주는 충성스러운 가신을 곁으로 불러들였다.
鋳型に流し込む前に、表面を丁寧に乾かした。,주형에 붓기 전에 표면을 정성껏 말렸다.
彼は気分がいい日は随意に在宅勤務を選べる。,그는 기분이 좋은 날에는 임의로 재택근무를 선택할 수 있다.
会議には通訳が随行してくれる。,회의에는 통역이 동행해 준다.
この村は湧水が豊かで、水がとても冷たい。,이 마을은 용수가 풍부해서 물이 아주 차갑다.
お盆には寺で大規模な法会が営まれ、多くの参拝者で賑わった。,오본에는 절에서 대규모 법회가 열려 많은 참배객으로 붐볐다.
自転車で転倒して前額部を打ったため、念のため病院で検査を受けた。,"자전거를 타다 넘어져 전액부를 부딪쳐서, 만일을 위해 병원에서 검사를 받았다."
この漢字はどう読みますか。,이 한자는 어떻게 읽나요?
地域の伝統行事として秋祭りが開かれる。,지역의 전통 행사로 가을 축제가 열린다.
お盆には、いとこたちが本家に集まるのが恒例だ。,오본 때는 사촌들이 본가에 모이는 게 관례다.
久しぶりに祖母に会うため、実家へ帰省した。,오랜만에 할머니를 만나기 위해 고향 집으로 귀성했다.
貯金箱からお金を少し引き出すことにした。,저금통에서 돈을 조금 꺼내 쓰기로 했다.
激しいタックルを受けながらも、ボールを離しません！,"격렬한 태클을 받으면서도, 공을 놓지 않습니다!"
彼は東洋思想に通暁した学者として知られている。,그는 동양 사상에 통달한 학자로 알려져 있다.
この調査は、年齢層を網羅しているのが強みだ。,이 조사는 연령대를 망라하고 있는 것이 강점이다.
海外出張の交通費が予想以上にかさんだ。,해외 출장 교통비가 예상 이상으로 많이 들었다.
戦車のジオラマを制作して、戦場の臨場感を再現する。,전차 디오라마를 제작하여 전장의 현장감을 재현한다.
古い商店街の匂いや景色に郷愁を覚える。,오래된 상가 거리의 냄새와 풍경에 향수를 느낀다.
騒ぎは警察の到着で治まった。,소동은 경찰 도착으로 가라앉았다.
治安が良いと夜道も安心だ。,치안이 좋으면 밤길도 안심이다.
汗が額からぽたぽたと落ちるほど、炎天下の作業はきつかった。,"땀이 이마에서 뚝뚝 떨어질 정도로, 땡볕 아래에서 하는 작업은 힘들었다."
駅前に駐車して、すぐに迎えに行くね。,역 앞에 주차하고 바로 데리러 갈게.
時速１６０キロの剛速球に、バットが空を切りました！,"시속 160km의 강속구에, 배트가 허공을 갈랐습니다!"
このカフェの空間は落ち着いていて、勉強にぴったりだ。,이 카페의 공간은 차분해서 공부하기에 딱 좋다.
パーティーでは、各国の代表がワインを片手に親しく交歓していた。,파티에서는 각국 대표들이 와인을 한 손에 들고 다정히 교류하고 있었다.
紙面の都合上、詳細なデータの紹介は割愛させていただきます。,지면 관계상 자세한 데이터 소개는 생략하겠습니다.
彼我の実力差を冷静に受け止め、戦略を練り直す。,피아의 실력 차이를 냉정하게 받아들이고 전략을 다시 짠다.
彼は大学で教職に就くことを目指している。,그는 대학에서 교직에 오르는 것을 목표로 하고 있다.
この服は、もう着ることができない。,이 옷은 이제 입을 수 없다.
医師は生活習慣の改善も含めて療治を勧めた。,의사는 생활습관 개선까지 포함해 치료를 권했다.
デジタル化の波에地方のインフラ整備が追い付かず、格差の拡大が懸念される。,디지털화의 물결에 지방 인프라 정비가 따라가지 못해 격차 확대가 우려된다.
公園で親子が凧を揚げていた。,공원에서 부모와 아이가 연을 날리고 있었다.
失敗の経験にも学ぶべき価値がある。,실패의 경험에도 배울 만한 가치가 있다.
満塁のチャンスで、代打がバッターボックスに向かいます。,"만루 찬스에서, 대타가 타석으로 향합니다."
映画館でポップコーンを食べながら映画を見る。,영화관에서 팝콘을 먹으면서 영화를 본다.
今月は気温の増減が激しい。,이번 달은 기온의 증감이 심하다.
強引なやり方は部下の反感を買うだけだ。,억지스러운 방식은 부하들의 반감을 살 뿐이다.
京都には、かつて皇族の別荘だった離宮がいくつか残っている。,교토에는 한때 황족의 별장이었던 이궁이 몇 곳 남아 있다.
風邪をひいたので、薬を飲む。,감기에 걸려서 약을 마신다.
玄関の錠前が固くて、鍵が回らない。,현관 자물쇠가 뻑뻑해서 열쇠가 돌아가지 않는다.
公園のベンチで本を読みながら時間をつぶした。,공원 벤치에서 책을 읽으며 시간을 보냈다.
映画館でポップコーンの無料配給が行われ、観客が長い列を作った。,영화관에서 팝콘 무료 배급이 이루어져 관객들이 긴 줄을 섰다.
審判の笛が鳴り、試合終了！ 長きにわたる戦いに終止符が打たれました。,"심판의 휘슬이 울리고, 경기 종료! 긴 싸움에 종지부가 찍혔습니다."
浅瀬で子どもが貝殻を拾って遊んでいた。,얕은 여울에서 아이가 조개껍데기를 주워 놀고 있었다.
初任給より今の月給はだいぶ増えたが、物価も上がっている。,초봉에 비해 지금의 월급은 꽤 늘었지만 물가도 오르고 있다.
彼女はリモートワークの先駆として知られている。,그녀는 재택근무의 선구자로 알려져 있다.
古代日本では都の周辺を畿内と呼んだ。,고대 일본에서는 수도 주변을 기내라고 불렀다.
新薬によってウイルスはほぼ駆逐された。,새 약으로 바이러스는 거의 박멸되었다.
彼女の情熱的な訴えは、冷め切っていた聴衆の心を揺さぶった。,그녀의 정열적인 호소는 차갑게 식어 있던 청중의 마음을 뒤흔들었다.
畑一面に亜麻の花が咲き、青いじゅうたんのように広がっていた。,밭 가득 아마 꽃이 피어 파란 융단처럼 펼쳐져 있었다.
座席の間隔を空けて座るように案内された。,좌석 간격을 띄워 앉으라는 안내를 받았다.
最近は写真に凝っていて、休日はいつもカメラを持ち歩いている。,요즘 사진에 푹 빠져서 휴일에는 언제나 카메라를 들고 다닌다.
自転車のタイヤがパンクして歩いて帰ることになった。,자전거 타이어가 펑크 나서 걸어서 돌아가게 되었다.
批判ばかりする評論家よりも、汗をかいて行動する人が好きだ。,비판만 하는 평론가보다 땀을 흘리며 행동하는 사람을 좋아한다.
彼の少し奇矯なファッションは、子供の頃の歯の矯正体験から生まれた反動だという。,그의 다소 기괴한 패션은 어린 시절 치아 교정 경험에서 비롯된 반동이라고 한다.
誕生日に本をプレゼントしてもらった。,생일에 책을 선물받았다.
この経験は自分の成長に、延いては会社全体の利益にもつながる。,"이 경험은 자신의 성장에, 나아가 회사 전체의 이익으로도 이어진다."
問い合わせの件数が先月よりかなり増えている。,문의 건수가 지난달보다 상당히 늘고 있다.
地学の授業で、火成岩と堆積岩の違いを標本を見ながら学んだ。,지학 수업에서 화성암과 퇴적암의 차이를 표본을 보며 배웠다.
レポートを締め切り前に印刷して提出した。,리포트를 마감 전에 인쇄해서 제출했다.
シェフは岩塩を指で砕きながら、肉に丁寧に振りかけた。,셰프는 암염을 손가락으로 부수며 고기에 정성껏 뿌렸다.
海岸の岩石には、長い年月の波の跡がくっきり残っている。,해안의 암석에는 오랜 세월의 파도의 자국이 뚜렷이 남아 있다.
悪意のあるデマが拡散され、多くの人が混乱に陥った。,악의 있는 유언비어가 확산되어 많은 사람이 혼란에 빠졌다.
彼の第一印象はとても穏やかだった。,그의 첫인상은 매우 온화했다.
週末になると、この海沿いの岩場には多くのクライマーが集まる。,주말이 되면 이 바닷가 암벽에는 많은 클라이머들이 모인다.
同僚との口論が原因で、職場の雰囲気が悪くなってしまった。,동료와의 말다툼이 원인으로 직장 분위기가 나빠지고 말았다.
彼は珍品を集める好事家として有名だ。,그는 진귀한 물건을 모으는 호사가로 유명하다.
会員数が年々殖える一方だ。,회원 수가 해마다 늘기만 한다.
彼は鋭敏な感性で新しい才能を見抜く。,그는 예민한 감성으로 새로운 재능을 간파한다.
この通りの軒数を調べて、空き店舗の割合を算出した。,이 거리의 점포 수를 조사해 공실 비율을 계산했다.
朝寝坊して、危うく飛行機に乗り遅れるところだった。,아침에 늦게 일어나서 하마터면 비행기를 놓칠 뻔했다.
反対意見を封殺するようなやり方は、民主的とは言えない。,반대 의견을 봉쇄하는 듯한 방식은 민주적이라고 할 수 없다.
専門家は人口減少が地方経済に与える影響を危ぶんでいる。,전문가들은 인구 감소가 지방 경제에 미칠 영향을 우려하고 있다.
野菜だけでは足りないビタミンをサプリで補っている。,채소만으로 부족한 비타민을 보충제로 보충하고 있다.
転んだ拍子に脇腹を打って、笑うと痛い。,넘어지면서 옆구리를 부딪혀 웃으면 아프다.
勇者は静かに剣を抜き、敵と向き合った。,용사는 조용히 검을 뽑아 들고 적과 마주섰다.
読書を通じて、先人たちの深い知に触れる。,독서를 통해 선인들의 깊은 지혜(지)를 접한다.
この部屋には火の気がないから、冬は特に冷え込む。,이 방에는 불기운이 없어서 겨울에는 특히 더 춥다.
浜に打ち上げられた流木が長かった。,해변에 떠밀려온 유목이 길었다.
みんな無事に下山できてほっとした。,모두 무사히 하산해서 안도했다.
私は大学で彼に師事し、研究の基礎を学んだ。,나는 대학에서 그를 사사하며 연구의 기초를 배웠다.
薬味として、うどんに刻んだねぎをたっぷり乗せる。,양념으로 우동에 다진 파를 듬뿍 얹는다.
彼の発明は国際特許を取得した。,그의 발명은 국제 특허를 취득했다.
祭りの夜、爆竹が鳴って子どもたちが歓声を上げた。,"축제의 밤, 폭죽(폭발형 폭죽)이 터져 아이들이 환호했다."
彼は夕暮れの海岸に、一人静かに佇んでいた。,그는 해질녘 해변에 홀로 조용히 서 있었다.
飛行機が滑走路をゆっくり滑走し始めた。,비행기가 활주로를 천천히 활주하기 시작했다.
今日は空気が澄んでいて、遠くの山までよく見える。,오늘은 공기가 맑아서 먼 산까지 잘 보인다.
私たちの先祖はアフリカから来たとされている。,우리 조상은 아프리카에서 왔다고 여겨진다.
近所の川で鮎が遡上しているのを見かけた。,동네 강에서 은어가 거슬러 올라가는 모습을 보았다.
熱が続くので小児科を受診した。,열이 계속돼서 소아과를 진료받았다.
ネット上の書き込みは半永久的に残るため、慎重になるべきだ。,인터넷상의 글은 반영구적으로 남기 때문에 신중해야 한다.
彼は急斜面のコースを一気に滑降した。,그는 급경사 코스를 한 번에 활강했다.
昨夜の電話で彼と大喧嘩をして、着信拒否をしてしまった。,"어젯밤 전화로 그와 크게 싸우고, 수신 거부를 해 버렸다."
意見の食い違いを埋めるには、お互いに歩み寄る努力が必要だ。,의견의 엇갈림을 메우기 위해서는 서로 다가가는 노력이 필요하다.
著作権者の許諾を得てから使用してください。,저작권자의 허락을 얻은 뒤 사용해 주십시오.
山頂では携帯電話が圏外になってしまい、連絡が取れなかった。,산 정상에서는 휴대전화가 권외가 되어 연락이 닿지 않았다.
友人の結婚式で、涙をこらえきれなかった。,친구의 결혼식에서 눈물을 참지 못했다.
スピーチコンテストで優勝し、自信をつけることができた。,스피치 콘테스트에서 우승하여 자신감을 얻을 수 있었다.
彼は優良児として表彰された。,그는 우량아로 표창받았다.
誹謗中傷を受けた被害者の心のケアが、社会的な課題となっている。,비방 중상을 입은 피해자의 마음 케어가 사회적인 과제가 되고 있다.
長雨の影響で今年は凶作になった。,긴 장마의 영향으로 올해는 흉작이 되었다.
猫は日向で気持ちよさそうに眠っている。,고양이는 햇볕 드는 곳에서 기분 좋게 자고 있다.
今日は雲一つないきれいな日の入りだった。,오늘은 구름 하나 없는 아름다운 일몰이었다.
この占いは一年の吉凶を占うものだ。,이 점괘는 1년의 길흉을 점치는 것이다.
険しい山道を二時間も登り続けてようやく山頂に着いた。,험한 산길을 두 시간이나 올라서 겨우 정상에 도착했다.
この勝利で、チームはようやく優勝圏内に入った。,이번 승리로 팀은 드디어 우승권에 들어갔다.
享楽に溺れることなく、節度ある生活を心がけている。,향락에 빠지지 않고 절제 있는 생활을 하려고 노력하고 있다.
社長は謝罪の意を示すため、自ら代表を先方に遣わした。,사장은 사과의 뜻을 보이기 위해 직접 대표를 상대 회사에 보내었다.
出発前に乗客全員の点呼が行われた。,출발 전에 승객 전원의 점호가 실시되었다.
彼の演説には、人々の心を動かす不思議な力があった。,그의 연설에는 사람들의 마음을 움직이는 불가사의한 힘이 있었다.
栄枯盛衰の歴史を、この城は静かに見守ってきた。,영고성쇠의 역사를 이 성은 조용히 지켜봐 왔다.
誰にでも教育を受ける権利が平等に保障されるべきだ。,누구에게나 교육을 받을 권리가 평등하게 보장되어야 한다.
夫婦間の問題に、他人が口を挟むべきではない。,부부간의 문제에 타인이 말참견해서는 안 된다.
賛成派と反対派が激しく対立し、会場は騒然となった。,"찬성파와 반대파가 격렬하게 대립하여, 회장은 소란스러워졌다."
彼はその分野の第一人者であり、世界的な権威として知られている。,그는 그 분야의 일인자로서 세계적인 권위로 알려져 있다.
この街の緯度は東京より少し高い。,이 도시의 위도는 도쿄보다 조금 높다.
感動のあまり言葉に詰まり、しばらく声が出なかった。,"감동한 나머지 말문이 막혀, 한동안 목소리가 나오지 않았다."
匿名掲示板での書き込みが開示され、投稿者が特定された。,"익명 게시판의 글이 표시되어, 게시자가 특정되었다."
相手の人格を攻撃するような発言は、議論のマナー違反だ。,상대의 인격을 공격하는 듯한 발언은 토론의 매너 위반이다.
休日に友達と話題の映画を見に行った。,휴일에 친구와 화제가 된 영화를 보러 갔다.
彼は金遣いが荒くて、給料日前にはいつも財布が空っぽだ。,그는 돈 씀씀이가 헤퍼서 월급날 전에는 항상 지갑이 텅 빈다.
つまらないことで意地を張って、謝るタイミングを逃してしまった。,"하찮은 일로 고집을 부려, 사과할 타이밍을 놓치고 말았다."
暗闇への得体の知れない恐怖が胸を締めつけた。,어둠에 대한 정체 모를 공포가 가슴을 옥죄었다.
わざわざ遠くからお越しいただいて、恐縮しております。,먼 곳에서 일부러 와 주셔서 송구스럽습니다.
似顔を描いてもらって旅の記念にした。,초상화를 그려 달아 여행 기념으로 삼았다.
雪の結晶は一つとして同じ形がなく、自然が作り出した芸術品だ。,"눈의 결정은 하나도 같은 모양이 없고, 자연이 만들어낸 예술품이다."
半導体の供給不足で、家電の価格が上がっている。,반도체 공급 부족으로 가전제품 가격이 오르고 있다.
放課後の教室に残って友人と語り合った時間は、青春の大切な思い出だ。,"방과 후 교실에 남아서 친구와 이야기를 나눈 시간은, 청춘의 소중한 추억이다."
幼児向けの絵本を選びに図書館へ行った。,유아용 그림책을 고르러 도서관에 갔다.
この味は昔の母の料理に似る。,이 맛은 옛날 어머니 요리와 닮았다.
児童が安全に渡れるように見守り隊が立つ。,아동이 안전하게 건너도록 지킴이가 서 있다.
消灯後はスマホの明かりも控えてください。,소등 후에는 휴대폰 불빛도 자제해 주세요.
選手が名誉の殿堂入りを果たした。,선수가 명예의 전당에 올랐다.
根拠もなく邪推するのはやめよう。,근거도 없이 억측하는 건 그만하자.
各自で資料を印刷して持ってきてください。,각자 자료를 인쇄해서 가져와 주세요.
この二つのロゴは類似していて紛らわしい。,이 두 로고는 유사해서 헷갈린다.
彼は起業して世界を変えるという壮図を語った。,그는 창업해 세상을 바꾸겠다는 웅대한 계획을 말했다。
この経験は必ず将来あなたを益するだろう。,이 경험은 반드시 장차 당신에게 도움이 될 것이다.
ありもしないスキャンダルをでっち上げられ、タレント生命が危ぶまれた。,"있지도 않은 스캔들을 조작당해, 연예인 생명이 위태로워졌다."
彼女は早耳で、噂をすぐに知っている。,그녀는 정보가 빨라서 소문을 금방 안다.
酔っ払って店員に絡み、口論になった客が警察に連行された。,술에 취해 점원에게 시비를 걸어 말다툼이 된 손님이 경찰에 연행되었다.
気温が急に下降して、雪に変わった。,기온이 급격히 하강하여 눈으로 바뀌었다.
腕に発赤が出たので薬を塗った。,팔에 발적이 생겨서 약을 발랐다.
世界平和を実現するために、私たちは何をすべきか問いかけた。,"세계 평화를 실현하기 위해, 우리는 무엇을 해야 하는가 물었다."
自然の中で深呼吸すると落ち着く。,자연 속에서 깊게 숨 쉬면 마음이 가라앉는다.
次はあなたの番です。,다음은 당신 차례입니다.
風船が一気に舞い上がり、子どもたちが歓声を上げた。,풍선이 한꺼번에 날아오르자 아이들이 환성을 질렀다.
まず説明し、次いで実演します。,"먼저 설명하고, 이어서 시연합니다."
議会は条約を批准し、正式に発効することになった。,의회는 조약을 비준해 공식 발효되게 되었다.
向かいの家からピアノの音が聞こえてくる。,맞은편 집에서 피아노 소리가 들려온다.
次回の会議では予算案を決めます。,다음 회의에서는 예산안을 결정합니다.
京都の寺院で朝のお勤めを見学した。,교토의 사원에서 아침 예불을 견학했다.
彼は婚約指輪を彼女の薬指にはめた。,그는 약혼반지를 그녀의 약지에 끼웠다.
火山の火口から白い煙が上がっているのが見えた。,화산의 화구에서 흰 연기가 올라오는 것이 보였다.
上司がいきなり「今日中に資料を出して」と言ってきて焦った。,상사가 느닷없이 “오늘 안에 자료 내”라고 해서 당황했다.
親に顔向けできないようなことはするな。,부모님께 면목이 서지 않을 만한 일은 하지 마라.
大勢の前で話すのは苦手だが、避けて通れない道だ。,"많은 사람 앞에서 말하는 것은 서툴지만, 피하고 지나갈 수 없는 길이다."
試合前から、彼我の実力差は明らかだった。,경기 전부터 피아(서로)의 실력 차는 분명했다.
彼の母君はいつも穏やかな笑顔を絶やさない。,그의 어머님은 언제나 온화한 미소를 잃지 않는다.
向こうの山までハイキングに行った。,저쪽 산까지 하이킹을 다녀왔다.
川の向こう側に古い神社が見える。,강 건너편에 오래된 신사가 보인다.
サラダを皿に盛って、ドレッシングをかけた。,샐러드를 접시에 담고 드레싱을 뿌렸다.
子供連れの家族が、芝生の広場でピクニックを楽しんでいる。,아이를 동반한 가족이 잔디 광장에서 피크닉을 즐기고 있다.
先生へのお礼の品として、この本を謹呈いたします。,선생님께 드리는 감사의 선물로 이 책을 삼가 바칩니다.
昼どきのラーメン屋はいつも繁盛している。,점심때 라멘집은 늘 성업 중이다.
山の斜面で炎が燃え盛り、消防車が駆けつけた。,산비탈에서 불길이 맹렬히 타올라 소방차가 달려왔다.
無抵抗の市民への蛮行は、決して許されない。,무저항 시민에 대한 만행은 결코 용납될 수 없다.
大型客船がこの港に寄港した。,대형 여객선이 이 항구에 기항했다.
全盛の頃の記録は、今も破られていない。,전성기 때의 기록은 지금도 깨지지 않았다.
入り江に小さな漁船が静かに浮かんでいる。,만입된 포구에 작은 어선이 고요히 떠 있다.
弔電には、故人のご冥福をお祈り申し上げますと謹んで記した。,조전에는 고인의 명복을 빌며 삼가 적어 두었다.
この町は祭りが盛んだ。,이 마을은 축제가 활발하다.
干潮になると潟が現れ、子供たちが貝殻やカニを探して遊んでいる。,"썰물이 되자 갯벌이 드러나고, 아이들이 조개껍데기나 게를 찾으며 놀고 있다."
社長は図書館に多くの本を寄贈した。,사장은 도서관에 많은 책을 기증했다.
このチームは若手中心の構成になっている。,이 팀은 젊은 층을 중심으로 구성되어 있다.
言葉の暴力は、身体的な暴力と同じくらい人の心を深く傷つける。,언어폭력은 신체적 폭력만큼이나 사람의 마음을 깊게 상처 입힌다.
卒業生代表の答辞を聞いて、会場のあちこちですすり泣く声がした。,"졸업생 대표의 답사를 듣고, 회장 곳곳에서 훌쩍이는 소리가 들렸다."
山の湧き水は清い。,산의 샘물은 맑고 깨끗하다.
感情的な対立が続き、修復不可能なまでに溝が深まってしまった。,"감정적인 대립이 계속되어, 수복 불가능할 정도로 골이 깊어지고 말았다."
改札で乗車券をなくしたことに気づいて、青ざめてしまった。,개찰구에서 승차권을 잃어버린 걸 깨닫고 얼굴이 새파래졌다.
安全第一という原則を忘れてはいけない。,안전 제일이라는 원칙을 잊어서는 안 된다.
エンジンの回転数を上げて、一気に加速した。,엔진 회전수를 올려 한꺼번에 가속했다.
寒いから上着を着ていきなさい。,추우니까 겉옷을 입고 가거라.
ママと手をつないで、てくてく歩こう。,"엄마랑 손잡고, 아장아장 걷자."
彼の行動は賛美よりも検証が必要だ。,그의 행동은 찬미보다 검증이 필요하다.
美醜の判断は人それぞれで、正解はない。,미추에 대한 판단은 사람마다 달라 정답이 없다.
最終的な決定を下す前に、もう一度全員で話し合いたい。,"최종적인 결정을 내리기 전에, 다시 한번 전원이서 대화하고 싶다."
もう夜だよ。お布団でねんねしよう。,벌써 밤이야. 이불 덮고 코 자자.
名誉毀損で訴えられる可能性がある。,명예훼손으로 고소당할 가능성이 있다.
週次の進捗をまとめて、月曜の朝会で共有する。,주간(주차) 진행 상황을 정리해 월요일 아침 회의에서 공유한다.
家臣が主君に謀反を起こし、城が燃えた。,가신이 주군에게 모반을 일으켜 성이 불탔다.
夕焼けが美しいから、少し遠回りして帰ろう。,노을이 아름다우니 조금 돌아서 집에 가자.
批判を恐れていては、新しいことになど挑戦できない。,"비판을 두려워해서는, 새로운 것 따위에 도전할 수 없다."
建設的な批判は歓迎するが、ただの悪口なら耳を貸さない。,"건설적인 비판은 환영하지만, 단순한 욕설이라면 귀를 빌려주지 않는다."
婿としてこの家に入って十年になる。,사위로서 이 집에 들어온 지 10년이 된다.
その提案は両刃の剣で、効率と不満を同時に生む。,그 제안은 양날의 검이라 효율과 불만을 동시에 낳는다.
夜空には無数の星が光輝を放っていた。,밤하늘에는 무수한 별이 찬란한 빛을 발하고 있었다.
医師は仁術を尽くし、患者を励ました。,의사는 인술을 다해 환자를 격려했다.
彼は世間の毀誉に一喜一憂しない。,그는 세간의 비난과 칭찬에 일희일비하지 않는다.
彼は政治家としての器量が大きい。,그는 정치가로서의 기량이 크다.
駅員が手旗で合図を送った。,역무원이 수기 신호로 신호를 보냈다.
夕暮れの空を、渡り鳥の大群が飛んでいく。,해질 녘 하늘을 철새의 큰 무리가 날아가고 있다.
スタンドから罵声が飛び、選手が眉をひそめた。,관중석에서 욕설이 날아와 선수가 찡그렸다.
体調不良のためマラソンを途中で棄権した。,컨디션 난조로 마라톤을 중도 기권했다.
名誉を傷つけられたとして、彼は週刊誌を提訴する準備をしている。,"명예를 훼손당했다며, 그는 주간지를 제소할 준비를 하고 있다."
些細なことでののしり合い、結局二人は別れることになった。,"사소한 일로 서로 욕하다가, 결국 두 사람은 헤어지게 되었다."
愛犬が腕の中で逝った夜、眠れなかった。,"사랑하는 반려견이 품에서 떠난 밤, 잠들지 못했다."
黒い猫が屋根の上にいる。,검은 고양이가 지붕 위에 있다.
面接の前に身だしなみを調えて、深呼吸してから入室した。,면접 전에 몸가짐을 정돈하고 심호흡한 뒤 입실했다.
緊急連絡を全員に伝達した。,긴급 연락을 전원에게 전달했다.
運動会で一生懸命走った。,운동회에서 열심히 달렸다.
迷ったとき、古い格言が導きになった。,헤맬 때 오래된 격언이 길잡이가 되었다.
旅先で美しい陶器の皿を買った。,여행지에서 아름다운 도자기 접시를 샀다.
図書館で面白い本を借りた。,도서관에서 재미있는 책을 빌렸다.
さっきはもう少しで電車に乗り遅れるところだった。,아까는 하마터면 전철을 놓칠 뻔했다.
人はいつか逝くと知っていても、別れはつらい。,사람은 언젠가 떠난다는 걸 알아도 이별은 괴롭다.
恩師の急逝に、ただ呆然とした。,은사의 급서에 그저 망연해졌다.
聴覚検査で高い音が聞こえにくいと言われた。,청각 검사에서 높은 소리가 잘 안 들린다고 들었다.
年末は新幹線で実家に帰省する予定だ。,연말에 신칸센을 타고 고향집에 귀성할 예정이다.
祖父は九十六歳で長逝し、家族に見守られた。,할아버지는 96세로 장서하셨고 가족이 지켜보았다.
彼はサッカー部に属している。,그는 축구부에 속해 있다.
話が重たいから、少し休もう。,이야기가 무거우니 잠깐 쉬자.
需要が急増して、在庫が追いつかない。,수요가 급증해서 재고가 따라가지 못한다.
地図を見ても迷ってしまい、同じ角を三回曲がった。,지도를 봐도 헤매서 같은 모퉁이를 세 번 돌았다.
極限状態でこそ人間の本性が表れることがある。,극한 상태에서야말로 인간의 본성이 드러날 때가 있다.
困っている人を見殺しにするなんてできない。,곤란한 사람을 보고도 모른 척할 수는 없다.
農家は毎朝、鶏舎の掃除とエサやりに追われている。,농부는 매일 아침 닭장을 청소하고 먹이를 주느라 분주하다.
次の駅で電車を降ります。,다음 역에서 전철을 내립니다.
猫に引っかかれて、腕に小さな擦り傷ができた。,고양이에게 긁혀 팔에 작은 찰과상이 났다.
二時間歩いたので、カフェで少し休憩しよう。,두 시간을 걸었으니 카페에서 잠깐 쉬자.
失敗を重ねて強くなった。,실패를 거듭하며 강해졌다.
新しい靴は光沢があって目立つ。,새 신발은 광택이 있어서 눈에 띈다.
父は山奥で小規模な養鶏業を営んでいる。,아버지는 깊은 산속에서 소규모 양계장을 운영한다.
夫婦喧嘩は犬も食わないと言うが、彼らの場合は深刻そうだ。,"부부 싸움은 칼로 물 베기라고 하지만, 그들의 경우는 심각해 보인다."
駅で友人を迎えるために、少し早めに家を出た。,역에서 친구를 맞이하기 위해 조금 일찍 집을 나섰다.
庭で鶏がのんびりと餌をついばんでいる。,마당에서 닭이 한가롭게 모이를 쪼아 먹고 있다.
同じ失敗を繰り返して、ようやく懲りた。,같은 실수를 반복하다가 마침내 정신 차렸다.
停電した街で、久しぶりに星がはっきり見えた。,정전된 도시에서 오랜만에 별이 선명하게 보였다.
静かな夜に日記を書き、内省を深めた。,조용한 밤에 일기를 쓰며 내성을 깊게 했다.
明け方、東の空に明星がひときわ明るく輝いていた。,"새벽 무렵, 동쪽 하늘에 샛별이 유난히 밝게 빛났다."
このクラスは女子の割合が少し多い。,이 반은 여학생 비율이 조금 더 많다.
劇薬は、鍵のかかる棚に厳重に保管しなければならない。,극약은 자물쇠가 있는 선반에 엄격히 보관해야 한다.
この店は駅から遠い割にいつも客でいっぱいだ。,이 가게는 역에서 먼 데 비해 항상 손님으로 가득하다.
健康も仕事も、中庸を守るのが一番だと医師に言われた。,건강도 일도 중용을 지키는 게 최고라고 의사에게 들었다。
性懲りもなく夜更かしして、翌朝また眠い。,어쩔 줄 모르게(버릇 못 고치고) 또 밤샘해서 다음 날 아침 또 졸리다.
古いコンクリートの壁には、細かいひび割れがいくつも走っている。,오래된 콘크리트 벽에는 잔잔한 균열이 여러 개 나 있다.
ブランド名をひけらかすより、使い心地で選びたい。,브랜드를 뽐내기보다 사용감으로 고르고 싶다.
彼はこの大会で打率五割という驚異的な成績を残した。,그는 이번 대회에서 타율 5할이라는 경이로운 성적을 남겼다.
どんな理由があっても暴力は許されない。,어떤 이유가 있어도 폭력은 허용될 수 없다.
SNSでの炎上騒ぎを見て、発言には責任を持つべきだと痛感した。,"SNS에서의 악플 소동을 보고, 발언에는 책임을 져야 한다고 통감했다."
真夜中に流星が走り、みんなで願い事をした。,"한밤중에 유성이 지나가서, 모두 소원을 빌었다."
異臭がしたら、直ちに窓を開けて換気してください。,이취가 나면 즉시 창문을 열어 환기해 주세요.
祭りの屋台で香ばしい串焼きの匂いが漂っていた。,축제 노점에서는 고소한 꼬치구이 냄새가 풍기고 있었다.
昨夜はぐっすり眠れたので朝から元気だ。,어젯밤 푹 잘 자서 아침부터 힘이 난다.
夏の空には入道雲が大きく広がっていた。,여름 하늘에는 커다란 적운이 넓게 퍼져 있었다.
気象衛星の画像で台風の進路を確認した。,기상위성 이미지로 태풍의 진로를 확인했다.
悪い習慣を絶つには、環境を変えるのが早い。,나쁜 습관을 끊으려면 환경을 바꾸는 게 빠르다.
キャンプの夜、星座アプリで北斗七星を探した。,"캠핑하던 밤, 별자리 앱으로 북두칠성을 찾았다."
口先だけの約束なら、しないほうがマシだと言ったはずだ。,"입발림뿐인 약속이라면, 안 하는 게 낫다고 말했을 텐데."
反論があるなら、手を挙げて堂々と発言してください。,"반론이 있다면, 손을 들고 당당하게 발언해 주십시오."
壊れた椅子を直して、また使えるようにした。,부서진 의자를 고쳐 다시 쓸 수 있게 했다.
一生に一度の舞台だと思うと、手が震えた。,일생에 한 번뿐인 무대라고 생각하니 손이 떨렸다.
陳腐な言い訳はもう聞き飽きた。,진부한 변명은 이제 듣기 싫다.
申請書には配偶者の情報も記入してください。,신청서에는 배우자 정보도 기입해 주세요.
日頃の感謝を込めて記念品を進呈します。,평소의 감사의 뜻을 담아 기념품을 증정합니다。
失敗したからといって彼だけを非難するのはおかしい。,실패했다고 해서 그 사람만 비난하는 것은 이상하다.
新しい育児休業制度が始まった。,새로운 육아휴직 제도가 시작됐다.
公開の場で失敗を指摘され、深い屈辱を味わった。,공개석상에서 실수를 지적당해 깊은 굴욕을 느꼈다.
彼には弟妹がいて、家がいつもにぎやかだ。,그에게는 남동생과 여동생이 있어 집이 늘 시끌벅적하다。
森で熊を見かけたというニュースが流れた。,숲에서 곰이 목격되었다는 뉴스가 나왔다.
健康診断の前日は絶食した。,건강검진 전날은 금식했다.
被告は予定どおり出廷した。,피고는 예정대로 출정했다。
祖父は庭に小さな畑を作るため穴を掘る。,할아버지는 마당에 작은 밭을 만들려고 구멍을 판다.
庭の隅にいつの間にかキノコが生えていて驚いた。,정원 구석에 어느새 버섯이 자라 있어 놀랐다.
雨上がりの森は緑が生い茂り、息がしやすい気がした。,비 갠 뒤 숲은 초록이 무성해 숨쉬기 편한 느낌이 들었다.
戦争の悲惨さは筆舌に尽くしがたい。,전쟁의 참상은 글로 다 할 수 없다.
弟に鍵を渡しておいて。,남동생에게 열쇠를 건네줘。
彼は弁舌がさわやかで、聞き手を引き込む。,그는 웅변이 상쾌해서 청중을 끌어당긴다.
この学校は子弟の教育に力を入れている。,이 학교는 자제(자녀) 교육에 힘을 쏟고 있다。
この書類にはここに判子を押してください。,이 서류에는 여기에 도장을 찍어 주세요.
兄弟で店を継ぐことになった。,형제가 가게를 잇게 되었다。
病気のため一年間休学することにした。,병 때문에 1년간 휴학하기로 했다.
激動の一年を振り返った。,격동의 한 해를 되돌아봤다.
舌をかんでしまって、うまく話せない。,혀를 씹어 버려서 말을 잘 못 하겠다.
庭の草を抜きながら、季節の匂いが手に移った。,정원의 풀을 뽑으며 계절의 냄새가 손에 밴 듯했다.
彼は重たいピアノを軽々と持ち上げ、引越し作業をスムーズに進めた。,"그는 무거운 피아노를 가볍게 들어 올려, 이사 작업을 원활하게 진행했다."
弟子は師匠の背中を見て技を学ぶ。,제자는 스승의 등을 보며 기술을 배운다。
祝辞の原稿を何度も読み返し、言い回しを整えた。,"축사의 원고를 여러 번 다시 읽으며, 말투를 다듬었다."
あまりの美しさに、言葉を失って立ち尽くした。,"너무나 아름다워서, 할 말을 잃고 멍하니 서 있었다."
光の回折現象により、壁に美しい虹色が映った。,"빛의 회절 현상으로 인해, 벽에 아름다운 무지개색이 비쳤다."
社長の演説に、会場が沸いた。,사장의 연설에 회장이 들끓었다.
粘り強い研究が成果につながる。,끈기 있는 연구가 성과로 이어진다.
現代アートの展覧会に行き、刺激的な作品に触れた。,현대 미술 전시회에 가서 자극적인 작품을 접했다.
図書館では静かだ。,도서관에서는 조용하다.
原材料の高騰で商品の価格が一斉に引き上げられた。,원자재 급등으로 상품 가격이 일제히 인상되었다.
うちは年子だから服がすぐ回ってくる。,우리 집은 연년생이라 옷이 금방 돌려 입혀진다.
都市と地方の間には大きな所得格差がある。,도시와 지방 사이에는 큰 소득 격차가 있다.
豪雨で古い橋が崩壊し、川が濁流になった。,폭우로 오래된 다리가 붕괴해 강이 흙탕 급류가 되었다.
舌端にのせるだけの約束はしない。,말끝으로만 하는 약속은 하지 않는다.
人格を否定するような暴言は、パワーハラスメントに該当します。,"인격을 부정하는 듯한 폭언은, 직장 내 괴롭힘에 해당합니다."
経理は月末に帳簿を締めて、数字を照合する。,경리는 월말에 장부를 마감하고 수치를 대조한다.
根も葉もない噂を信じて、友人を疑うなんて最低だ。,밑도 끝도 없는 소문을 믿고 친구를 의심하다니 최악이다.
イヤホンの接触が悪くて、雑音が入る。,이어폰 접촉이 안 좋아서 잡음이 낀다.
悔いのない人生を送りたいと、彼女は日記に書いた。,후회 없는 인생을 살고 싶다고 그녀는 일기에 적었다.
システムの保守には専門的な知識が必要だ。,시스템 유지 보수에는 전문 지식이 필요하다.
彼の任務は資料を期限までにまとめることだ。,그의 임무는 자료를 기한까지 정리하는 것이다.
昨日の討論番組では、教育問題を巡って熱い議論が交わされた。,어제 토론 프로그램에서는 교육 문제를 둘러싸고 뜨거운 논의가 오갔다.
あいつとは犬猿の仲で、顔を合わせればすぐに喧嘩が始まる。,"그 녀석과는 견원지간이라, 얼굴만 마주치면 바로 싸움이 시작된다."
首相が記者会見で新しい方針を発表した。,총리가 기자회견에서 새로운 방침을 발표했다.
その美しい村は、山奥の小さな郡に属している。,그 아름다운 마을은 산속 깊은 작은 군(행정구역)에 속해 있다.
彼は半年間の航海に出て、世界中の港を回った。,그는 반년 동안 항해를 하며 전 세계 항구를 돌아다녔다.
新しい靴で歩きすぎて、靴擦れが痛い。,새 신발로 너무 걸어서 구두가 쓸려 아프다.
草むらから飛び出したバッタを、子供たちが虫取り網を持って追いかけた。,"풀숲에서 튀어나온 메뚜기를, 아이들이 잠자리채를 들고 뒤쫓았다."
義兄はとても親切で、いつも仕事の相談に乗ってくれる。,"매형(혹은 처남)은 매우 친절해서, 항상 일 상담을 들어준다."
家族みんなが茶の間に集まり、テレビを見ている。,가족 모두가 거실에 모여 TV를 보고 있다.
介抱の甲斐あって熱が下がった。,간호한 보람이 있어 열이 내렸다.
階段を上って二階へ行く。,계단을 올라 2층으로 간다.
そんな節穴では、細かいミスを見落とすよ。,그런 허술한 눈으로는 자잘한 실수를 놓친다.
身の程をわきまえず、無理な約束をしてしまった。,분수를 모르고 무리한 약속을 해 버렸다.
予算を見直して、不要な経費を徹底的に絞ることにした。,예산을 재검토해 불필요한 경비를 철저히 줄이기로 했다.
彼女は弁が立つので、口喧嘩で勝てる相手はそうそういない。,"그녀는 말주변이 좋아서, 말싸움으로 이길 수 있는 상대는 그리 많지 않다."
逓信の歴史資料を調べるため、図書館の古文書室へ行った。,체신(逓信) 관련 역사 자료를 찾기 위해 도서관 고문서실에 갔다.
この問題は少し難しい。,이 문제는 조금 어렵다.
今日の宿題はとても易しかった。,오늘 숙제는 매우 쉬웠다.
事実確認もせずに他人を批判するのは、無責任極まりない行為だ。,"사실 확인도 하지 않고 타인을 비판하는 것은, 무책임하기 짝이 없는 행위다."
大衆を扇動するような過激な発言は、慎むべきではないでしょうか。,"대중을 선동하는 듯한 과격한 발언은, 삼가야 하지 않을까요."
陰でコソコソと悪評を流すのは、卑怯者のすることだ。,"뒤에서 소곤소곤 악평을 퍼뜨리는 것은, 비겁한 자가 하는 짓이다."
病は気からと言うけれど、休養も大事だ。,"병은 마음먹기 나름이라지만, 휴식도 중요하다."
この曲の節が頭から離れない。,이 노래의 한 구절이 머릿속에서 떠나지 않는다.
昼間は「こんにちは」と挨拶します。,"낮에는 ""안녕하세요""라고 인사합니다."
すみません、道を教えてください。,"실례합니다, 길을 가르쳐 주세요."
細かい交渉は弁護士に任す。,세부 협상은 변호사에게 맡긴다.
象は鼻が長い動物です。,코끼리는 코가 긴 동물입니다.
友達に愚痴を聞いてもらって、少し楽になった。,친구에게 푸념을 들어 달라고 해서 조금 편해졌다.
この店は季節の食材を大切にしている。,이 가게는 제철 식재료를 소중히 여긴다.
自家製ジャムを瓶詰めにして、友人に配った。,수제 잼을 병에 담아 친구들에게 나눠 줬다.
真実を知るのが怖い時もある。,진실을 아는 것이 두려울 때도 있다.
敗北の雪辱を果たすため、毎日走り込んだ。,패배의 설욕을 하기 위해 매일 달리기 훈련을 했다.
家族の安寧を祈って手を合わせた。,가족의 안녕을 빌며 두 손을 모았다.
庭の梅に接ぎ木をして、品種を増やした。,정원의 매화나무에 접목을 해서 품종을 늘렸다.
公衆の面前で罵り合うなんて、みっともないからやめてくれ。,"대중 앞에서 서로 욕하며 싸우다니, 꼴사나우니까 그만둬."
この経験にはお金では測れない価値がある。,이 경험에는 돈으로는 잴 수 없는 가치가 있다.
武者人形を飾ると、端午の節句らしい華やかさになった。,무사 인형을 장식하니 단오절 같은 화사함이 났다.
些細な誤解がきっかけで、親友と激しい口論になってしまった。,"사소한 오해가 계기로, 절친한 친구와 격렬한 말다툼을 하게 되었다."
痴情のもつれが事件の引き金になった。,치정의 얽힘이 사건의 도화선이 되었다.
そのやり方は拙いから、もう一度手順を確認しよう。,"그 방법은 서투르니까, 다시 절차를 확인하자."
この資料は部分的にしか公開できず、残りは機密扱いだ。,이 자료는 부분적으로만 공개할 수 있고 나머지는 기밀 취급이다.
研究データは社外にも提供できる範囲を決めている。,연구 데이터는 사외에도 제공 가능한 범위를 정해 두고 있다.
彼女は病人を介抱しながら夜を明かした。,그녀는 환자를 돌보며 밤을 새웠다.
文章の巧拙より、伝えたい気持ちが大事だ。,"글의 능숙함과 서투름보다, 전하고 싶은 마음이 중요하다."
彼の熱のこもった演説に、会場から割れんばかりの拍手が送られた。,"그의 열정적인 연설에, 회장에서 떠나갈 듯한 박수가 터져 나왔다."
警察は窃盗の疑いで男を逮捕した。,경찰은 절도 혐의로 남성을 체포했다.
物価対策として、金融の引き締めが議論されている。,물가 대책으로 금융 긴축이 논의되고 있다.
美容師に前髪をカットしてもらった。,미용사에게 앞머리를 잘랐다.
猟師たちは今日の獲物を山小屋に持ち帰った。,사냥꾼들은 오늘의 사냥감을 산장으로 가져왔다.
肌が弱いので、刺激の強い化粧品とは接触しないようにしている。,피부가 약해서 자극이 강한 화장품과는 접촉하지 않으려 한다.
稚拙な文章でも、まず書くことが大事だ。,서툰 글이라도 우선 쓰는 게 중요하다.
明日は早いから、目覚ましを二つセットしておこう。,내일은 일찍 일어나야 하니까 알람시계를 두 개 맞춰 두자.
サイトに会員情報を登録した。,사이트에 회원 정보를 등록했다.
彼は上着の懐から古びた写真をそっと取り出した。,그는 윗옷 품속에서 낡은 사진을 살며시 꺼냈다.
新会社を設立して、事業を一から始めた。,새 회사를 설립해서 사업을 처음부터 시작했다.
壊れやすい商品を丁寧に取り扱うよう指示した。,깨지기 쉬운 상품을 조심스럽게 다루라고 지시했다.
仕事と家庭の均衡を保つのは難しい。,일과 가정의 균형을 유지하는 것은 어렵다.
政府は新しい政策を布告した。,정부는 새로운 정책을 포고했다.
マイナスの符号をつけ忘れて計算ミスをした。,마이너스 부호를 붙이는 걸 잊어 계산 실수를 했다.
教科書は来年度から改訂版が使われる。,교과서는 내년부터 개정판이 사용된다.
憲法の一部を改正する案が提出された。,헌법 일부를 개정하는 안이 제출되었다.
彼は東京の大学で経済学を専攻している。,그는 도쿄의 대학에서 경제학을 전공하고 있다.
未成年者の飲酒および喫煙は法律で禁止されています。,미성년자의 음주 및 흡연은 법률로 금지되어 있습니다.
台風の影響により、荷物のお届けに遅れが生じる可能性があります。,태풍의 영향으로 인해 짐 배송에 지연이 발생할 가능성이 있습니다.
この理論はあらゆる現象に普遍的に当てはまる。,이 이론은 모든 현상에 보편적으로 들어맞는다.
人の長所を見るようにして、短所ばかり探してはいけない。,"사람의 장점을 보려고 해야지, 단점만 찾아서는 안 된다."
彼の話は抽象的すぎて、何を言いたいのか分からなかった。,그의 이야기는 너무 추상적이어서 무슨 말을 하고 싶은지 알 수 없었다.
このレポートは構成が拙劣で、結論が伝わりにくい。,이 보고서는 구성이 졸렬해서 결론이 잘 전달되지 않는다.
彼は仲間を守るために自分を犠牲にした。,그는 동료를 지키기 위해 자신을 희생했다.
今日の市況は不安定で、株価が大きく揺れている。,오늘의 시황은 불안정해서 주가가 크게 흔들리고 있다.
豆の香りを保つため、低温で成分を抽出した。,원두 향을 지키기 위해 저온으로 성분을 추출했다.
明日の晩、家族で久しぶりに外食をする予定だ。,"내일 저녁, 가족끼리 오랜만에 외식을 할 예정이다."
新薬の副作用について、医師から詳しく説明を受けた。,신약의 부작용에 대해 의사에게서 자세히 설명을 들었다.
本契約の有効期間は、契約締結日から１年間とし、自動的に更新されるものとします。,"본 계약의 유효 기간은 계약 체결일로부터 1년으로 하고, 자동적으로 갱신되는 것으로 합니다."
冬の公園は冬枯れで、音が吸い込まれるように静かだった。,"겨울의 공원은 겨울나무로 스산해, 소리가 빨려들 듯 조용했다."
雀が屋根の上でチュンチュン鳴いている。,참새가 지붕 위에서 짹짹 울고 있다.
敵討ちの旅に出た兄は、手紙ひとつ残した。,원수 갚는 여행을 떠난 형은 편지 한 장만 남겼다。
足元に注意して、濡れた床をゆっくり歩いた。,발밑에 주의해서 젖은 바닥을 천천히 걸었다.
インクカートリッジを交換する際は、プリンターの電源を入れたままにしてください。,잉크 카트리지를 교체할 때는 프린터 전원을 켠 상태로 유지해 주십시오.
設定画面から「通知を許可する」をオンにすると、最新情報が届きます。,설정 화면에서 '알림 허용'을 켜면 최신 정보가 도착합니다.
毎月少しずつ貯蓄して、旅行資金を作っている。,매달 조금씩 저축해서 여행 자금을 만들고 있다.
退職時には、貸与された社員証、パソコン、携帯電話などをすべて返却すること。,"퇴직 시에는 대여받은 사원증, 컴퓨터, 휴대전화 등을 모두 반납할 것."
凄惨な事故の現場で、言葉を失った。,참혹한 사고 현장에서 말을 잃었다.
格闘家は、相手の首にチョークをかけて勝利した。,격투가는 상대의 목에 초크를 걸어 승리했다.
地軸が傾いているから季節が生まれる。,지축이 기울어져 있어서 계절이 생긴다.
災害に備えて水と缶詰を蓄える習慣をつけた。,재난에 대비해 물과 통조림을 비축하는 습관을 들였다.
徹夜で意識がもうろうとしてきた。,밤샘으로 의식이 몽롱해졌다.
本券は現金とのお引き換えはできません。また、つり銭は出ません。,본권은 현금과 교환할 수 없습니다. 또한 거스름돈은 나오지 않습니다.
正月に七福神巡りをした。,새해에 칠복신 순례를 했다.
七五三の写真を家族で撮った。,시치고산 사진을 가족과 함께 찍었다.
蜂の巣には近づかないようにしよう。,벌집에는 가까이 가지 않도록 하자.
商品到着後８日以内であれば、未開封に限り返品を受け付けます。,"상품 도착 후 8일 이내라면, 미개봉에 한해 반품을 받습니다."
雨が降ってきたので、尚更帰りたくなった。,비가 내리기 시작해서 더욱더 돌아가고 싶어졌다.
靴擦れで踵が痛む。,신발에 쓸려서 발뒤꿈치가 아프다.
契約内容に変更が生じた場合は、速やかに書面にて届け出てください。,"계약 내용에 변경이 생겼을 경우, 신속하게 서면으로 신고해 주십시오."
形式だけの謝罪なら要らない。,형식뿐인 사과라면 필요 없어.
パソコンの主な用は文書作成と情報検索だ。,컴퓨터의 주된 용도는 문서 작성과 정보 검색이다.
入場には顔写真による識別が必要です。,입장에는 얼굴사진에 의한 식별이 필요합니다.
駅の回りには新しいカフェが次々にオープンしている。,역 주변에는 새로운 카페가 잇따라 오픈하고 있다.
彼は現実からの逃避として、ゲームに没頭していた。,그는 현실로부터의 도피로 게임에 몰두하고 있었다.
雨で花火大会が中止になって残念だ。,비로 불꽃놀이가 취소돼서 아쉽다.
彼は事故で肋骨を折った。,그는 사고로 늑골(갈비뼈)이 부러졌다.
この数式を変形すると答えが出る。,이 수식을 변형하면 답이 나온다.
地球は自転しながら太陽の周りを回る。,지구는 자전하면서 태양 주위를 돈다.
鹿の子模様の浴衣を選んだ。,가노코 무늬의 유카타를 골랐다.
香水は強く着けすぎず、ワンプッシュだけにした。,향수는 너무 진하게 뿌리지 않고 한 번만 뿌렸다.
森の奥で鹿を見かけた。,숲 깊은 곳에서 사슴을 보았다.
資金の費えが近いと聞き、プロジェクトは縮小された。,자금 고갈이 가깝다는 말을 듣고 프로젝트가 축소됐다.
彼は環境保護を最優先に掲げる新しい政策を発表した。,그는 환경 보호를 최우선으로 내거는 새로운 정책을 발표했다.
商品の発送をもって、当選の発表にかえさせていただきます。,상품 발송을 통해 당첨 발표를 대신하겠습니다.
お会計の際は、テーブル番号が書かれた札をレジまでお持ちください。,계산하실 때는 테이블 번호가 적힌 패를 카운터로 가져와 주십시오.
学級の友達と遠足に行った。,학급 친구들과 소풍을 갔다.
条約文書には御璽が押されていた。,조약 문서에는 어새(황실 인장)가 찍혀 있었다.
医師に食餌の内容を見直すよう言われた。,의사에게 식이(식사) 내용을 재검토하라고 들었다.
疑似科学の宣伝にだまされないで。,유사과학 홍보에 속지 마.
甘い話に乗って詐欺の餌食になった。,달콤한 말에 넘어가 사기의 희생양이 되었다.
祖父の家には古い陶磁器が並んでいる。,할아버지 집에는 오래된 도자기가 늘어서 있다.
朝から雲一つない快晴で、絶好のハイキング日和だ。,아침부터 구름 한 점 없는 쾌청이라 최고의 하이킹 날씨다.
作業中は必ず保護メガネと手袋を着用し、怪我のないようにしてください。,"작업 중에는 반드시 보안경과 장갑을 착용하여, 부상이 없도록 하십시오."
クレジットカードの利用明細は、ウェブサイトのマイページから確認できます。,신용카드 이용 명세서는 웹사이트의 마이 페이지에서 확인할 수 있습니다.
不祥事の責任を取って辞職した。,불상사의 책임을 지고 사직했다.
園芸店で新しい品種の交配について教わった。,원예점에서 새로운 품종의 교배에 대해 배웠다.
古い家の屋根が大きく傾き、強い風が吹くたびに家全体がぎ시ぎ시と傾く音がした。,낡은 집 지붕이 크게 기울어 강한 바람이 불 때마다 집 전체가 삐걱이며 기우는 소리가 났다.
決勝で敗北し、選手は静かにうつむいた。,결승에서 패배하고 선수는 조용히 고개를 숙였다.
彼女の慈しみが言葉ににじんでいた。,그녀의 아낌이 말에 배어 있었다.
子供たちが雪合戦をして、冷たい雪玉を投げ合って遊んでいる。,아이들이 눈싸움을 하며 차가운 눈뭉치를 서로 던지고 놀고 있다.
将来のことが漠然としていて、少し不安だ。,미래가 막연해서 조금 불안하다.
分からない単語はすぐ辞書で調べる。,모르는 단어는 바로 사전으로 찾아본다.
先生がプリントを一人ずつに配った。,선생님이 프린트를 한 사람씩 나눠 주었다.
絵師は紺青で夜空を塗った。,화가는 감청색으로 밤하늘을 칠했다.
行政の窓口は平日のみ開いている。,행정 창구는 평일에만 열려 있다.
会議の資料は各自で持参してください。,회의 자료는 각자 지참해 주세요.
風の強い日に、子供たちが公園でカラフルなカイトを揚げている。,바람이 강한 날에 아이들이 공원에서 알록달록한 연을 날리고 있다.
彼は若くして時めく俳優だった。,그는 젊어서 한창 잘나가던 배우였다.
落とし物を拾われた方は、最寄りのサービスカウンターまでお届けください。,분실물을 습득하신 분은 가장 가까운 서비스 카운터로 가져다주십시오.
古い写真の文字が薄れて、読み取りにくい。,오래된 사진의 글자가 바래서 읽기 어렵다.
政治の話題になると、皆が慎重になる。,정치 이야기가 나오면 모두가 조심스러워진다.
結果を見て青ざめた。,결과를 보고 얼굴이 새파래졌다.
検診で医師に「肺臓に影がある」と言われ、精密検査を受けた。,건강검진에서 의사에게 “폐에 그림자가 있다”는 말을 듣고 정밀검사를 받았다.
新素材の物性を調べるために、耐熱テストを行う。,신소재의 물성을 알아보기 위해 내열 테스트를 실시한다.
青が差し色の制服が好きだ。,파랑이 포인트인 제복(유니폼)이 좋다.
霧笛が鳴って、港の朝が始まった。,뱃고동(안개 경적)이 울리며 항구의 아침이 시작됐다.
卒業式で校歌を斉唱した。,졸업식에서 교가를 제창했다.
結婚を機に改姓し、手続きが多かった。,결혼을 계기로 개성(성 변경)을 했더니 절차가 많았다.
薬品が目に入った場合は、こすらずに直ちに流水で１５分以上洗ってください。,약품이 눈에 들어갔을 경우 비비지 말고 즉시 흐르는 물로 15분 이상 씻으십시오.
立ち入り禁止区域には、許可なく侵入しないよう厳重に注意してください。,출입 금지 구역에는 허가 없이 침입하지 않도록 엄중히 주의하십시오.
その会社には古い慣行がまだ残っている。,그 회사에는 오래된 관행이 아직 남아 있다.
桜の名残りがまだ公園の隅に咲いている。,벚꽃의 자취가 아직 공원 구석에서 피어 있다.
本契約は、双方の合意により変更または解除することができます。,본 계약은 쌍방의 합의에 의해 변경 또는 해제할 수 있습니다.
根性で走り切るより、準備が大事だ。,근성으로 끝까지 뛰기보다 준비가 중요하다.
昔の百姓は年貢を納めて暮らした。,옛날 농민은 연공(세금)을 바치며 살았다.
座席は全席指定となっておりますので、チケットに記載された番号にお座りください。,"좌석은 전석 지정이므로, 티켓에 기재된 번호에 앉아 주십시오."
非常時には情報が統制されがちだ。,비상시에는 정보가 통제되기 쉽다.
感情に任せて人を殴ってはいけない。,감정에 맡겨 사람을 때려서는 안 된다.
このアプリは古い端末と相性が悪い。,이 앱은 오래된 기기와 호환(궁합)이 안 좋다.
更新プログラムのインストール中は、コンピューターの電源を切らないでください。,업데이트 프로그램 설치 중에는 컴퓨터 전원을 끄지 마십시오.
娘は新しい制服を鏡の前で着てみた。,딸은 새 교복을 거울 앞에서 입어 봤다.
妹の誕生日プレゼントを選ぶ。,여동생의 생일 선물을 고른다.
トンネルを抜けると、急に海が見えた。,터널을 빠져나가자 갑자기 바다가 보였다.
彼は会議で長々と自己紹介をした。,그는 회의에서 장황하게 자기소개를 했다.
将来について考えると悩ましい問題ばかりだ。,장래를 생각하면 고민스러운 문제뿐이다.
機内モードをオンにするか、電源をお切りくださいますようご協力をお願いします。,"비행기 모드를 켜거나, 전원을 꺼 주시도록 협조를 부탁드립니다."
夕方は西に雲が集まった。,저녁에는 서쪽에 구름이 모였다.
静かな部屋でも耳鳴りがして、集中できない。,조용한 방에서도 이명이 나서 집중이 안 된다.
友達に自分のクッキーを売る真似をした。,친구에게 내 쿠키를 파는 흉내를 냈다.
こんな屑みたいな考え方は捨てたほうがいい。,이런 쓰레기 같은 사고방식은 버리는 게 좋다.
西日がまぶしくて、ブラインドを下ろした。,서쪽 햇빛이 눈부셔서 블라인드를 내렸다.
郵便局へ行って、手紙を出した。,우체국에 가서 편지를 부쳤다.
沿道から声援が飛び、選手が手を振った。,길가에서 응원 소리가 터져 나오자 선수가 손을 흔들었다.
彼は仁義を重んじ、約束を破らなかった。,그는 의리(인의)를 중히 여겨 약속을 어기지 않았다.
この期に及んで、まだ言い訳をするつもりか。,이제 와서 아직 변명을 할 셈이냐.
印刷所で凸版の版を見せてもらった。,인쇄소에서 철판(볼록판) 판을 보여 달라고 했다.
この店は舶来の香水が揃っている。,이 가게는 수입 향수가 잘 갖춰져 있다.
天文学に興味がわいて、星図アプリを入れた。,천문학에 흥미가 생겨 별자리 앱을 깔았다.
休みには西国三十三所を巡っている。,휴일에는 사이고쿠 33곳의 관음 순례지를 돌고 있다.
山の中に自衛隊の基地がある。,산 속에 자위대 기지가 있다.
風は北西から吹き、体感温度が下がった。,바람이 북서쪽에서 불어 체감 온도가 내려갔다.
船舶の位置情報を、衛星で追跡している。,선박의 위치 정보를 위성으로 추적하고 있다.
針で指を一突きしてしまった。,바늘에 손가락을 한 번 콕 찔리고 말았다.
乾燥で肌がかゆくなったから、保湿した。,건조로 피부가 가려워서 보습했다.
西部地区の空港は霧が出やすい。,서부 지역의 공항은 안개가 끼기 쉽다.
彼は傘で雪を突いて遊んでいる。,그는 우산으로 눈을 쿡쿡 찌르며 놀고 있다.
弱音を抜かすな、最後までやり切れ。,"약한 소리 하지 마, 끝까지 해내."
合格が決まった瞬間、気抜けして泣いてしまった。,합격이 결정된 순간 긴장이 풀려 울어버렸다.
彼は博識で、どんな話題でも引き出しが多い。,그는 박식해서 어떤 화제든 지식이 많다.
彼の目には、どこか憂いが宿っているように見えた。,그의 눈에는 어딘가 근심이 깃든 듯 보였다.
繁忙期に備えて人員を増やす必要がある。,성수기에 대비해 인원을 늘릴 필요가 있다.
彼は父の会社を継承して社長になった。,그는 아버지의 회사를 계승해 사장이 되었다.
研究の成果で、ついに博士号を取得した。,연구 성과로 마침내 박사 학위를 취득했다.
人間は完璧じゃないから、やり直せる。,인간은 완벽하지 않으니 다시 시작할 수 있다.
その不祥事は業界全体に波及した。,그 불상사는 업계 전체로 파급되었다.
下町の人情に触れて、心が温かくなった。,서민 동네의 인정(인심)을 느끼며 마음이 따뜻해졌다.
朝一番に馬小屋を掃除するのが日課だ。,아침 첫 일로 마구간을 청소하는 게 일과다.
空港までの送迎バスを事前に予約しておいた。,공항까지 가는 송영 버스를 미리 예약해 두었다.
綿布のシャツは肌触りが優しい。,면포 셔츠는 촉감이 부드럽다.
旅人は駅前のベンチで地図を広げていた。,여행자는 역 앞 벤치에서 지도를 펼치고 있었다.
試合の様子はテレビで生中継されている。,경기 모습은 텔레비전으로 생중계되고 있다.
世の中、思い通りにはいかない。,세상은 뜻대로 되지 않는다.
未来の自分に手紙を書くワークをやってみた。,미래의 나에게 편지를 쓰는 활동을 해봤다.
親に感謝を伝えるのは、照れくさい。,부모에게 감사를 전하는 건 쑥스럽다.
彼女の濃やかな心遣いのおかげで、会議はスムーズに進んだ。,그녀의 세심한 배려 덕분에 회의가 순조롭게 진행되었다.
父親は黙って背中で働く姿を見せた。,아버지는 말없이 등으로 일하는 모습을 보여줬다.
人道支援の物資が国境を越えて届けられた。,인도적 지원 물자가 국경을 넘어 전달되었다.
時間を余すことなく使って、短期間で企画書を書き上げた。,시간을 남김없이 써서 짧은 기간에 기획서를 완성했다.
彼は策略で相手を追い詰めた。,그는 책략으로 상대를 몰아붙였다.
週末は乗馬クラブで姿勢を整える。,주말엔 승마 클럽에서 자세를 다듬는다.
父は寿司職人としての稼業に誇りを持っている。,아버지는 스시 장인으로서의 생업에 자부심을 가지고 있다.
この町に来てから、地元の祭りに親しむようになった。,이 마을에 온 뒤로 지역 축제에 친숙해졌다.
親友にだけは本音を打ち明けられる。,친한 친구에게만은 속마음을 털어놓을 수 있다.
王妃の懐妊が発表された。,왕비의 회임(임신)이 발표되었다.
彼の努力が名誉につながり、地域から表彰された。,그의 노력이 명예로 이어져 지역에서 표창받았다.
肉親の訃報を受け、急いで故郷へ戻った。,혈육의 부고를 받고 급히 고향으로 돌아갔다.
久しぶりに幼友達と再会して、昔話が止まらなかった。,오랜만에 소꿉친구를 다시 만나 옛이야기가 멈추지 않았다。
今年は祖父の新盆なので、親族が集まる。,올해는 할아버지의 첫 맞이하는 오봉(신봉)이라 친족이 모인다.
歩くときは、前をよく見て。,걸을 때는 앞을 잘 보고.
予算案は委員会で審議された。,예산안은 위원회에서 심의되었다.
入会金および年会費はいかなる理由があっても返金いたしません。,입회비 및 연회비는 어떠한 이유가 있어도 환불하지 않습니다.
宿題をしていない口実を必死に考えた。,숙제를 안 한 구실을 필사적으로 생각했다.
材料を余すと無駄になるから、分量をきちんと量ろう。,재료를 남기면 낭비가 되니 분량을 제대로 재자.
旅行中に空き巣に入られないよう、防犯対策を確認した。,여행 중 빈집털이를 당하지 않도록 방범 대책을 확인했다.
震災の記憶を語り継ぐ展示を見た。,재해(지진 재난)의 기억을 전하는 전시를 보았다.
新しい靴で歩いたら、少し靴ずれした。,새 신발로 걸었더니 발이 조금 까졌다.
古い車は家の横の車庫にしまってある。,헌 차는 집 옆 차고에 넣어 두었다.
三人寄れば文殊の知恵、皆で話し合えば良い案が出る。,"세 사람이 모이면 문수보살의 지혜가 나온다, 다 같이 의논하면 좋은 안이 나온다."
列車が通るたびに窓ガラスが小さく震動する。,열차가 지날 때마다 창유리가 작게 진동한다.
新妻は慣れない台所で味噌汁のだしを取っていた。,새댁은 익숙지 않은 부엌에서 미소된장국 육수를 내고 있었다.
欠けた杯を片付けて、新しいのを出した。,이 빠진 잔을 치우고 새 잔을 꺼냈다.
図書館内での通話はマナーモードに設定し、ロビーにてお願いします。,"도서관 내에서의 통화는 매너 모드로 설정하고, 로비에서 부탁드립니다."
新旧の交代が早くて、在庫管理が追いつかない。,신구 교체가 너무 빨라 재고 관리가 따라가지 못한다.
そのアプリは支払い体験を革新した。,그 앱은 결제 경험을 혁신했다.
リンゴを三つください。,사과 세 개 주세요.
海の上に三日月が浮かんでいて、息をのんだ。,바다 위에 초승달이 떠 있어 숨을 삼켰다.
江戸幕府は長く日本を統治した。,에도 막부는 오랫동안 일본을 통치했다.
国会で重要法案について衆議が行われている。,국회에서 중요 법안에 대해 중의가 이루어지고 있다.
高山の朝は空気が冷たくて澄んでいる。,고산의 아침은 공기가 차갑고 맑다.
遠くに山脈が見えて、景色が一気に広がった。,멀리 산맥이 보여 풍경이 한껏 펼쳐졌다.
賞味期限は未開封の状態での期限ですので、開封後はお早めにお召し上がりください。,"유통기한은 개봉하지 않은 상태에서의 기한이므로, 개봉 후에는 빨리 드십시오."
夜のバーで生ジャズを聴いた。,밤 바에서 생재즈를 들었다.
物語では雑兵たちが城門を守っていた。,이야기에서는 잡졸들이 성문을 지키고 있었다.
彼の説明はくどいほど丁寧で、少し疲れてしまう。,그의 설명은 지겹다고 할 만큼 자세해서 조금 피곤해진다.
泉のそばに立つと、水音が胸にしみた。,샘 곁에 서니 물소리가 가슴에 스며들었다.
質問の後、会場は沈黙に包まれた。,질문 후 회장은 침묵에 휩싸였다.
説明の最後に重要な補足を付け加えるのを忘れた。,설명 마지막에 중요한 보충 설명을 덧붙이는 것을 잊었다.
謝罪文は言葉選びで印象が決まるから、慎重に書こう。,사과문은 단어 선택에 따라 인상이 결정되니 신중히 쓰자.
源平合戦の舞台で、滅びゆく平家を偲ぶ。,겐페이 전쟁의 무대에서 멸망해가는 헤이케 일족을 추모한다.
大昔、恐竜たちがこの大地を闊歩していた時代を想像してみる。,"아주 먼 옛날, 공룡들이 이 대지를 활보하던 시대를 상상해 본다."
抗議の声を黙殺してはいけない。,항의의 목소리를 묵살해서는 안 된다.
三角定規で線を引くと、きれいに揃う。,삼각자(삼각정규)로 선을 그으면 깔끔하게 맞는다.
店の外に灰皿が置いてあって、助かった。,가게 밖에 재떨이가 놓여 있어 다행이었다.
眠い目を擦って、もう一度画面を見た。,졸린 눈을 비비고 다시 화면을 봤다.
皿を割らないように、ゆっくり棚に戻した。,접시를 깨지 않도록 천천히 선반에 돌려놓았다.
末弟は家族の中で一番背が高い。,막내 남동생은 가족 중 키가 제일 크다.
寺では殺生を慎むようにと説かれていた。,절에서는 살생을 삼가라고 설하고 있었다.
彼の一言が場の空気を変える殺し文句になった。,그의 한마디가 분위기를 바꾸는 결정타가 됐다.
不毛な議論はやめて、結論に進もう。,불모한 논쟁은 그만두고 결론으로 나아가자.
家を飛び出した彼は、父親から勘当されてしまった。,집을 뛰쳐나온 그는 아버지에게서 의절당하고 말았다.
転んで肘に擦過傷ができたので、消毒した。,넘어져 팔꿈치에 찰과상이 생겨 소독했다.
今日は底冷えのする寒い朝だ。,오늘은 땅속까지 추운 듯한 싸늘한 아침이다.
海を埋め立てて新しい公園ができた。,바다를 매립해 새 공원이 생겼다.
毛細管が切れて、頬に小さな赤い点が出た。,모세혈관이 터져 뺨에 작은 붉은 점이 생겼다.
そんな冗談、ほんとに人を殺す気かよ。,"그런 농담, 진짜 사람 죽일 생각이냐."
毛髪の成分を調べる検査を受けた。,모발 성분을 조사하는 검사를 받았다.
初めて小型機を操縦したとき、手のひらが汗でびっしょりになった。,"처음으로 소형기를 조종했을 때, 손바닥에 땀이 흥건했다."
公園の池に鯉がゆっくり泳いでいた。,공원 연못에 잉어가 느긋하게 헤엄치고 있었다.
新作の発売日に店へ客が殺到した。,신작 발매일에 가게로 손님이 몰려들었다.
友と夜明けまで語り合った。,친구와 새벽까지 이야기했다.
古刹の石段に苔が生えていて、時間の重みを感じた。,고찰의 돌계단에 이끼가 끼어 있어 세월의 무게를 느꼈다.
海外出張の経費は、すべて円に換算して精算してください。,해외 출장 경비는 전부 엔으로 환산해서 정산해 주세요.
市は国際会議の誘致に力を入れている。,시는 국제회의 유치에 힘을 쏟고 있다.
補足ですが、受付は二階の奥にあります。,"보충 설명인데, 접수처는 2층 안쪽에 있습니다."
この数字が何を意味するのか、全く見当がつかない。,이 숫자가 무엇을 의미하는지 전혀 짐작이 가지 않는다.
彼は請負として現場をまとめている。,그는 도급으로 현장을 총괄하고 있다.
小学生の遠足で動物園へ行き、お弁当を広げた。,초등학생 소풍으로 동물원에 가서 도시락을 펼쳤다.
嗅覚が鈍くなって、料理の香りをあまり感じなくなってしまった。,후각이 둔해져서 요리 향을 잘 느끼지 못하게 되었다.
殺人事件の報道に、町全体が重い空気になった。,살인 사건 보도로 마을 전체가 무거운 분위기가 되었다.
名刹の本堂で手を合わせ、旅の安全を祈った。,명찰의 본당에서 두 손을 모아 여행의 안전을 빌었다.
歩きすぎて足がだるいから、少し休もう。,너무 걸어서 다리가 뻐근하니 조금 쉬자.
この海岸には縄文時代の貝塚が残っている。,이 해안에는 조몬 시대의 패총이 남아 있다.
遊園地の回転木馬に乗る子供たちが手を振る,놀이공원의 회전목마를 타는 아이들이 손을 흔들다
この仕事を請けるなら、納期と予算を明確にしよう。,이 일을 수주한다면 납기와 예산을 명확히 하자.
電車が止まるとき、慣性で体が前に傾いた。,전철이 멈출 때 관성 때문에 몸이 앞으로 쏠렸다.
私は経済のことに関しては全くの門外漢だ。,나는 경제에 관해서는 완전한 문외한이다.
大雨で川があふれ、各地で洪水が発生した。,큰비로 강이 넘쳐 곳곳에서 홍수가 발생했다.
地域の住民が道路整備を求めて請願を提出した。,지역 주민들이 도로 정비를 요구하며 청원을 제출했다.
入国には事前の申請が必要です。,입국에는 사전 신청이 필요합니다.
足をぶつけて痛いから、少し休ませて。,발을 부딪혀 아프니 좀 쉬게 해줘.
本書の無断転載・複製は、著作権法により固く禁じられています。,본서의 무단 전재 및 복제는 저작권법에 의해 엄격히 금지되어 있습니다.
文化祭でクラス全員でコーラスを披露した。,문화제에서 반 전체가 합창을 선보였다.
応募者多数の場合は抽選となり、当選者にのみご連絡いたします。,"응모자가 다수일 경우 추첨이 되며, 당첨자에게만 연락드립니다."
「それなら結構ですので、またの機会にお願いします。」と彼は丁寧に断った。,“그렇다면 괜찮으니 다음 기회에 부탁드립니다.”라며 그는 정중하게 거절했다.
次の駅で電車を降りてください。,다음 역에서 전철에서 내려 주십시오.
咳が続くのは、風邪の兆候かもしれない。,기침이 계속되는 건 감기의 징후일지도 모른다.
フィルターの掃除は月に一度行い、目詰まりを防いでください。,"필터 청소는 한 달에 한 번 실시하여, 막힘을 방지해 주십시오."
けが人を介抱して救急車を呼んだ。,부상자를 간호하며 구급차를 불렀다.
騒ぎは次第に静まるから、少し待とう。,소동은 차차 가라앉을 테니 조금 기다리자.
この家はしっかりした土台の上に建てられている。,이 집은 튼튼한 토대 위에 지어져 있다.
怒りを静めて、まず深呼吸しよう。,화를 가라앉히고 먼저 심호흡하자.
旅路の途中で出会った小さな町が、忘れられない。,여행길 도중에 만난 작은 마을이 잊히지 않는다.
財布の中が新しい紙幣でいっぱいになった。,지갑 안이 새 지폐로 가득 찼다.
本サービスの利用料金は、予告なく変更される場合があります。,본 서비스의 이용 요금은 예고 없이 변경될 수 있습니다.
赤ちゃんを静めるために、子守唄を歌った。,아기를 달래기 위해 자장가를 불렀다.
戸棚の中に非常食を備蓄している。,찬장 안에 비상식을 비축해 두고 있다.
誓いを胸に、彼は新しい道へ進んだ。,맹세를 가슴에 품고 그는 새로운 길로 나아갔다.
彼女は静かだが、芯が強い。,그녀는 조용하지만 속이 강하다.
月夜の川辺は静かで、波の音だけが聞こえた。,달빛 비치는 밤의 강가가 고요해서 파도 소리만 들렸다.
問題の側面を整理して考える。,문제의 측면을 정리해서 생각한다.
危険を感じたら、すぐに動きを静止してください。,위험을 느끼면 즉시 움직임을 정지하세요.
この工場は部品を大量に製造している。,이 공장은 부품을 대량으로 제조하고 있다.
遅速を問わず、到着した順に受付します。,빠르든 늦든 도착한 순서대로 접수합니다.
両親は一人旅をすると聞いて、危ながってなかなか許してくれなかった。,부모님은 혼자 여행을 간다고 하자 위험해할 뿐이라 좀처럼 허락해 주지 않았다.
重いスーツケースを引っ張って、駅の階段を上った。,무거운 캐리어를 끌고 역 계단을 올라갔다.
不精して外食ばかりだと、体に悪いよ。,게을러서 외식만 하면 몸에 안 좋아.
水と粉の比率を守ると失敗しない。,물과 가루의 비율을 지키면 실패하지 않는다.
朝、鏡の前で深呼吸をしてから外出すると、少し自信が湧いてくる。,"아침에 거울 앞에서 심호흡을 한 뒤 외출하면, 조금 자신감이 생긴다."
全部欲張ると、結局どれも中途半端になるよ。,모두 욕심내면 결국 다 어중간해져.
京都には紅葉の名所が数多くあり、秋になると観光客で賑わう。,"교토에는 단풍의 명소가 수없이 많아, 가을이 되면 관광객으로 붐빈다."
この場所は神聖だから、騒がないでください。,이곳은 신성하니 떠들지 마세요.
例を一つ挙げると、このグラフのデータが分かりやすい。,"예를 하나 들자면, 이 그래프의 데이터가 이해하기 쉽다."
謝罪の場では、誠意を言葉だけでなく行動で示した。,사과 자리에서는 성의를 말뿐 아니라 행동으로 보였다.
精密な計測が必要なので、工具は慎重に扱ってください。,정밀한 측정이 필요하니 도구를 조심히 다뤄 주세요.
彼は聖人のように寛大だと皆に言われている。,그는 성인처럼 관대하다고 모두에게 들었다.
今日は存分に食べていいよ。,오늘은 마음껏 먹어도 돼.
図書館に多くの本が寄贈された。,도서관에 많은 책이 기증되었다.
受験に向けて毎日精進している。,시험을 위해 매일 정진하고 있다.
放課後、校庭でサッカーの練習をする。,방과 후 운동장에서 축구 연습을 한다.
庭に雪が積もって、足跡が一列に残っていた。,마당에 눈이 쌓여 발자국이 한 줄로 남아 있었다.
庭先で焼いた餅の匂いが、近所まで漂った。,마당 앞에서 구운 떡 냄새가 동네까지 퍼졌다.
睡眠と運動で精力を回復させた。,수면과 운동으로 정력을 회복했다.
今の勢いなら、優勝も夢じゃない。,지금 기세라면 우승도 꿈이 아니야.
ルールを正しく理解してからゲームを始めよう。,규칙을 올바르게 이해한 뒤에 게임을 시작하자.
寒い冬の夜、熱い湯に肩まで浸かると一日の疲れが吹き飛ぶ。,"추운 겨울 밤, 뜨거운 물에 어깨까지 담그면 하루의 피로가 날아간다."
館内での写真撮影および録音は、許可されたエリア以外では禁止です。,관내에서의 사진 촬영 및 녹음은 허가된 구역 이외에서는 금지입니다.
面接の前に、体裁だけは整えた。,면접 전에 겉모양(체재)만은 갖췄다.
隔週で開かれる定例会議は、進捗状況を確認する重要な場だ。,"격주로 열리는 정례 회의는, 진척 상황을 확인하는 중요한 자리다."
暗愚な王のせいで国は乱れた。,암우한 왕 때문에 나라가 혼란에 빠졌다.
夜道で風体の怪しい人を見かけた。,밤길에서 차림새가 수상한 사람을 봤다.
大晦日の夜、除夜の鐘を聞きながら一年を振り返り、蕎麦をすする。,"섣달 그믐날 밤, 제야의 종소리를 들으며 일 년을 되돌아보고, 소바(메밀국수)를 후루룩 먹는다."
職人が銅を鋳って、小さな鈴を作った。,장인이 구리를 주조해 작은 방울을 만들었다.
月一回のペースで美容院に通い、髪のメンテナンスをしている。,"월 1회 페이스로 미용실에 다니며, 머리카락 유지 보수를 하고 있다."
皇太子が地方を視察し、沿道に人が集まった。,황태자가 지방을 시찰해 길가에 사람이 모였다.
岬の先端に白い灯台が立っていて、波しぶきがかかっていた。,곶 끝자락에 하얀 등대가 서 있고 파도가 부딪쳐 물보라가 일고 있었다.
面接の前に、鏡の前で襟を正して気持ちを整えた。,면접 전에 거울 앞에서 옷깃을 바로 세우며 마음을 가다듬었다.
雨が上がって、空がようやく晴れる。,비가 그치고 하늘이 드디어 개다.
丁寧な封書に入った手紙が、机の上に置かれていた。,정중한 봉투에 들어간 편지가 책상 위에 놓여 있었다.
彼の勢いに押されて、つい同意してしまった。,그의 기세에 눌려서 그만 동의해 버렸다.
事故による損害は保険で補償される予定だ。,사고로 인한 손해는 보험으로 보상될 예정이다.
敵軍を挟撃するため、部隊は二手に分かれて進軍した。,적군을 협공하기 위해 부대는 두 갈래로 나뉘어 진군했다。
現地の情勢が不安定なので、渡航は控えてください。,현지 정세가 불안정하니 여행은 자제해 주세요.
彼は甘い話には必ず戒心を抱くようにしている。,그는 달콤한 이야기에는 반드시 경계심을 품도록 하고 있다.
祖父は脳梗塞の後、リハビリを続けている。,할아버지는 뇌경색 후 재활을 계속하고 있다.
このパンは焼きすぎて、外側が思ったより硬い。,이 빵은 너무 구워져서 겉이 생각보다 딱딱하다.
今日は快晴で、洗濯物がすぐ乾きそうだ。,오늘은 쾌청해서 빨래가 금방 마를 것 같다.
崖下には小さな漁村が広がっていた。,절벽 아래에는 작은 어촌이 펼쳐져 있었다.
皇室の行事はテレビで生中継されることが多い。,황실 행사는 텔레비전으로 생중계되는 일이 많다.
花婿が緊張しながらも笑顔で指輪を差し出した。,신랑이 긴장하면서도 미소로 반지를 내밀었다.
披露宴で女婿が新婦の両親に丁寧に挨拶した。,결혼 피로연에서 사위가 신부의 부모님께 정중히 인사했다.
彼は婿としてその家に入ることになった。,그는 사위로서 그 집에 들어가게 되었다.
こちらの条件で契約を受諾していただけますか。,이 조건으로 계약을 수락해 주시겠습니까?
しかも違約金もかからないから、乗り換える価値はある。,게다가 위약금도 안 나와서 갈아탈 만해.
状況から原因を推測する。,상황으로 원인을 추측한다.
若い画家が路上でライブペインティングをしていた。,젊은 화가가 길거리에서 라이브 페인팅을 하고 있었다.
不可能と言われた記録を、彼女は最後に成し遂げた。,불가능하다고 했던 기록을 그녀는 끝내 달성해냈다.
河原の近くに蚊柱が立っていて、みんな慌てて離れた。,하천 옆에 모기 기둥이 솟아 있어서 모두 허둥지둥 피했다.
祖父が脳卒中で倒れたと聞いた。,할아버지가 뇌졸중으로 쓰러졌다고 들었다.
晴雨にかかわらず、この大会は予定どおり開催される。,맑든 비오든 이 대회는 예정대로 열린다.
雛祭りの日に、姉と一緒に雛人形を飾った。,히나마쓰리 날 언니와 함께 히나 인형을 장식했다.
私の田舎では、農業は今でも暦に従って種まきや収穫を行っている。,"내 시골에서는, 농업은 지금도 달력(절기)에 따라 파종이나 수확을 하고 있다."
米は蔵に入れて、虫と湿気を防ぐ。,쌀은 창고에 넣어 벌레와 습기를 막는다.
寺の本尊の前で静かに手を合わせた。,절의 본존 앞에서 조용히 합장했다.
積み重ねた練習が力に成ると、コーチは言った。,쌓아 온 연습이 힘이 된다고 코치가 말했다.
静かに手を合わせて、故人が成仏するよう願った。,조용히 손을 모아 고인이 성불하길 빌었다.
長年の祈願が成就し、店を持つ夢が叶った。,오랜 기원이 성취되어 가게를 여는 꿈이 이루어졌다.
新体制に向けて態勢を整える。,새 체제에 맞춰 태세를 갖춘다.
面倒な仕事を後回しにすると、結局自分が苦しむことになる。,"귀찮은 일을 뒤로 미루면, 결국 자신이 괴로워지게 된다."
プロのダンサーは、パートナーを軽々とリフトして観客を魅了した。,"프로 댄서는, 파트너를 가볍게 리프트(들어 올려)하여 관객을 매료시켰다."
彼は勉強していないので英語は大して話せない。,그는 공부를 안 해서 영어를 그다지 못한다.
被害者は弁護士と相談し、詐欺グループを告訴する準備を進めた。,"피해자는 변호사와 상담하여, 사기 그룹을 고소할 준비를 진행했다."
ボランティア団体の活動に参加してから、地域とのつながりを強く感じるようになった。,봉사 단체 활동에 참가한 뒤로 지역과의 연결을 더 강하게 느끼게 되었다.
この装置はレンズの屈折の原理を利用している。,이 장치는 렌즈 굴절의 원리를 이용하고 있다。
深夜の襲撃で店の窓ガラスが割れた。,심야의 습격으로 가게 창유리가 깨졌다.
この企画の要は、現場の負担を減らす仕組みにある。,이 기획의 요체는 현장의 부담을 줄이는 구조에 있다。
その場で結論を出す要る？　一晩考えてもいいよ。,그 자리에서 결론을 낼 필요 있어? 하룻밤 생각해도 돼。
手続きは代理の者が行います。,절차는 대리인이 진행합니다.
歌舞伎の襲名披露を見に行った。,가부키의 습명(襲名) 공연을 보러 갔다.
高熱のせいで奇妙な幻覚を見た記憶がある。,고열 때문에 이상한 환각을 본 기억이 있다.
彼は経済学部の一年生だ。,그는 경제학부 1학년이다.
彼は落ち葉を蹴散らして歩いた。,그는 낙엽을 걷어차 흩뜨리며 걸었다.
ガラスの容器にクッキーを入れると、見た目がきれいだ。,유리 용기에 쿠키를 넣으면 보기 좋다。
彼は英語に加えて、更に中国語も勉強している。,"그는 영어에 더해, 더욱이 중국어도 공부하고 있다."
海岸の松原を散歩するのが好きだ。,나는 해안가의 송림을 산책하는 걸 좋아한다。
この制度は寄付とボランティアで成り立っている。,이 제도는 기부와 자원봉사로 성립되어 있다.
束の間の休息を楽しむために、コーヒーを入れて窓辺に座った。,"잠깐의 휴식을 즐기기 위해, 커피를 타서 창가에 앉았다."
二つの商品を比べると、こちらの方が安い。,두 상품을 비교해 보면 이쪽이 더 싸다.
彼氏と一緒に映画を見に行く。,남자친구와 함께 영화 보러 간다.
その章の挿話が、主人公の過去を鮮やかにした。,그 장의 삽화(끼어드는 일화)가 주인공의 과거를 선명하게 했다.
彼は何も言わずに、ただうなずいた。,그는 아무 말 없이 그저 고개를 끄덕였다.
ローマの皇帝は広大な領土を支配していた。,로마 황제는 광대한 영토를 지배하고 있었다.
その提案には賛成だけど、予算の根拠が足りない。,그 제안에는 찬성이지만 예산 근거가 부족하다.
備忘のため、会議の要点を箇条書きにした。,기억해 두기 위해 회의 요점을 글머리표로 적었다.
締め切り前夜に仕上げて、やっと完成にこぎつけた。,마감 전날 밤에 마무리해 드디어 완성에 이르렀다.
駅で道に迷って、彼はしばらくまごまごしていた。,역에서 길을 잃고 그는 한동안 우왕좌왕했다.
沸かしたての湯で入れたコーヒーは、香りが高くて格別の味わいだ。,"갓 끓인 물로 내린 커피는, 향이 높고 각별한 맛이다."
学生の頃は貧乏で外食できなかった。,학생 때는 가난해서 외식 못 했다.
危ないから其処には近寄らないでください。,위험하니까 거기에는 가까이 가지 마세요.
現代の若者は情報収集が速い。,현대의 젊은이들은 정보 수집이 빠르다.
貧しい地域に支援が届くようにしたい。,가난한 지역에 지원이 닿게 하고 싶다.
港には巨大な貨物船が停泊しており、クレーンでコンテナを積んでいる。,"항구에는 거대한 화물선이 정박해 있으며, 크레인으로 컨테이너를 싣고 있다."
会議室の中央に置かれた円卓を囲んで、社員たちが自由に意見を交わした。,회의실 중앙에 놓인 원탁을 둘러싸고 사원들이 자유롭게 의견을 나누었다.
彼が代表として壇上に立ち、挨拶した。,그가 대표로 단상에 올라 인사했다.
最新技術を使ったスマートフォンはとても便利だ。,최신 기술을 사용한 스마트폰은 매우 편리하다.
信頼関係を築くうえで、約束を守ることが肝要だ。,신뢰 관계를 쌓는 데에는 약속을 지키는 것이 핵심이다.
彼は大して勉強していないのに、成績はいつも上位だ。,그는 그다지 공부를 안 하는데도 성적은 항상 상위권이다.
この店は生の野菜が新鮮で、サラダが本当にうまい。,이 가게는 생야채가 신선해서 샐러드가 정말 맛있다.
彼とは苦楽を共にした肝胆相照らす親友だ。,그는 고락을 함께한 간담상조의 절친이다.
彼の作り笑いは生々しくて、かえって怖かった。,그의 억지웃음은 너무 생생하고 노골적이라 오히려 무서웠다.
契約期間満了の１ヶ月前までに解約の申し出がない場合は自動更新されます。,계약 기간 만료 1개월 전까지 해지 신청이 없으면 자동 갱신됩니다.
会員登録を完了するには、送られてきたメールのリンクをクリックします。,"회원 가입을 완료하려면, 전송된 메일의 링크를 클릭하십시오."
祖父の肖像が玄関に飾られていて、背筋が伸びる。,할아버지의 초상이 현관에 걸려 있어 자세가 바로 선다.
エレベーターの点検作業中は、階段をご利用くださいますよう願います。,엘리베이터 점검 작업 중에는 계단을 이용해 주시기를 바랍니다.
見積書の数字を水増しするなんて、絶対にやめて。,견적서 숫자를 부풀리는 건 절대 하지 마.
戦争の映像を見て憎悪が湧き、目をそらしたくなった。,전쟁 영상을 보고 증오가 솟아 눈을 돌리고 싶어졌다.
社長の秘書が、次の予定を手早く整理した。,사장 비서가 다음 일정을 재빨리 정리했다.
彼は胸に秘めた夢を、まだ誰にも話していない。,그는 가슴에 품은 꿈을 아직 누구에게도 말하지 않았다.
パン屋では生地を寝かせる時間が味を決める。,빵집에서는 반죽(生地)을 숙성시키는 시간이 맛을 좌우한다.
包丁を研ぎ上げると、トマトが紙のように薄く切れた。,칼을 정갈히 갈아 올리니 토마토가 종이처럼 얇게 썰렸다.
彼は海で溺れるところをライフセーバーに助けられた。,그는 바다에서 익사할 뻔하다가 구조대원에게 구해졌다.
彼は話を盛る癖があって、すぐ噂を生やす。,그는 이야기를 부풀리는 버릇이 있어 금방 소문을 퍼뜨린다.
祖母の箪笥から、生糸の反物が出てきた。,할머니 장롱에서 생사(生糸) 두루마리가 나왔다.
誕生日プレゼントを宅配で送ることにした。,생일 선물을 택배로 보내기로 했다.
判断の速さが勝負を分けた。,판단의 빠르기가 승부를 갈랐다.
天井から水が垂れて、バケツがいっぱいになった。,천장에서 물이 떨어져 양동이가 가득 찼다。
教室だけでなく家庭や地域の「学びの室」をどう支えるかが、これからの教育行政の課題だ。,교실뿐 아니라 가정과 지역의 ‘배움의 방’을 어떻게 지지할지가 앞으로의 교육 행정의 과제다.
彼の生い立ちを知ってから、発言の重みが違って見えた。,그의 성장 배경을 알고 나니 발언의 무게가 다르게 보였다.
彼は世界中を旅して昆虫の標本集を作り上げ、博物館に寄贈した。,"그는 전 세계를 여행하며 곤충 표본집을 완성해, 박물관에 기증했다."
端正な字で書かれた申込書は、それだけで印象が良い。,단정한 글씨로 쓴 신청서는 그것만으로도 인상이 좋다.
春休みに友達と会う日が待ち遠しい。,봄방학에 친구를 만날 날이 기다려진다.
彼女の生まれは地方の小さな町で、今も訛りが残っている。,그녀의 출신은 지방의 작은 마을이라 지금도 사투리가 남아 있다.
「ゆりかごから墓場まで」という言葉通り、手厚い社会保障制度が整っている。,"'요람에서 무덤까지'라는 말대로, 두터운 사회 보장 제도가 갖추어져 있다."
彼と私の性格は水と油のように混じり合わない。,그와 나의 성격은 물과 기름처럼 섞이지 않는다.
春になると、小鳥の声で自然に生まれるように目が覚める。,봄이 되면 새소리로 자연스럽게 눈이 떠진다.
ネットワークの末端で障害が起き、全体に影響が出た。,네트워크 말단에서 장애가 발생해 전체에 영향이 났다.
デザインは白を基調にすると、部屋が広く見える。,디자인을 흰색 위주로 하면 방이 넓어 보인다.
駅までの道は桜の並木が続く。,역까지 가는 길에는 벚나무 가로수가 이어진다。
集合の合図に、笛を鳴らす係を任された。,집합 신호로 호루라기를 부는 역할을 맡았다.
個人情報の管理は、どの企業にとっても重要だ。,개인정보 관리는 어떤 기업에게도 중요하다。
プレゼンの要点は三つだけに絞って、スライドを作った。,발표의 요점은 세 가지만으로 좁혀 슬라이드를 만들었다。
部下の才能を生かす配置に変えて、チームが強くなった。,부하의 재능을 살리는 배치로 바꾸자 팀이 강해졌다.
雨でも試合を続行するそうだ。,비가 와도 경기를 계속 진행한다더라.
中秋の名月（メイゲツ）を眺めながら、団子を供えて豊作を感謝する。,"중추의 명월(한가위 보름달)을 바라보며, 경단을 바치고 풍작에 감사한다."
先生が白墨で黒板に式を書いた。,선생님이 백묵으로 칠판에 식을 썼다。
女将の心尽くしのもてなしに、旅の疲れがほどけた。,여관 주인의 정성 어린 환대에 여행의 피로가 풀렸다。
花を長持ちさせるために、朝のうちに生ける。,꽃을 오래 가게 하려고 아침에 꽂아 둔다(꽃꽂이한다).
密猟者に追われていた動物を、生け捕りにして保護した。,밀렵꾼에게 쫓기던 동물을 생포해 보호했다.
子供みたいに、もう一度思いっきり遊びたいな。,"아이처럼, 다시 한번 실컷 놀고 싶다."
嫡孫が家の名を継ぐことになった。,적손이 가문의 이름을 잇게 됐다.
戦争で食料が欠乏し、配給の列が長くなった。,전쟁으로 식량이 결핍되어 배급 줄이 길어졌다.
怠け者と言われないように、毎日机に向かった。,게으름뱅이라고 들리지 않게 매일 책상에 앉았다.
庭に木が一本だけ残っている。,마당에 나무가 한 그루만 남아 있다。
今日は少し怠けて、家で映画を見よう。,오늘은 좀 게으름 피우고 집에서 영화를 보자.
この宇宙観では、生滅を繰り返して世界が巡るという。,이 우주관에서는 생멸을 반복하며 세계가 순환한다고 한다.
会場で突然の異変が起きて、スタッフが走り出した。,행사장에서 갑작스런 이상 사태가 일어나 스태프가 뛰기 시작했다.
部署の親睦を深めるために食事会を開いた。,부서의 친목을 다지기 위해 회식 자리를 열었다。
会議資料は図表を入れて分かりやすくした。,회의 자료에 도표를 넣어 이해하기 쉽게 했다。
音符の位置を間違えると旋律が変わる。,음표의 위치를 잘못 잡으면 선율이 달라진다.
入学式は講堂で行われる。,입학식은 강당에서 열린다.
地域の恒久的な平和を目指して協定が結ばれた。,지역의 항구적 평화를 목표로 협정이 맺어졌다.
階段でつまずいて膝頭を打ち、しばらく青あざを眺めた。,계단에서 넘어져 무릎을 부딪혀 한동안 멍을 바라봤다.
掲示板に尋ね人のポスターが貼られていた。,게시판에 실종자 수배 전단이 붙어 있었다。
新幹線の切符を自動券売機で買った。,신칸센 표를 자동발매기에서 샀다.
図画工作の授業で、紙飛行機を作った。,미술·공작 수업에서 종이비행기를 만들었다。
先生に相談したら、進路の不安が少し軽くなった。,선생님께 상담했더니 진로 불안이 조금 가벼워졌다.
僕は明日早起きして走るつもりだ。,나는 내일 일찍 일어나서 뛸 생각이다。
吹奏楽の音が校庭まで響いてきた。,관악 합주 소리가 운동장까지 울려 퍼졌다。
子どもの貧しさが学びに影響する。,아이의 가난이 배움에 영향을 준다.
使用後は必ず電源を切り、プラグをコンセントから抜いてください。,"사용 후에는 반드시 전원을 끄고, 플러그를 콘센트에서 뽑아주십시오."
店は改装のため、来週から一週間休業する。,가게는 개수를 위해 다음 주부터 일주일간 휴업한다.
姿勢を正して、深呼吸してから発表を始めた。,자세를 바로 하고 깊게 숨을 들이쉰 뒤 발표를 시작했다.
駅員に出口までの道を尋ねた。,역무원에게 출구까지 가는 길을 물었다。
疲れた友を労わるため、温かいスープを持って訪ねた。,지친 친구를 위로하려고 따뜻한 수프를 들고 찾아갔다.
鍋の中は黒焦げで、換気扇を回しても匂いが残った。,냄비 안은 새까맣게 타서 환풍기를 돌려도 냄새가 남았다.
工場でガス漏れが発生し、周辺が一時避難となった。,공장에서 가스 누출이 발생해 주변이 일시 대피했다.
春の柔らかな陽光が、部屋の隅々まで照らしている。,봄의 부드러운 햇살이 방 구석구석까지 비추고 있다.
商品の返品・交換は、購入日より一週間以内にレシートを持参ください。,상품 반품 및 교환은 구매일로부터 1주일 이내에 영수증을 지참해 주십시오.
机の端にコップを置くと、落ちて危ないよ。,책상 끝에 컵을 두면 떨어져 위험해.
先輩は私を諭して、無理な残業をやめさせた。,선배는 나를 타일러 무리한 야근을 그만두게 했다.
退職金の一部を信託銀行に預託して、運用方針を相談した。,퇴직금 일부를 신탁은행에 예탁(맡겨 운용)하고 운용 방침을 상담했다。
来週の予定が詰まっているので、会議は再来週にしたい。,다음 주 일정이 꽉 차 있어서 회의는 다다음 주로 하고 싶다.
作家の年譜を読むと創作の背景が分かる。,작가의 연보를 읽으면 창작의 배경을 알 수 있다.
質問の頻度が高すぎて対応が追いつかない。,질문 빈도가 너무 높아 대응이 따라가지 못한다.
結果よりも、正しさを守る姿勢が評価された。,결과보다도 올바름을 지키는 자세가 평가받았다.
相手を軽侮する態度がトラブルを招く。,상대를 경멸하는 태도는 트러블을 부른다.
その作家は1920年に生誕し、多くの作品を残した。,그 작가는 1920년에 태어나 많은 작품을 남겼다.
試合前に円陣を組んで団結を誓った。,경기 전에 원진을 짜고 단결을 다짐했다.
正月は家族で集まり、おせちを囲んでゆっくり過ごす。,정월(설)에는 가족이 모여 오세치를 둘러앉고 느긋하게 보낸다.
新しい命の誕生を家族みんなで祝った。,새 생명의 탄생을 가족 모두가 축하했다.
正面の入口は工事中なので、裏口から入ってください。,정면 입구는 공사 중이니 뒷문으로 들어가 주세요.
観光客相手に「へい、安いよ」と叫ぶだけでは、地域の魅力は長続きしない。,"관광객에게 ‘헤이, 싸요’라고 외치기만 해서는 지역의 매력은 오래가지 않는다."
子どもたちは絵本の中の悪者が改心する場面に拍手を送った。,아이들은 그림책 속 악당이 개심하는 장면에 박수를 보냈다.
月末の支払い日に向けて、銀行口座の残高を確認しておく。,월말 지불일을 대비해 은행 계좌 잔고를 확인해 둔다.
裁判で被告の正義を信じて、弁護士は最後まで戦った。,재판에서 피고의 정의를 믿고 변호사는 끝까지 싸웠다.
この寮は男女共用だから、ルールを守ってね。,이 기숙사는 남녀 공용이니까 규칙을 지켜줘.
彼は渋々ながら上司の指示に従った。,그는 마지못해 상사의 지시에 따랐다.
短歌を一首詠んで、旅の気分を言葉にした。,단가를 한 수 지어 여행 기분을 말로 담았다.
夏の庭で水浴びして、子どもが大はしゃぎした。,여름 정원에서 물놀이를 하며 아이가 신나게 놀았다。
昨夜は蒸し暑くて、何度も寝返りを打った。,어젯밤은 무더워서 몇 번이나 뒤척였다.
背後で風船が割れて、驚いて思わず躍り上がる。,뒤에서 풍선이 터져 놀라서 무심코 펄쩍 뛰었다.
パスワードは定期的に変更し、第三者に教えないようにしてください。,"비밀번호는 정기적으로 변경하고, 제3자에게 알려주지 않도록 하십시오."
故障した機械をメーカーに送って直してもらう。,고장 난 기계를 제조사에 보내서 수리받는다(고쳐 받다).
水色の傘が人混みの中でよく目立った。,하늘색 우산이 인파 속에서 잘 눈에 띄었다。
父母に感謝の手紙を書いて、記念日に渡した。,부모님께 감사 편지를 써서 기념일에 드렸다.
万年筆で署名すると文字が映える。,만년필로 서명하면 글씨가 돋보인다.
この道具は長短がはっきりしているから、用途で選ぶべきだ。,이 도구는 장단이 뚜렷하니 용도에 따라 골라야 한다.
研修の受講者には修了証が付与される。,연수 수강자에게는 수료증이 부여된다.
湿気でポスターが壁に付いてしまった。,습기 때문에 포스터가 벽에 붙어 버렸다.
その雑誌は根拠のない健康法を鼓吹していた。,그 잡지는 근거 없는 건강법을 선전하고 있었다。
自分の短所を知ると、直すべき点が見えてくる。,자신의 단점을 알면 고쳐야 할 점이 보인다.
登録情報を抹消してほしいと窓口で頼んだ。,등록 정보를 말소해 달라고 창구에서 부탁했다.
図書館の窓際で、友だちの囁きが紙の匂いに溶けた。,도서관 창가에서 친구의 속삭임이 종이 냄새 속에 스며들었다.
風が止むと、急に周りの音がはっきり聞こえた。,바람이 멈추자 갑자기 주변 소리가 또렷이 들렸다.
本製品を分解・改造した場合、メーカー保証の対象外となります。,"본 제품을 분해 또는 개조했을 경우, 제조업체 보증 대상에서 제외됩니다."
新しい元号の元年に子どもが生まれた。,새 연호의 원년에 아이가 태어났다.
廃藩の後、この城は県の管理になった。,폐번 이후 이 성은 현의 관리가 되었다.
彼は長年の駐在を終えて本国に帰任した。,그는 오랜 주재 생활을 끝내고 본국으로 복귀했다.
子どもたちは公園で紙飛行機を飛ばした。,아이들은 공원에서 종이비행기를 날렸다.
太っ腹な友人が、みんなの分まで会計してくれた。,통 큰 친구가 모두의 몫까지 계산해 줬다.
不発の爆弾が見つかり、周辺が封鎖された。,불발 폭탄이 발견되어 주변이 봉쇄되었다.
ご利用明細書は再発行できませんので、大切に保管してください。,이용 명세서는 재발행할 수 없으니 소중히 보관해 주십시오.
寝惚けて歯ブラシを冷蔵庫に入れそうになり、自分で笑った。,잠이 덜 깬 채로 칫솔을 냉장고에 넣을 뻔해 스스로 웃었다.
この化粧品は天然由来の香りで、きつくない。,이 화장품은 천연 유래 향이라 자극적이지 않다.
怠惰な生活を改めて、朝の散歩を始めた。,게으른 생활을 고쳐 아침 산책을 시작했다.
請求書の内訳を見たら、手数料が意外に高かった。,청구서의 내역을 보니 수수료가 의외로 비쌌다.
根拠のない噂を、すぐに否定した。,근거 없는 소문을 곧바로 부정했다.
天を仰いで深呼吸し、気持ちを切り替えた。,하늘을 올려다보며 심호흡하고 마음을 전환했다.
結果が出るまで忍耐が必要だと監督は言った。,결과가 나올 때까지 인내가 필요하다고 감독이 말했다.
寝坊が怖くて、目覚ましを三つも枕元に並べて寝ている。,늦잠이 무서워서 알람시계를 세 개나 베갯머리에 늘어놓고 잔다.
言論の弾圧が強まったと報じられた。,언론 탄압이 강해졌다고 보도되었다.
泌尿器の検査で早期発見につながった。,비뇨기 검사가 조기 발견으로 이어졌다.
長い療養の末、ようやく平癒した。,긴 요양 끝에 마침내 완쾌했다.
玄関で靴を履いて、急いで駅へ向かった。,현관에서 신발을 신고 급히 역으로 향했다.
毛筆で年賀状を書くと、味が出る。,붓으로 연하장을 쓰면 운치가 난다.
危ないから、その手すりから手を離さないで。,위험하니까 그 난간에서 손을 놓지 마.
雨天のため、試合は中止になりました。,우천으로 인해 경기는 취소되었습니다.
複雑な社会問題に単純な方程を当てはめて解決した気になるのは危険だ。,복잡한 사회 문제에 단순한 방정식을 끼워 맞추고 해결된 듯 안심하는 것은 위험하다.
景気の沈滞が長引き、店の客足が減った。,경기 침체가 길어져 가게 손님이 줄었다.
高校で世界史と日本史を両方選択した。,고등학교에서 세계사와 일본사를 둘 다 선택했다.
彼は量子物理学の泰斗として知られている。,그는 양자물리학의 태두로 알려져 있다.
新しいシャツをソースで汚してしまい、がっかりした。,새 셔츠에 소스를 묻혀 버려서 실망했다.
犯人は仲間の名前を白状した。,범인은 공범의 이름을 자백했다.
蜂の巣の構造は、丈夫な六角形が敷き詰められてできている。,벌집의 구조는 튼튼한 육각형이 빽빽하게 채워져 이루어져 있다.
初日の出を見るために、海辺の岬に大勢の人が集まった。,첫 해돋이를 보기 위해 바닷가 곶에 많은 사람이 모였다.
信号のないところを横切るのは、とても危ない。,신호등이 없는 곳을 가로지르는 것은 매우 위험하다.
玄関にしめ縄と門松を飾って新年の神様を迎える。,현관에 시메나와와 문송을 장식해 새해의 신을 맞이한다.
置き配にしたら受け取りが楽で、玄関が少し整った。,문앞 배송으로 하니 받기가 편해지고 현관이 조금 정돈됐다.
農村の朝は空気が澄んでいる。,농촌의 아침은 공기가 맑다.
非常時には、速やかに赤いボタンを押して係員にお知らせください。,비상시에는 신속하게 빨간 버튼을 눌러 담당자에게 알려주십시오.
リーダーには、部下の失敗を許す広い襟度が求められる。,리더에게는 부하의 실패를 용서하는 넓은 도량이 요구된다.
功績を称えられ、式典で記念の銀杯を授与された。,공적을 칭송받아 식전에서 기념 은배(은잔)를 수여받았다.
品質のばらつきが甚だしいので、再検査する。,품질 편차가 심해서 재검사한다。
台地の上から海が一望できた。,대지(고원) 위에서 바다가 한눈에 보였다.
浮世絵の絵師が描く美人の姿は、今も世界中で愛されている。,우키요에 화가가 그리는 미인의 모습은 지금도 전 세계에서 사랑받고 있다.
昔話には、勧善の教えが込められていることが多い。,옛이야기에는 권선의 가르침이 담겨 있는 경우가 많다.
若者たちはポップスターを崇拝し、まるで偶像のように扱った。,젊은이들은 팝스타를 숭배하며 마치 우상처럼 대했다.
橋の欄干にもたれて、川面をぼんやり眺めた。,다리 난간에 기대어 강물을 멍하니 바라봤다.
彼はミスを指摘されても、「大したことないさ」と嘯いた。,그는 실수를 지적받고도 ‘별거 아니야’라고 큰소리쳤다.
運動会の紅白リレーで、最後の直선에서逆転した。,운동회 홍백 릴레이에서 마지막 직선에서 역전했다.
山道の清水で喉を潤し、手も洗った。,산길의 맑은 샘물로 목을 축이고 손도 씻었다.
特定の民族への迫害は、歴史が決して許さない。,특정 민족에 대한 박해는 역사가 결코 용납하지 않는다.
田植えの前に苗代で苗を育てる。,모내기 전에 묘대(못자리)에서 모를 기른다.
表彰式で、功労者に記念の盾を贈呈した。,표창식에서 공로자에게 기념패를 증정했다.
被告は法廷で、無罪を主張した。,피고는 법정에서 무죄를 주장했다.
試験前は六法を引いて、条文を確認した。,시험 전에는 육법을 찾아 조문을 확인했다.
古い商店街は低い軒が連なっていて風情がある。,오래된 상가 거리는 낮은 처마들이 이어져 있어 운치가 있다.
竹の籠に果物を盛って、手土産にした。,대나무 바구니에 과일을 담아 선물로 했다.
駅前の清掃員が、朝から黙々とゴミを集めていた。,역 앞 청소원이 아침부터 묵묵히 쓰레기를 모으고 있었다.
レジで前の人を急かすようにため息をつくのは、あまり感じがよくない。,계산대에서 앞사람을 재촉하듯 한숨을 쉬는 것은 그다지 보기 좋지 않다.
炎天下の作業で、すっかりばててしまった。,땡볕에서 작업을 해서 완전히 녹초가 되어 버렸다.
机と椅子の配置を変えたら部屋が広く感じる。,책상과 의자 배치를 바꾸니 방이 넓게 느껴진다.
雨上がりの空気が爽やかだと、深呼吸したくなる。,비 갠 뒤 공기가 상쾌하면 깊게 숨 쉬고 싶어진다.
彼の性格は明朗で、初対面でも話しやすい。,그의 성격은 명랑해서 처음 만나도 이야기하기 쉽다.
放っておいたら、庭に雑草が蔓延ってしまった。,내버려 두었더니 정원에 잡초가 만연해 버렸다.
戦国時代の豪傑たちが覇権を争い、多くのドラマが生まれた。,전국시대의 호걸들이 패권을 다투어 많은 드라마가 탄생했다.
彼の笑い方が憎らしいほど余裕に見える。,그의 웃는 방식이 얄밉게 여유로워 보인다.
お問い合わせには迅速に回答いたします。,문의에는 신속하게 답변드리겠습니다。
作業の順序を間違えると、二度手間になる。,작업 순서를 틀리면 두 번 일하게 된다.
人体の仕組みを模型で学ぶ。,인체의 구조를 모형으로 배운다.
度重なる言い訳に、さすがに愛想を尽かした。,"거듭되는 변명에, 정말로 정이 떨어졌다。"
淹れたての紅茶から漂う上品な香気が、午後のひとときを彩る。,갓 타낸 홍차에서 풍기는 품위 있는 향기가 오후의 한때를 장식한다.
警察は証拠を集め、事件の真相を暴いた。,경찰은 증거를 모아 사건의 진상을 밝혀냈다.
豪雨で農作物の被害が甚大になった。,폭우로 농작물 피해가 막대해졌다。
その裁判は注目され、一般市民も傍聴できた。,"그 재판은 주목받았고, 일반 시민도 방청할 수 있었다."
坊ちゃん、靴ひもほどけてますよ。,"도련님, 신발끈이 풀렸어요."
祖父の蔵には古道具が無尽蔵に眠っている。,할아버지 창고에는 오래된 물건이 무궁무진하게 잠들어 있다。
海洋研究の船が出航して、観測機器の準備が始まった。,해양 연구선이 출항하고 관측 장비 준비가 시작됐다。
この地方は雨が乏しいので、水を大切に使う。,이 지역은 비가 적어서 물을 소중히 쓴다.
許可を取ってから写真をSNSに乗せる。,허락을 받은 뒤에 사진을 SNS에 올린다.
マンションの建設工事は、予定通り来月には工期を終える。,아파트 건설 공사는 예정대로 다음 달이면 공기를 마친다.
彼はアルバイトで生活費の収入を得ている。,그는 아르바이트로 생활비 수입을 얻고 있다.
会議の最中にスマホが鳴ってしまった。,회의 도중에 스마트폰이 울려 버렸다.
家賃の支払いを催促する電話がかかってきた。,집세를 독촉하는 전화가 걸려왔다.
取引先の期待に応えられるよう、全力で尽力いたします。,거래처의 기대에 부응할 수 있도록 전력을 다해 노력하겠습니다。
法曹界の動きは早く、判例の変化が実務に直結する。,법조계의 움직임은 빠르고 판례 변화가 실무에 직결된다.
昔の貨幣を集めるのが彼の趣味だ。,옛날 화폐를 모으는 것이 그의 취미다.
先生が静かな教室でテストを採点している。,선생님이 조용한 교실에서 시험을 채점하고 있다.
この波に乗ると、長く滑れる。,이 파도를 타면 오래 미끄러질 수 있다.
彼は大乗的な慈悲の考え方を紹介した。,그는 대승적인 자비의 관점을 소개했다.
別離の前夜、駅のベンチで黙って手を握った。,"이별 전날 밤, 역 벤치에서 말없이 손을 잡았다."
兄さんが先に東京へ出て、家が少し静かになった。,형이 먼저 도쿄로 가서 집이 조금 조용해졌다.
奔放な発想がチームを救った。,자유분방한 발상이 팀을 살렸다。
監査で帳簿の改ざんが暴き出された。,감사에서 장부 조작이 들통났다(밝혀졌다).
大きな釜でご飯を炊いている。,큰 가마로 밥을 짓고 있다.
牧場では馬匹の数を毎朝確認する。,목장에서는 말의 마릿수를 매일 아침 확인한다.
彼女の審美眼は確かで、新しいギャラリーでもすぐに良い作品を見つける。,그녀의 심미안은 확실해서 새로운 갤러리에서도 금방 좋은 작품을 찾아낸다.
今上天皇が即位の礼を行い、新しい時代の幕開けを宣言した。,금상천황(현재 천황)이 즉위례를 행하고 새로운 시대의 개막을 선언했다.
朝食に焼きたてのパンにイチゴジャムをたっぷり塗った。,아침 식사로 갓 구운 빵에 딸기잼을 듬뿍 발랐다.
昔は役所に多くの雇員がいて、事務作業を支えていた。,옛날에는 관공서에 많은 고원(임시직)이 있어서 사무 작업을 뒷받침했다.
貯金が少しずつ増えると、将来の不安が和らぐ。,저금이 조금씩 늘면 미래 불안이 누그러진다.
雑音がひどくて相手の声が聞こえない。,잡음이 심해서 상대 목소리가 들리지 않는다.
港湾エリアの再開発で、倉庫街がカフェ街に変わりつつある。,항만 지역 재개발로 창고 거리가 카페 거리로 바뀌어 가고 있다.
いちいち指図されるのは好きじゃない。,일일이 지시받는 건 싫다.
為替レートの変動で輸入品の価格が上がった。,환율 변동으로 수입품 가격이 올랐다.
乗車前にICカードをタッチしてください。,승차 전에 IC카드를 터치해 주세요.
野良の花が線路脇に咲いていて、目を引いた。,들꽃이 선로 옆에 피어 있어 눈길을 끌었다.
新しい条約が締結され、署名式が行われた。,새 조약이 체결되어 서명식이 열렸다.
甘い誘い文句に負けそうになったが、冷静になって断った。,달콤한 유혹의 말에 넘어갈 뻔했지만 냉정해져서 거절했다.
証拠の前で、彼はついに白状した。,증거 앞에서 그는 마침내 자백했다.
故あって、これ以上詳しいことはお話しできません。,사정이 있어 이 이상 자세한 얘기는 드릴 수 없습니다.
この荷物は見た目より目方があって、持ち上げるのに苦労した。,이 짐은 보기보다 무게가 나가서 들어 올리기가 힘들었다.
綿のタオルは肌ざわりがよくて、赤ちゃんにも安心して使える。,면 수건은 촉감이 좋아 아기에게도 안심하고 쓸 수 있다.
部屋の家具はすべて洋のテイストで統一されている。,방의 가구는 전부 서양풍 느낌으로 통일되어 있다.
両親の金婚式を祝うために、家族全員で食事会を開いた。,부모님의 금혼식을 축하하기 위해 가족 전원이 식사 모임을 열었다.
郷を出る列車の窓から、最後まで山や田畑を眺めた。,마을을 떠나는 기차 창문에서 끝까지 산과 논밭을 바라보았다.
年齢や経験も加味して評価します。,나이와 경험도 가미해서 평가하겠습니다.
条理に照らしても、その主張は無理がある。,조리에 비춰봐도 그 주장은 무리가 있다.
先生がテストを採点している。,선생님이 시험을 채점하고 있다.
故郷を離れて暮らすと、母の温かい手料理を恋い慕う。,고향을 떠나 살면 어머니의 따뜻한 손수 요리가 그리워진다.
赤ちゃんが急に騒ぐので、店内の人が振り向いた。,아기가 갑자기 떠들어 가게 안 사람들이 돌아봤다.
健康のために一週間、塩断ちをしている。,건강을 위해 일주일간 소금 끊기를 하고 있다.
長い間恋い焦がれていた相手と、ついに想いが通じ合った。,오랫동안 애태우며 그리워하던 상대와 드디어 마음이 통했다.
洗った服をベランダで乾かした。,빨래한 옷을 베란다에서 말렸다.
亡者のように金を追い、友人まで遠ざけてしまった。,망자처럼 돈을 좇다가 친구마저 멀어지게 했다.
静かな和室で、碁石を打つ乾いた音がパチリと響く。,조용한 일본식 방에서 바둑돌을 두는 메마른 소리가 딱하고 울린다.
ナイロンのジャケットは軽くて雨にも強い。,나일론 재킷은 가볍고 비에도 강하다.
夜道が物騒だから、二人で帰ろう。,밤길이 험해서(위험해서) 둘이서 돌아가자.
敵が近づいたと聞いて、門を閉めた。,적이 다가온다는 말을 듣고 문을 닫았다.
都会の夜景を見ても、望郷の念が消えなかった。,도시의 야경을 봐도 향수(고향을 그리워하는 마음)가 사라지지 않았다.
堂内には丈六の仏像が安置されている。,법당 안에는 장육(큰 크기)의 불상이 모셔져 있다.
大事なデータを亡くしてから、バックアップの重要さを知った。,중요한 데이터를 잃고 나서 백업의 중요성을 알았다.
年を取ると骨が弱くなるので、運動が大切だ。,나이가 들면 뼈가 약해지므로 운동이 중요하다.
暖かいスープで体がほっとした。,따뜻한 수프로 몸이 편안해졌다.
この電車は上りで、都心へ向かう。,이 전철은 상행이라 도심으로 간다.
ここで暮らしていると、都会を忘れさせる桃源郷に迷い込んだ気分になる。,이곳에서 살다 보면 도시를 잊게 만드는 도원경에 길을 잃은 기분이 든다.
運動して丈夫な体をつくりたい。,운동해서 튼튼한 몸을 만들고 싶다.
背丈に合った机だと姿勢が楽だ。,키에 맞는 책상이면 자세가 편하다.
冗談はさておき、真面目に話そう。,농담은 그만하고 진지하게 이야기하자.
受賞者は拍手の中、壇上に上がった。,수상자는 박수 속에 단상에 올랐다.
この町の暮らしは、海とともにある。,이 마을의 생활은 바다와 함께 있다.
城はすでに包囲され、援軍も期待できない。,성은 이미 포위되어 원군도 기대할 수 없다.
代わりに私が会議へ出ておくよ。,대신 내가 회의에 나가 둘게.
今月の売り上げが目標を超えた。,이번 달 매출이 목표를 넘었다.
担当者に許可を得て、原本を披見した。,담당자에게 허가를 받아 원본을 열람했다.
研究の成果を学会で披露し、大きな拍手を浴びた。,연구 성과를 학회에서 발표해 큰 박수를 받았다.
このプロジェクトは負担が大きいから、役割を分けよう。,이 프로젝트는 부담이 크니까 역할을 나누자.
田舎に帰省すると、夜が驚くほど静かだ。,시골에 내려가면 밤이 놀랄 만큼 조용하다.
階段を上ると、海が見えた。,계단을 올라가니 바다가 보였다.
大衆の支持を得るには説明が必要だ。,대중의 지지를 얻으려면 설명이 필요하다.
家賃が上がる前に更新するか迷っている。,집세가 오르기 전에 갱신할지 고민 중이다.
霧の立ちこめる沼のほとりに、一人の男が立っていた。,안개가 자욱한 늪 가장자리에 한 남자가 서 있었다.
彼の包容力に救われた気がした。,그의 포용력에 구원받은 기분이 들었다.
久しぶりに友人から便りが届いた。,오랜만에 친구에게서 소식이 도착했다.
彼は重い荷物を軽々と持ち上げ、周りを驚かせた。,그는 무거운 짐을 가볍게 들어 올려 주위를 놀라게 했다.
作文の締め切りが明日で、夜更かしが確定した。,작문 마감이 내일이라 밤샘이 확정됐다.
謹賀新年の文字が書かれた年賀状が、元旦の朝に届いた。,근하신년 글자가 적힌 연하장이 설날 아침에 도착했다.
予算を少し上積みして、広告を増やそう。,예산을 조금 더 얹어서 광고를 늘리자.
ここで手を上げる人はいますか。,여기서 손을 드실 분 있나요?
封筒に「直披」と書いて、本人にだけ渡した。,봉투에 ‘직피(본인이 직접 개봉)’라고 적어 본인에게만 전달했다.
夜空の流れ星に、皆が驚嘆の声を上げた。,밤하늘의 유성에 모두가 경탄의 소리를 냈다.
勇壮な剣舞を披露し、観客から大きな拍手を浴びた。,용맹한 검무를 선보여 관객으로부터 큰 박수를 받았다.
グラスの中の泡がきらきら光っている。,잔 안의 거품이 반짝반짝 빛나고 있다.
その噂は彼を卑しめ、信用まで奪った。,그 소문은 그를 모욕하고 신용까지 빼앗았다.
違法販売の店が摘発されたとニュースで見た。,불법 판매 가게가 적발됐다고 뉴스에서 봤다.
川上の水が澄んでいて驚いた。,강 상류의 물이 맑아서 놀랐다.
棚の上に予備の鍵を置いた。,선반 위에 예비 열쇠를 올려두었다.
上ばかり見ず、足元にも注意しよう。,위만 보지 말고 발밑도 조심하자.
展望台から街全体を見下ろすことができる。,전망대에서 도시 전체를 내려다볼 수 있다.
路傍の花に気づいて、足を止めた。,길가의 꽃을 알아차리고 걸음을 멈췄다.
怠惰な自分を変えたいと、ノートに書いた。,게으른 자신을 바꾸고 싶다고 노트에 썼다.
大きな夢を口にすると少し勇気が出る。,큰 꿈을 말하면 조금 용기가 난다.
他国の文化を尊重しないと、交渉はうまくいかない。,타국의 문화를 존중하지 않으면 협상은 잘되지 않는다.
打線が安打を乱打し、会場が沸いた。,타선이 안타를 마구 쳐서 경기장이 들끓었다.
地上500メートルの展望台から街を見下ろした。,지상 500미터 전망대에서 도시를 내려다보았다.
このスイーツはおいしいけれど、熱量がかなり高い。,이 디저트는 맛있지만 열량이 상당히 높다.
突然の雨に降られて、コンビニでビニールガサを買った。,갑작스러운 비를 만나 편의점에서 비닐 우산을 샀다.
気温が急に上昇し、花が一気に咲いた。,기온이 급상승해 꽃이 한꺼번에 피었다.
受胎の時期を正確に知るのは難しい。,수태 시기를 정확히 아는 것은 어렵다.
上質な繭糸を紡いで作られた着物は、肌触りがとても良い。,질 좋은 견사(명주실)를 자아 만든 기모노는 감촉이 매우 좋다.
記録には動物が撲殺されたとある。,기록에는 동물이 타살되었다고 적혀 있다。
彼は混血で、二つの文化の間で育ってきた。,그는 혼혈로 두 문화 사이에서 자라왔다.
電気ケトルのプラグをコンセントに差し込んだ。,전기 주전자의 플러그를 콘센트에 꽂았다.
テンジンはガイドとして何度もエベレスト登頂を成功させてきた。,텐진은 가이드로서 여러 번 에베레스트 등정을 성공시켜 왔다.
岩礁を避けるため、船は航路を変えた。,암초를 피하려고 배가 항로를 바꿨다.
彼には果たすべき大きな使命がある。,그에게는 완수해야 할 큰 사명이 있다.
資金難で計画は暗礁に乗り上げた。,자금난으로 계획이 난관에 부딪혔다.
その報告書は景気過熱に警鐘を鳴らした。,그 보고서는 경기 과열에 경종을 울렸다.
ハンバーガーに入っているピクルスの酸味が、食欲をそそる。,햄버거에 들어 있는 피클의 산미가 식욕을 돋운다.
駅前ビルが占拠され、警察が周囲を封鎖した。,역 앞 빌딩이 점거되어 경찰이 주변을 봉쇄했다.
長年の努力がついに花開き、世界的な賞を受賞した。,오랜 노력의 꽃이 드디어 피어 세계적인 상을 수상했다.
明日は朝から墓参りに行く。,내일 아침부터 성묘하러 간다.
牧場のウマが草原を駆け回る姿は、見ていて清々しい。,목장의 말이 초원을 뛰어다니는 모습은 보고 있으면 상쾌하다.
町内の半鐘が鳴り、火事だと分かった。,동네의 반종이 울려 화재임을 알았다.
落としたものを拾おうとしてしゃがんだ。,떨어뜨린 것을 줍기 위해 쪼그리고 앉았다.
祭りの日は装束を整えて、神輿を担ぐ。,축제 날에는 장속(의상)을 갖춰 입고 가마를 멘다.
友人は占星術に凝って、星の配置を毎晩記録している。,친구는 점성술에 빠져 별 배치를 매일 밤 기록한다.
懸賞に応募したら旅行券が当たった。,경품 이벤트에 응모했더니 여행권이 당첨됐다.
週末は釣堀でのんびりした。,주말엔 낚시터에서 느긋하게 보냈다。
要領をつかめば、作業時間は半分になる。,요령을 잡으면 작업 시간은 절반이 된다.
美術館で巨大な壁画を見上げて、息をのんだ。,미술관에서 거대한 벽화를 올려다보며 숨을 삼켰다.
患者は重態で、集中治療室に運ばれた。,환자는 위중한 상태라 중환자실로 옮겨졌다.
この地域の住居は家賃が高い。,이 지역의 주거는 집세가 비싸다.
合格の知らせを聞いて、これまでの努力を噛み締めた。,"합격 소식을 듣고, 지금까지의 노력을 곱씹었다."
権力者の横暴が報じられ、抗議が広がった。,권력자의 횡포가 보도되어 항의가 확산됐다.
彼は過ちを償うと決め、被害者に謝罪した。,그는 잘못을 갚기로 결심하고 피해자에게 사과했다.
記者は内部資料をもとに不正を暴露した。,기자는 내부 자료를 바탕으로 부정을 폭로했다.
長年の病癖で、季節の変わり目に体調を崩しやすい。,오랜 지병 습성 탓에 환절기에 몸이 쉽게 무너진다.
彼は潔癖だから、外から帰るとすぐ手を洗う。,그는 결벽증이라 밖에서 돌아오면 바로 손을 씻는다.
古い家屋を少しずつ修繕して住んでいる。,낡은 집을 조금씩 수선하며 살고 있다.
古い写真を見て抱懐の念にかられた。,오래된 사진을 보고 회회의 생각에 사로잡혔다.
朝霧に包まれたピアーで、静かに釣り糸を垂れる。,아침 안개에 싸인 피어(잔교)에서 조용히 낚싯줄을 드리운다.
入社式で抱負を一言お願いします。,입사식에서 포부를 한마디 부탁드립니다.
賞罰は公平でなければ、組織は腐る。,상벌이 공정하지 않으면 조직은 썩는다.
今年の賞与は業績連動で増えた。,올해 보너스는 실적 연동으로 늘었다.
理科の実験で、ビーカーに入った液体を慎重に加熱する。,이과 실험에서 비커에 든 액체를 신중하게 가열한다.
北の海から冷たい霧が流れ込んだ。,북쪽 바다에서 차가운 안개가 흘러들어왔다.
雨で雑草が一気に殖えた。,비 때문에 잡초가 한꺼번에 늘었다.
抱懐の情があふれて言葉にならない。,그리움이 북받쳐 말이 되지 않는다.
彼は故郷への抱懐を胸に帰国した。,그는 고향에 대한 그리움을 품고 귀국했다.
春に花を咲かせるため、秋のうちに球茎を植えておく。,봄에 꽃을 피우기 위해 가을에 구경(알뿌리)을 심어 둔다.
真夏の通勤は日傘がないとつらい。,한여름 출근은 양산이 없으면 힘들다.
住所変更の届けを市役所に提出した。,주소 변경 신고서를 시청에 제출했다.
決勝で敗北し、悔しさで声が出なかった。,결승에서 패배해 분해서 말이 나오지 않았다.
会議での理不尽な批判に、憤りを隠せなかった。,회의에서의 부당한 비판에 분함을 숨길 수 없었다.
事故の犠牲になった人々を追悼する式典が開かれた。,사고 희생자들을 추모하는 식전이 열렸다.
並の品では満足できない客が多い。,보통 수준의 물건으로는 만족 못 하는 손님이 많다.
職場でのハラスメントを防止するための講習会が開かれた。,직장 내 괴롭힘을 방지하기 위한 강습회가 열렸다.
彼は取引先との交渉を周旋してくれた。,그는 거래처와의 협상을 주선해 주었다.
缶を開けた瞬間、炭酸が噴き出してテーブルがびしょ濡れになった。,캔을 여는 순간 탄산이 뿜어져 나와 테이블이 흠뻑 젖었다.
投資で利殖を狙うより、まず貯蓄だ。,투자로 이식(利殖)을 노리기보다 먼저 저축이다.
車のハザードランプを点滅させて、後続車に合図を送る。,자동차 비상등(해저드)을 깜빡여서 뒤차에 신호를 보낸다.
エネルギーの節約は、一人ひとりができることを少しずつ積み重ねる以外に道はない。,에너지 절약은 각자가 할 수 있는 일을 조금씩 쌓아 가는 것 외에는 길이 없다.
新しい木が植わったばかりの並木道。,새 나무가 막 심어진 가로수길.
駅前の桜並木が満開で、写真を撮る人が並んでいた。,역 앞 벚꽃 가로수가 만개해 사진 찍는 사람들이 줄지어 있었다.
子どもたちはステージで始まったマジックショウに目を輝かせた。,아이들은 무대에서 시작된 마술 쇼에 눈을 반짝였다.
彼は過去の失敗に捕らわれて前に進めない。,그는 과거의 실패에 사로잡혀 앞으로 나아가지 못한다.
子どもの笑顔が一番の宝だと思う。,아이의 미소가 최고의 보물이라고 생각한다.
この条件なら一分一厘も譲れない。,이 조건이라면 한 치도 양보할 수 없다.
今年は海外で働くという抱負を立てた。,올해는 해외에서 일하겠다는 포부를 세웠다.
研究の基盤となるデータを集めている。,연구의 기반이 되는 데이터를 모으고 있다.
校庭に桜を植える計画が進んでいる。,학교 운동장에 벚나무를 심는 계획이 진행 중이다.
お風呂上がりにドライヤーで髪を乾かしながら、鏡を見る。,목욕 후 드라이어기로 머리를 말리면서 거울을 본다.
宝船が港に入ってくる夢を見た。,보선이 항구로 들어오는 꿈을 꾸었다.
算数の宿題でつまずき、父に教えてもらった。,"산수 숙제에서 막혀서, 아빠에게 배웠다."
縁起物の宝船が描かれた手ぬぐいを買った。,길조 물건인 보선이 그려진 손수건을 샀다.
植木の水やりを忘れて葉がしおれた。,화분에 물 주는 걸 잊어 잎이 시들었다.
苗がしっかり植わるまで、土を押さえて。,모종이 제대로 자리 잡을 때까지 흙을 눌러줘.
子宝を願う夫婦が神社を訪れた。,자식을 바라며 부부가 신사를 찾았다.
心配しすぎて、つい病んでしまう。,너무 걱정해서 그만 마음이 병들고 만다.
深夜に不審な物音がして、警備員が見回った。,심야에 수상한 소리가 나서 경비원이 순찰했다.
金銭トラブルを避けるため、契約書を作った。,금전 트러블을 피하려고 계약서를 작성했다.
まず外堀を埋めてから本題に入ろう。,먼저 외곽부터 다져 놓고 본론으로 들어가자。
空港で液体を没収された。,공항에서 액체를 압수당했다。
この植物は日陰でも育つ。,이 식물은 그늘에서도 자란다.
刃がこぼれた包丁を研ぎ直した。,날이 상한 부엌칼을 다시 갈았다.
庭にハーブを植えるのが週末の楽しみだ。,정원에 허브를 심는 게 주말의 즐거움이다.
食べ物の好みが合うと、旅行が楽だ。,먹을거리 취향이 맞으면 여행이 편하다.
片手で傘を持ちながら、もう片手で荷物を抱えた。,한 손으로 우산을 들고 다른 손으로 짐을 안았다.
感染症による疾病が増えている。,감염증에 의한 질병이 늘고 있다.
ゆっくり食べると満腹感が出やすい。,천천히 먹으면 포만감이 잘 든다.
西暦2025年のカレンダーを買った。,서기 2025년 달력을 샀다.
観客は大音声でアンコールを求めた。,관객은 큰 소리로 앙코르를 외쳤다.
隊は砂漠へ遠征し、補給に苦しんだ。,부대는 사막으로 원정해 보급에 고생했다.
若者は出征の日、駅で家族に見送られた。,청년은 출정하는 날 역에서 가족의 배웅을 받았다.
当時の写真を見ると胸が熱くなる。,당시 사진을 보면 가슴이 뜨거워진다.
取引先との会食では話題選びに気を遣う。,거래처와의 회식(식사)에서는 화제 선택에 신경 쓴다.
同姓の人が部署に三人もいる。,같은 성(동성)인 사람이 부서에 셋이나 있다.
屋台の食い物は当たり外れがある。,노점 음식은 복불복이 있다.
時候の挨拶は季節感が出るね。,시후 인사는 계절감이 나서 좋네.
剣が峰の峰に立つと、風が刃のように冷たかった。,겐가미네의 봉우리에 서니 바람이 칼날처럼 차가웠다.
健康診断の前日は断食した。,건강검진 전날은 단식했다.
災害に備えて食料を備蓄した。,재해에 대비해 식료를 비축했다.
小さな火でも侮ると大火事になる。,작은 불이라도 얕보면 큰 화재가 된다.
祖母の慈愛に包まれて育った。,할머니의 자애에 둘러싸여 자랐다.
夜明けに砲撃が始まり、丘の大砲と鉄砲の音が響いた。,새벽에 포격이 시작되어 언덕의 대포와 총소리가 울려 퍼졌다.
あの犬は人の靴下まで食うから困る。,저 개는 사람 양말까지 먹어서 곤란하다.
軽快な音楽に合わせて子どもたちが踊り出した。,경쾌한 음악에 맞춰 아이들이 춤추기 시작했다.
涙を拭って、もう一度立ち上がった。,눈물을 닦고 다시 일어섰다.
恩師の訃報を聞いて、言葉を失った。,은사님의 부고를 듣고 말을 잃었다.
初雪を見て、今年も冬が来たと感じた。,첫눈을 보고 올해도 겨울이 왔다고 느꼈다.
出張先で同僚と食事して、情報交換した。,출장지에서 동료와 식사하며 정보 교환을 했다.
上司の一言に鼓舞され、チームの士気が上がった。,상사의 한마디에 고무되어 팀의 사기가 올랐다.
家のローンが負担で、外食を減らした。,집 대출이 부담이라 외식을 줄였다.
過去の失敗を拭って、新しい環境に挑む。,과거의 실패를 씻어내고 새 환경에 도전하다.
すべての生命は、海という母胎から生まれたと言われている。,모든 생명은 바다라는 모태에서 태어났다고 전해진다.
栄養を意識して、たんぱく質の摂取量を増やした。,영양을 의식해서 단백질 섭취량을 늘렸다.
鞄に名札を付けておくと、取り違えが減る。,가방에 이름표를 붙여 두면 바꿔 가져가는 일이 줄어든다.
食料が尽きそうなので買い出しに行く。,식료가 떨어질 것 같아서 장 보러 간다.
窓の結露をタオルで拭く。,창문의 결로를 수건으로 닦다.
車軸の異音がするから点検しよう。,차축에서 이상한 소리가 나서 점검하자.
桜色のワンピースが春にぴったりだ。,벚꽃빛(연분홍) 원피스가 봄에 딱이다.
標本を顕微鏡で観察した。,표본을 현미경으로 관찰했다.
名誉会長が逝去したとの知らせが届いた。,명예회장이 서거했다는 소식이 전해졌다.
色が薄いと、写真だと表情が飛ぶ。,색이 옅으면 사진에서 표정이 날아간다.
この店は海鮮丼の盛りが良くて人気だ。,이 가게는 해산물 덮밥 양이 푸짐해서 인기다.
焼き上がると表面がこんがり色づく。,구워지면 표면이 노릇하게 색이 난다.
テロリストの脅威から市民を守るため、警備が強化された。,테러리스트의 위협으로부터 시민을 지키기 위해 경비가 강화되었다.
広告が色欲を刺激する表現ばかりで嫌になる。,광고가 성욕을 자극하는 표현뿐이라 질린다.
先生は「なぜ」を考える大切さを説いた。,선생님은 ‘왜’를 생각하는 중요함을 설파했다.
長年の不安を払拭できる検査結果だった。,오랜 불안을 말끔히 씻어줄 검사 결과였다.
駅前の寺で待ち合わせしよう。,역 앞 절에서 만나자.
筆先が割れてしまって、線が乱れる。,붓끝이 갈라져서 선이 흐트러진다.
部屋を桜色のカーテンに替えた。,방을 벚꽃빛 커튼으로 바꿨다.
その服、色が落ちて白いシャツに移った。,"그 옷, 물이 빠져 흰 셔츠에 이염됐다."
妹はピアノの練習に夢中だ。,여동생은 피아노 연습에 푹 빠져 있다.
姫は城の庭で、静かに月を眺めていた。,공주는 성의 정원에서 조용히 달을 바라보고 있었다.
忘却の彼方にあったはずの景色が、夢で蘇った。,망각의 저편에 있던 풍경이 꿈에서 되살아났다.
末子だけはまだ小学生だ。,막내만 아직 초등학생이다.
面接の評価が高くて、内定が近いらしい。,면접 평가가 좋아서 합격(내정)이 가깝다더라.
事物の関係を図にして説明する。,사물의 관계를 도식으로 설명한다.
デザインは色調を統一すると落ち着く。,디자인은 색조를 통일하면 안정감이 든다.
強風で電車の運行に妨げが出た。,강풍으로 열차 운행에 지장이 생겼다.
忘年会の幹事になって、店探しで大変だった。,송년회 간사가 되어 가게 찾느라 힘들었다.
耐乏生活に慣れると、贅沢が怖くなることもある。,궁핍을 견디는 생활에 익숙해지면 사치가 두려워지기도 한다.
無人島に漂着して、火を起こす方法を考えた。,무인도에 표착해서 불 피우는 방법을 고민했다.
帰りに物色していたら、セールに釣られた。,돌아가는 길에 이것저것 둘러보다가 세일에 넘어갔다.
歳暮の品が届き、年の瀬を実感した。,연말 선물이 도착해 연말을 실감했다.
墓の前で手を合わせ、近況を報告した。,무덤 앞에서 손을 모아 근황을 보고했다.
この街は色彩が豊かで写真映えする。,이 도시는 색채가 풍부해 사진이 잘 나온다.
原色のポスターが遠くからでも目立つ。,원색 포스터가 멀리서도 눈에 띈다.
「CASA」という名のその雑誌は、美しい家と暮らしを紹介している。,'CASA'라는 이름의 그 잡지는 아름다운 집과 생활을 소개하고 있다.
日本では数え年を使う地域もある。,일본에서는 세는나이를 쓰는 지역도 있다.
春のキャンパスには花が咲き学生でにぎわっている。,봄의 캠퍼스에는 꽃이 피고 학생들로 활기가 넘친다.
子ども向けの絵本は原色が多い。,아동용 그림책은 원색이 많다.
そんな結末を知って、彼はひどく悲しがった。,그런 결말을 알고 그는 몹시 슬퍼했다.
泥棒を現行犯で捕まえた。,도둑을 현행범으로 붙잡았다.
混乱を避けるため、入口と出口を区別してください。,혼란을 피하기 위해 입구와 출구를 구분해 주세요.
注文数量を一つ増やしてください。,주문 수량을 하나 늘려 주세요.
猫を胸に抱いて眠りについた。,고양이를 가슴에 안고 잠들었다.
このアプリは操作が便利だ。,이 앱은 조작이 편리하다.
この店の特色はスパイスの香りだ。,이 가게의 특색은 향신료 향이다.
彼の口癖は「まあ、なんとかなる」だ。,"그의 말버릇은 “뭐, 어떻게든 되겠지”다."
黒板に大きく数字を書いた。,칠판에 크게 숫자를 썼다.
国宝級の技だと皆が息をのんだ。,국보급 솜씨라며 모두가 숨을 삼켰다.
子どもたちは声をそろえて一から十まで数えた。,아이들은 소리를 맞춰 1부터 10까지 셌다.
「あー、また財布を忘れてきちゃった」と頭を抱えた。,"“아, 또 지갑을 두고 왔네”라며 머리를 감쌌다."
鑑定士が宝石のカットをルーペで確認した。,감정사가 보석의 컷을 루페로 확인했다.
株価が天井を打ったように見える。,주가가 천장을 친 것처럼 보인다.
激しい雨が窓ガラスを打ち付ける音が響く。,세찬 비가 창문 유리를 때리는 소리가 울린다.
縦書きの小説は、横書きのものより情緒があると感じる人もいる。,"세로 쓰기 소설은, 가로 쓰기인 것보다 정취가 있다고 느끼는 사람도 있다."
破れた浴衣を手早く繕って、今夜の花火に間に合わせた。,찢어진 유카타를 재빨리 꿰매어 오늘 밤 불꽃놀이에 맞췄다.
美しい名月を眺めながら、団子を食べる風習がある。,아름다운 명월(보름달)을 바라보며 경단을 먹는 풍습이 있다.
家具の置き場所を変えるだけで、部屋の雰囲気が一新された。,가구의 배치(놓는 장소)를 바꾸는 것만으로 방의 분위기가 일신되었다.
ここ一番で彼は実力を発揮した。,중요한 순간에 그는 실력을 발휘했다.
この仏像は国宝に指定されている。,이 불상은 국보로 지정되어 있다.
ギャンブルで身上を潰すなと父に叱られた。,도박으로 재산을 탕진하지 말라고 아버지에게 혼났다.
ビジネスの場では、紺色のスラックスが好印象を与える。,비즈니스 자리에서는 곤색 슬랙스(바지)가 좋은 인상을 준다.
専属のスタイリストが、女優のためにドレスを選んだ。,전속 스타일리스트가 여배우를 위해 드레스를 골랐다.
食事のエチケットを守ることは、相手への思いやりだ。,식사 예절을 지키는 것은 상대방에 대한 배려다.
平素よりお世話になっております。,평소부터 신세지고 있습니다.
画家の卵が、公園で熱心に人物のクロッキーを描いている。,화가 지망생이 공원에서 열심히 인물 크로키를 그리고 있다.
あと数センチ背が高ければ、棚の上の荷物に手が届くのに。,앞으로 몇 센티만 키가 컸다면 선반 위 짐에 손이 닿을 텐데.
スキムミルクをパン生地に混ぜると、風味が豊かになる。,탈지분유(스킴밀크)를 빵 반죽에 섞으면 풍미가 풍부해진다.
朝食にオートミールを食べると、食物繊維が手軽に摂れる。,아침 식사로 오트밀을 먹으면 식이섬유를 간편하게 섭취할 수 있다.
スチームアイロンを使って、シャツのシワをきれいに伸ばす。,스팀 다리미를 사용하여 셔츠의 주름을 깨끗하게 핀다.
彼は共犯として連行され、事情聴取を受けた。,그는 공범으로 연행되어 조사를 받았다.
生殖医療について正しい情報を探した。,생식의료에 대해 올바른 정보를 찾았다.
四つ葉のクローバーを見つけると、幸運が訪れると言う。,네 잎 클로버를 찾으면 행운이 찾아온다고 한다.
マラソン走者に沿道から熱いエールが送られた。,마라톤 주자에게 길가에서 뜨거운 응원이 보내졌다.
駅の東口で待ち合わせをしているが、人が多くて見つからない。,"역 동쪽 출구에서 만나기로 했는데, 사람이 많아서 찾을 수가 없다."
正月に獅子舞が店先を回り、子どもの頭を噛んで厄を払った。,정월에 사자춤이 가게 앞을 돌며 아이의 머리를 물어 액을 쫓았다.
昔話の桃太郎は、正義感が強く勇敢な少年だった。,전래동화의 모모타로는 정의감이 강하고 용감한 소년이었다.
貝塚を発掘して、古代人の生活様式を調査する。,패총을 발굴하여 고대인의 생활 양식을 조사한다.
薬の副作用について、薬剤師から詳しい説明を受けた。,약의 부작용에 대해 약사로부터 자세한 설명을 들었다.
資産を殖やす方法を本で学んだ。,자산을 늘리는 방법을 책으로 배웠다.
新しいスマホを来週売り出すらしい。,새 스마트폰을 다음 주에 출시(판매 개시)한대.
"3は12の乗数なので、割り切れる。","3은 12의 약수(인수)라서 나누어떨어진다."
アロマの香りが部屋中に広がり、一日の疲れが癒やされる。,아로마 향기가 방 안에 퍼져 하루의 피로가 치유된다.
将棋の香車は前方にしか進めないため、「槍」という別名もある。,"장기의 향차는 전방으로밖에 나아갈 수 없기 때문에, '창'이라는 별명도 있다."
浄水器を取り付けて、いつでも美味しい水を飲めるようにした。,정수기를 설치해서 언제든지 맛있는 물을 마실 수 있게 했다.
彼は上背があり体格も恵まれているため、バスケットボール選手に向く。,"그는 키가 크고 체격도 타고났기 때문에, 농구 선수에 적합하다."
親譲りの声の大きさで、すぐ見つけられる。,부모에게서 물려받은 큰 목소리 덕분에 금방 찾을 수 있다.
空港までの送迎バスはありますか？ 予約が必要でしょうか。,공항까지 가는 송영 버스(셔틀)는 있나요? 예약이 필요한가요.
社長と陪食しながら、新規提携の話を聞いた。,사장과 함께 식사하며 신규 제휴 이야기를 들었다.
彼の一言が不安を醸した。,그의 한마디가 불안을 불러일으켰다.
チームの一体感を醸成するには、雑談も大事だ。,팀의 일체감을 조성하려면 잡담도 중요하다.
入力ミスがあったので、その場で訂正して提出し直した。,입력 실수가 있어서 그 자리에서 정정하고 다시 제출했다.
写真の色味が懐かしさを醸し出す。,사진의 색감이 그리움을 자아낸다.
地元の米で醸造した日本酒が人気だ。,지역 쌀로 양조한 일본술이 인기다.
保険証を忘れてしまったのですが、受診することは可能ですか。,"보험증을 잊어버렸는데, 진찰받는 것은 가능합니까."
長年の教育が文化を醸成してきた。,오랜 교육이 문화를 조성해 왔다.
この工場では昔ながらの方法で醸造している。,이 공장에서는 예전 방식으로 양조하고 있다.
噂が町に広がり、妙な空気を醸した。,소문이 마을에 퍼져 묘한 분위기를 자아냈다.
師匠から茶道の免状を授かった。,스승에게 다도의 면장(자격 증서)을 받았다.
親譲りの負けず嫌いが、今の原動力だ。,부모에게서 물려받은 승부욕이 지금의 원동력이다.
子どもはすぐにおもちゃを新しがって、古いのを見向きもしない。,"아이들은 금세 장난감을 새것이라고 좋아하며, 오래된 건 쳐다보지도 않는다."
昨日見た正夢が当たって、朝から鳥肌が立った。,어제 꾼 정몽이 맞아서 아침부터 소름이 돋았다.
受賞スピーチで謙譲しすぎると逆に不自然だ。,수상 소감에서 너무 겸양하면 오히려 부자연스럽다.
畑作に適した土かどうか、専門家に見てもらった。,밭농사에 적합한 흙인지 전문가에게 봐달았다.
彼はその罪を背負い、未来永劫、償い続けることを誓った。,그는 그 죄를 짊어지고 미래 영겁토록 속죄할 것을 맹세했다.
その政治家は毀誉褒貶が激しいが、実行力だけは誰もが認めている。,"그 정치가는 훼예포폄(비방과 칭찬)이 심하게 엇갈리지만, 실행력만큼은 누구나 인정한다."
薫風が頬を優しく撫でる季節になり、山の新緑が眩しく輝いている。,"훈풍이 뺨을 부드럽게 어루만지는 계절이 되어, 산의 신록이 눈부시게 빛나고 있다."
彼の長年の勲功を称え、国王から名誉ある勲章が授与された。,"그의 오랜 훈공(공로)을 기려, 국왕으로부터 명예로운 훈장이 수여되었다."
席を譲るつもりが、相手に遠慮された。,자리를 양보하려 했는데 상대가 사양했다.
渋滞を避けるために、地元の人しか知らない細い裏道を走った。,"정체를 피하기 위해, 현지 사람밖에 모르는 좁은 샛길로 달렸다."
初詣で御籤を引いたら「大吉」が出て、今年は良い年になりそうだ。,"하츠모데(새해 참배)에서 오미쿠지(점괘)를 뽑았더니 '대길'이 나와서, 올해는 좋은 해가 될 것 같다."
新年を迎え、謹んで新春の恭賀を申し上げます。,"새해를 맞이하여, 삼가 신춘의 하례를 올립니다."
このチケットは他人に譲渡できません。,이 티켓은 타인에게 양도할 수 없습니다.
悩みを晴らすために、海までドライブした。,고민을 풀기 위해 바다까지 드라이브했다.
背筋が寒くなって、思わず身震いした。,등골이 오싹해져서 무심코 몸서리쳤다.
彼は正直に失敗を認め、次の改善案まで出した。,그는 솔직하게 실패를 인정하고 다음 개선안까지 냈다.
証拠は明らかだ。,증거는 명백하다.
冷たい風に肩が震うほどだった。,차가운 바람에 어깨가 떨릴 정도였다.
先生は謙譲の気持ちを忘れるなと言った。,선생님은 겸양의 마음을 잊지 말라고 말했다.
ロンドンの街角で、音もなくしとしとと降る霧雨に濡れて歩く。,"런던의 길모퉁이에서, 소리 없이 부슬부슬 내리는 안개비에 젖으며 걷는다."
メタボロミクス解析により、代謝産物の網羅的な変動を捉えた。,메타볼로믹스(대사체학) 해석을 통해 대사 산물의 포괄적인 변동을 포착했다.
窓を開けると、夜が明けていた。,창문을 열자 날이 밝아 있었다.
古い寺の庫裏をリノベーションして、観光客向けのカフェにした。,"오래된 절의 부엌(승려 거주지)을 리노베이션해서, 관광객용 카페로 만들었다."
彼女の表情は晴れやかで、何かいいことがあったに違いない。,그녀의 표정이 환해서 뭔가 좋은 일이 있었음이 틀림없다.
酔って友達の手錠ネタに付き合わされた。,취해서 친구의 ‘수갑’ 장난(네타)에 말려들었다.
明日の天気は晴れで、気温も上がるらしい。,내일 날씨는 맑고 기온도 오른대.
彼女の華奢な体からは想像できないほど、力強い歌声が響いた。,"그녀의 가녀린 몸에서는 상상할 수 없을 만큼, 힘찬 노랫소리가 울려 퍼졌다."
山奥の幽境に、苔むした石段が続いていた。,산속 깊은 비경에 이끼 낀 돌계단이 이어져 있었다.
映画では犯人に手錠をかける場面が緊迫していた。,영화에서 범인에게 수갑을 채우는 장면이 긴박했다.
明日の天気予報は曇りのち雨なので、外出には傘が必要だ。,"내일 일기 예보는 흐리고 한때 비이므로, 외출에는 우산이 필요하다."
草むらから聞こえる螽斯の鳴き声が、秋の夜長の深まりを告げる。,"풀숲에서 들려오는 베짱이 울음소리가, 가을 긴 밤이 깊어감을 알린다."
牧場では乳牛としての役割を終えた雌牛が、のんびりと草を食んでいる。,"목장에서는 젖소로서의 역할을 마친 암소가, 한가로이 풀을 뜯고 있다."
寺の修繕に寄付をして、来世のための功徳を積むことにした。,"절의 수리에 기부를 하여, 내세를 위한 공덕을 쌓기로 했다."
寝る前に錠剤を水で飲み込んだ。,자기 전에 정제를 물로 삼켰다.
旅先で腸炎になり、白粥と水だけで一日を過ごした。,여행지에서 장염이 와서 흰죽과 물만으로 하루를 보냈다.
秋の収穫祭では、五穀豊穣を感謝して神社に米俵を奉納する。,"가을 수확 축제에서는, 오곡의 풍요에 감사하며 신사에 쌀가마니를 봉납한다."
祭壇に果物や酒などの供物を捧げ、先祖の霊に感謝を伝えた。,"제단에 과일이나 술 등의 공물을 바치고, 조상의 영혼에 감사를 전했다."
昔からの親友なのだから、他人行儀な客扱いはやめてほしい。,"옛날부터 친한 친구니까, 남 대하듯 손님 취급하는 건 그만두면 좋겠다."
定年退職後は、田舎に移住して気楽なスローライフを楽しみたい。,"정년퇴직 후에는, 시골로 이주해서 편안한 슬로우 라이프를 즐기고 싶다."
山で汲んだ水は、必ず煮沸してから飲むようにした。,산에서 길어온 물은 반드시 끓여서 마시기로 했다.
状況を正しく把握してから行動に移そう。,상황을 정확히 파악한 후에 행동으로 옮기자.
この企画ではどうしても採算が合わない。,이 기획은 도저히 채산이 맞지 않는다.
彼はまだアマチュアだが、その演奏には心を打つものがある。,그는 아직 아마추어지만 그 연주에는 사람 마음을 울리는 무언가가 있다.
魔女は黒猫のファミリアを連れて、暗い森の奥へと歩いていった。,"마녀는 검은 고양이 사역마를 데리고, 어두운 숲속 깊은 곳으로 걸어갔다."
祭日には家族みんなで神社にお参りする。,공휴일에는 가족 모두 신사에 참배하러 간다.
きつい靴が足を圧迫して、だんだん痺れてきた。,꽉 끼는 신발이 발을 압박해 점점 저려 왔다.
喫茶店のトイレは暗証番号式の錠前だった。,카페 화장실은 비밀번호식 잠금장치였다.
風がやんで、海が静まった。,바람이 그치고 바다가 잔잔해졌다.
昔のモデムの通信速度は、ビット毎秒ではなくボーという単位だった。,"옛날 모뎀의 통신 속도는, 비트 퍼 세컨드가 아니라 보(Baud)라는 단위였다."
本アプリを利用するには、位置情報の提供に同意する必要があります。,본 앱을 이용하려면 위치 정보 제공에 동의해야 합니다.
壁に貼ったポスターをきれいに剥がした。,벽에 붙인 포스터를 말끔히 떼어 냈다.
東北の寒村で、なまはげが家々を回って子どもを叱りつけた。,동북의 산촌에서 나마하게가 집집마다 돌며 아이들을 꾸짖었다.
魚焼きグリルを使って、秋の味覚であるサンマを香ばしく焼いた。,"생선 구이 그릴을 사용하여, 가을의 미각인 꽁치를 고소하게 구웠다."
朝の光に照らされて、クモの網がきらきらと輝いていた。,아침 햇살에 거미줄이 반짝반짝 빛나고 있었다.
バレンタインデーに、友人と交換するための友チョコを手作りした。,"밸런타인데이에, 친구와 교환하기 위한 우정 초콜릿을 직접 만들었다."
交差点で車同士が衝突し、渋滞が伸びている。,교차로에서 차량끼리 충돌해 정체가 길어지고 있다.
子どもの頃から、宇宙飛行士に憧れていた。,어릴 적부터 우주비행사를 동경해 왔다.
プレートテクトニクスは、地球の表面が複数の岩盤で構成され、それらが移動しているとする理論だ。,"판 구조론은 지구의 표면이 여러 개의 암반으로 구성되어 있고, 그것들이 이동하고 있다는 이론이다."
深夜の衝動で甘いものを買ってしまった。,한밤중의 충동으로 단것을 사 버렸다.
試験に落ちて力落とししていたが、友達に励まされた。,시험에 떨어져 낙담했지만 친구에게 격려받았다.
精神疾患に対する社会的なスティグマを解消する努力が必要だ。,정신 질환에 대한 사회적인 낙인을 해소하는 노력이 필요하다.
憧れの店に入った瞬間、緊張で背中が固まった。,"동경하던 가게에 들어간 순간, 긴장해서 등이 굳었다."
仕事と休みのけじめをつけるため、夜は通知を切った。,일과 휴식의 경계를 세우기 위해 밤에는 알림을 껐다.
新聞の求人欄を見て、仕事の求めに応募した。,신문의 구인란을 보고 일자리 요청에 응모했다.
誠にありがとうございました。,진심으로 감사했습니다.
彼は態度を急に改めて、丁寧な言葉遣いに切り替えた。,그는 태도를 갑자기 고쳐 예의 바른 말투로 바꾸었다.
彼は批判に対しても、堂々とした態度で自分の意見を述べた。,"그는 비판에 대해서도, 당당한 태도로 자신의 의견을 말했다."
中耳炎の痛みで昨夜は眠れなかった。,중이염 통증 때문에 어젯밤은 잠을 못 잤다.
生体利用率が低い場合、静脈内注射による投与が検討される。,"생체 이용률(Bioavailability)이 낮은 경우, 정맥 주사에 의한 투여가 검토된다."
彼の話し方は少し荒っぽいが、根は悪い人ではない。,그의 말투는 좀 거칠지만 속은 나쁜 사람이 아니다.
満開の桜並木の下を歩くと、ピンク色の雪が降っているような錯覚に陥る。,"만개한 벚꽃 가로수 아래를 걸으면, 분홍색 눈이 내리고 있는 듯한 착각에 빠진다."
登山道の入口に『六根清浄』と書かれた幟が立っていた。,등산로 입구에 ‘육근청정’이라고 적힌 깃발이 서 있었다.
失敗して落ち込む自分を、有りの侭受け入れることも大切だ。,실패하고 낙심한 자신을 있는 그대로 받아들이는 것도 중요하다.
予選をトップで通過し、決勝進出を決めました。,"예선을 1위로 통과해, 결승 진출을 확정 지었습니다."
その歌声は清らかだと、誰もが感じた。,그 노랫소리는 맑고 청아하다고 모두가 느꼈다.
妖怪の話をしながら、子どもたちは少し怖がりつつも目を輝かせていた。,요괴 이야기를 들으며 아이들은 살짝 무서워하면서도 눈을 반짝였다.
この鍋はアルミなので、軽くて扱いやすい。,이 냄비는 알루미늄이라 가볍고 다루기 쉽다.
指定された場所以外での喫煙は、法律により固く禁じられています。,지정된 장소 이외에서의 흡연은 법률에 의해 엄격히 금지되어 있습니다.
その事は誰にも言わないで。,그 일은 누구에게도 말하지 마.
彼は来月、最新の建築技術を学ぶために渡欧する予定だ。,"그는 다음 달, 최신 건축 기술을 배우기 위해 유럽으로 떠날 예정이다."
歴史にその名を刻むような、偉大な発明がここで生まれた。,"역사에 그 이름을 새길 만한, 위대한 발명이 여기서 탄생했다."
災害時の通信は枢要なインフラだ。,재난 시 통신은 핵심 인프라다.
夜尿症の相談で小児科を受診した。,야뇨증 상담으로 소아과를 방문했다.
寒さが緩み始めたので、公園へ家族と梅見に出かけた。,"추위가 풀리기 시작해서, 공원으로 가족과 함께 매화 구경을 나갔다."
郵便物を会社宛に送る際は、敬称としてさまではなく御中を使う。,"우편물을 회사 앞으로 보낼 때는, 경칭으로 '님'이 아닌 '귀중'을 쓴다."
昔の聖人が残した言には、人生を豊かにする知恵が詰まっている。,"옛 성인이 남긴 말씀에는, 인생을 풍요롭게 하는 지혜가 담겨 있다."
その古い屋敷は一見静かだが、奇妙な噂が絶えない。,"그 오래된 저택은 언뜻 조용해 보이지만, 기이한 소문이 끊이지 않는다."
将来のことを考えて、貯金や仕事のことなど彼是悩んでいる。,"장래를 생각하며 저축, 일 등 이것저것 고민하고 있다."
市井の暮らしには小さな工夫がある。,서민의 삶에는 작은 지혜가 있다.
川原で昔の動物の骨を拾って、子どもたちは宝物のように集めていた。,강가에서 옛 동물의 뼈를 주워 아이들이 보물처럼 모으고 있었다.
昇進を狙うなら、今期の成果を数字で示すべきだ。,승진을 노린다면 이번 분기 성과를 숫자로 보여줘야 한다.
みんなで声を合わして歌うと、不思議と気持ちが一つになる。,다 함께 목소리를 맞춰 노래하면 이상하게 마음이 하나가 된다.
料理人は豆腐を賽の目に切る際、一丁を慎重に扱った。,요리사는 두부를 깍둑썰기할 때 한 모를 신중하게 다루었다.
食後のデザートは随意です。,식후 디저트는 자유(선택)입니다.
是非、今夜の打ち上げに来てください。,"꼭, 오늘 밤 회식(뒤풀이)에 와 주세요."
道路の広狭に関わらず、安全運転を心がけることが事故防止につながる。,도로 폭의 넓고 좁음에 관계없이 안전 운전을 유념하는 것이 사고 예방으로 이어진다.
この商店街はシャッターを下ろしている軒数が増え、少し寂しくなってしまった。,이 상점가는 셔터를 내린 점포 수가 늘어 조금 쓸쓸해지고 말았다.
砂漠に巨大な油井が並ぶ。,사막에 거대한 유정이 늘어서 있다.
国是として平和を掲げる。,국시로 평화를 내건다.
成功に驕ることなく謙虚な姿勢を貫く。,성공에 오만해지지 않고 겸손한 자세를 관철한다.
雪国への憧憬が強くて、写真集を集めてしまう。,설국에 대한 동경이 강해서 사진집을 모아 버린다.
子どもたちは六羽の文鳥にそれぞれ名前を付けて、大切に世話をしている。,아이들은 여섯 마리의 문조에게 각각 이름을 지어 주고 정성껏 돌보고 있다.
刀を壁に掛けたまま、誰も触れないようにしてある。,칼을 벽에 걸어 둔 채로 아무도 만지지 못하게 해 두었다.
その秘密会議は、都内某所にある会員制のクラブで行われた。,그 비밀 회의는 도내 모처에 있는 회원제 클럽에서 열렸다.
意見を折衷して、双方が納得する案に落ち着いた。,의견을 절충해 양쪽이 납득하는 안으로 정리됐다.
彼女への気持ちは、依然として変わっていない。,그녀에 대한 마음은 여전히 변함이 없다.
意地を張らずに、素直に謝ってしまったほうが楽になる。,고집 부리지 말고 솔직히 사과해 버리는 편이 한결 편하다.
この店のメニューには、新しさと懐かしさが同居している。,이 가게 메뉴에는 새로움과 그리움이 공존한다.
豊作を祝い、神社に米が詰まった俵を奉納する儀式が行われた。,풍작을 축하하며 신사에 쌀이 담긴 가마니를 봉납하는 의식이 거행되었다.
相手を弱そうだと決めつける侮りの心が、敗北を招く原因となった。,상대를 약할 것이라고 단정 짓는 얕보는 마음이 패배를 부르는 원인이 되었다.
アレキサンダー大王は、若くして広大な帝国を築き上げた歴史的英雄だ。,알렉산더 대왕은 젊은 나이에 광대한 제국을 건설한 역사적 영웅이다.
コピー機が故障して、締め切りに間に合わない。,복사기가 고장 나서 마감에 못 맞춘다.
母に「早く帰るように」と言い付けられている。,엄마에게 ‘빨리 돌아오라’고 당부받았다.
不足しがちなビタミンを補うために、毎朝サプリメントを飲んでいる。,부족하기 쉬운 비타민을 보충하기 위해 매일 아침 영양제를 먹고 있다.
何れまた会えると信じて、笑顔で別れの挨拶をした。,언젠가 다시 만날 수 있으리라 믿으며 웃으며 작별 인사를 했다.
運命の悪戯によって、二人は二度と会えない場所に引き裂かれた。,운명의 장난으로 인해 두 사람은 두 번 다시 만날 수 없는 곳으로 찢어졌다.
鍋料理は、野菜や肉など好きな具材をたくさん入れて煮込むのが楽しい。,냄비 요리는 채소나 고기 등 좋아하는 재료를 잔뜩 넣어 끓이는 것이 즐겁다.
食品ロスを減らすために、レストランでの食べ残しを持ち帰る習慣が必要だ。,식품 로스를 줄이기 위해 레스토랑에서의 남은 음식을 가져가는 습관이 필요하다.
季節ごとに衣服を整理している。,계절마다 옷을 정리하고 있다.
彼は交通違反で罰金を取られた。,그는 교통 위반으로 벌금을 물었다.
東西の文化が交わる街だ。,동서의 문화가 어우러지는 도시다.
花粉症の季節になると、酷い鼻詰まりで夜も眠れなくなる。,꽃가루 알레르기 계절이 되면 심한 코막힘으로 밤에도 잠을 못 자게 된다.
今更そんなことを言われても困る。,이제 와서 그런 말을 들어도 곤란하다.
ちょっと成功したくらいでそんなに威張るな。,조금 성공했다고 그렇게 잘난 척하지 마라.
学校の花壇に子どもたちが植えたチューリップが咲き始めた。,학교 화단에 아이들이 심은 튤립이 피기 시작했다.
彼女は雑誌のモデルのように、毎日セレブな生活を送っているようだ。,그녀는 잡지 모델처럼 매일 셀러브리티 같은 생활을 보내고 있는 것 같다.
部屋に惰気が満ちて、やる気が起きない。,방에 나른함이 가득해서 의욕이 안 난다.
このデータは年度別ではなく、１月から始まる暦年で集計されている。,이 데이터는 회계연도별이 아니라 1월부터 시작되는 역년(달력 기준)으로 집계되고 있다.
部品の精粗を見極めて、仕入れ先を選ぶ。,부품의 품질 차이를 가려서 거래처를 고른다.
彼のことは未だに忘れられない。,그 사람을 아직도 잊을 수가 없다.
強大な帝国が周辺を征服した。,강대한 제국이 주변을 정복했다.
声色を変えて電話に出るのはやめて。,목소리 톤을 바꿔 전화받는 건 그만해.
引っ越しの際に、不要なものをごっそりと捨てて気分が晴れた。,이사할 때 불필요한 물건을 몽땅 버려서 기분이 상쾌해졌다.
山の中腹にある展望台からは、街の景色が一望できる。,산 중턱에 있는 전망대에서는 도시의 경치를 한눈에 볼 수 있다.
耳元でぷーんと蚊の飛ぶ音がして、昨夜はよく眠れなかった。,귓가에서 윙~ 하고 모기 나는 소리가 들려 어젯밤은 잘 자지 못했다.
障子の破れを直したら、部屋がすっきりした。,쇼지의 찢어진 곳을 고치니 방이 깔끔해졌다.
かつて逓信省が管轄していた郵便事業は、現在民営化されている。,한때 체신성이 관할하던 우편 사업은 현재 민영화되어 있다.
先生に怒られて、その生徒はシュンとして小さくなってしまった。,선생님께 혼나서 그 학생은 시무룩해져서 작아지고 말았다.
無実の罪を着せられた主人公は、真犯人を見つける旅に出た。,억울한 누명을 쓴 주인공은 진범을 찾는 여행을 떠났다.
視聴率低下のため、その番組は来月で打ち切ることになった。,시청률 하락으로 그 프로그램은 다음 달에 종영하게 되었다.
草むらを歩くと、驚いたばったが足元から勢いよく飛び出した。,풀숲을 걸으면 놀란 메뚜기가 발밑에서 힘차게 튀어 나갔다.
軒下に巣を作った燕が、餌を求めて空を飛び回っている。,처마 밑에 둥지를 튼 제비가 먹이를 찾아 하늘을 날아다니고 있다.
部屋は温かだが、外はまだ寒い。,방 안은 따뜻하지만 밖은 아직 춥다.
第一志望の大学に受かって涙が出た。,제1지망 대학에 합격해서 눈물이 났다.
黒板の内容をノートに写した。,칠판 내용을 공책에 옮겨 적었다.
残り物のスープを電子レンジで温める。,남은 수프를 전자레인지로 데운다.
酔っ払いが千鳥足で歩いていて、見ていてとても危なっかしい。,취객이 갈지자걸음으로 걷고 있어 보기에 매우 위태롭다.
重い荷物を持つと肩がこる。,무거운 짐을 들면 어깨가 뭉친다.
彼は穏和な性格で誰とでもすぐ仲良くなる。,그는 온화한 성격이라 누구와도 금방 친해진다.
次の七日にまた集まろう。,다음 7일에 또 모이자.
説明の詳しさが足りなくて、誤解が生まれた。,설명의 자세함이 부족해서 오해가 생겼다.
功績が認められて、市長から表彰された。,공로가 인정되어 시장에게서 표창을 받았다.
裸の王様は真実を指摘されるまで己の姿を誇った。,벌거숭이 임금님은 진실을 지적받을 때까지 자신의 모습을 뽐냈다.
この説明は冗長だから、半分に削ろう。,이 설명은 장황하니 절반으로 줄이자.
通信障害で、オンライン会議が途中で切れた。,통신 장애로 온라인 회의가 도중에 끊겼다.
強豪チームに惜しくも敗退し、選手たちは涙を呑む。,강호 팀에 아쉽게 패퇴하여 선수들은 눈물을 머금는다.
ケーキを七つに切り分けた。,케이크를 일곱 조각으로 나눴다.
寝惚けて歯磨き粉と洗顔フォームを間違えてしまい、酷い目にあった。,잠이 덜 깨서 치약과 클렌징 폼을 착각해 험한 꼴을 당했다.
安いからといって飛びつくと、結局は安物買いの銭失いになる。,싸다고 해서 달려들면 결국은 싼 게 비지떡(돈 낭비)이 된다.
他人の成功を羨むより自分の道を行こう。,남의 성공을 부러워하기보다 자신의 길을 가자.
この路線に詳しい人、乗り換えを教えてください。,"이 노선에 밝은 사람, 환승 좀 알려 주세요."
神道の祭りで、太鼓の音が響いた。,신도의 축제에서 북소리가 울려 퍼졌다.
質問には正直に答えるように心がけている。,질문에는 솔직하게 답하려고 노력하고 있다.
先生からご自身の著書をご恵贈いただき、感謝のメールを送った。,"선생님께 자신의 저서를 혜증받아, 감사의 메일을 보냈다."
理由は云々と書かれているが、よく分からない。,이유는 운운 적혀 있지만 잘 이해가 되지 않는다.
積雪で道路が通行止めになった。,적설로 도로가 통행 금지되었다.
過去のデータから行動パターンを分析し、次の流行を予測する。,"과거 데이터에서 행동 패턴을 분석하여, 다음 유행을 예측한다."
「うん、大丈夫だよ」と彼は笑った。,"“응, 괜찮아”라고 그는 웃었다."
海岸の潮溜まりには、小さなカニや魚がたくさん隠れている。,해안의 웅덩이(조수 웅덩이)에는 작은 게나 물고기가 많이 숨어 있다.
近所の電柱に貼られた迷い猫のポスターを見て、胸が痛んだ。,동네 전봇대에 붙은 미아 고양이 포스터를 보고 가슴이 아팠다.
彼女の瞳は美しい榛色をしていて、見つめると吸い込まれそうだった。,그녀의 눈동자는 아름다운 헤이즐색(개암색)이라서 바라보면 빨려 들어갈 것 같았다.
雪がしんしんと降って、街が静かになった。,눈이 소리 없이 내려서 거리가 조용해졌다.
静かな寺院に祖先を供養する念仏の声が響く。,조용한 사원에 조상을 공양하는 염불 소리가 울린다.
長い休み明けの月曜日は、なかなか仕事モードに切り替わらない。,긴 연휴가 끝난 월요일은 좀처럼 업무 모드로 전환되지 않는다.
夜のドライブで洋楽を流すと、気分が一気に上がった。,밤 드라이브에 양악을 틀면 기분이 확 올라갔다。
洞窟の中で、奇妙な形をした鉱物の塊状の物体を発見した。,동굴 속에서 기묘한 형태를 한 광물의 덩어리 모양 물체를 발견했다.
舞台の照明が落ちると、彼女の妖艶な笑みだけが浮かび上がった。,무대 조명이 내려가자 그녀의 요염한 미소만 떠올랐다。
床にこぼれた液を雑巾で拭き取った。,바닥에 쏟아진 액체를 걸레로 닦아냈다.
会議は一時間の延長が決まった。,회의는 1시간 연장이 결정되었다.
駅前で新商品のチラシをばら蒔いて宣伝した。,역 앞에서 신상품 전단지를 뿌리며 홍보했다.
かつての栄華を誇った古代都市も、今はただ砂に埋もれている。,과거의 영화를 자랑했던 고대 도시도 지금은 그저 모래에 묻혀 있다.
幕末の志士たちは、外国の圧力を排除しようと尊王攘夷を叫んだ。,막말의 지사들은 외국의 압력을 배제하려고 존왕양이를 외쳤다.
最新のスポーツカーは、空気抵抗を減らす美しい流線型の曲面を持つ。,최신 스포츠카는 공기 저항을 줄이는 아름다운 유선형의 곡면을 가졌다.
熊野古道の石畳を歩きながら、悠久の歴史に思いを馳せる。,구마노 고도(옛길)의 돌길을 걸으며 유구한 역사에 마음을 보낸다.
料理中は服が汚れないようにエプロンを着ける。,요리할 때는 옷이 더러워지지 않도록 앞치마를 두른다.
正月は家族でお節料理を囲む。,설(새해)에는 가족이 모여 오세치 요리를 둘러앉는다.
被災地への援助物資が次々と届いている。,재해 지역으로의 원조 물자가 잇따라 도착하고 있다.
作者の経歴は未詳だが、作品の評価は高い。,작가의 경력은 미상이나 작품 평가는 높다.
オフィス街の昼時は、ランチを求める会社員でどこも混雑する。,오피스 거리의 점심시간은 점심을 찾는 회사원들로 어디나 붐빈다.
春の訪れとともに、庭の植物が一斉に芽吹き始めた。,봄이 오자 정원의 식물들이 일제히 싹트기 시작했다.
風邪薬を服用した後は、眠気を催すことがあるので車の運転は避けるべきだ。,감기약을 복용한 후에는 졸음이 올 수 있으므로 자동차 운전은 피해야 한다.
シアオシンという名のその留学生は、故郷の料理を皆に振る舞ってくれた。,시아오신이라는 이름의 그 유학생은 고향 요리를 모두에게 대접해 주었다.
採れたての新鮮なリンゴを、皮ごと丸齧りするのが一番だ。,갓 딴 신선한 사과를 껍질째 통째로 베어 먹는 게 최고다.
ひいおばあちゃんは百歳を超えても、まだ元気に畑仕事をしている。,증조할머니는 백 살이 넘어서도 여전히 건강하게 밭일을 하고 계신다.
掲示板のコメント欄が荒らしに遭い、一時的に閉鎖されてしまった。,게시판 댓글창이 도배(트롤링)를 당해 일시적으로 폐쇄되고 말았다.
表紙がきれいな本はつい手に取りたくなる。,표지가 예쁜 책은 문득 손이 가게 된다.
宝石店のショーケースで光が反射して眩しい。,보석점 쇼케이스에서 빛이 반사되어 눈부시다.
社長がお気に召した絵画を、会社の応接室に飾ることになった。,사장님이 마음에 들어 하신 그림을 회사의 응접실에 걸기로 했다.
この二つの物質が化合すると、別の性質を持つ物質になる。,이 두 물질이 화합하면 다른 성질을 가진 물질이 된다.
この空気清浄機は、空気中の細かい塵や花粉を効率よく捕集する。,이 공기청정기는 공기 중의 미세한 먼지와 꽃가루를 효율적으로 포집한다.
注文の詳細を確認してから、支払いに進んでください。,주문의 상세를 확인한 뒤 결제로 진행해 주세요.
彼は独学で高い英語力を獲得した。,그는 독학으로 높은 영어 실력을 획득했다.
この服は化繊なので、洗濯してもすぐ乾く。,이 옷은 화섬이라 세탁해도 금방 마른다.
机の上がやっと片付いて、勉強に集中できる。,책상 위가 드디어 정리되어 공부에 집중할 수 있다.
写真を撮る前に、顔のてかりをあぶらとり紙で抑えて身だしなみを整えた。,사진을 찍기 전에 얼굴의 번들거림을 기름종이로 눌러 용모를 단정히 했다.
霧深い森の中を歩くと、まるで別世界に迷い込んだようだ。,안개 낀 숲속을 걸으면 마치 다른 세상에 헤매어 든 것 같다.
動物園のコアラは、ユーカリの木の上で気持ちよさそうに寝ている。,동물원의 코알라는 유칼립투스 나무 위에서 기분 좋게 자고 있다.
今日の最高気温は三十度を超えるらしい。,오늘 최고 기온은 30도를 넘을 것 같다.
このプラスチック製のアクセサリーは、少し安っぽい感じがして残念だ。,이 플라스틱 액세서리는 조금 싸구려 느낌이 나서 아쉽다.
靴下に小さな穴が空いたので、針と糸を使って丁寧に繕いをした。,양말에 작은 구멍이 나서 바늘과 실을 사용해 정성껏 기웠다.
過去の過ちを深く後悔し、これからは正直に生きようと心に誓った。,"과거의 잘못을 깊이 후회하며, 앞으로는 정직하게 살겠다고 다짐했다."
産後の体調管理はとても大事だ。,산후의 컨디션 관리는 매우 중요하다.
強力な磁場が発生し、計器が狂い始めた。,강력한 자기장이 발생하여 계기가 오작동하기 시작했다.
実験では同じ条件を用いることで、結果の差が分かりやすくなる。,실험에서는 같은 조건을 사용함으로써 결과 차이가 더 분명해진다。
任意保険に入るか迷っている。,임의보험에 들지 고민 중이다.
資料の残余が少ないので、追加で印刷しておこう。,자료의 잔여분이 적으니 추가로 인쇄해 두자.
古い町には、夜になると妖怪が出るという噂が残っている。,오래된 마을에는 밤이 되면 요괴가 나온다는 소문이 남아 있다。
小舟が霧の中を漂流していて、不安になる。,작은 배가 안개 속을 표류하고 있어 불안해진다.
重要な語句に下線を引いて覚えた。,중요한 어구에 밑줄을 그어 외웠다.
雨の音を聞きながら本を読む。,빗소리를 들으며 책을 읽는다.
砂漠で恐竜の化石が発見された。,사막에서 공룡 화석이 발견되었다.
代々続く陶芸の技を、彼は誇りを持って生業としている。,"대대로 이어지는 도예 기술을, 그는 긍지를 가지고 생업으로 삼고 있다."
牧場で綿羊に餌をやると、もこもこの体が寄ってきた。,목장에서 면양(양)에게 먹이를 주자 복슬복슬한 몸이 다가왔다。
手入れされず放置された庭は、雑草が生い茂る荒れ地となっていた。,관리되지 않고 방치된 정원은 잡초가 우거진 황무지가 되어 있었다.
過度な自尊心は、時に成長の妨げとなる。,과도한 자존심은 때때로 성장의 방해가 된다.
花火大会を特等席で楽しむために、川沿いの桟敷席を予約しておいた。,불꽃놀이 대회를 특등석에서 즐기기 위해 강가의 관람석을 예약해 두었다.
賭場で博徒に近づくのは、身のためにならない。,도박판에서 도박꾼(박도)에게 다가가는 건 신상에 좋지 않다.
今回の契約成立は、田中さんの骨折りのおかげです。,이번 계약 성립은 다나카 씨의 수고 덕분입니다.
修理の費用が想定より高くて、見積書を見直した。,수리 비용이 예상보다 비싸서 견적서를 다시 봤다。
風邪をひいたので温かい粥を食べた。,감기에 걸려서 따뜻한 죽을 먹었다.
お気に入りのシャツにラーメンの汁が跳ねて、油染みができてしまった。,아끼는 셔츠에 라면 국물이 튀어서 기름 얼룩이 생기고 말았다.
山の斜面で牧羊犬が走り回り、群れを上手にまとめていた。,산비탈에서 양치기개가 뛰어다니며 무리를 능숙하게 몰았다。
子供の頃、虫籠を持って森に入り、カブトムシを探した夏が懐かしい。,어릴 적 곤충 채집통을 들고 숲에 들어가 장수풍뎅이를 찾던 여름이 그립다.
装備を整えて雪山に挑む登山家たちは、大自然の厳しさと美しさを知っている。,장비를 갖추고 설산에 도전하는 등산가들은 대자연의 혹독함과 아름다움을 알고 있다.
インターネットを利用した犯罪が増えている。,인터넷을 이용한 범죄가 늘고 있다.
過ぎたことをいつまでも悔いていても、新しい未来は始まらない。,지나간 일을 언제까지나 후회하고 있어도 새로운 미래는 시작되지 않는다.
旅先で思いがけない出来事が起きた。,여행지에서 뜻밖의 사건이 일어났다.
侍医が脈を取り、体調を確認した。,시의가 맥을 짚어 상태를 확인했다.
契約書の内容に間違いがないか、二人で丁寧に読み合わせた。,계약서 내용에 실수가 없는지 둘이서 꼼꼼하게 대조해 읽었다.
村の外れに広い原が広がっている。,마을 끝자락에 넓은 벌판이 펼쳐져 있다.
展覧会の初日に、多くの人が来館した。,전람회 첫날에 많은 사람이 방문했다.
試験の点数が足りず、まさかの落第をしてしまった。,시험 점수가 모자라 설마 했던 유급을 하고 말았다.
米を水に浸してから炊くとおいしくなる。,쌀을 물에 담가 두었다가 밥을 지으면 더 맛있어진다.
この国は石油の産出量が多い。,이 나라는 석유 산출량이 많다.
白血病の治療で骨髄移植を受けた。,백혈병 치료로 골수이식을 받았다.
このジーンズは十年はいても破れない。,이 청바지는 10년을 입어도 안 찢어진다.
その噂は直には信じられない。,그 소문은 바로 곧이곧대로는 믿기 어렵다.
将棋では、歩兵が敵陣に入ると金将に成ることができる。,장기(쇼기)에서는 보병이 적진에 들어가면 금장으로 승격할 수 있다.
私は完全な夜型人間で、深夜に仕事が捗る。,나는 완전한 저녁형 인간이라 심야에 일이 잘 된다.
新しい照明に替えたら、部屋が一気に明るくなった。,조명을 바꾸니 방이 단번에 밝아졌다.
試合は一対一のまま引き分けに終わった。,경기는 1대 1 그대로 비겨서 끝났다.
早朝の静かな境内で、僧侶が竹箒を使って落ち葉を掃く音が響く。,이른 아침의 조용한 경내에서 승려가 대나무 빗자루로 낙엽을 쓰는 소리가 울린다.
誰もいないはずの部屋に人影が見えた気がした。,아무도 없을 방에서 사람 그림자가 보인 것 같았다.
一頃は毎日のように残業していた。,한때는 매일같이 야근을 했었다.
棚には古い陶磁器の壺が飾られている。,선반에는 오래된 도자기 항아리가 장식되어 있다.
この店は評判が良いから、予約した。,이 가게는 평판이 좋아서 예약했다.
警官がピストルを構えて犯人に近づいた。,경관이 권총을 겨누고 범인에게 다가갔다.
真夏の炎天下を無帽で歩き回るのは、熱中症になるリスクが高い。,한여름의 땡볕 아래를 모자 없이 돌아다니는 것은 열사병에 걸릴 위험이 크다.
宇宙の彼方には、光さえも届かない暗黒の世界が広がっている。,우주 저편에는 빛조차 닿지 않는 암흑의 세계가 펼쳐져 있다.
素材の味を最大限に引き出す、無水調理が可能です。,"소재의 맛을 최대한으로 끌어내는, 무수 조리가 가능합니다."
漂白したシャツが、太陽の下でまぶしい。,표백한 셔츠가 햇빛 아래서 눈부시다.
美しい音楽を聞いていると、悲しい心が自然と慰む。,아름다운 음악을 듣고 있으면 슬픈 마음이 자연스레 위로된다.
手紙の包みを開けると、写真が一枚入っていた。,편지 봉투를 열자 사진 한 장이 들어 있었다.
新入社員には資格取得を奨励している。,신입사원에게는 자격 취득을 장려하고 있다.
二社が提携して新しいサービスを始めた。,두 회사가 제휴해 새로운 서비스를 시작했다.
努力の結果がきちんと数字に表れてうれしかった。,노력의 결과가 숫자로 분명히 나타나서 기뻤다.
温泉の源泉から、熱いお湯が勢いよく吹き出ている。,온천의 원천에서 뜨거운 물이 힘차게 뿜어져 나오고 있다.
構造力学の観点から、トラス構造は部材に軸力のみが作用する理想的な骨組みだ。,구조역학적 관점에서 트러스 구조는 부재에 축력만이 작용하는 이상적인 뼈대다.
お盆の上には、真ん丸い形をした美味しそうな団子が並んでいる。,쟁반 위에는 아주 동그란 모양을 한 먹음직스러운 경단이 놓여 있다.
都市部では人口が過密になっている。,도시 지역에서는 인구가 과밀해지고 있다.
今週末は引っ越し先を決めるために、いくつかのアパートを内見する予定だ。,이번 주말은 이사 갈 곳을 정하기 위해 몇 군데의 아파트를 둘러볼 예정이다.
あの人には、まだ返していない貸しが一つある。,저 사람에게는 아직 갚지 않은 신세 한 번이 있다.
毎日の厳しい鍛えが、強靭な肉体と精神を作り上げる。,매일의 혹독한 단련이 강인한 육체와 정신을 만들어낸다.
父母に感謝の手紙を書いた。,부모님께 감사 편지를 썼다.
彼には考え事をする時に髪を触る習癖がある。,그에게는 생각할 때 머리카락을 만지는 버릇이 있다.
真夜中の廃校を歩くと説明できない恐怖を感じる。,한밤중 폐교를 걷다 보면 설명할 수 없는 공포를 느낀다.
沈没船から引き揚げられた宝箱には、金銀財宝が詰まっていた。,침몰선에서 인양된 보물 상자에는 금은보화가 가득 차 있었다.
残業を強制するような雰囲気はよくない。,잔업을 강요하는 분위기는 바람직하지 않다.
井戸水は夏でも冷たい。,우물물은 여름에도 차갑다.
時世が変われば常識も変わる。,시대가 바뀌면 상식도 바뀐다.
オンライン教材を使って外国語を勉強している。,온라인 교재를 사용해 외국어를 공부하고 있다.
その演説に多くの若者が共鳴した。,그 연설에 많은 젊은이들이 공명했다.
制御工学におけるPID制御は、現在、過去、未来の誤差情報を用いて出力を調整する。,"제어공학의 PID 제어는 현재, 과거, 미래의 오차 정보를 이용하여 출력을 조정한다."
忙しい昼時は、サンドイッチをテークアウトして公園で食べることにしている。,바쁜 점심시간에는 샌드위치를 포장해서 공원에서 먹기로 하고 있다.
この暑さだと、生肉はすぐ傷むから冷蔵庫に入れて。,이 더위면 생고기는 금방 상하니까 냉장고에 넣어 둬.
世紀の発見として報じられた。,세기의 발견으로 보도됐다.
二十一世紀の課題は複雑だ。,"21세기의 과제는 복잡하다."
サルトルは「人間は自由の刑に処せられている」という逆説的な表現を用いた。,"사르트르는 ""인간은 자유라는 형벌에 처해 있다""는 역설적인 표현을 썼다."
無理に回したせいで、ドアの蝶番を傷めてしまった。,억지로 돌리는 바람에 문 경첩을 망가뜨렸다.
時世に流されずに信念を持つ。,시대에 휩쓸리지 않고 신념을 가진다.
あの一言に深く傷ついて、しばらく返事ができなかった。,그 한마디에 깊이 상처받아 한동안 답장을 못 했다.
伝統的な儀式は、古くからの従順な慣習に従って厳かに行われた。,전통적인 의식은 옛날부터의 순종적인 관습에 따라 엄숙하게 행해졌다.
世間は思ったより厳しい。,세상(세간)은 생각보다 엄격하다.
この店はラーメンの元祖を名乗っている。,이 가게는 라멘의 원조를 자처하고 있다.
スピノザは汎神論を唱え、神と自然を同一視する「神即自然」の思想を展開した。,스피노자는 범신론을 주창하며 신과 자연을 동일시하는 '신 즉 자연' 사상을 전개했다.
森の中で、朽ちて自然に還りつつある昆虫の死骸を見た。,숲속에서 썩어서 자연으로 돌아가고 있는 곤충의 사체를 보았다.
この薬品は水に入れると分解して、別の成分に変わる。,이 약품은 물에 넣으면 분해되어 다른 성분으로 변한다.
無理をすると体に障るから気をつけて。,무리하면 몸에 해가 되니까 조심해.
プレッシャーに耐えられず、その場から逃げ出してしまった。,압박을 견디지 못하고 그 자리에서 도망쳐 버렸다.
静寂に包まれた堂内で、数人の僧侶が熱心に祈りを捧げている。,정적에 싸인 법당 안에서 몇 명의 승려가 열심히 기도를 올리고 있다.
退屈なパーティーから友達とこっそり抜け出した。,지루한 파티에서 친구와 몰래 빠져나왔다.
閉店セールで、ほとんどの商品が大幅に値下げされていた。,폐점 세일로 거의 모든 상품이 크게 가격이 내려가 있었다.
オイラーの多面体定理は、頂点、辺、面の数の間に成り立つ不変の恒等式を表している。,"오일러의 다면체 정리는 꼭짓점, 모서리, 면의 수 사이에 성립하는 불변의 항등식을 나타낸다."
重要な事柄なので、メールではなく直接会って話しましょう。,중요한 일이라서 메일이 아니라 직접 만나 이야기합시다.
乾坤一擲の大勝負に出て、彼は全てのチップを賭けた。,"건곤일척의 큰 승부에 나서서, 그는 모든 칩을 걸었다."
台所に酸い匂いが漂ってきて、思わず換気扇を回した。,"부엌에 시큼한 냄새가 퍼져 와서, 무심코 환풍기를 돌렸다."
今年の冬はインフルの流行が早まっているので、早めにワクチンを接種した。,올해 겨울은 독감 유행이 빨라지고 있어서 일찍 백신을 접종했다.
市民が集まって講を開き、地域の安全について話し合う。,시민이 모여 강(모임)을 열고 지역 안전에 대해 의논한다.
血の繋がっていない親子だが、彼らの絆は誰よりも深い。,"피가 섞이지 않은 부모 자식이지만, 그들의 유대는 누구보다도 깊다."
ウィーナーのサイバネティクスは、通信と制御の観点から生物と機械を統一的に扱った。,위너의 사이버네틱스는 통신과 제어의 관점에서 생물과 기계를 통일적으로 다루었다.
今日で故人を偲ぶ三回忌の法要を迎えた。,오늘로 고인을 추모하는 삼주기 법회를 맞이했다.
彼に忠告しても、暖簾に腕押し、糠に釘だ。,"그에게 충고해도 주렴에 팔 밀기, 겨에 못 박기(하나 마나)다."
台所から何か焦げたような臭いがしてきた。,부엌에서 뭐가 타는 듯한 냄새가 나기 시작했다.
大雪が降った明くる朝、世界は一面の銀世界に変わっていた。,"폭설이 내린 다음 날 아침, 세상은 온통 은세계로 변해 있었다."
写真と実物の色が少し違う。,사진과 실물이 색이 조금 다르다.
新プロジェクトに参加するなら、まず自己紹介からお願いします。,"새 프로젝트에 참가한다면, 먼저 자기소개부터 부탁해요."
彼がその提案に賛成するのは、勿論言うまでもないことだ。,"그가 그 제안에 찬성하는 것은, 물론 말할 필요도 없는 일이다."
今日の気分は最高にいー感じに晴れている。,오늘의 기분은 최고로 좋은 느낌으로 맑다.
原稿の清書は、字を間違えないように集中して行った。,"원고의 정서(청서)는, 글자를 틀리지 않도록 집중해서 했다."
山小屋では薪炭を節約して、火を小さく保った。,산장의 장작과 숯을 아끼며 불을 작게 유지했다.
トランスフォーマー構造は、注意機構を用いることで自然言語処理に革命をもたらした。,트랜스포머 구조는 어텐션 메커니즘을 이용함으로써 자연언어처리에 혁명을 가져왔다.
瑞々しいブドウを一房、手土産として持参した。,"싱싱한 포도 한 송이를, 선물로 지참했다."
突然の停電で、部屋が暗闇に沈んだ。,갑작스런 정전으로 방이 어둠 속에 가라앉았다.
自律神経の失調で体調を崩した。,자율신경 실조로 몸 상태가 나빠졌다.
インテリアの好みは人によって大きく違う。,인테리어 취향은 사람마다 크게 다르다.
路地裏で突然猫が飛び出し、驚いて胸がどきとした。,"골목길에서 갑자기 고양이가 튀어나와, 놀라서 가슴이 철렁했다."
二人の間には、言葉にしなくても通じる暗黙の了解があった。,"두 사람 사이에는, 말로 하지 않아도 통하는 암묵적인 양해가 있었다."
彼は平凡だが幸せな日々に満足している。,그는 평범하지만 행복한 나날에 만족하고 있다.
履歴書の写真は、できるだけ最近のものを使う。,이력서 사진은 가능한 최근 것을 사용한다.
お弁当を風呂敷で包んでピクニックに出かけた。,도시락을 보자기로 싸서 소풍을 나갔다.
経費の伝票をまとめて、月末に提出する。,경비 전표를 모아 월말에 제출한다.
鉛筆をナイフで丁寧に削り、デッサンのための準備を整えた。,"연필을 칼로 정성스럽게 깎아, 데생을 위한 준비를 마쳤다."
相手の立場に配慮した言葉選びが、円滑なコミュニケーションを生む。,"상대의 입장을 배려한 단어 선택이, 원활한 커뮤니케이션을 낳는다."
裁判長によって判決が下される瞬間、法廷内は静まり返った。,"재판장에 의해 판결이 내려지는 순간, 법정 안은 쥐 죽은 듯 조용해졌다."
冬は食が細る。,겨울에는 입맛이 줄어든다.
失恋して一週間、まだ立ち直れない。,"실연한 지 일주일, 아직도 회복이 안 된다."
チームは後半から一気に攻勢に転じ、逆転勝利を収めた。,"팀은 후반부터 단숨에 공세로 전환하여, 역전승을 거두었다."
富士山の中腹まではバスで行けるが、そこからは徒歩での登山だ。,"후지산 중턱까지는 버스로 갈 수 있지만, 거기서부터는 도보 등산이다."
犬が尻尾を振って、玄関まで駆けてきた。,개가 꼬리를 흔들며 현관까지 달려왔다.
明日、10時に開店しますので、少々お待ちください。,내일 10시에 개점하니 잠시만 기다려 주세요.
距離の近さより、親しさが伝わる挨拶が好きだ。,거리의 가까움보다 친근함이 전해지는 인사가 좋다.
直接金融へのシフトが進み、銀行を介さない資金調達の比重が高まっている。,"직접 금융으로의 전환이 진행되어, 은행을 거치지 않는 자금 조달의 비중이 높아지고 있다."
スパイは追っ手から逃れるため、偽名を使ってホテルに潜伏した。,"스파이는 추격자로부터 도망치기 위해, 가명을 사용하여 호텔에 잠복했다."
司法の独立は民主主義にとって重要だ。,사법의 독립은 민주주의에 매우 중요하다.
LCR回路における共振周波数は、インダクタンスとキャパシタンスの組み合わせで決定される。,LCR 회로에서의 공진 주파수는 인덕턴스와 커패시턴스의 조합으로 결정된다.
私は猫舌だから、熱い味噌汁は少し冷ましてから飲む。,나는 뜨거운 걸 잘 못 먹어서 뜨거운 미소시루는 조금 식힌 뒤 마신다.
始発電車に乗るためにまだ暗いうちに家を出た。,첫차를 타려고 아직 어두울 때 집을 나섰다.
春の訪れとともに木々の芽吹きが始まり、山が淡い緑色に染まる。,"봄의 방문과 함께 나무들의 움이 트기 시작해, 산이 옅은 초록색으로 물든다."
事故で一人が死亡したと報じられた。,사고로 한 명이 사망했다고 보도되었다.
夜の校門には守衛が一人立っている。,밤의 교문에는 수위가 한 사람 서 있다.
基礎知識があると理解が速い。,기초지식이 있으면 이해가 빠르다.
冬の寒い池で鴨の親子が仲良く泳いでいる。,겨울의 추운 연못에서 오리 가족이 사이좋게 헤엄친다.
配当収入よりも、値上がり益であるキャピタルゲインを狙った投資を行う。,"배당 수입보다는, 시세 차익인 캐피털 게인을 노린 투자를 수행한다."
コモディティ化が進んだ市場では、価格競争に巻き込まれやすく利益が出にくい。,범용화(코모디티화)가 진행된 시장에서는 가격 경쟁에 휘말리기 쉬워 이익을 내기 어렵다.
雨の匂いを嗅ぐと、昔の恋がよみがえるようで感傷的になる。,비 냄새를 맡으면 옛사랑이 떠오르는 것 같아 감상적이 된다.
金属に象眼を施した箱は、光の当たり方で表情が変わる。,금속에 상감을 넣은 상자는 빛에 따라 표정이 달라진다.
その小説は次元を超える発想が面白い。,그 소설은 차원을 넘는 발상이 재미있다.
駅の周辺には飲食店が多い。,역 주변에는 음식점이 많다.
手のひらの傷跡を見るたびに昔を思い出す。,손바닥의 흉터를 볼 때마다 옛날을 떠올린다.
この鳥の分布は主に北半球に限られている。,이 새의 분포는 주로 북반구에 한정된다.
試合中に足首を負傷して、ベンチで氷を当てた。,경기 중 발목을 부상당해 벤치에서 얼음찜질을 했다.
彼は大学院で修士を取得した。,그는 대학원에서 석사 학위를 받았다.
目次を見れば全体の流れがつかめる。,목차를 보면 전체 흐름을 파악할 수 있다.
その回答は的外れで、質問と噛み合っていない。,그 답변은 엉뚱해서 질문과 맞물리지 않는다.
彼女は彼を終始信じて支えてきた。,그녀는 그를 시종일관 믿고 지지해 왔다.
釣ったばかりの魚は、すぐに血抜きをすることで鮮度を保てる。,"막 낚아 올린 물고기는, 바로 피 빼기를 함으로써 선도를 유지할 수 있다."
悩みが十重二十重に積もって、眠れない夜が続いた。,걱정이 겹겹이 쌓여 잠 못 드는 밤이 이어졌다.
鰹節の削りたての香りは、味噌汁の風味を格段に引き上げる。,갓 깎은 가다랑어포의 향기는 된장국의 풍미를 각별하게 끌어올린다.
店員がシャッターを開けて、店を開けた。,점원이 셔터를 올려 가게 문을 열었다.
朝の緑茶の香りで、頭がすっと冴える。,아침의 녹차 향으로 머리가 맑아진다.
都心を離れて郊外の戸建ちを購入し、ゆったりとした生活を送る。,"도심을 떠나 교외의 단독주택을 구입해, 여유로운 생활을 보낸다."
朝、寝惚けてコーヒーに砂糖と間違えて塩を入れてしまった。,"아침에, 잠이 덜 깨서 커피에 설탕인 줄 알고 소금을 넣어 버렸다."
彼は突然失業して途方に暮れている。,그는 갑자기 실직해서 막막해하고 있다.
期日前投票に行って、静かに一票を入れた。,사전투표에 가서 조용히 한 표를 넣었다.
彼はどんな子どもでもすぐ懐けるので、イベントでは大人気だ。,그는 어떤 아이와도 금방 친해져서 행사에서는 큰 인기를 끈다.
正月の空には、子供たちが揚げたカイトが高々と舞い上がっていた。,"정월 하늘에는, 아이들이 날린 연이 높이 춤추며 날아오르고 있었다."
引っ越してきた日、両隣に菓子折りを持って挨拶した。,이사 온 날 양옆 집에 과자 선물을 들고 인사했다.
子どもの頃から礼儀をしっかり仕付けられた。,어릴 때부터 예의를 제대로 교육받았다.
夏の夜、耳元でプーンと鳴るカの音ほど不快なものはない。,"여름 밤, 귓가에서 윙 하고 울리는 모기 소리만큼 불쾌한 것은 없다."
重要な決断を下す際には、感情を排して論理的に考えるべきだ。,중요한 결단을 내릴 때는 감정을 배제하고 논리적으로 생각해야 한다.
山道は険阻で、雨の日は特に滑りやすい。,산길은 험해서 비 오는 날은 특히 미끄럽다.
親疎がはっきりしすぎると、チームが割れる。,친한 사람과 덜 친한 사람이 너무 갈리면 팀이 갈라진다.
アンケートの対象は、18歳以上の利用者に限ります。,설문 대상은 18세 이상 이용자로 한정합니다.
多数決で、次の旅行先を決めよう。,다수결로 다음 여행지를 정하자.
北前船の帆前には、風を受けて大きく膨らむ白い帆が輝いていた。,키타마에 배의 돛 앞쪽에는 바람을 받아 크게 부푼 흰 돛이 빛나고 있었다.
人里離れた山奥で、静かな自給自足の生活。,사람 발길이 닿지 않는 산골에서 조용한 자급자족 생활.
不公平な判決に市民は憤慨している。,불공평한 판결에 시민들은 분개하고 있다.
霧が突然消える現象を、気象台が解説した。,안개가 갑자기 사라지는 현상을 기상대가 해설했다.
フェルマーの最終定理の証明には、数世紀にわたる数学者の執念があった。,페르마의 마지막 정리 증명에는 수 세기에 걸친 수학자들의 집념이 있었다.
高僧の言葉は短いのに、不思議と心に残った。,고승의 말은 짧은데도 이상하게 마음에 남았다.
彼の文体はシンプルだが印象に残る。,그의 문체는 단순하지만 인상에 남는다.
駅で旧友と遭遇して、思わず声が出た。,역에서 옛 친구와 우연히 마주쳐 저절로 소리가 나왔다.
伝統工芸をナリワイとする家系に生まれ、幼い頃から技術を磨いてきた。,"전통 공예를 생업으로 하는 집안에서 태어나, 어릴 때부터 기술을 갈고닦아 왔다."
成功した友人を妬むより、学ぶことにした。,성공한 친구를 시기하기보다 배워 보기로 했다.
彼は一生を通じて多くの書物を書き残した。,그는 일생을 통해 많은 저서를 남겼다.
彼は揺すりをかけて金を奪おうとしたが、警察の捜査によって逮捕された。,"그는 공갈 협박을 해서 돈을 뺏으려 했지만, 경찰 수사에 의해 체포되었다."
桜はこの町の象徴として、駅前に植えられている。,벚꽃은 이 마을의 상징으로 역 앞에 심어져 있다.
会社まで電車で一日往復二時間かかる。,회사까지 전철로 하루 왕복 두 시간이 걸린다.
免許証を家に忘れて、検問で青ざめた。,면허증을 집에 두고 와서 검문에서 얼굴이 하얘졌다.
彼はバンドでベースを担当している。,그는 밴드에서 베이스를 맡고 있다.
船賃は往復でいくらですか。,배삯은 왕복으로 얼마인가요?
温泉の湯にゆっくり浸かると、日頃の疲れが嘘のように溶けていった。,"온천 물에 천천히 몸을 담그니, 평소의 피로가 거짓말처럼 녹아내렸다."
会議が長引いて空腹で倒れそうだ。,회의가 길어져서 배가 고파 쓰러질 것 같다.
彼は緊張すると早口になる。,그는 긴장하면 말이 빨라진다.
身分を証明する書類を、受付で提示した。,신분을 증명하는 서류를 접수처에서 제시했다.
スペインの闘牛は情熱的だが、動物愛護の観点から議論を呼んでいる。,"스페인의 투우는 정열적이지만, 동물 애호 관점에서 논란을 부르고 있다."
小器な細工物だが、職人の技が光っている。,자그마한 세공품이지만 장인의 기술이 빛나고 있다.
早朝の市場は活気に満ちている。,이른 아침 시장은 활기가 넘친다.
この町は昔、紡績で栄えたという。,이 마을은 예전에 방적으로 번성했다고 한다.
頬の産毛が光って、横顔がやわらかく見えた。,"볼의 솜털이 빛나서, 옆얼굴이 부드럽게 보였다."
二人は永遠の愛を誓い、固い契りを結んだ。,두 사람은 영원한 사랑을 맹세하고 굳은 언약을 맺었다.
子供の頃、竹蜻蛉を飛ばして遊んだ記憶がある。,어릴 적 대나무 헬리콥터를 날리며 놀았던 기억이 있다.
都合の悪いことを聞かれると、彼はすぐに恍ける。,불리한 일을 들으면 그는 곧장 시치미를 뗀다.
このアプリは通勤中の使用を想定して、文字を大きくした。,이 앱은 통근 중 사용을 상정해 글자를 크게 했다。
面接の前に、必要書類の用意をもう一度チェックした。,면접 전에 필요한 서류 준비를 다시 한번 확인했다。
一時の感情に任せた愚行は、取り返しのつかない結果を招くことがある。,한순간의 감정에 맡긴 어리석은 행동은 돌이킬 수 없는 결과를 초래할 수 있다.
式典で詔書が朗読され、場内が静まり返った。,"식전에서 조서가 낭독되어, 장내가 조용해졌다."
乱世において、固い絆と信頼で結ばれた君臣の物語は涙を誘う。,"난세에 있어, 굳건한 유대와 신뢰로 맺어진 군신의 이야기는 눈물을 자아낸다."
作家は静かな山荘にこもり、新作小説の草稿を書き上げた。,"작가는 조용한 산장에서 틀어박혀, 신작 소설의 초고를 다 썼다."
突然の夕立に遭い、古い商店の軒で雨宿りをさせてもらった。,"갑작스러운 소나기를 만나, 오래된 상점의 처마 밑에서 비를 피했다."
静かな山寺で、鐘の音が心に響き渡る。,조용한 산사에서 종소리가 마음에 울려 퍼진다.
食事だけで不足する栄養素は、サプリメントで補うのが効率的だ。,식사만으로 부족한 영양소는 보충제로 보완하는 것이 효율적이다.
交際費の濫費が続けば、部署の予算はすぐ尽きる。,교제비의 남비가 계속되면 부서 예산은 금방 바닥난다.
彼は家庭を顧みず、働き蜂のように毎日遅くまで会社にいる。,"그는 가정을 돌보지 않고, 일벌처럼 매일 늦게까지 회사에 있다."
雄大な山脈が、平原の向こうに横たわっている。,웅대한 산맥이 평원 저편에 가로누워 있다.
漢字の部首を覚えると、初めて見る字でも意味を推測しやすくなる。,"한자의 부수를 외우면, 처음 보는 글자라도 의미를 추측하기 쉬워진다."
風邪をこじらせたので、家でゆっくり養生する。,감기가 덧나서 집에서 푹 요양한다.
朝は化粧が薄いほうが、マスクに付かなくて楽だ。,아침에는 화장이 옅은 편이 마스크에 묻지 않아 편하다.
沢に沿って苔むした岩を越えた。,계곡(산골 물길)을 따라 이끼 낀 바위를 넘었다.
大切なクラシックカーを車庫にしまう時は、いつも細心の注意を払う。,"소중한 클래식 카를 차고에 넣을 때는, 언제나 세심한 주의를 기울인다."
分割払いでも、月々わずか３千円からお求めいただけます。,"할부로 하셔도, 월 불과 3천 엔부터 구매하실 수 있습니다."
雨足が強まる中、選手たちの体力が削られていきます。,"빗줄기가 굵어지는 가운데, 선수들의 체력이 깎여 나갑니다."
二人の間の距離が少しずつ縮まった。,두 사람 사이의 거리가 조금씩 좁혀졌다.
恒常的な人手不足が問題になっている。,항상적인 인력 부족이 문제가 되고 있다.
緊張で胸が絞まるような思いのまま、彼女は結果発表を待っていた。,긴장으로 가슴이 조여드는 듯한 마음으로 그녀는 결과 발표를 기다리고 있었다.
机の上の書類を掻き回して、必要な紙を探した。,책상 위 서류를 마구 뒤적이며 필요한 종이를 찾았다.
申し訳ございません、その日は貸切のご予約が入っております。,"죄송합니다, 그날은 대관 예약이 잡혀 있습니다."
水洗いができるので、いつでも清潔にお使いいただけます。,"물세탁이 가능하므로, 언제나 청결하게 사용하실 수 있습니다."
旅先で出会った人が、知恵を授けてくれた。,여행지에서 만난 사람이 지혜를 가르쳐 주었다.
祖父は強健な体の持ち主で、九十歳を過ぎても元気に畑仕事をする。,"조부께서는 강건한 신체의 소유자로, 구십 세가 넘어도 건강하게 밭일을 하신다."
勇んで戦場に向かった兵士たちも、現実の過酷さに直面することになった。,용기 있게 전장으로 향했던 병사들도 현실의 가혹함에 직면하게 되었다.
これからの社会に必要なのは、多様な意見を受け入れる寛容さだ。,"앞으로의 사회에 필요한 것은, 다양한 의견을 받아들이는 관용이다."
剣道の試合で、鮮やかな胴が決まった。,검도 시합에서 선명하게 허리 치기가 성공했다.
彼は言葉で怒りを表すより、黙って距離を置いた。,그는 말로 분노를 드러내기보다 말없이 거리를 뒀다.
壁に掛かった暦をめくると、もう今年も残りわずかだと実感する。,"벽에 걸린 달력을 넘기니, 이제 올해도 얼마 남지 않았음을 실감한다."
利用規約をよく読んでから同意ボタンを押してください。,이용 규약을 잘 읽은 후 동의 버튼을 눌러 주세요.
彼は父の跡を継いで小さな店を営んでいる。,그는 아버지의 뒤를 이어 작은 가게를 꾸려 가고 있다.
暇な時間を潰すために映画を一本見た。,남는 시간을 때우려고 영화를 한 편 봤다.
残り時間１０秒、一点差を追いかける展開となりました。,"남은 시간 10초, 1점 차를 뒤쫓는 전개가 되었습니다."
ネジが振動で緩まないように、金属製のワッシャーを間に挟んだ。,"나사가 진동으로 풀리지 않도록, 금속 와셔를 사이에 끼웠다."
山に籠もり、俗事から離れて静かに思索に耽る。,산에 틀어박혀 속세의 일에서 벗어나 조용히 사색에 잠긴다.
この図書館では飲食が禁止されているので、ペットボトルの水も外で飲んでください。,"이 도서관에서는 음식물 섭취가 금지되어 있어서, 페트병 물도 밖에서 마셔 주세요."
その政策には賛否両論があり、議論は平行線をたどったままだ。,"그 정책에는 찬반 양론이 있어, 논의는 평행선을 달리는 채다."
秋になると、この山は紅葉で真っ赤に染まる。,가을이 되면 이 산은 단풍으로 새빨갛게 물든다.
季節に合った衣服を選ぶことは健康にも大切だ。,계절에 맞는 의복을 고르는 것은 건강에도 중요하다.
ネットの掲示板は、時として誹謗中傷の温床になることがある。,인터넷 게시판은 때때로 비방 중상의 온상이 되는 경우가 있다.
このお店で流れている音楽、懐かしい曲ばかりで昔を思い出しますね。,"이 가게에서 흐르는 음악, 그리운 곡들뿐이라 옛날 생각이 나네요."
狭い路地で車を慎重にバックさせた。,좁은 골목에서 차를 조심스럽게 후진시켰다.
会議で率直に意見を伸べて、課題を共有した。,회의에서 솔직하게 의견을 진술해 과제를 공유했다.
睡眠不足は集中力の低下を通じて、仕事の効率に悪影響を及ぼす。,수면 부족은 집중력 저하를 통해 업무 효율에 나쁜 영향을 미친다.
定規で線をまっすぐに引いてください。,자로 선을 곧게 그어 주세요.
無人島に漂着した彼らは、協力してサバイバル生活をすることになった。,무인도에 표류한 그들은 협력하여 서바이벌 생활을 하게 되었다.
この飲み薬は食後に服用することで、胃への負担を減らすことができる。,이 먹는 약은 식후에 복용함으로써 위장에 가는 부담을 줄일 수 있다.
硝石を乾燥剤と間違えて触ったら、指先がざらついた。,초석을 건조제로 착각해 만졌더니 손끝이 까슬해졌다.
彼の目は真実を見抜くかのように鋭く、相手を威圧する力があった。,"그의 눈은 진실을 꿰뚫어 보듯 날카로웠고, 상대를 위압하는 힘이 있었다."
彼女の笑顔は太陽のように輝いている。,그녀의 미소는 태양처럼 빛나고 있다.
二社の激しい価格競争で、消費者には嬉しい値下げが続いている。,두 회사의 치열한 가격 경쟁으로 소비자들에게는 기쁜 가격 인하가 계속되고 있다.
棚から牡丹餅のような幸運が舞い込み、宝くじに当たった。,자다가 떡을 얻어먹는(선반에서 보타모치) 듯한 행운이 들어와 복권에 당첨됐다.
流れ星に願いを込めると叶うという迷信を、大人になっても信じている。,별똥별에 소원을 빌면 이루어진다는 미신을 어른이 되어서도 믿고 있다.
この作品は来月の映画祭で上映される予定だ。,이 작품은 다음 달 영화제에서 상영될 예정이다.
その植物から有効成分を単離することに成功した。,그 식물에서 유효 성분을 단리(분리)하는 데 성공했다.
天は人の上に人を造らず、人の下に人を造らず。,"하늘은 사람 위에 사람을 만들지 않았고, 사람 아래에 사람을 만들지 않았다. - 후쿠자와 유키치"
このプロジェクトは員が足りない。,이 프로젝트는 인원이 부족하다.
大学では日本文学を専攻している。,대학에서는 일본문학을 전공하고 있다.
駅長が構内放送で遅延のお詫びを伝えた。,역장이 역내 방송으로 지연에 대한 사과를 전했다.
砂時計の砂が落ちるのを眺めて時間の経過を感じる,모래시계의 모래가 떨어지는 것을 바라보며 시간의 경과를 느끼다
博物館には珍しい輝石の標本が展示されている。,박물관에는 희귀한 휘석 표본이 전시되어 있다.
市民の声を代弁して、議員が議会で質問を行う。,시민의 목소리를 대변하여 의원이 의회에서 질문을 한다.
春になると、川沿いの堤には桜が満開になり、多くの花見客で賑わう。,봄이 되면 강변 둑에는 벚꽃이 만개하여 많은 상춘객으로 붐빈다.
猿が木の枝から枝へと器用に飛び移って、木の実を口に運んでいた。,원숭이가 나뭇가지 사이를 재주 있게 뛰어다니며 열매를 입에 옮기고 있었다.
夏休みに家族で北海道へ旅行した。,여름방학에 가족과 홋카이도로 여행을 갔다.
今度こそ絶対に合格してやるぞ、という強い決意を胸に秘めて勉強した。,이번에야말로 반드시 합격하고 말겠다는 강한 결의를 가슴속에 품고 공부했다.
今年の米の作は非常に良く、豊作が期待できる。,올해 쌀 작황은 매우 좋아 풍작을 기대할 수 있다.
ハレの日には、伝統的な着物を着て神社にお参りする。,경사스러운 날(하레)에는 전통 기모노를 입고 신사에 참배한다.
この公園は、街の人々の憩いの場になっている。,이 공원은 도시 사람들의 휴식처가 되고 있다.
この古いプリンターは、少し厚い紙を使うとすぐに紙が詰まってしまう。,이 낡은 프린터는 조금 두꺼운 종이를 쓰면 금방 용지가 걸려 버린다.
社員の待遇改善を求めて組合が交渉している。,직원 처우 개선을 요구하며 노조가 교섭 중이다.
高校の数学で正弦や余弦のグラフを習った。,고등학교 수학 시간에 사인과 코사인 그래프를 배웠다.
満員電車はまるで地獄のような暑さだった。,만원 전철 안은 마치 지옥 같은 더위였다.
公園の大きな木の下で読書を楽しんでいる。,공원의 커다란 나무 아래에서 독서를 즐기고 있다.
台風に備えて、住民たちは川の増水を警戒している。,태풍에 대비해 주민들은 강 수위를 경계하고 있다.
本の最後の索引で必要な項目を探す。,책 끝부분의 색인에서 필요한 항목을 찾는다.
幼い頃に住んでいた町の匂いを、ふと電車の窓から思い出した。,어릴 적 살던 동네의 냄새를 문득 전철 창가에서 떠올렸다。
急がない荷物は、料金の安い船便で送ることにした。,급하지 않은 짐은 요금이 싼 배편으로 보내기로 했다.
夏のキャンプでは、吸血昆虫への対策として長袖を着るべきだ。,"여름 캠프에서는, 흡혈 곤충에 대한 대책으로 긴 소매를 입어야 한다."
彼は何があっても慌てない暢気な性格だ。,그는 무슨 일이 있어도 당황하지 않는 느긋한 성격이다.
雨降りの午後は喫茶店で小説を読み耽る。,비 오는 오후는 카페에서 소설을 읽는 데 열중한다.
スペインのサグラダ・ファミリアは、着工から百年以上経て完成に近づいている。,스페인의 사그라다 파밀리아는 착공한 지 100년 이상 지나 완공에 가까워지고 있다.
弘法も筆の誤りというが彼は天才に見える。,홍법대사도 붓을 잘못 놀릴 때가 있다지만 그는 천재로 보인다.
表彰式で社長から授与された盾を、家の棚に飾った。,시상식에서 사장에게서 수여받은 방패(트로피)를 집 선반에 장식했다.
誠をもって向き合えば、きっと伝わる。,진심으로 마주하면 분명 전해진다.
古い旗が風にあおられて裂けてしまった。,오래된 깃발이 바람에 휘날리다 찢어져 버렸다.
電話に気を取られている間に、トースターのパンが黒焦げになった。,"전화에 정신이 팔린 사이에, 토스터의 빵이 새까맣게 탔다."
彼は長年の努力で新しい科学の礎を築いた。,그는 오랜 노력으로 새로운 과학의 초석을 닦았다.
この店は種類が豊富で、選ぶだけで楽しい。,이 가게는 종류가 풍부해서 고르기만 해도 즐겁다.
同じミスを繰り返さないようにノートに反省点を書いた。,같은 실수를 반복하지 않기 위해 노트에 반성점을 적었다.
新婚の二人は小さなアパートで幸せに暮らしている。,신혼인 두 사람은 작은 아파트에서 행복하게 살고 있다.
日本は温帯に属しており四季の変化が明快だ。,일본은 온대에 속해 있어 사계절의 변화가 명확하다.
感謝の気持ちを与えるのは、言葉より行動だと思う。,감사의 마음을 주는 것은 말보다 행동이라고 생각한다.
彼は人生を研究に捧げた。,그는 인생을 연구에 바쳤다。
気まずい沈黙のせいで会話がぎくしゃくする。,어색한 침묵 때문에 대화가 매끄럽지 못하다.
提出期限に猶予ができて、ようやく落ち着いて仕上げられる。,제출 기한에 유예가 생겨서 드디어 차분히 마무리할 수 있다.
新作の売上は伸びず、チームの士気も低迷している。,신작 매출이 늘지 않아 팀 사기도 침체돼 있다.
倉庫に余剰在庫が積み上がり、セールを検討している。,창고에 잉여 재고가 쌓여 세일을 검토 중이다.
注文した料理は、直に運ばれてくるので少々お待ちください。,주문하신 요리는 곧 운반되어 오니 잠시만 기다려 주십시오.
ピザを人数分に均等に切り分けて配る。,피자를 인원수대로 균등하게 나누어 배분한다.
この事件は典型的な類型に当てはまる詐欺だ。,이 사건은 전형적인 유형에 해당하는 사기다.
子どもたちは高層ビルを仰視して、口をあけて見上げていた。,아이들은 고층 빌딩을 우러러보며 입을 벌린 채 쳐다보고 있었다.
缶をリサイクルボックスに入れた。,캔을 재활용 상자에 넣었다.
指にトゲが差さって痛い。,손가락에 가시가 박혀 아프다.
出張の間、スーツケースをホテルのフロントに預けることにした。,출장 동안 여행가방을 호텔 프런트에 맡기기로 했다。
未練を断ち切るように古い写真を切り離す。,미련을 끊어내듯 오래된 사진을 잘라낸다.
夜中の大音量は近所迷惑だから、イヤホンにして。,한밤중 큰 소리는 이웃에게 민폐니까 이어폰으로 해.
数字の位取りを間違えると計算の結果が狂う。,자릿수 설정을 틀리면 계산 결과가 어긋난다.
この城の主は、代々受け継がれてきた家訓を何よりも重んじていた。,이 성의 주인은 대대로 이어져 온 가훈을 무엇보다도 중요하게 여겼다.
少年は親に反抗して道を踏み外しぐれる。,소년은 부모에게 반항하여 길을 벗어나 엇나간다.
商品のネーミングは、覚えやすくて語呂が良いものが選ばれる傾向にある。,상품의 네이밍은 외우기 쉽고 어감이 좋은 것이 선택되는 경향이 있다.
その問題を解決するためには、あらゆる手を尽くす必要があるだろう。,그 문제를 해결하기 위해서는 모든 수단을 다 쓸 필요가 있을 것이다.
座席の間隔を広く取ってください。,좌석 간격을 넓게 두어 주세요.
大会の初戦を突破することは、その後の勢いをつける上で非常に重要だ。,대회의 첫 경기를 돌파하는 것은 그 후의 기세를 올리는 데 있어 매우 중요하다.
軒の下で雨宿りをしていると、紫陽花の花が雨に濡れて鮮やかだった。,"처마 밑에서 비를 피하고 있으니, 수국 꽃이 비에 젖어 선명했다."
父は癌の治療のために入院している。,아버지는 암 치료를 위해 입원해 있다.
棚の上に手が届かなくて、背伸びした。,선반 위에 손이 닿지 않아 까치발을 들었다.
鍵の行方が分からなくて、鞄をひっくり返した。,열쇠가 어디 있는지 몰라서 가방을 몽땅 뒤졌다。
真剣な会話の最中に、横から口を割り入れるのは失礼だ。,"진지한 대화 도중에, 옆에서 말참견하며 끼어드는 것은 실례다."
子どもたちが小さな旗を振って選手を応援した。,아이들이 작은 깃발을 흔들며 선수들을 응원했다.
彼は己の信念を貫き通す、今の時代には珍しい正真正銘の漢だ。,"그는 자신의 신념을 끝까지 관철하는, 요즘 시대에는 드문 진정한 사나이다."
東京と大阪の間には、文化や言葉遣いに興味深い違いが存在する。,도쿄와 오사카 사이에는 문화나 말투에 흥미로운 차이가 존재한다.
この案件は糸目をつけない方針で進めるらしい。,이 건은 예산 제한을 두지 않는 방침으로 진행한대.
今度の出張で初めてカンサイに行く。,이번 출장에서 처음으로 칸사이에 간다.
祖父は長年その家に仕えていた。,할아버지는 오랫동안 그 집에 섬기며 일했다.
古い木造校舎の廊下は、歩くたびにぎいぎいと懐かしい音を立てる。,오래된 목조 교사의 복도는 걸을 때마다 삐걱삐걱 그리운 소리를 낸다.
小腹が空いたのでコンビニで肉まんを買う。,출출해서 편의점에서 고기 만두를 산다.
医者は禁煙を強く薦めた。,의사는 금연을 강하게 권했다.
皇后は被災地を訪れ、被災者に声をかけた。,황후는 피해 지역을 방문해 이재민들에게 말을 건넸다.
髪が伸びたから、そろそろ切りに行こう。,머리가 길어져서 슬슬 자르러 가자.
鎌倉時代の宰領が年貢を取り立てた。,가마쿠라 시대의 재령이 연공을 거두었다.
金沢の兼六園は、四季折々の美しい風景が楽しめる日本三名園の一つだ。,가나자와의 겐로쿠엔은 사계절의 아름다운 풍경을 즐길 수 있는 일본 3대 정원 중 하나다.
抹茶ラテのほろ苦い甘さが、仕事の疲れを癒やしてくれる。,말차 라테의 쌉쌀한 달콤함이 업무의 피로를 풀어준다.
常々思うのは、準備がすべてを楽にするということだ。,"평소 늘 생각하는 건, 준비가 모든 것을 쉽게 만든다는 점이다."
私は常にメモを取り、聞き漏らしを防いでいる。,나는 항상 메모를 하여 듣고 놓치는 일을 막고 있다.
王によって無罪の裁定が下されると、広場は歓声に包まれた。,왕에 의해 무죄의 재정(판결)이 내려지자 광장은 환성으로 휩싸였다.
ザ・ビートルのような伝説的な車に憧れる。,'더 비틀' 같은 전설적인 자동차를 동경한다.
動物園で灰色の堅い皮膚を持つ犀を観察する。,동물원에서 회색의 단단한 피부를 가진 코뿔소를 관찰한다.
ロケット花火がぴゅーんと空へ上がり、パンと破裂した。,로켓 폭죽이 쓩 하고 하늘로 올라가 팡 하고 터졌다.
燕が低く飛ぶと雨が降るという言い伝えは、案外当たることがある。,제비가 낮게 날면 비가 온다는 전해 내려오는 말은 의외로 맞을 때가 있다.
黒板に大きく「十」と書いて先生が説明している。,칠판에 크게 '十'자를 쓰고 선생님이 설명하고 있다.
曽祖母の代から受け継がれてきた着物を、大切に虫干しする。,증조할머니 대부터 물려받아 온 기모노를 소중하게 바람을 쐬어 말린다(거풍한다).
大工が木材をカンナで削り、薄い木の膜がひらひらと舞った。,목수가 목재를 대패로 깎자 얇은 나무 막이 팔랑팔랑 춤을 췄다.
今日は少し暑いですね。,오늘은 조금 덥네요.
子どものころの夢をまだ諦めていない。,어릴 적 꿈을 아직 포기하지 않았다.
全ての荷物にラベルを貼ってください。,모든 짐에 라벨을 붙여 주세요.
君臣の礼を重んじる王は、臣下に無礼を許さなかった。,군신의 예를 중시하던 왕은 신하의 무례를 용납하지 않았다.
これも愛情の一種だろう。,이것도 애정의 일종이겠지.
平安時代には、出家して法皇となる天皇もいた。,헤이안 시대에는 출가하여 법황이 된 천황도 있었다.
駅のベンチでうとうとしながら夢見ていた。,역 벤치에서 꾸벅꾸벅 졸며 꿈을 꾸고 있었다.
ゴルフコンペでは、初心者が楽しめるようにハンデが設定された。,"골프 대회에서는, 초보자가 즐길 수 있도록 핸디캡이 설정되었다."
山岳遭難者の救助要請を受け、ドクターヘリが直ちに出動した。,"산악 조난자의 구조 요청을 받고, 닥터 헬기가 즉시 출동했다."
服飾店で黒いコートを試着してみた。,의류 매장에서 검은 코트를 입어 봤다.
SF映画のように、テレポーテーションで瞬時に地球の裏側へ行きたい。,"SF 영화처럼, 순간이동으로 순식간에 지구 반대편으로 가고 싶다."
天気が良いので、公園のベンチで手作りの弁当を昼飯にした。,날씨가 좋아서 공원 벤치에서 직접 만든 도시락으로 점심을 먹었다.
ローストチキンの香り付けに、庭で摘んだ新鮮なローズマリーを使う。,"로스트 치킨의 향을 내기 위해, 정원에서 딴 신선한 로즈마리를 사용한다."
夢幻のような景色に息をのんだ。,몽환 같은 풍경에 숨을 삼켰다.
パスポートの更新をオンラインで申請した。,여권 갱신을 온라인으로 신청했다.
審美眼を磨くために名画を毎日鑑賞する。,심미안을 기르기 위해 명화를 매일 감상한다.
揚げ物をした後は、油取りパッドを使って廃油を処理する。,튀김 요리를 한 후에는 기름 흡수 패드를 사용하여 폐유를 처리한다.
セーターについた犬のけを取るのに、粘着ローラーが欠かせない。,스웨터에 묻은 개 털을 떼는 데 점착 롤러(돌돌이)가 빠질 수 없다.
驚いたヤマアラシが針を逆立てて、敵から身を守ろうとしている。,놀란 호저가 가시를 곤두세우고 적으로부터 몸을 지키려 하고 있다.
紅葉で山が色づく季節が来た。,단풍으로 산이 물드는 계절이 왔다.
レインコートの中のムレを解消するため、通気性の良い素材を選んだ。,레인코트 속의 습기를 해소하기 위해 통기성이 좋은 소재를 골랐다.
運動前に屈伸をして、筋肉を温めた。,운동 전에 굴신을 해서 근육을 데웠다.
追伸、写真はあとで送るね。,추신: 사진은 나중에 보낼게.
彼は長年の修行で心身を鍛え上げ、達人の域に達している。,"그는 오랜 수행으로 심신을 단련하여, 달인의 경지에 도달했다."
天気の良い週末は、雑草を抜いたり花を植えたりと庭仕事に精を出す。,"날씨 좋은 주말은, 잡초를 뽑거나 꽃을 심으며 정원 일에 힘을 쏟는다."
昨日の夜は、星がとてもきれいだった。,어젯밤은 별이 정말 예뻤다.
新入社員はスーツの襟に真新しい社章を着け、緊張した面持ちだ。,"신입 사원은 양복 깃에 아주 새로운 회사 배지를 달고, 긴장한 표정이다."
提出された婚姻届が窓口で無事に受理された。,제출된 혼인신고서가 창구에서 무사히 수리되었다.
虫眼レンズを通して見ると、普段見慣れた風景が別世界に見える。,곤충의 눈(어안/접사) 렌즈를 통해 보면 평소 익숙한 풍경이 딴 세상처럼 보인다.
赤銅色の夕焼けが街を染めた。,적동색 노을이 도시를 물들였다.
超大盛りのラーメンをスープまで完食し、記念写真を撮った。,초특대 사이즈 라멘을 국물까지 완식하고 기념사진을 찍었다.
治水工事で川の氾濫リスクが下がった。,치수 공사로 강 범람 위험이 줄었다.
今日は食事より睡眠を優先したい。,오늘은 식사보다 수면을 우선하고 싶다.
彼は宗教上の理由で断食を続けている。,그는 종교적 이유로 단식을 이어가고 있다.
彼はボランティア活動を通して、過去の過ちへの償いを続けている。,"그는 자원봉사 활동을 통해, 과거의 잘못에 대한 속죄를 계속하고 있다."
彼は路地裏でギター弾きをして、日銭を稼いで暮らしている。,그는 뒷골목에서 기타 연주를 하며 하루 벌어 하루 먹고살고 있다.
あの紳士は帽子を軽く上げて、誰にでも丁寧に挨拶した。,그 신사는 모자를 살짝 들어 누구에게나 정중히 인사했다.
景気回復のために消費税率の引き下げを検討する。,경기 회복을 위해 소비세율 인하를 검토한다.
どうか力を貸してくれと彼に請うた。,부디 힘을 빌려 달라고 그에게 청했다.
朝型人間になってから、午前中の仕事の効率が格段に上がった。,아침형 인간이 되고 나서 오전 업무 효율이 현격히 올랐다.
ミュージカル映画のように、彼女は突然街中で歌い出した。,뮤지컬 영화처럼 그녀는 갑자기 거리에서 노래하기 시작했다.
彼女のギターの弾き語りは心に響き、観客全員が聴き入っていた。,"그녀의 기타 연주와 노래는 마음에 울려, 관객 전원이 귀를 기울이고 있었다."
川沿いの榛の木が風に揺れ、小さな実を落としている。,강가의 오리나무가 바람에 흔들리며 작은 열매를 떨어뜨리고 있다.
足弱の祖母には階段がきつい。,다리가 약한 할머니에겐 계단이 힘들다。
断片的な証拠から真実を導き出す推論を展開する。,단편적인 증거로부터 진실을 이끌어내는 추론을 전개한다.
厳しい自然の中で生き残るのは生物の性だ。,엄격한 자연 속에서 살아남는 것은 생물의 본성이다.
弱虫だと思われたくない。,겁쟁이라고 생각받고 싶지 않다。
ぶつけて出来た車の凹みを修理するために、板金屋へ持って行った。,부딪혀서 생긴 차의 찌그러짐을 수리하기 위해 판금 도장 가게로 가져갔다.
秋の夕暮れには、言いようのない愁いがある。,가을 해질녘에는 말로 하기 어려운 근심이 있다.
雨の日は室内で子どもとボードゲームをした。,비 오는 날에는 실내에서 아이와 보드게임을 했다.
従業員一同、お客様の来店を心よりお待ちしております。,"종업원 일동, 손님의 방문을 진심으로 기다리고 있습니다."
彼女への狂おしいほどの愛慕の情が、彼を芸術創作へと駆り立てた。,"그녀를 향한 미칠 듯한 애모의 정이, 그를 예술 창작으로 내몰았다."
患者は感染拡大を防ぐために個室で隔離されている。,환자는 감염 확산을 막기 위해 1인실에서 격리되어 있다.
港では朝早くから、漁船からの荷揚げ作業が行われている。,항구에서는 아침 일찍부터 어선에서의 하역 작업이 이루어지고 있다.
六月は、雨がたくさん降る。,"6월은 비가 많이 내린다."
教室で熱いディベートが交わされ、知性が火花を散らす。,교실에서 뜨거운 토론이 오가며 지성이 불꽃을 튀긴다.
花粉症の季節は辛くて、一日中ティッシュで鼻を擤んでいる。,꽃가루 알레르기 계절은 괴로워서 하루 종일 티슈로 코를 풀고 있다.
お気に入りの赤い傘を差して、雨の中を散歩した。,마음에 드는 빨간 우산을 쓰고 빗속을 산책했다.
雨の匂いがすると、理由もなく憂愁に沈む。,비 냄새가 나면 이유도 없이 우수에 잠긴다.
門限を気にするのは、うるさいんじゃなくて親心だよ。,통금을 신경 쓰는 건 잔소리가 아니라 부모 마음이야.
彼の直情径行な行動は、時に周囲の誤解を招くことがある。,그의 직정경행(솔직하고 거침없는)적인 행동은 때때로 주위의 오해를 불러일으키기도 한다.
彼は莫大な借金を返すために、牛馬のように朝から晩まで働いた。,"그는 막대한 빚을 갚기 위해, 소나 말처럼 아침부터 밤까지 일했다."
目標を高く持ち、毎日コツコツと努力を続けることが大切だ。,목표를 높게 잡고 매일 꾸준히 노력을 계속하는 것이 중요하다.
何とぞご理解のほどよろしくお願いいたします。,부디 양해해 주시기를 부탁드립니다.
全ての客室に、エアコンが備え付けられています。,모든 객실에 에어컨이 설치되어 있습니다.
ゲームと違って相手は生身の人間だ。,게임과 달리 상대는 살아 있는 생몸의 인간이다.
今年の干支の置物を玄関に飾り、幸運を呼び込む。,올해의 띠(간지) 장식물을 현관에 장식하여 행운을 불러들인다.
人間ドックの受診は、健康寿命を延ばす第一歩だ。,건강검진(인간 독) 수진은 건강 수명을 늘리는 첫걸음이다.
若者の消費動向が経済に大きな影響を与える。,젊은 층의 소비 동향이 경제에 큰 영향을 준다.
揺れが収まるまで、慌てずにテーブルの下で身の安全を確保してください。,흔들림이 멎을 때까지 당황하지 말고 테이블 밑에서 몸의 안전을 확보해 주세요.
頭痛がひどいので、薬を飲んで少し横になることにした。,두통이 심해서 약을 먹고 조금 눕기로 했다.
中秋の名月を眺めながら、団子を食べるのが秋の楽しみだ。,중추의 명월(보름달)을 바라보며 경단을 먹는 것이 가을의 즐거움이다.
リモコンの操作方法が分からない。,리모컨 조작 방법을 모르겠다.
横綱が土俵入りをすると、会場から大きな拍手が湧き起こった。,요코즈나가 도효이리에 나서자 장내에서 큰 박수가 터져 나왔다.
冷たい風が身に染みる季節になり、厚手のコートを出した。,차가운 바람이 몸에 스미는 계절이 되어 두꺼운 코트를 꺼냈다.
火曜日には、体育の授業がある。,화요일에는 체육 수업이 있다.
紛争で住む家を失った難民に温かい食事を届ける。,분쟁으로 집을 잃은 난민에게 따뜻한 식사를 전달한다.
二国の対立は話し合いによって解決へと向かいつつある。,두 나라의 대립은 대화를 통해 해결을 향해 가고 있다.
春には桜が満開になり、川の堤はピンク色に染まる。,봄에는 벚꽃이 만개하여 강의 제방은 분홍색으로 물든다.
午後からは、図書館で本を読んだ。,오후부터는 도서관에서 책을 읽었다.
水曜日は、一番好きな給食が出る日だ。,수요일은 가장 좋아하는 급식이 나오는 날이다.
庭で番犬が怪しい人影に向かって吠え立てる。,마당에서 번견이 수상한 인척을 향해 짖어댄다.
撥水加工のジャケットが雨粒を弾いて濡れない。,발수 가공 점퍼가 빗방울을 튕겨내어 젖지 않는다.
太平洋に浮かぶ孤島で、一週間のサバイバル生活をした。,태평양에 떠 있는 고도(외딴섬)에서 일주일간의 서바이벌 생활을 했다.
内臓脂肪を減らすために、食生活を見直した。,내장지방을 줄이기 위해 식습관을 다시 점검했다.
短冊に願いを込めて、七夕の笹に結びつけた。,탄자쿠(종이)에 소원을 담아 칠석 대나무에 묶었다.
お金があれば何でも買えますか。,돈이 있으면 무엇이든 살 수 있습니까?
体育の授業は、とても楽しい。,체육 수업은 매우 즐겁다.
ご重畳の至りに存じます、と頭を下げた。,더없이 영광입니다라고 말하며 고개를 숙였다.
筆者の個人的な経験がこの物語の核である。,필자의 개인적인 경험이 이 이야기의 핵심이다.
「さあ、出発するぞ！」と掛け声をかけて、山を登り始めた。,"자, 출발한다!라고 구령을 붙이며 산을 오르기 시작했다."
彼は高校卒業後の進路について悩んでいる。,그는 고등학교 졸업 후의 진로에 대해 고민하고 있다.
外科手術の成功には、医師の高度な技術と集中力が必要だ。,외과 수술의 성공에는 의사의 고도의 기술과 집중력이 필요하다.
新鮮な刺身は、日本酒の最高の肴になる。,신선한 회는 일본주의 최고의 안주가 된다.
恥ずかしがり屋の猫が机の下へ引っ込む。,부끄럼을 타는 고양이가 책상 아래로 들어가 숨는다.
塾に通い始めてから、苦手だった数学の成績が以前よりぐんと伸びた。,"학원에 다니기 시작한 후로, 서툴렀던 수학 성적이 이전보다 부쩍 올랐다."
青畳に座ると、夏の気配が肌に残った。,푸른 다다미에 앉자 여름 기운이 피부에 남았다.
室咲きのシクラメンが店頭に並んだ。,온실 재배로 실내에서 피운 시클라멘이 매대에 놓였다.
彼は私にとって、何でも話せる唯一の親友だ。,그는 나에게 무엇이든 말할 수 있는 유일한 절친이다.
彼は直情径行な性格で、思ったことをすぐ口に出してしまう。,"그는 성격이 솔직하고 거침없어서(직정경행), 생각한 것을 바로 입 밖으로 내버린다."
無理をして笑わなくていいよ。,무리해서 웃지 않아도 돼.
システム障害が発生し、通信が不能になる。,시스템 장애가 발생하여 통신이 불가능해진다.
被害は皆無だったと報告が入った。,피해는 전무했다고 보고가 들어왔다.
式典では来賓の案内が私の務めだ。,식전에서는 귀빈 안내가 내 역할이다.
彼は無名の新人だが、演技には光るものがある。,그는 무명의 신인이지만 연기에는 빛나는 것이 있다.
無事に到着したら連絡してね。,무사히 도착하면 연락해.
電車が遅れて、乗り換えに間に合わなくなる。,전차가 늦어서 환승에 늦게 된다.
最近は活字を読む時間が減ってきた。,요즘은 활자를 읽는 시간이 줄어들었다.
冷蔵庫の余り物を使って、手早くチャーハンを作った。,냉장고의 남은 재료를 사용하여 재빨리 볶음밥을 만들었다.
大統領の就任演説は、国民に新たな希望と勇気を与えた。,대통령의 취임 연설은 국민에게 새로운 희망과 용기를 주었다.
靴の中が蒸れて、帰宅したらすぐ乾かした。,"신발 안이 습기 차서, 귀가하자마자 말렸다."
徹夜明けで、足元がふらふらして危ない。,밤을 새운 뒤라 발걸음이 비틀거려 위험하다.
大規模災害時には、公的な支援だけでなく地域住民の共助が不可欠だ。,"대규모 재해 시에는, 공적인 지원뿐만 아니라 지역 주민의 공조(서로 도움)가 필수적이다."
体育の授業で器械体操を練習した。,체육 시간에 기계체조를 연습했다.
携帯の電波が届かない圏外の山奥で、デジタルデトックスをした。,휴대전화 전파가 닿지 않는 권외(서비스 지역 밖)의 깊은 산속에서 디지털 디톡스를 했다.
急な雨宿りのため、民家の軒先を少し拝借した。,갑작스러운 비를 피하기 위해 민가의 처마 끝을 잠시 빌렸다.
名前は表に書いて、裏には書かないでください。,이름은 앞면에 쓰고 뒷면에는 쓰지 마세요.
この短期間でこれだけの成果を出せたのは素晴らしいことだ。,이 단기간에 이만큼의 성과를 낸 것은 멋진 일이다.
フィルター交換の手間がいらず、ランニングコストもかかりません。,"필터 교환의 수고가 필요 없고, 유지 비용도 들지 않습니다."
丸々と太った猫が、日向で昼寝をしている。,둥글둥글하게 살찐 고양이가 양지에서 낮잠을 잔다.
裏表のある態度に、少し疲れてしまった。,겉과 속이 다른 태도에 조금 지쳐버렸다.
黒い雲が嵐の到来を兆していた。,검은 구름이 폭풍이 다가오고 있음을 예고하고 있었다.
引っ越しの前に、新しい部屋を下見しに行った。,이사 가기 전에 새 방을 미리 보러 갔다.
スマホの表面に指紋がたくさん付いている。,스마트폰 표면에 지문이 많이 묻어 있다.
試合は接戦の末、私たちのチームの勝ちに終わった。,시합은 접전 끝에 우리 팀의 승리로 끝났다.
神社の表門をくぐると、空気が変わった気がした。,신사의 정문을 지나니 공기가 달라진 느낌이 들었다.
その計画には大きなリスクがあるという認識が足りない。,그 계획에는 큰 위험이 있다는 인식이 부족하다.
上司は後輩に仕事を与えるとき、目的をはっきり伝えた。,상사는 후배에게 일을 줄 때 목적을 분명히 전했다.
駅を中心にして、新しい店が次々と増えている。,역을 중심으로 새 가게가 잇따라 늘고 있다.
理由もなく心がざわついて、眠れなかった。,이유도 없이 마음이 술렁여 잠들지 못했다.
二枚舌の人は信用できない。,말이 다른 사람은 믿을 수 없다.
お腹が空いていたので、大きなハンバーガーに豪快に齧り付いた。,배가 고팠기 때문에 커다란 햄버거를 호쾌하게 베어 물었다.
戌亥の方角に不吉な黒い雲が広がっている。,북서쪽 방향으로 불길한 검은 구름이 퍼지고 있다.
西日が差し込んで、部屋の中がオレンジ色に染まった。,서쪽 햇살이 비쳐 방 안이 주황빛으로 물들었다.
祖父は昔、骨接ぎで近所の人を助けていた。,할아버지는 예전에 접골로 이웃을 도와주곤 했다.
騒音トラブルで眠れない日々が続き、彼はノイローゼ気味になっている。,"소음 문제로 잠들지 못하는 날들이 이어져, 그는 노이로제 기미를 보이고 있다."
彼は自分自身の厳格な律に従って生きている。,그는 자기 자신의 엄격한 규율에 따라 살고 있다.
その老舗旅館は格式が高く、従業員の礼儀作法も完璧だった。,그 전통 있는 여관은 격식이 높아 종업원의 예의범절도 완벽했다.
災害に備えて、水や缶詰の買い置きを点検しておいた。,재해에 대비하여 물이나 통조림의 비축분을 점검해 두었다.
彼は「漢」と呼ぶにふさわしい、義理人情に厚い人物だ。,"그는 '사나이'라고 부르기에 걸맞은, 의리와 인정이 두터운 인물이다."
年が明けて初めて届いた友人からの初便りに心が和んだ。,해가 바뀌고 처음 도착한 친구의 첫 편지에 마음이 온화해졌다.
彼女の艶やかな振袖姿に、会場の誰もが見惚れていた。,그녀의 요염하고 아름다운 후리소데 모습에 회장의 누구라 할 것 없이 넋을 잃고 보고 있었다.
彼の細やかな気配りには、いつも感心する。,그의 세심한 배려에는 늘 감탄한다.
焼き魚には、やっぱりたっぷりの大根下ろしが欠かせない。,생선 구이에는 역시 듬뿍 얹은 무 갈은 것(무즙)이 빠질 수 없다.
ゴール前で二人のランナーが肩を並べて競り合った。,골 직전에서 두 명의 주자가 어깨를 나란히 하며 접전을 벌였다.
明日の予定がまだ確定していない。,내일 일정이 아직 확정되지 않았다.
この地域では昔から稲作を中心とした農耕が行われてきた。,이 지역에서는 예전부터 벼농사를 중심으로 한 농경이 이루어져 왔다.
子は鎹と言う通り、夫婦の仲が修復された。,"자식은 부부의 끈이라더니, 부부 사이가 회복되었다."
子どもが部屋を散らかすたびに、片づけの歌を口ずさむ。,"아이들이 방을 어지럽힐 때마다, 정리 노래를 흥얼거린다."
彼は目尻にしわを寄せて、やさしく笑った。,그는 눈꼬리에 주름을 잡으며 다정하게 웃었다.
「上善は水の如し」という言葉通り、柔軟で謙虚な生き方をしたい。,'상선약수(최고의 선은 물과 같다)'라는 말대로 유연하고 겸허한 삶을 살고 싶다.
ライブが始まると、会場が一気に盛り上がった。,"라이브가 시작되자, 회장이 단숨에 달아올랐다."
汗で額がてかるのを気にして、何度もハンカチで拭いた。,땀으로 이마가 번들거리는 것을 신경 써서 몇 번이고 손수건으로 닦았다.
大事な接待なので、失敗しないように慎重に店選びをした。,중요한 접대라서 실패하지 않도록 신중하게 가게 선정을 했다.
敵の侵入を防ぐため、城内の警備が厳重に強化された。,적의 침입을 막기 위해 성안의 경비가 엄중하게 강화되었다.
彼は経済学の学士号を取得した。,그는 경제학 학사 학위를 취득했다.
両国は長い断絶を経て国交を回復した。,양국은 긴 단절 끝에 국교를 회복했다.
地元の農産物を使った料理が観光客に人気だ。,현지 농산물을 사용한 요리가 관광객들에게 인기가 있다.
この店のメロンは当たり外れがなく、どれも甘くて美味しい。,이 가게의 멜론은 복불복(당첨과 꽝)이 없고 모두 달고 맛있다.
高い崖を前にして、思わず尻込みしてしまった。,높은 절벽 앞에서 무심코 주춤해 버렸다.
雨がしょぼしょぼと降り続き、気分が沈む。,비가 부슬부슬 계속 내려 기분이 가라앉는다.
深海では想像を絶する水圧がかかっている。,심해에서는 상상을 초월하는 수압이 가해지고 있다.
新しいスマートフォンの使い心地は非常にスムーズで快適だ。,새 스마트폰의 사용감은 매우 부드럽고 쾌적하다.
手が真っ黒になるまで炭を袋に詰めた。,손이 새까매질 때까지 숯(탄)을 자루에 담았다.
公衆の面前で辱しめを受け、彼は顔を真っ赤にして怒った。,대중 앞에서 모욕(창피)을 당해 그는 얼굴이 새빨개져서 화를 냈다.
籠の中の鳥を空へ解き放つ瞬間が訪れた。,새장 속의 새를 하늘로 해방하는 순간이 찾아왔다.
気温がぐっと増すと、アイスが売れ始める。,기온이 확 오르면 아이스크림이 팔리기 시작한다.
その家具は、匠の技によって釘を一本も使わずに作られている。,그 가구는 장인의 기술로 못을 하나도 쓰지 않고 만들어졌다.
光ファイバー網の整備により、インターネットが高速化した。,광섬유 망의 정비로 인터넷이 고속화되었다.
恐怖で脳髄が凍るようだった。,공포로 뇌수가 얼어붙는 듯했다.
台湾の夜市で、珍しい屋台料理を食べ歩くのが楽しかった。,대만의 야시장에서 희한한 노점 요리를 먹으러 다니는 것이 즐거웠다.
公の場での辱めが、彼女の心に傷を残した。,공공장소에서의 모욕이 그녀의 마음에 상처를 남겼다.
油断は大敵だと、コーチは選手たちに警告した。,방심은 큰 적이라고 코치는 선수들에게 경고했다.
大雨で川が氾濫し、多くの家が浸水した。,큰비로 강이 범람해 많은 집이 침수되었다.
長時間座ると尻が痛くなる。,오래 앉아 있으면 엉덩이가 아프다.
雨ざらしで自転車が錆びてしまった。,비를 맞고 자전거가 녹슬어 버렸다.
友人がピンチの時は、いつでも助太刀に駆けつけるつもりだ。,친구가 위기일 때는 언제든지 조력(가세)하러 달려갈 생각이다.
子どもが水痘になり、しばらく登園できない。,아이가 수두에 걸려 한동안 등원할 수 없다。
入場券は受付で交付しますので、身分証をご提示ください。,입장권은 접수처에서 교부하니 신분증을 제시해 주세요.
休日なのに上司の買い物に付き合わされて、うんざりした。,휴일인데 상사의 쇼핑에 어울려 다니게 되어 지긋지긋했다.
生活に困った人には扶助の制度がある。,생활이 어려운 사람에게는 부조 제도가 있다.
寸暇を惜しんで練習した。,잠깐의 틈도 아껴 연습했다.
田舎の母が、新鮮な野菜を段ボールで寄越した。,시골의 어머니가 신선한 채소를 박스로 보내왔다.
黒文字の楊枝を使って、上品な和菓子をいただく。,흑문자(나무) 이쑤시개를 사용하여 고급스러운 화과자를 먹는다.
雨の日は、オフィスの入口にある傘立てがいっぱいになる。,비 오는 날에는 사무실 입구에 있는 우산꽂이가 가득 찬다.
美容師がハサミで髪をちょきちょきと軽快に切っていく。,미용사가 가위로 머리카락을 싹둑싹둑 경쾌하게 잘라 나간다.
窓の外は氷雨で、街が灰色に霞んでいる。,창밖은 얼음비라 거리가 회색으로 흐릿하다.
地図上で目的地の座標を確認する。,지도에서 목적지의 좌표를 확인한다.
岩場に打ち付ける荒波が、激しい波飛沫を上げている。,바위터에 부딪히는 거친 파도가 격렬한 물보라를 일으키고 있다.
彼は大家族を食わすために、昼夜を問わず働いている。,그는 대가족을 먹여 살리기 위해 밤낮을 가리지 않고 일하고 있다.
そんなことをしたら末代まで笑われるぞ。,그런 짓을 하면 대대로 웃음거리가 된다.
車椅子での利用なのですが、入り口に段差はありますでしょうか。,"휠체어 이용인데, 입구에 단차가 있나요."
アプリの通知設定を解除した。,앱 알림 설정을 해제했다。
武道では、心技体が一体となって初めて真の強さが生まれる。,"무도에서는 심기체(마음, 기술, 몸)가 일체가 되어야 비로소 진정한 강함이 생긴다."
山で道に迷わないように、事前に方角を確認しておいた。,산에서 길을 잃지 않도록 미리 방향을 확인해 두었다.
金色で縁取られた美しいメッセージカードを送る。,금색으로 테두리가 장식된 아름다운 메시지 카드를 보낸다.
母牛は生まれたばかりの子牛を優しく舐めて世話をしている。,어미 소는 갓 태어난 송아지를 상냥하게 핥으며 돌보고 있다.
彼を弁護する証人は一人も現れなかった。,그를 변호해 줄 증인은 한 사람도 나타나지 않았다.
水は人間にとって生活の必需品だ。,물은 인간에게 생활 필수품이다.
発表の瞬間が近づくにつれ、胸の高鳴りが抑えきれなくなった。,발표 순간이 다가옴에 따라 가슴의 두근거림을 억누를 수 없게 되었다.
DIYでパイプを切断するために、金鋸を買ってきた。,DIY로 파이프를 절단하기 위해 쇠톱을 사 왔다.
長時間の運転で体力が消耗した。,장시간 운전으로 체력이 소모됐다.
その規則は形骸化しており、誰も守っていない。,그 규칙은 유명무실해져서 아무도 지키지 않고 있다.
玄関に松竹梅の飾りを置いて、新年の客を迎える準備をする。,"현관에 송죽매(소나무, 대나무, 매화) 장식을 두어 새해 손님을 맞이할 준비를 한다."
パリの凱旋門は、その圧倒的な存在感で観光客を魅了する。,파리의 개선문은 그 압도적인 존재감으로 관광객을 매료시킨다.
彼女は末っ子だが一番の確り者で、家計を管理している。,그녀는 막내지만 가장 야무진 사람이라 가계를 관리하고 있다.
その報道は本人に大きな恥辱を与えた。,그 보도는 본인에게 큰 치욕을 안겼다.
昨年より所得が増えたので、税金も高くなった。,작년보다 소득이 늘어서 세금도 더 비싸졌다.
決勝で雪辱を果たし、チーム全員が抱き合った。,결승에서 설욕을 이루고 팀 전원이 서로 껴안았다.
はい、ご予約をキャンセル処理いたしました。またのご利用をお待ちしております。,"네, 예약을 취소 처리했습니다. 다시 이용해 주시기를 기다리겠습니다."
傷口から黴菌が入らないように、しっかりと消毒をした。,상처로 세균이 들어가지 않도록 꼼꼼하게 소독을 했다.
毎日かき混ぜて、美味しい糠漬けを作る。,매일 뒤섞어주며 맛있는 쌀겨 절임(누카즈케)을 만든다.
眠気覚ましに、苦味の強い深煎りのコーヒーを淹れた。,잠을 깨기 위해 쓴맛이 강한 강배전 커피를 내렸다.
見下された瞬間、屈辱で手が震えた。,"업신여김을 당한 순간, 굴욕감에 손이 떨렸다."
化粧直しの前に、油取り紙で顔のテカリを抑える。,화장을 고치기 전에 기름종이로 얼굴의 번들거림을 잡는다.
寝惚けて歯磨き粉と洗顔料を間違えてしまった。,잠이 덜 깨서 치약과 세안제를 착각해 버렸다.
雨上がりの空気がじっとりしている。,비가 그친 뒤 공기가 축축하다.
他人を辱める冗談は、場を冷やすだけだ。,남을 모욕하는 농담은 분위기만 싸늘하게 만들 뿐이다.
ラジオから流れる懐メロに合わせて、思わず口ずさんだ。,라디오에서 흘러나오는 추억의 옛 노래에 맞춰 나도 모르게 흥얼거렸다.
重い荷物を持ち上げようとして、思わず「ひい」と声が出た。,"무거운 짐을 들어 올리려다 엉겁결에 ""히익"" 하고 소리가 나왔다."
職務上知り得た情報は、外部に漏らしてはいけない。,직무상 알게 된 정보는 외부에 누설하면 안 된다.
化学の実験で、不斉炭素原子を持つ化合物を合成する。,화학 실험에서 비대칭 탄소 원자를 가진 화합물을 합성한다.
古い仏像に残る刀創が、戦乱の激しさを物語っている。,오래된 불상에 남은 칼자국이 전란의 격렬함을 말해주고 있다.
清流で獲れた新鮮な川魚を、囲炉裏で塩焼きにする。,맑은 물에서 잡은 신선한 민물고기를 화로에서 소금구이로 한다.
旅行から帰って、溜まった汚れ物を洗濯機に放り込んだ。,여행에서 돌아와 쌓인 빨랫감을 세탁기에 던져 넣었다.
朝起きてすぐに白湯を飲むと、体の芯から温まる気がする。,아침에 일어나자마자 끓인 물을 마시면 몸 속부터 따뜻해지는 기분이 든다.
この小説の初版はすでに入手困難だ。,이 소설의 초판은 이미 구하기 어렵다.
満開の梅園を散策すると、甘い香りが漂ってきた。,만개한 매화 정원을 산책하니 달콤한 향기가 감돌았다.
庭の草木に初霜が降りて、冬の訪れを告げている。,정원의 초목에 첫 서리가 내려 겨울이 왔음을 알리고 있다.
彼は熱心な宗教活動に参加している。,그는 열심히 종교 활동에 참여하고 있다.
イースターの祭りでは、色とりどりの卵を庭に隠す。,부활절 축제에서는 형형색색의 달걀을 정원에 숨긴다.
雪を頂いた秀峰が、青空に美しくそびえ立っている。,눈을 이고 있는 빼어난 봉우리가 푸른 하늘에 아름답게 솟아 있다.
製缶工場では、高速でアルミ缶が次々と作られている。,제관 공장에서는 고속으로 알루미늄 캔이 잇달아 만들어지고 있다.
子どもに帽子を着せてから、外へ出た。,아이에게 모자를 씌운 뒤 밖으로 나갔다.
雨でも子どもは傘を差して登校した。,비가 와도 아이는 우산을 쓰고 등교했다.
質問に対して、間髪を入れずに即座に回答した。,"질문에 대해, 간발의 차도 두지 않고 즉시 대답했다."
海外で働くという挑戦に、胸が高鳴った。,해외에서 일한다는 도전에 가슴이 뛰었다.
彼女は最近ため息ばかりついていて、どうやら恋煩いのようだ。,그녀는 요즘 한숨만 쉬고 있어서 아무래도 상사병인 것 같다.
勇者が高らかに角笛を吹き、攻撃の合図を送った。,용사가 드높게 뿔피리를 불어 공격 신호를 보냈다.
子どもの頃、将来の職業は医者だと思っていた。,어릴 때 장래 직업은 의사라고 생각했다.
このシャツは着心地が抜群で、一日中快適に過ごせる。,이 셔츠는 착용감이 뛰어나서 하루 종일 쾌적하게 지낼 수 있다.
麻の織物は肌触りがよく、夏にぴったりだ。,마 소재 직물은 촉감이 좋아 여름에 딱이다.
買い物をして、店員から釣銭の返しを受け取る。,물건을 사고 점원에게 거스름돈을 받는다.
形勢が逆転し、敵軍の旗色が悪くなってきた。,형세가 역전되어 적군의 기색(깃발 색)이 나빠졌다.
人気女優が新しい映画の記者会見に登場した。,인기 여배우가 새 영화 기자회견에 등장했다.
有り金をはたいて、最前列の席を買った。,있는 돈을 몽땅 털어 맨 앞줄 좌석을 샀다.
参加者全員の自己紹介が一巡した後、本格的な議論が始まった。,"참가자 전원의 자기소개가 한 바퀴 돈 후, 본격적인 토론이 시작되었다."
京都で染織の体験教室に参加した。,교토에서 염직 체험 교실에 참가했다.
プラモデルのパーツを、細かい筆で丁寧に塗り分ける。,프라모델 부품을 세필로 정성스럽게 칠해 나눈다.
頑張った自分へのご褒美に、特上の寿司を注文した。,열심히 한 자신에 대한 포상으로 특상(최상급) 초밥을 주문했다.
焼きたてのパンはふんわりとしていて、小麦の良い香りがする。,갓 구운 빵은 폭신폭신하고 밀의 좋은 향기가 난다.
最新のＸＲ技術を使って、仮想空間でのショッピングを体験した。,최신 XR 기술을 사용하여 가상 공간에서의 쇼핑을 체험했다.
この地域は昔、紡織工場で栄えた町だ。,이 지역은 예전에 방직 공장으로 번성한 마을이다.
京都の町並みには、風情ある瓦屋根の家々が連なっている。,교토의 거리에는 정취 있는 기와지붕 집들이 이어져 있다.
カフェでラテを注文したら、可愛いハートのラテアートが描かれていた。,"카페에서 라떼를 주문했더니, 귀여운 하트 모양의 라떼 아트가 그려져 있었다."
散らかった資料を分類し、プレゼンに向けて要点を纏め直す。,흩어진 자료를 분류하고 프레젠테이션을 위해 요점을 다시 정리한다.
目的のために手段を選ばないのは危ない。,목적을 위해 수단을 가리지 않는 건 위험하다.
寺の坊主が、子どもたちに昔話を語ってくれた。,절의 스님이 아이들에게 옛이야기를 들려주었다.
祖母は機械を使わず、手でゆっくり布を織る。,할머니는 기계를 쓰지 않고 손으로 천을 천천히 짠다.
カメラを向けると、彼女はにっこりと素敵な笑顔を見せてくれた。,카메라를 향하자 그녀는 '방긋' 멋진 미소를 보여주었다.
開店前のスーパーで、店員たちが慌ただしく品出しをしている。,개점 전 슈퍼마켓에서 점원들이 분주하게 상품 진열을 하고 있다.
工房で古い織機がリズムよく音を立てていた。,공방에서 오래된 직기가 리듬 있게 소리를 내고 있었다.
彼は世俗を離れ、修道院で祈りと労働の日々を送っている。,그는 세속을 떠나 수도원에서 기도와 노동의 나날을 보내고 있다.
駅で友達に会いました。,역에서 친구를 만났습니다。
錦秋の山道を歩いた。,단풍이 화려한 가을 산길을 걸었다.
温度が上がると空気は膨張する。,온도가 올라가면 공기는 팽창한다.
品質の不備を訴える顧客が増えている。,품질 문제를 호소하는 고객이 늘고 있다.
急な夕立に遭い、バス停の屋根を雨除けにしてやり過ごした。,"갑작스러운 소나기를 만나, 버스 정류장 지붕을 비막이 삼아 비를 피했다."
地域の清掃活動で奉仕の精神を学んだ。,지역 청소 활동으로 봉사의 정신을 배웠다.
印刷物を拡大鏡で見ると、無数の網点で色が表現されていた。,"인쇄물을 확대경으로 보니, 무수한 망점으로 색이 표현되어 있었다."
寒くて襟首を立てた。,추워서 옷깃을 세웠다.
深呼吸して、少し落ち着いてから話そう。,심호흡하고 조금 진정한 뒤에 이야기하자.
別れ際に彼が残した一言が、ずっと胸に刺さっている。,헤어질 때 그가 남긴 한마디가 계속 가슴에 박혀 있다.
宿で子どもと五目並べをして、静かな夜を過ごした。,숙소에서 아이와 오목을 두며 조용한 밤을 보냈다.
サーバーメンテナンスのため、今夜はサービスを一時休止します。,서버 점검으로 인해 오늘 밤에는 서비스를 잠시 중단합니다。
条件に該当する人だけが応募できる。,조건에 해당하는 사람만 지원할 수 있다.
ルール違反を繰り返した客は、ついにその店を出禁になった。,규칙 위반을 반복한 손님은 결국 그 가게에서 출입 금지를 당했다.
どうぞ、よろしくお願いいたします。,부디 잘 부탁드립니다.
値上げをきっかけに全国で暴動が起きた。,가격 인상을 계기로 전국에서 폭동이 일어났다.
春の花壇には、チューリップが色鮮やかに咲き誇っていた。,봄 화단에는 튤립이 색색깔로 선명하고 화려하게 피어 있었다.
運動を始めてから、体調は益々良くなっている。,운동을 시작한 이후로 몸 상태가 점점 더 좋아지고 있다.
モノトーンの服装に、赤いバッグを差し色として合わせる。,모노톤 의상에 빨간 가방을 포인트 컬러로 매치한다.
彼の口振りからすると、結果はあまり良くなかったようだ。,그의 말투로 보아 결과는 별로 좋지 않았던 것 같다.
コップを机の端に置くと危ないよ。,컵을 책상 끝에 놓으면 위험해.
父は自分で鋸を使って棚を作った。,아버지는 직접 톱을 사용해 선반을 만들었다.
突然の突風で、整えた髪型が目茶苦茶になった。,갑작스러운 돌풍으로 정돈한 머리 모양이 엉망진창이 되었다.
双胴船は安定性が高く、揺れが少ないので船酔いしにくい。,쌍동선은 안정성이 높고 흔들림이 적어 배멀미를 잘 하지 않는다.
ハイエナはサバンナの掃除屋として、生態系で重要な役割を持つ。,하이에나는 사바나의 청소부로서 생태계에서 중요한 역할을 한다.
新香の盛り合わせは、日本酒のおつまみに最適だ。,모듬 야채절임(신코)은 일본주 안주로 제격이다.
不審なメールの件で、取引先に直接接触して確認した。,수상한 메일 건으로 거래처에 직접 접촉해 확인했다.
展示品には触らないでください、と注意書きがあった。,전시품에는 만지지 말아 달라는 안내문이 있었다.
工場ではベルトコンベヤーに乗って、製品が次々と運ばれる。,공장에서는 벨트 컨베이어를 타고 제품이 차례차례 운반된다.
夜通し病人を介抱した。,밤새 환자를 간호했다.
素粒子物理学の授業で、クワークの性質について詳しく学んだ。,소립자 물리학 수업에서 쿼크의 성질에 대해 자세히 배웠다.
カフェでラテアートが施された温かいラテを飲み、一息ついた。,카페에서 라테 아트가 그려진 따뜻한 라테를 마시며 한숨 돌렸다.
早起きをして朝日を浴びると、一日を気持ちよく始められる。,일찍 일어나(조기) 아침 햇살을 받으면 하루를 기분 좋게 시작할 수 있다.
都会の喧騒を離れ、夜空に輝く満天の星々を見上げた。,도시의 소음을 떠나 밤하늘에 빛나는 만천의 별들을 올려다보았다.
山で遭難した人が無事に救助された。,산에서 조난당한 사람이 무사히 구조되었다.
週末は公園で子どもと遊ぶのが、いちばんの気分転換だ。,주말에는 공원에서 아이와 노는 것이 최고의 기분 전환이다.
古いペンキがボロボロと剥がれる壁を修復する。,오래된 페인트가 너덜너덜 벗겨지는(가레루) 벽을 보수한다.
水泳の授業で、クロールの正しいフォームを練習した。,수영 수업에서 크롤 영법의 올바른 자세를 연습했다.
体調が悪くなった兵士は、許可を得て列外に出た。,몸 상태가 나빠진 병사는 허가를 얻어 열외로(줄 밖으로) 나갔다.
彼の挑戦的な言葉に触発されて、応募を決めた。,그의 도전적인 말에 자극받아 지원하기로 했다.
相手を嘗めると痛い目に遭うぞ。,상대를 얕잡아 보면 큰코다친다.
鉛筆を削り器に入れたまま回しすぎて、短くなりすぎてしまった。,"연필을 연필깎이에 넣은 채 너무 돌려서, 너무 짧아져 버렸다."
かき氷を口に入れると、しゃりと冷たい音がして溶けていった。,"빙수를 입에 넣자, '사각'하며 차가운 소리를 내며 녹아갔다."
このケーキの飾りは砂糖細工でできている。,이 케이크 장식은 설탕 공예로 만들어졌다.
空は何色とも表現しがたい、美しい夕焼けに染まっていた。,하늘은 무슨 색이라고 표현하기 힘든 아름다운 저녁놀로 물들어 있었다.
生まれたばかりの雛が、ぴよぴよと愛らしい声で鳴いている。,갓 태어난 병아리가 삐약삐약 사랑스러운 목소리로 울고 있다.
この地域は自然資源に富んでいる。,이 지역은 자연 자원이 풍부하다.
故人を偲び、仏前に香華を手向けて静かに手を合わせる。,고인을 기리며 불전에 향과 꽃을 바치고 조용히 합장한다.
古いアルバムの中に、セピア色の懐かしい写真があった。,오래된 앨범 속에 세피아 색의 그리운 사진이 있었다.
高級スポーツカーなので、燃料は常にハイオクを入れている。,고급 스포츠카라서 연료는 항상 고급 휘발유를 넣고 있다.
制服の肩章が、彼の階級と責任の重さを物語っている。,제복의 견장이 그의 계급과 책임의 무거움을 말해주고 있다.
爆弾処理班の前で、タイマーがチクタクと無情な音を刻んでいる。,폭발물 처리반 앞에서 타이머가 똑딱똑딱 무정한 소리를 새기고 있다.
珍しいお名前ですね。どのような漢字を書くのですか？,드문 성함이시네요. 어떤 한자를 쓰시나요?
昆虫図鑑で、珍しい蝶の名前を調べた。,곤충 도감에서 희귀한 나비의 이름을 찾아봤다.
彼女は情け深い人で、誰にでも親切だ。,그녀는 인정이 깊은 사람이라 누구에게나 친절하다.
この店は席数が少ないので予約した。,이 가게는 좌석 수가 적어서 예약했다。
その村の人々は、代々織物を生業として伝統を守り続けている。,"그 마을 사람들은, 대대로 직물 제조를 생업으로 삼아 전통을 계속 지키고 있다."
急な夕立に遭い、色とりどりの傘が街の通りを埋め尽くした。,"갑작스러운 소나기를 만나, 형형색색의 우산이 거리의 길을 가득 메웠다."
腕を脱臼したので、評判の良い骨接ぎの先生に治してもらった。,"팔이 탈구되어서, 평판 좋은 접골원 선생님에게 치료받았다."
彼はまだ寝惚けていて、眼鏡を探しているのに眼鏡をかけていた。,"그는 아직 잠이 덜 깨서, 안경을 찾고 있는데 안경을 쓰고 있었다."
柔道を始めて十年、ついに昇段審査に合格して黒帯を締めた。,"유도를 시작한 지 10년, 드디어 승단 심사에 합격하여 검은 띠를 맸다."
船は水平線に向かって進んでいく。,배는 수평선을 향해 나아가고 있다.
父親として、まず話を聞く姿勢が大事だ。,아버지로서 먼저 이야기를 듣는 자세가 중요하다.
膨大なデータを分析するには時間がかかる。,방대한 데이터를 분석하려면 시간이 걸린다.
旅行の荷物に、着替えのシャツとトランクスを詰め込んだ。,여행 짐에 갈아입을 셔츠와 트렁크 팬티를 채워 넣었다.
風邪気味だったので、早めに薬を飲んで温かくして寝ることにした。,"감기 기운이 있어서, 일찌감치 약을 먹고 따뜻하게 해서 자기로 했다."
湿気の多い浴室は、こまめに掃除しないとすぐに黴菌が繁殖する。,습기가 많은 욕실은 부지런히 청소하지 않으면 금방 곰팡이 균이 번식한다.
自分の干支の動物を象ったお守りを、財布に入れて持ち歩いている。,"자신 태어난 해의 간지(띠) 동물을 본뜬 부적을, 지갑에 넣어 가지고 다닌다."
勤倹節約をモットーに生活し、将来のために貯金をする。,근검절약을 모토로 생활하며 장래를 위해 저축을 한다.
マンションでは各部屋に防火設備が設置されている。,맨션에서는 각 방에 방화 설비가 설치되어 있다.
庭の大きな木が、夏の日差しを涼しく遮ってくれる。,정원의 커다란 나무가 여름의 햇살을 시원하게 가려준다.
彼はけがをした腕に包帯を巻いてもらった。,그는 다친 팔에 붕대를 감았다.
スクワットを毎日続けて、足腰の筋肉を鍛えている。,스쿼트를 매일 계속해서 하체 근육을 단련하고 있다.
暦の上では立春を過ぎたが、まだ寒い日が続いている。,"달력상으로는 입춘을 지났지만, 아직 추운 날이 계속되고 있다."
売り言葉に買い言葉で、思ってもいない酷いことを言ってしまった。,"가는 말이 고와야 오는 말이 곱지, 홧김에 생각지도 않은 심한 말을 해버렸다."
中秋の名月（メイゲツ）にお団子を供えて、家族みんなでお月見をした。,"중추의 명월(보름달)에 경단을 바치고, 가족 모두 달구경을 했다."
このシャンプーは洗い上がりがさらさらになる。,이 샴푸는 감고 나면 머릿결이 산뜻하게(사라사라) 된다.
年始に家族で寺参りをして、お守りを買った。,"연초에 가족과 절 참배를 하고, 부적을 샀다."
昔からこの村では稲作を中心とした農耕が行われてきた。,예전부터 이 마을에서는 벼농사를 중심으로 한 농경이 이루어져 왔다.
聴衆を飽きさせないように、ユーモアを交えて話すのがコツだ。,"청중을 지루하게 하지 않도록, 유머를 섞어서 말하는 것이 요령이다."
数学の授業で、閉区間における最大値を求めた。,수학 수업에서 폐구간(닫힌 구간)에서의 최댓값을 구했다.
大工は一枚の板を巧みに加工して、美しいテーブルを作り上げた。,"목수는 한 장의 판자를 교묘히 가공하여, 아름다운 테이블을 만들어냈다."
容疑者は警察の目を逃れて海外へ逃亡した。,용의자는 경찰의 눈을 피해 해외로 도망쳤다.
川の堤を散歩していると、美しい夕焼けが水面に映っていた。,"강 둑을 산책하고 있으니, 아름다운 저녁노을이 수면에 비치고 있었다."
天気予報の報によると、明日は全国的に晴天に恵まれるそうだ。,"일기 예보의 보도에 따르면, 내일은 전국적으로 맑은 날씨가 될 것이라고 한다."
町の人々の寄付で、新しい図書館が建立された。,마을 사람들의 기부로 새 도서관이 건립되었다.
日本列島は、北海道、本州、四国、九州などの島々から成る。,"일본 열도는 홋카이도, 혼슈, 시코쿠, 규슈 등의 섬들로 이루어진다."
私の家の斜め向かいには、美味しいパン屋さんがある。,우리 집 대각선 맞은편에는 맛있는 빵집이 있다.
玄関に正月飾りを飾って新年を迎えた。,현관에 설 장식을 걸어 새해를 맞았다.
星に願いを込めると夢が叶うという伝説を、彼女はずっと信じている。,"별에 소원을 빌면 꿈이 이루어진다는 전설을, 그녀는 계속 믿고 있다."
さあ、冒険の始まりだぞと、彼は高らかに宣言して船に乗り込んだ。,"자, 모험의 시작이다! 라고, 그는 소리 높여 선언하며 배에 올라탔다."
次回の定例会議では、新しいプロジェクトの予算について議論する。,"다음 정례 회의에서는, 새로운 프로젝트 예산에 대해 의논한다."
重要な機密書類は、厳重に管理された金庫の中に保管されている。,"중요한 기밀 서류는, 엄중하게 관리된 금고 안에 보관되어 있다."
授業の最初に今日のテーマを概説した。,수업의 처음에 오늘의 주제를 개괄해서 설명했다.
地球が完全な球体ではなく、回転楕円体だと学んだ。,지구가 완전한 구체가 아니라 회전 타원체라고 배웠다.
我が家の主人は料理が得意で、週末はいつもキッチンに立っている。,"우리 집 주인(남편)은 요리를 잘해서, 주말은 언제나 부엌에 서 있다."
医者には「この薬は気休め程度です」とはっきり言われた。,의사에게서 “이 약은 기분만 조금 나아지는 정도입니다”라고 분명히 들었다.
雪の結晶は正六角形の形をしており、一つとして同じ模様はない。,"눈의 결정은 정육각형 모양을 하고 있으며, 하나도 같은 무늬는 없다."
収穫が終わった田んぼに、藁の山が作られている。,수확이 끝난 논에 짚단이 만들어져 있다.
母の古い鏡台には、様々な化粧品が並んでいた。,어머니의 낡은 경대에는 다양한 화장품들이 늘어서 있었다.
野原を駆け回る子どもたちの声が、夏の匂いを運んできた。,들판을 뛰어다니는 아이들 목소리가 여름 냄새를 실어 왔다.
エレベーターに乗り込み、「閉」ボタンを素早く押した。,엘리베이터에 타서 '닫힘' 버튼을 재빨리 눌렀다.
ピッチャー、大きく振りかぶって第１球を投げました！,"투수, 크게 와인드업해서 제1구를 던졌습니다!"
雨上がりの街で、色とりどりの傘が花のように開いている光景は美しい。,"비 갠 거리에서, 형형색색의 우산이 꽃처럼 펴 있는 광경은 아름답다."
企画の概略を三分で説明してください。,기획의 개략을 3분 안에 설명해 주세요.
夫は今日は在宅で、会議はオンラインだ。,남편은 오늘 재택이고 회의는 온라인이다.
彼女の運針は驚くほど速く、正確だった。,그녀의 바느질(운침) 솜씨는 놀라울 정도로 빠르고 정확했다.
黒板の文字を黒板消しで消すと、チョークの粉が舞った。,"칠판의 글씨를 지우개로 지우니, 분필 가루가 날렸다."
その美しい花には、神経を麻痺させる毒がある。,그 아름다운 꽃에는 신경을 마비시키는 독이 있다.
剣の道は厳しく、精神の修養が求められる。,"검의 길(도)은 엄격하여, 정신 수양 요구된다."
普段の食事で不足しがちなビタミンを、サプリメントで補い健康を保つ。,평소 식사에서 부족하기 쉬운 비타민을 보충제로 보충하여 건강을 유지한다.
長い対話の末、彼らはついに互いの立場を理解し、心から分かり合うことができた。,"긴 대화 끝에, 그들은 드디어 서로의 입장을 이해하고, 진심으로 서로 알게(통하게) 되었다."
彼は一週間の休暇を取って、南の島へリフレッシュの旅に出かけた。,"그는 일주일간의 휴가를 내고, 남쪽 섬으로 재충전 여행을 떠났다."
割れたガラスの片が床に散らばっているので注意して。,깨진 유리 조각이 바닥에 흩어져 있으니 조심해.
このバッグはデザインはいいが、値段が高い。,이 가방은 디자인은 좋지만 값이 비싸다.
彼は無愛想に見えるが、内面はとても優しい人だ。,"그는 무뚝뚝해 보이지만, 내면은 매우 상냥한 사람이다."
その冒険小説は、少年の好奇心を強く掻き立てた。,그 모험 소설은 소년의 호기심을 강하게 자극했다.
余計なことを言って藪をつついて蛇を出すような事態は避けるべきだ。,쓸데없는 말을 해서 긁어 부스럼(수풀을 쑤셔 뱀을 냄)을 만드는 사태는 피해야 한다.
彼の提案に対する答えは、断固として「否」であった。,"그의 제안에 대한 대답은, 단호하게 '아니오'였다."
彼女はSNSで盛んに発信している。,그녀는 SNS로 활발히 발신하고 있다.
西暦の暦が二千年を超えた時、世界中で盛大な祝賀イベントが開かれた。,"서력 달력이 2000년을 넘었을 때, 전 세계에서 성대한 축하 이벤트가 열렸다."
今年の干支の置物を玄関に飾ると、一年間幸運が訪れると言われている。,"올해 간지 장식물을 현관에 장식하면, 일 년간 행운이 찾아온다고 전해진다."
選挙カーからの拡声された声が、町中に響き渡る。,선거 유세차에서 확성된 목소리가 온 동네에 울려 퍼진다.
母さんが作った味噌汁の味は、一生忘れられない。,어머니가 만들어 주신 된장국 맛은 평생 잊을 수 없다.
黒潮は日本近海を流れる有名な海流だ。,흑조는 일본 근해를 흐르는 유명한 해류이다.
手土産の品を選ぶのに迷った。,선물 물건을 고르느라 망설였다.
消防隊員たちは猛火の中に飛び込み、懸命な消火活動を続けている。,"소방대원들은 맹렬한 불길 속으로 뛰어들어, 헌신적인 소화 활동을 계속하고 있다."
神社で手水を使って手を清めた。,신사에서 데미즈(수정수)로 손을 정갈히 씻었다.
シェフが厳選した食材のみを使用して、料理を作る。,셰프가 엄선한 식재료만을 사용하여 요리를 만든다.
彼は迷いを振り払うように頭を振り、新たな一歩を踏み出す決意をした。,"그는 망설임을 떨쳐버리듯 머리를 저으며, 새로운 한 걸음을 내디딜 결의를 했다."
来賓の方々をお迎えするために、会場の入り口を華やかに飾り付けた。,"내빈 분들을 맞이하기 위해, 회장 입구를 화려하게 장식했다."
都市部と比べて、郡部は公共交通機関が少ない。,도시 지역에 비해 군 지역(지방)은 대중교통이 적다.
彼は先輩を兄事し、その背中を追い続けた。,"그는 선배를 형처럼 모시며, 그 뒤를 계속 쫓았다."
フラミンゴは群居する習性を持ち、湖畔に集まる。,플라밍고는 무리 지어 사는 습성이 있어 호숫가에 모인다.
風邪の夜は、雑炊に梅干しを落として食べた。,"감기 걸린 밤에는, 잡탕죽(조스이)에 매실장아찌를 넣어 먹었다."
健康診断までに痩身プランを見直すことにした。,건강검진 전까지 슬림(감량) 계획을 다시 보기로 했다.
会場の入口に大会のスローガンを掲げた。,회장 입구에 대회의 슬로건을 내걸었다.
天気予報の報によると、明日の午後は局地的な雷雨になる恐れがある。,"일기 예보의 보도에 따르면, 내일 오후는 국지적인 뇌우가 내릴 우려가 있다."
放課後に課外活動としてテニス部に参加している。,방과 후에 과외 활동으로 테니스부에 참가하고 있다.
このシュレッダーは、紙だけでなくプラスチック類のカードも裁断できる。,"이 파쇄기는, 종이뿐만 아니라 플라스틱류 카드도 재단할 수 있다."
赤ん坊は揺り籠の中で、穏やかな寝息を立てている。,아기는 요람 속에서 평온하게 숨을 쉬며 자고 있다.
歴史の教科書に、巨大な戦艦の写真が載っていた。,역사 교과서에 거대한 전함 사진이 실려 있었다.
教官が実習中の安全ルールを厳しく指導した。,교관이 실습 중 안전 수칙을 엄격하게 지도했다.
少し一休みしてから作業を再開しよう。,잠깐 한숨 돌린 뒤에 작업을 재개하자.
社長の仰せの通り、計画を一部修正いたしました。,사장님의 분부하신 대로 계획을 일부 수정했습니다.
黒板に書かれた複雑な数式を、学生たちは必死にノートに書き写した。,"칠판에 적힌 복잡한 수식을, 학생들은 필사적으로 노트에 베껴 썼다."
毎朝走って体を鍛え上げた。,매일 아침 달려서 몸을 단련해 왔다.
流れ星に願いを込めると叶うという伝説を、少女は信じて空を見上げた。,"별똥별에 소원을 빌면 이루어진다는 전설을, 소녀는 믿고 하늘을 올려다보았다."
相手を責める前に、自分の確認不足を反省した。,상대를 탓하기 전에 내 확인 부족을 반성했다.
ダイエット中だと知りつつ、深夜に高カロリーのケーキを食べてしまった。,"다이어트 중인 걸 알면서도, 심야에 고칼로리 케이크를 먹어 버렸다."
地元の交響楽団による定期演奏会は、市民にとって年に一度の楽しみだ。,"지역 교향악단의 정기 연주회는, 시민들에게 있어 일 년에 한 번 있는 즐거움이다."
応援団長は声を張り上げて、グラウンドの選手たちに熱いエールを送った。,"응원단장은 목청을 높여, 운동장의 선수들에게 뜨거운 응원을 보냈다."
無駄な出費を減らそうと決めた。,쓸데없는 지출을 줄이기로 했다。
さあ、これからが本当の冒険の始まりだぞと、勇者は剣を高く掲げた。,"자, 이제부터가 진짜 모험의 시작이다! 라고, 용사는 검을 높이 치켜들었다."
二日酔いで頭が痛くて、会議に集中できない。,"숙취로 머리가 아파서, 회의에 집중할 수 없다."
重要な書類は書留で送ったほうが安全だ。,중요한 서류는 등기로 보내는 편이 안전하다.
次回の定例会議は来週の月曜日、午前十時から第一会議室で行います。,"다음 정례 회의는 다음 주 월요일, 오전 10시부터 제1회의실에서 진행합니다."
沈没船から引き上げられた箱には、大量の金が詰まっていた。,침몰선에서 인양된 상자에는 대량의 금이 가득 차 있었다.
試験前に先生が書き取りの練習をしてくれた。,시험 전에 선생님이 받아쓰기 연습을 해 주셨다.
金属疲労が原因で、ボルトが突然破断した。,금속 피로가 원인이 되어 볼트가 갑자기 파단되었다.
毎朝、コーヒーを飲みながら新聞紙を広げて世の中の動きを確認する。,"매일 아침, 커피를 마시며 신문지를 펼쳐 세상의 흐름을 확인한다."
予報通り午後から大降りになり、傘が役に立たなかった。,예보대로 오후부터 비가 크게 쏟아져 우산이 소용없었다.
電車とホームの間が広く開いておりますので、足元にご注意ください。,"전차와 승강장 사이가 넓게 벌어져 있으므로, 발밑을 조심해 주십시오."
花火大会の最後を飾った大玉連発はまさに圧巻だった。,불꽃놀이 대회의 마지막을 장식한 대형 연발은 그야말로 장관이었다.
彼女はピアノの名手として知られ、その演奏は聴衆の心を激しく揺さぶる。,"그녀는 피아노의 명수(고수)로 알려져, 그 연주는 청중의 마음을 격렬하게 뒤흔든다."
神社で雅楽の奏楽が厳かに響いた。,신사에서 아악 연주가 장엄하게 울려 퍼졌다.
チャイムが鳴ると同時に、子供たちは一斉に校庭へ駆け出した。,"종이 울림과 동시에, 아이들은 일제히 운동장으로 뛰쳐나갔다."
変更の申し出は原則として三日前までにお願いします。,변경 신청은 원칙적으로 3일 전까지 부탁드립니다.
会議が長引いて空腹で倒れそうだ。,회의가 길어져서 배가 고파 쓰러질 것 같다.
会議室の予約表に「フナヤマ」という名前があったが、誰だか思い出せない。,"회의실 예약표에 '후나야마'라는 이름이 있었지만, 누군지 기억나지 않는다."
図書館の機能を拡充して、自習室を増やした。,도서관 기능을 확충해 자습실을 늘렸다.
弱火で胡麻を香ばしく煎る。,약불로 참깨를 고소하게 볶는다.
急な雨に降られ、コンビニでビニール傘を買って急場をしのいだ。,"갑작스러운 비를 맞고, 편의점에서 비닐우산을 사서 급한 불을 껐다."
金剛石は地球上で最も硬い鉱物の一つだ。,금강석(다이아몬드)은 지구상에서 가장 단단한 광물 중 하나다.
地域社会との結び付きが、祭りを成功に導いた。,지역 사회와의 유대(결부)가 축제를 성공으로 이끌었다.
部屋の電気を消して、アロマキャンドルの灯りだけでリラックスした。,"방의 불을 끄고, 아로마 캔들 불빛만으로 릴랙스했다."
海外からの引っ越し荷物を、船便で日本へ送った。,해외 이사 짐을 선편(배편)으로 일본에 보냈다.
彼は海と共に生き、漁を生業とする誇り高き漁師である。,"그는 바다와 함께 살며, 고기잡이를 생업으로 하는 긍지 높은 어부다."
放課後、吹奏楽部で合奏した。,방과 후 관악부에서 합주했다.
厳寒の夜、外にはほとんど人影が見えなかった。,혹한의 밤에는 밖에 거의 인적이 보이지 않았다.
ガリレオは地動説を支持し、宗教裁判にかけられた。,갈릴레오는 지동설을 지지하여 종교재판에 회부되었다.
彼は嘘をつくとき、無意識に目を逸らす癖がある。,"그는 거짓말을 할 때, 무의식적으로 눈을 피하는 버릇이 있다."
市民の安全を守ってほしいという求めが、市役所に数多く寄せられた。,시민의 안전을 지켜 달라는 요구가 시청에 많이 접수되었다.
風邪気味だったので、早めに薬を飲んで暖かくして寝ることにした。,"감기 기운이 있어서, 일찌감치 약을 먹고 따뜻하게 해서 자기로 했다."
その件には一切関わっていません。,그 건에는 일절 관여하지 않았습니다.
コンテストの審査の結果、彼女の作品が第一位に選ばれた。,"콘테스트 심사 결과, 그녀의 작품이 제1위로 선정되었다."
地層が重なってできた層状の岩肌が、海岸に見られる。,지층이 겹쳐져 생긴 층상(층 모양)의 바위 표면이 해안에서 보인다.
秋の夜長に、鈴虫がりんりんと鳴いている。,가을 긴 밤에 방울벌레가 린린(청아하게) 울고 있다.
祖母は毎年の干支が描かれた土鈴を収集して、玄関に飾っている。,"할머니는 매년 간지가 그려진 흙 방울을 수집해서, 현관에 장식하고 있다."
宅配便の受け取りにハンが必要だったが、見つからずサインで代用した。,"택배 수령에 도장이 필요했지만, 찾지 못해 서명으로 대신했다."
父さん、明日授業参観に来られる？,"아빠, 내일 수업 참관하러 올 수 있어?"
身がぎっしり詰まったタラバガニを、産地直送でお届けします。,"살이 꽉 찬 킹크랩을, 산지 직송으로 보내드립니다."
生産者から野菜を直に仕入れることで、新鮮で安い商品を提供できる。,"생산자로부터 야채를 직접 사들임으로써, 신선하고 싼 상품을 제공할 수 있다."
兎に角、今回は無事に終わってほっとしている。,하여간 이번에는 무사히 끝나서 안심하고 있다.
まだ不慣れな点も多いかと存じますが、一生懸命頑張ります。,"아직 미숙한 점이 많을 것으로 생각됩니다만, 열심히 노력하겠습니다."
父は普段は無口だが、困った時には頼りになる存在だ。,아버지는 평소에는 과묵하지만 곤란할 때는 의지가 되는 존재다.
彼は真理の求道者として、生涯をかけて研究に没頭した。,그는 진리의 구도자로서 평생을 바쳐 연구에 몰두했다.
雪が積もって、外は真っ白だ。,눈이 쌓여서 밖은 새하얗다.
料理人は真新しいまな板の上で、リズミカルに野菜を刻んでいった。,"요리사는 아주 새로운 도마 위에서, 리드미컬하게 야채를 썰어 나갔다."
イルカは高等な知能を持ち、複雑な芸をこなす。,돌고래는 고등 지능을 가지고 있어 복잡한 묘기를 해낸다.
D N Aの情報が R N Aに転写され、タンパク質が作られる。,DNA 정보가 RNA로 전사되어 단백질이 만들어진다.
運動会の徒競走でびりになったが、最後まで諦めずに走り抜いた。,"운동회 달리기에서 꼴찌가 되었지만, 끝까지 포기하지 않고 달렸다."
無理な姿勢を続けたため、体に歪みが生じている。,무리한 자세를 계속한 탓에 몸에 뒤틀림(왜곡)이 생겼다.
乱獲によって、その魚は絶滅の危機に瀕している。,남획으로 인해 그 물고기는 멸종 위기에 처해 있다.
急な用事ができたため、待ち合わせ場所を駅前からカフェに変更した。,"갑작스러운 볼일이 생겨서, 약속 장소를 역 앞에서 카페로 변경했다."
彼は歴史に関して該博な知識を持っている。,그는 역사에 관해 해박한 지식을 가지고 있다.
今回は特別に、専用のケースとクロスもセットでお付けします。,"이번에는 특별히, 전용 케이스와 융도 세트로 드립니다."
祖父の遺言に従い、遺産を公平に分配する。,할아버지의 유언에 따라 유산을 공평하게 분배한다.
狭い道で、向こうから来た人と擦れ違う。,좁은 길에서 맞은편에서 오는 사람과 스쳐 지나가다.
長い文章を句読点で適切に区切って読みやすくする。,긴 문장을 구두점으로 적절히 구분하여 읽기 쉽게 한다.
週明けの会議に備えて資料を読み込み直す.,주초 회의에 대비해 자료를 다시 상세히 읽는다.
猫が新しいソファで爪研ぎをしてしまい、飼い主は頭を抱えた。,고양이가 새 소파에 발톱을 갈아버려 주인은 골머리를 앓았다.
その形容詞は名詞を修飾して意味をはっきりさせる。,그 형용사는 명사를 수식해 의미를 분명히 한다.
地図を逆さに見てしまい、道に迷ってしまった。,지도를 거꾸로 보는 바람에 길을 잃고 말았다.
仕事の合間に、同僚と一緒に近くの定食屋で昼飯をかきこんだ。,일하는 틈에 동료와 함께 근처 정식집에서 점심을 급히 먹었다.
矛盾を統合し、より高い次元へ進む弁証法的な思考を持つ。,모순을 통합해 더 높은 차원으로 나아가는 변증법적 사고를 갖는다.
激しいトレーニングの後は、筋肉を十分に休める。,격렬한 트레이닝 후에는 근육을 충분히 쉬게 한다.
結婚式の会場を白い花で装飾した。,결혼식장에 흰 꽃으로 장식했다.
利益の一部を地域社会に還元する。,이익의 일부를 지역 사회에 환원한다.
彼の華やかな閲歴を見れば、この仕事に適任だと分かる。,그의 화려한 경력을 보면 이 일에 적임이라는 것을 알 수 있다.
彼の証言は事実と合致している。,그의 증언은 사실과 일치한다.
この言葉は括弧の中に入れてください。,이 단어는 괄호 안에 넣어 주세요.
嵐が去った後には、澄み渡るような青空と美しい虹がかかっていた。,"폭풍이 지나간 뒤에는, 맑게 갠 푸른 하늘과 아름다운 무지개가 걸려 있었다."
電子化が進んでも、本の手触りや紙の匂いを愛する人は多い。,"전자화가 진행되어도, 책의 감촉이나 종이 냄새를 사랑하는 사람은 많다."
非常口の前には荷物を置かず、常に通路を確保してください。,"비상구 앞에는 짐을 두지 말고, 항상 통로를 확보해 주십시오."
応援してくれた皆さんの言葉に本当に感激した。,응원해 준 모두의 말에 정말 감동했다.
尼僧は庭の落ち葉を黙々と掃いていた。,비구니는 뜰의 낙엽을 묵묵히 쓸고 있었다.
家具を買う前に、部屋の寸法を測る。,가구를 사기 전에 방의 치수를 잰다.
この洋館の主は、世界中を旅して集めた骨董品に囲まれて暮らしている。,"이 양관의 주인은, 전 세계를 여행하며 모은 골동품에 둘러싸여 살고 있다."
競馬では、馬の能力に合わせて負担する斤量が決められる。,경마에서는 말의 능력에 맞춰 부담하는 근량(무게)이 정해진다.
草むらを歩いていると、大きなバッタが足元から飛び出した。,풀숲을 걷고 있는데 큰 메뚜기가 발밑에서 튀어 나왔다.
地球の温暖化について子どもたちに分かりやすく説明する授業が行われた。,지구 온난화에 대해 아이들에게 쉽게 설명하는 수업이 열렸다.
期待に応える結果を出したい。,기대에 부응하는 결과를 내고 싶다.
愛という形のないものを表現するために、芸術家は絵筆を執った。,"사랑이라는 형태가 없는 것을 표현하기 위해, 예술가는 붓을 들었다."
鉛筆の削りカスをゴミ箱に捨てようとして、床に撒き散らしてしまった。,"연필 깎은 찌꺼기를 쓰레기통에 버리려다가, 바닥에 흩뿌려 버렸다."
この公式はさまざまな問題に応用できる。,이 공식은 여러 문제에 응용할 수 있다.
増え続ける高税に、市民の生活は困窮し不満が高まっている。,"계속 늘어나는 높은 세금에, 시민의 생활은 곤궁해지고 불만이 고조되고 있다."
夕陽に照らされた稲穂が、黄金色に光っていた。,"노을에 비친 벼 이삭이, 황금빛으로 빛나고 있었다."
近年の衰えを自覚して、走る距離を見直した。,"최근의 쇠퇴를 자각하고, 달리는 거리를 재검토했다."
晩餐会のために、新調した燕尾服に袖を通した。,만찬회를 위해 새로 장만한 연미복에 팔을 꿰었다.
防災用品を備蓄している倉庫の点検を行い、期限切れの水を取り替えた。,"방재 용품을 비축하고 있는 창고 점검을 하여, 유통기한이 지난 물을 교체했다."
祖母は昔、家で養蚕をしていたと写真を見せてくれた。,할머니는 옛날에 집에서 양잠을 했다고 사진을 보여 주셨다.
部屋の大きさをメジャーで測った。,방 크기를 줄자로 쟀다.
終電を逃して友だちの家に潜り込んだ。,막차를 놓쳐 친구 집에 슬쩍 들어갔다.
毎日の積み重ねが大切なので、無理のない目標を立てて実行する。,"매일의 축적이 중요하므로, 무리 없는 목표를 세워 실행한다."
連絡先の住所は前回と同。,연락처 주소는 전과 동일.
多額の借金を抱えた隣人は、ある夜こっそりと夜逃げしてしまった。,"거액의 빚을 떠안은 이웃은, 어느 날 밤 몰래 야반도주해 버렸다."
市場で新鮮なほうれん草を一把買い、夕食のお浸しにした。,"시장에서 신선한 시금치를 한 단 사서, 저녁 식사의 나물로 만들었다."
お水をもらえますか？,물 좀 주시겠어요?
このナイフはよく切れる。,이 칼은 잘 든다.
この柔軟剤を使うと、洗濯物の洗い上がりがふわふわになる。,이 유연제를 사용하면 세탁물의 세탁 후 상태가 보송보송해진다.
電車に傘を忘れてしまい、駅からの帰り道でずぶ濡れになった。,"전철에 우산을 잊어버려, 역에서 돌아오는 길에 흠뻑 젖었다."
去年の夏は記録的な猛暑で、多くの人が熱中症になった。,작년 여름은 기록적인 폭염으로 많은 사람이 열사병에 걸렸다.
気象庁の発表によると、明日は大型の台風が接近するそうだ。,기상청 발표에 따르면 내일은 대형 태풍이 접근한다고 한다.
白金は化学反応の触媒としてよく使われる。,백금은 화학 반응의 촉매로 자주 쓰인다.
消防車がサイレンを鳴らして、火災現場へと急行した。,소방차가 사이렌을 울리며 화재 현장으로 급행했다.
広場の中央に大きな噴水がある。,광장 중앙에 큰 분수가 있다.
糸の縺れをほどくように、複雑な人間関係を少しずつ修復した。,실의 엉킴을 풀듯이 복잡한 인간관계를 조금씩 복원했다.
記者の質問が矢面に立った担当者を追い詰めた。,기자들의 질문이 정면에 선 담당자를 몰아붙였다.
体調不良の申し出があったため、彼は早退して病院へ向かった。,"컨디션 불량의 신고가 있었기 때문에, 그는 조퇴하고 병원으로 향했다."
開発、営業、広報が三位一体となって、新商品をヒットさせた。,"개발, 영업, 홍보가 삼위일체가 되어, 신상품을 히트시켰다."
留学生用の居住スペースが新しくキャンパス内に建てられた。,유학생용 거주 공간이 새로 캠퍼스 안에 지어졌다.
風邪を引いている時は、お粥のような消化に良いものを食べるべきだ。,"감기에 걸려 있을 때는, 죽과 같이 소화에 좋은 것을 먹어야 한다."
食事の勘定を済ませてから店を出た。,식사 계산을 마치고 가게를 나왔다.
春になると、ツバメが軒下でせっせと巣作りを始める。,봄이 되면 제비가 처마 밑에서 부지런히 둥지 짓기를 시작한다.
深夜の火災でサイレンが鳴り続けた。,심야의 화재로 사이렌이 계속 울렸다.
彼女の指には、婚約指輪がきらりと光っていた。,그녀의 손가락에는 약혼반지가 반짝 빛나고 있었다.
俳優としての経験を積むため、小劇場の舞台に立った。,배우로서 경험을 쌓기 위해 소극장 무대에 섰다.
店員の優しさに救われて、返品の手続きもスムーズだった。,점원의 친절함에 도움을 받아 반품 절차도 매끄러웠다.
表札が新しいと、家の印象が変わる。,문패가 새로우면 집 인상이 달라진다.
あの、もしかして、山田さんじゃないですか？,"저, 혹시 야마다 씨 아니신가요?"
最近、御朱印集めを始めまして。お寺を巡るのが楽しいんです。,최근에 고슈인(절이나 신사에서 받는 참배 증명 도장) 모으기를 시작했어요. 절을 둘러보는 것이 즐거워요.
彼の優越感が態度に出て、場の空気が冷えた。,그의 우월감이 태도에 드러나 분위기가 싸늘해졌다.
貴殿の長年にわたる功績に対し、深く敬意を表します。,"귀하의 오랜 세월에 걸친 공적에 대해, 깊이 경의를 표합니다."
壊れた部品を新品と交換してもらった。,고장 난 부품을 새것과 교환받았다.
彼女は唇をかみしめて涙をこらえた。,그녀는 입술을 깨물며 눈물을 참았다.
この機種は耐久性に優れ、長時間の作業でも安心だ。,이 기종은 내구성이 뛰어나 장시간 작업에도 안심이다.
多少の雨なら、傘なしで駅まで走れる。,약간의 비라면 우산 없이 역까지 달릴 수 있어.
大工は一枚の板を巧みに加工して、美しい家具を作り上げた。,목수는 한 장의 판자를 정교하게 가공하여 아름다운 가구를 만들어냈다.
このあたりの地層は洪積世のもので、マンモスの化石が出ることがある。,"이 근처의 지층은 홍적세의 것으로, 매머드 화석이 나오는 경우가 있다."
その案件は予算次第なので、結論は保留にした。,그 안건은 예산에 달려 있어서 결론을 보류했다.
騒がしかった教室が、先生が入ってきた途端にぴたりと静まり返った。,소란스러웠던 교실이 선생님이 들어오자마자 딱 조용해졌다.
公人としての立場をわきまえ、プライベートでも軽率な行動は慎むべきだ。,"공인으로서의 입장을 분별하여, 사생활에서도 경솔한 행동은 삼가야 한다."
山道で道に迷わないよう、木の幹につけられた標を探す。,산길에서 길을 잃지 않도록 나무줄기에 표시된 표식을 찾는다.
私は佐藤です。ゆっくり語りましょう。,저는 사토입니다. 느긋하게 이야기합시다.
週末に友達と映画を鑑賞した。,주말에 친구와 영화를 감상했다.
ミスが見つかったため、パンフレットを急いで刷り直しすることになった。,실수가 발견되어 팸플릿을 급히 다시 인쇄하게 되었다.
目標を達成して、彼は心の底から満足そうな笑みを浮かべた。,목표를 달성하고 그는 마음 깊은 곳에서 만족스러운 미소를 지었다.
乱れた世を統べるためには、強大な力とカリスマ性が必要だ。,어지러운 세상을 다스리기(통솔하기) 위해서는 강대한 힘과 카리스마가 필요하다.
のどが渇いたので、水を飲んだ。,목이 말라서 물을 마셨다.
このワインは地下室で十年寝かせてから飲むつもりだ。,이 와인은 지하실에서 10년 숙성시킨 뒤 마실 생각이다.
草むらを歩くと、トノサマバッタが勢いよく飛び出した。,풀숲을 걷자 풀무치가 힘차게 뛰쳐나왔다.
この都市には、様々な人種の人々が暮らしている。,이 도시에는 다양한 인종의 사람들이 살고 있다.
穂が重くなって、稲が風にゆっくり揺れた。,"이삭이 무거워져, 벼가 바람에 천천히 흔들렸다."
干潮の時間を調べてから、磯遊びに出かけた。,간조 시간을 확인한 뒤 갯바위 놀이에 나갔다.
冬でもこまめに窓を開けて部屋の換気をしています。,겨울에도 자주 창문을 열어 방을 환기하고 있습니다.
自分の干支のグッズを持っていると、その年は幸運が訪れるという。,"자신의 간지(띠) 굿즈를 가지고 있으면, 그 해는 행운이 찾아온다고 한다."
一人暮らしの慣れはしたが、ときどき寂しくなる。,혼자 사는 데는 익숙해졌지만 가끔은 쓸쓸해진다.
重要なプレゼンを前にして、緊張で掌が汗ばんでしまった。,"중요한 프레젠테이션을 앞두고, 긴장으로 손바닥에 땀이 배어 버렸다."
地図にない島を探す冒険は、男のロマンそのものだ。,"지도에 없는 섬을 찾는 모험은, 남자의 로망 그 자체다."
その国は貿易によって富み栄え、黄金時代を築いた。,그 나라는 무역으로 부유하고 번영하여 황금시대를 이룩했다.
人類は歴史の過ちから学び、平和な未来を築くべきだ。,"인류는 역사의 과오로부터 배워, 평화로운 미래를 구축해야 한다."
飛行機が降下する時、耳が痛くならないように耳抜きをした。,비행기가 하강할 때 귀가 아프지 않도록 이퀄라이징(귀 뚫기)을 했다.
森の奥深くで、倒木に生えた珍しいアラタケを発見した。,"숲 속 깊은 곳에서, 쓰러진 나무에 자란 희귀한 뽕나무버섯을 발견했다."
口の中でとろけるような大とろの旨味に、思わず声が出た。,입안에서 녹는 듯한 대뱃살(오도로)의 감칠맛에 나도 모르게 소리가 나왔다.
公園の池で、数羽の白鳥が優雅に水面を滑っていた。,"공원의 연못에서, 몇 마리의 백조가 우아하게 수면을 미끄러지고 있었다."
暦の上ではもう春だが、外はまだ雪が残っている。,"달력상으로는 이미 봄이지만, 밖은 아직 눈이 남아 있다."
汚れた手には多くの細菌が付着している。,더러운 손에는 많은 세균이 붙어 있다.
新しい言語の習得には、毎日の積み重ねが要る。,새 언어의 습득에는 매일의 꾸준함이 필요하다.
雨の日は古傷のある関節がうずく。,비 오는 날에는 예전에 다친 관절이 쑤신다.
彼は長年の病気を克服してマラソンを完走した。,그는 오랜 병을 극복하고 마라톤을 완주했다.
申請書類に不備がある場合、受付できないことがありますのでご注意ください。,"신청 서류에 미비한 점이 있을 경우, 접수되지 않을 수 있으니 주의하십시오."
その噂は瞬く間に江湖に広まり、人々の話題となった。,그 소문은 순식간에 강호(세상)에 퍼져 사람들의 화젯거리가 되었다.
彼は現場主義を貫いている。,그는 현장주의를 끝까지 지킨다.
職人は一枚の無垢の板から、美しいテーブルを削り出した。,"장인은 한 장의 원목 판자에서, 아름다운 테이블을 깎아냈다."
彼は有名なピアノ弾きとして、世界中のホールで演奏している。,그는 유명한 피아노 연주자로서 전 세계 홀에서 연주하고 있다.
ケーキを八つに切り分けた。,케이크를 여덟 조각으로 나눴다.
高温の炉の中で金属が溶解し、液体状になっていく。,고온의 화로 속에서 금속이 용해되어 액체 상태가 되어간다.
川の堤には桜が植えられており、春には美しいトンネルになる。,"강 둑에는 벚꽃이 심어져 있어, 봄에는 아름다운 터널이 된다."
夜空を流れる星に、家族の健康と幸せへの願いを込めた。,"밤하늘을 흐르는 별에, 가족의 건강과 행복을 비는 소원을 담았다."
今夜は中秋の名月なので、庭に出て月見酒を楽しもうと思う。,"오늘 밤은 중추의 명월(한가위 보름달)이니, 정원에 나가 달맞이 술을 즐기려 한다."
縁側に出て、夕涼む。,툇마루에 나가 저녁바람을 쐰다.
スーパーの特売で洗剤をまとめ買いした。,슈퍼 특매에서 세제를 잔뜩 사 두었다.
彼は世間の目を気にして、自分のやりたいことを我慢して生きてきた。,"그는 세간의 이목을 신경 써서, 자신이 하고 싶은 것을 참으며 살아왔다."
稚児の行列が寺の参道をゆっくり進んだ。,의식에 참여한 아이 행렬이 절 참배길을 천천히 나아갔다.
免責金額以下の損害については、保険金支払いの対象となりません。,면책 금액 이하의 손해에 대해서는 보험금 지급 대상이 되지 않습니다.
情熱だけでは続かないから、仕組みを作ろう。,"열정만으로는 계속할 수 없으니, 시스템을 만들자."
まず論文の抄録を読んで概要をつかむ。,먼저 논문 초록을 읽고 개요를 파악한다。
最終回ツーアウト満塁、三塁走者がホームへ滑り込んだ。,"마지막 회 2아웃 만루, 3루 주자가 홈으로 미끄러져 들어왔다."
健康志向の高まりで、朝食にオートミールを取り入れる人が増えた。,"건강 지향의 고조로, 아침 식사로 오트밀을 섭취하는 사람이 늘었다."
雪の上に残された点々とした足跡を辿って、森の奥へ進んだ。,눈 위에 남겨진 점점이 찍힌 발자국을 따라 숲속 깊은 곳으로 나아갔다.
山道の川には橋が少なく、丸木橋を慎重に渡らなければならなかった。,산길의 개울에는 다리가 거의 없어 통나무다리를 조심해서 건너야 했다.
その映画のラストシーンは、観客の琴線に触れて涙を誘った。,그 영화의 마지막 장면은 관객의 심금을 울려 눈물을 자아냈다.
ゴールキーパー、横っ飛びでスーパーセーブ！ チームを救いました。,"골키퍼, 몸을 날려 슈퍼 세이브! 팀을 구했습니다."
平行線をたどっていた議論が、ある一言で劇的に進展した。,"평행선을 달리던 논의가, 어떤 한마디로 극적으로 진전되었다."
あの子は本当に憎らしいほど何でも器用にこなす。,저 아이는 얄미울 만큼 뭐든지 능숙하게 해낸다.
この物語の主人公は、逆境にも負けず夢を追い続ける少年だ。,"이 이야기의 주인공은, 역경에도 굴하지 않고 꿈을 계속 쫓는 소년이다."
安全基準を守らないと工場は稼働できない。,안전 기준을 지키지 않으면 공장을 가동할 수 없다.
昼休みに少し午睡すると、午後が楽になる。,"점심시간에 잠깐 낮잠을 자면, 오후가 편해진다."
高級ホテルのベッドは寝心地が抜群で、朝まで一度も目が覚めなかった。,고급 호텔 침대는 잠자리가 기막히게 편해서 아침까지 한 번도 깨지 않았다.
複雑な機械をマニュアル通りに操作して、製品を加工する。,"복잡한 기계를 매뉴얼대로 조작하여, 제품을 가공한다."
合格の規準が去年より厳しくなった。,합격 기준이 작년보다 엄격해졌다.
温室の中で、美しい紫色の蘭の花が静かに咲き誇っている。,"온실 안에서, 아름다운 보라색 난초 꽃이 조용히 피어 있다."
江戸時代の郷士は、農業を営みながら武士の身分を持っていた。,에도 시대의 향사(시골 무사)는 농업을 영위하면서 무사의 신분을 가지고 있었다.
彼女の話し方にはどこか気品がある。,그녀의 말투에는 왠지 기품이 있다.
雨の中で震えている子猫が可哀想だ。,비 속에서 떨고 있는 새끼 고양이가 불쌍하다.
古い水道管が捩じれていて、水漏れの原因になっていた。,오래된 수도관이 비틀어져 있어서 누수의 원인이 되고 있었다.
彼は私の人生の師であり、今の私があるのは彼のおかげだ。,"그는 내 인생의 스승이며, 지금의 내가 있는 것은 그의 덕분이다."
魚心あれば水心、君が誠意を見せるなら私も協力しよう。,"오는 정이 있어야 가는 정이 있듯, 자네가 성의를 보인다면 나도 협력하지."
嘘を見抜かれた瞬間、彼の表情は一瞬にして強張った。,"거짓말을 간파당한 순간, 그의 표정은 순식간에 굳어졌다."
この彫刻は、とても人間業とは思えないほど精巧に作られている。,"이 조각은, 도저히 인간의 솜씨라고는 생각되지 않을 만큼 정교하게 만들어져 있다."
今朝の新聞の紙面は、歴史的な選挙結果のニュースで埋め尽くされていた。,"오늘 아침 신문의 지면은, 역사적인 선거 결과 뉴스로 가득 채워져 있었다."
夢の中で神の啓示を受け、彼は迷っていた進路を決断した。,"꿈속에서 신의 계시를 받고, 그는 망설이던 진로를 결단했다."
博物館で珍しい岩石の標本を見学した。,박물관에서 희귀한 암석 표본을 관람했다.
山の中程まで登ったところで休憩した。,산 중턱까지 오른 지점에서 휴식을 취했다.
来年、駅前に新築のマンションが完成する予定だ。,내년 역 앞에 신축 아파트가 완공될 예정이다.
まぶたの下垂が気になって、眼科を受診した。,눈꺼풀 처짐이 신경 쓰여 안과를 진료받았다.
安物買いの銭失いで、露店で買った時計はすぐに壊れたぱち物だった。,"싼 게 비지떡이라고, 노점에서 산 시계는 금방 고장 난 짝퉁이었다."
計画はまだ半ばに過ぎない。,계획은 아직 중반에 지나지 않는다.
彼はどんな苦境でも仲間を裏切らない、真の漢である。,"그는 어떤 곤경에서도 동료를 배신하지 않는, 진정한 사나이다."
彼女は夢を遂げるために、毎朝五時に起きて勉強した。,"그녀는 꿈을 이루기 위해, 매일 아침 5시에 일어나 공부했다."
水平線の彼方に、うっすらと新しい大陸の影が見えてきた。,"수평선 저편에, 희미하게 새로운 대륙의 그림자가 보이기 시작했다."
授業でシェイクスピアの戯曲を読んだ。,수업 시간에 셰익스피어의 희곡을 읽었다.
巨大な鉄橋が渓谷にかかっており、列車が轟音を立てて通過する。,"거대한 철교가 계곡에 걸려 있고, 열차가 굉음을 내며 통과한다."
試験までの短い間、彼は寝る間も惜しんで勉強に没頭した。,"시험까지의 짧은 기간 동안, 그는 잠을 잘 시간도 아껴가며 공부에 몰두했다."
自然界の厳しい掟に従い、弱い生き物は淘汰されていく。,"자연계의 엄격한 규칙에 따라, 약한 생물은 도태되어 간다."
朝、冷たい水で顔を洗うと少しだけ気分がしゃきっとする。,아침에 차가운 물로 얼굴을 씻으면 기분이 조금은 상쾌해진다.
子どもが熟睡している間に、静かに片づけをした。,"아이가 깊이 잠든 사이에, 조용히 정리했다."
お子様連れのお客様には、座敷の席をおすすめしております。,"아이 동반 손님에게는, 좌식 자리를 추천해 드리고 있습니다."
糖質をカットしつつ、美味しさはそのまま残しました。,"당질을 컷트하면서, 맛은 그대로 남겼습니다."
品を見てから決めたい。,물건을 보고 나서 결정하고 싶다.
暗闇の中で唯一の明点を見つけ出すように、解決策を探り続けた。,"어둠 속에서 유일한 밝은 점을 찾아내듯이, 해결책을 계속 찾았다."
職人は窯の火加減を見ながら、夜通し器を焼いた。,장인은 가마의 불 조절을 보며 밤새 그릇을 구웠다.
凸と凹がうまく噛み合うように、二人は相性抜群のパートナーだ。,볼록함과 오목함이 잘 맞물리듯 두 사람은 궁합이 아주 잘 맞는 파트너다.
ただいま、担当者を呼んでまいります。,"지금, 담당자를 불러오겠습니다."
今日の昼飯は、駅前の定食屋で焼き魚定食を食べようと思う。,오늘 점심은 역 앞 정식집에서 생선구이 정식을 먹으려고 한다.
新しい洗濯機を購入し、業者に据え付けてもらった。,새 세탁기를 구입해서 기사님에게 설치 받았다.
火災報知器が作動した場合は、係員の誘導に従って避難してください。,"화재 경보기가 작동했을 경우, 담당자의 유도에 따라 대피해 주십시오."
彼を憎しんでいるわけではないが、二度と会いたくない。,"그를 미워하는 건 아니지만, 두 번 다시 만나고 싶지는 않다."
縁日の屋台で買った綿菓子は、甘くて懐かしい子供時代の味がした。,축제 노점에서 산 솜사탕은 달콤하고 그리운 어린 시절의 맛이 났다.
七夕の夜、短冊に切実な願いを書いて竹の枝に結びつけた。,"칠석 밤, 단자쿠에 간절한 소원을 써서 대나무 가지에 매달았다."
重たい布団を外に干す必要は、もうありません。,"무거운 이불을 밖에 널 필요는, 이제 없습니다."
伝説のアイテムを手に入れるため、勇者たちは洞窟へ向かう。,"전설의 아이템을 손에 넣기 위해, 용사들은 동굴로 향한다."
ガソリンスタンドで働くには、危険物取扱者の乙種四類の資格が必要だ。,주유소에서 일하려면 위험물 취급자 을종 4류 자격이 필요하다.
大変恐縮ですが、お日にちを改めていただけますでしょうか。,"정말 죄송합니다만, 날짜를 다시 잡아 주실 수 있으실까요."
彼は師の哲学に心酔し、言葉まで真似した。,"그는 스승의 철학에 심취해, 말투까지 따라 했다."
宿泊予約のキャンセル料は、宿泊日の３日前から発生します。,숙박 예약 취소 수수료는 숙박일 3일 전부터 발생합니다.
彼は潔白を証明した。,그는 결백을 증명했다.
作家を招いて座談の会が開かれた。,작가를 초청해 좌담회가 열렸다.
長い交渉を完遂して、ようやく合意に至った。,"긴 협상을 완수하고, 마침내 합의에 이르렀다."
契約内容の確認を徹底して、業務を遂行した。,"계약 내용을 철저히 확인하며, 업무를 수행했다."
時間がないから要点だけ教えて。,시간이 없으니 요점만 알려줘.
社長の式辞は短くて分かりやすかった。,사장의 식사는 짧고 이해하기 쉬웠다.
旅館の広い座敷で宴会が開かれた。,여관의 넓은 좌식 방에서 연회가 열렸다.
財布の窃盗は未遂に終わり、犯人はその場で確保された。,"지갑 절도는 미수로 끝나, 범인은 현장에서 확보됐다."
嫌な記憶を忘れるための酔いは、翌朝つらい。,"싫은 기억을 잊기 위한 취기는, 다음 날 아침 괴롭다."
一人の匹夫の勇気が、国全体の運命を変えることもある。,"한 필부의 용기가, 나라 전체의 운명을 바꾸기도 한다."
銀河系の彼方には、我々の想像を超える文明が存在するかもしれない。,"은하계 저편에는, 우리의 상상을 넘는 문명이 존재할지도 모른다."
論理が飛躍していて、何を言いたいのか全く伝わってこない。,"논리가 비약되어 있어서, 무슨 말을 하고 싶은 건지 전혀 전해지지 않는다."
ああ、君が健太君か。大きくなったなあ。,"아아, 네가 켄타구나. 많이 컸네."
潮が干るのを待って、子供たちと貝拾いに出かけた。,썰물이 빠지기를 기다려 아이들과 조개잡이를 나갔다.
彼は一年ほど京都に留まって研究を続けた。,그는 1년 정도 교토에 머물며 연구를 계속했다.
この美術館では浮世絵の特別展を開催中だ。,이 미술관에서는 우키요에 특별전을 개최 중이다.
データの保存中に電源を切ると、ファイルが破損することがあります。,데이터 저장 중에 전원을 끄면 파일이 파손될 수 있습니다.
手術前に麻酔が効いて、意識がふっと遠のいた。,"수술 전에 마취가 들어가, 의식이 문득 멀어졌다."
中秋の名月を眺めながら、月見団子を供えて秋の夜を楽しんだ。,중추가절의 명월을 바라보며 츠키미 단고를 바치고 가을 밤을 즐겼다.
定期点検の結果、部品の摩耗が見られたため交換を実施しました。,"정기 점검 결과, 부품의 마모가 보여 교환을 실시했습니다."
互いの正義がぶつかり合うとき、悲劇は起こりやすいものだ。,"서로의 정의가 부딪칠 때, 비극은 일어나기 쉬운 법이다."
システムメンテナンスのため、一時的にクレジットカード決済が利用できません。,시스템 점검으로 인해 일시적으로 신용카드 결제를 이용할 수 없습니다.
鋭いカウンターパンチが顎を捉え、膝から崩れ落ちました。,"날카로운 카운터 펀치가 턱을 포착해, 무릎부터 무너져 내렸습니다."
彼の説明には矛盾が多く、信じられなかった。,그의 설명에는 모순이 많아 믿을 수 없었다.
雪の中、笠を被ったお地蔵様が道端に静かに並んでいる。,눈 속에서 삿갓을 쓴 지장보살이 길가에 고요히 늘어서 있다.
料金の取りは入口の係が担当している。,요금 단속은 입구 담당자가 맡고 있다.
マグマの凝固によって、この島の独特な地形が生まれた。,마그마의 응고로 이 섬의 독특한 지형이 만들어졌다.
朝早く起こされた彼は、寝惚けた顔で窓を開けて空を仰いだ。,아침 일찍 일어난 그는 잠이 덜 깬 얼굴로 창문을 열고 하늘을 올려다보았다.
電車の路線が都心で交錯している。,전철 노선이 도심에서 교차하며 얽혀 있다.
消化器の設置場所を事前に確認しておくことが、防災の第一歩だ。,소화기 설치 장소를 사전에 확인해 두는 것이 방재의 첫걸음이다.
感動的なスピーチの最後は、スタンディングオベーションで締めくくられた。,감동적인 스피치의 마지막은 기립 박수로 마무리되었다.
運転中に眠気を感じたら、すぐ休憩しよう。,운전 중 졸음이 느껴지면 바로 쉬자.
詩人が故郷の風景を叙する言葉は、人々の心に深く響いた。,시인이 고향의 풍경을 서술하는 언어는 사람들의 마음에 깊게 울렸다.
急な出費で、時計を質屋に預けた。,갑작스런 지출 때문에 시계를 전당포에 맡겼다.
充電式なので、コードを気にせずどこでも自由に使えます。,"충전식이므로, 코드를 신경 쓰지 않고 어디서나 자유롭게 쓸 수 있습니다."
彼は公衆の面前で恥をかかされたことを、深く恨んでいる。,그는 대중 앞에서 망신을 당한 것을 깊이 원망하고 있다.
彼は小心者だが、いざという時には強い勇気を見せる。,"그는 소심한 사람이지만, 막상 중요한 때에는 강한 용기를 보여준다."
結婚式のスピーチを頼まれて、何を話そうか頭を抱えている。,"결혼식 축사를 부탁받아서, 무슨 말을 할지 머리를 싸매고 있다."
チェックインの時間を遅らせたいのですが、何時まで対応可能ですか。,"체크인 시간을 늦추고 싶은데, 몇 시까지 대응 가능합니까."
次期社長の就任挨拶は、会社の新しい方向性を示す重要なものだ。,"차기 사장의 취임 인사는, 회사의 새로운 방향성을 나타내는 중요한 것이다."
新しいツールを導入したおかげで、作業がぐっと捗った。,새 도구를 도입한 덕분에 작업이 훨씬 진척되었다.
食後のデザートに、冷たいフルーツゼリーを食べた。,식후 디저트로 차가운 과일 젤리를 먹었다.
駅前で酔漢が騒いでいて、警官が対応していた。,"역 앞에서 술 취한 남자가 소란을 피워, 경찰이 대응하고 있었다."
地球環境の保護を訴える活動家が、国際会議で演説を行った。,지구 환경 보호를 호소하는 활동가가 국제 회의에서 연설을 했다.
使い方はとても簡単、ボタンを押すだけのワンタッチ操作。,"사용법은 매우 간단, 버튼을 누르기만 하는 원터치 조작."
湿気で床がべた付いて、靴下がくっつく感じがする。,습기로 바닥이 끈적거려 양말이 달라붙는 느낌이 난다.
彼はクラス委員長に推薦された。,그는 반장으로 추천되었다.
人気商品の整理券は、先着100名様にお配りします。,인기 상품 정리권은 선착순 100분께 나누어 드립니다.
ディフェンダーを華麗なドリブルでかわし、キーパーと一対一だ！,"수비수를 화려한 드리블로 제치고, 골키퍼와 일대일입니다!"
彼女への想いが狂おしいほど募っていく。,그녀를 향한 마음이 미칠 듯이 깊어져 간다.
削りたての鰹節の香りが、食卓に広がって食欲をそそる。,갓 깎은 가쓰오부시의 향기가 식탁에 퍼지며 식욕을 돋운다.
子供たちが小旗を振って、マラソン選手を応援した。,아이들이 작은 깃발을 흔들며 마라톤 선수를 응원했다.
現代美術館で開催されている特別展に足を運んだ。,현대 미술관에서 개최되고 있는 특별전에 발걸음을 옮겼다.
ご希望のヘアスタイリストの指名はございますか。,희망하시는 헤어 스타일리스트 지명은 있으십니까.
彼はクラスの長として、文化祭の準備を立派に指揮した。,그는 학급의 장으로서 문화제 준비를 훌륭하게 지휘했다.
自分の考えを論理的に伝えるトレーニングを積んでいる。,자신의 생각을 논리적으로 전달하는 훈련을 쌓고 있다.
ダイエット中なのでカロリーを気にしている。,다이어트 중이라 칼로리를 신경 쓰고 있다.
お互いに少しずつ譲歩して妥協点を見つけた。,서로 조금씩 양보해서 절충점을 찾았다.
古い民家の軒下に、風鈴が涼しげな音を立てて揺れている。,오래된 민가의 처마 밑에 풍경이 시원한 소리를 내며 흔들리고 있다.
打った瞬間それと分かる、特大のホームランがスタンドに吸い込まれた！,"치는 순간 바로 알 수 있는, 초대형 홈런이 스탠드로 빨려 들어갔습니다!"
子供が捕まえたバッタを虫かごに入れて観察している。,아이가 잡은 메뚜기를 곤충 채집통에 넣고 관찰하고 있다.
彼は誰もが振り返るほどの美人と結婚した。,그는 모두가 돌아볼 만큼의 미인과 결혼했다.
新プロジェクトの推進役に、彼が任命された。,"신 프로젝트의 추진 담당으로, 그가 임명되었다."
そんな理屈は完全にナンセンスだ。,그런 논리는 완전히 넌센스다.
突然の雨に降られたが、見知らぬ人が傘を貸してくれた。,"갑작스러운 비를 만났지만, 모르는 사람이 우산을 빌려주었다."
この作品は細部まで丁寧だ。,이 작품은 세부까지 정성스럽다.
彼は改革派の旗頭として、多くの支持者を集めている。,"그는 개혁파의 기수로서, 많은 지지자를 모으고 있다."
祖父は今でも石臼でそば粉を挽いている。,할아버지는 지금도 맷돌로 메밀가루를 간다.
時計が狂っていて約束の時間に遅れてしまった。,시계가 틀어져 있어서 약속 시간에 늦고 말았다.
良薬は口に苦しと言いますが、この薬はとても甘いです。,"좋은 약은 입에 쓰다고 하지만, 이 약은 매우 답답합니다."
ラインぎりぎりのボール、主審はインの判定を下しました！,"라인에 아슬아슬한 볼, 주심은 인(In) 판정을 내렸습니다!"
圧倒的な体格差をものともせず、小柄な選手が果敢に攻め込みます。,"압도적인 체격 차를 아랑곳하지 않고, 작은 선수가 과감하게 파고듭니다."
祭壇には色とりどりの花と果物の供物が並べられていた。,제단에는 형형색색의 꽃과 과일 공물이 놓여 있었다.
感謝の言葉も不尽ですが、本当にありがとうございました。,"감사의 말씀도 다할 수 없지만(부족하지만), 정말 감사했습니다."
お名前とお電話番号をお願いいたします。,성함과 전화번호를 부탁드립니다.
彼は巧みな弁舌を振るい、聴衆を自分のペースに巻き込んだ。,"그는 교묘한 변설을 휘둘러, 청중을 자신의 페이스로 끌어들였다."
議会で来年度の予算について激しい議論が行われた。,의회에서 내년도 예산을 두고 치열한 논쟁이 벌어졌다.
流れ星に願いを込めて、消える前に三回唱えると叶うと言われている。,"별똥별에 소원을 담아, 사라지기 전에 세 번 외치면 이루어진다고 전해진다."
川の中州に砂州ができて、流れが二つに分かれている。,강 한가운데 모래톱이 생겨 흐름이 둘로 갈라져 있다.
中秋の名月を眺めながら、団子を食べる風習が日本にはある。,"중추의 명월(보름달)을 바라보며, 당고를 먹는 풍습이 일본에는 있다."
壊れた時計を修理に出すより、自分で直した方が愛着が湧く。,고장 난 시계를 수리에 맡기는 것보다 스스로 고치는 편이 애착이 생긴다.
五メートル置きに街灯が設置され、夜道でも安心して歩くことができる。,"5미터 간격으로 가로등이 설치되어, 밤길이라도 안심하고 걸을 수 있다."
来客用のスリッパを玄関にきれいに並べて、お客様を迎える準備をする。,"내방객용 슬리퍼를 현관에 예쁘게 나란히 놓아, 손님을 맞이할 준비를 한다."
結婚を前提に、真剣なお付き合いをしています。,결혼을 전제로 진지하게 교제하고 있습니다.
足がつってしまったようで、ピッチに倒れ込んでいます。,"다리에 쥐가 난 듯하여, 그라운드에 쓰러져 있습니다."
冬の朝、窓ガラスに水蒸気が凝結して水滴がついている。,"겨울 아침, 창유리에 수증기가 응결되어 물방울이 맺혀 있다."
荷物は明日の午前中に配達される予定です。,짐은 내일 오전 중에 배달될 예정입니다.
長時間のフライトで下肢にむくみを感じたら、軽くマッサージをすると良い。,"장시간 비행으로 하지(다리)에 부종을 느끼면, 가볍게 마사지를 하는 것이 좋다."
公園のベンチに腰掛けて、しばらく空を眺めた。,공원 벤치에 걸터앉아 한동안 하늘을 바라보았다.
夏用の制服は開襟のシャツで風通しが良い。,여름용 교복은 카라가 열린 셔츠라 통풍이 좋다.
雨上がりの午後は物憂い気分で、コーヒーの香りだけが救いだった。,비 갠 오후는 권태롭고 우울한 기분이라 커피 향만이 위로였다.
凶悪犯罪が多発して住民が不安を募らせている。,흉악 범죄가 잇따라 발생해 주민들의 불안이 커지고 있다.
患部の腫れが引くまで、激しい運動は控えて安静にしてください。,"환부의 부기가 빠질 때까지, 격렬한 운동은 삼가고 안정을 취해 주십시오."
先祖代々の土地を守り、農業を生業として慎ましく暮らしている。,"조상 대대로의 땅을 지키며, 농업을 생업으로 삼아 검소하게 살고 있다."
彼は重い荷物を軽々と持ち上げ、涼しい顔で歩き出した。,"그는 무거운 짐을 가볍게 들어 올리고, 시원한 얼굴로 걷기 시작했다."
激しいラリーの末、ついに相手のミスを誘いました。,"격렬한 랠리 끝에, 드디어 상대의 실수를 유도했습니다."
煙が広がる前に建物から脱出した。,연기가 퍼지기 전에 건물에서 탈출했다.
私がこの車両の車掌です。ご用件はございますか？,제가 이 칸의 차장입니다. 무슨 용무 있으신가요?
寒い冬の日は、お湯を張った温かい浴槽に浸かるのが一番の幸せだ。,"추운 겨울날은, 따뜻한 물을 받은 욕조에 잠기는 것이 최고의 행복이다."
急な雨が降ってきたので、コンビニでビニール傘を買った。,"갑작스러운 비가 내려서, 편의점에서 비닐우산을 샀다."
消息を絶っていた登山隊から、無事を知らせる連絡が入った。,"소식이 끊겼던 등산대로부터, 무사함을 알리는 연락이 들어왔다."
彼は事故で失った足に人造の義足を装着している。,그는 사고로 잃은 다리에 인조 의족을 장착하고 있다.
草原に寝転がって、流れる雲をぼんやりと眺めるのが好きだ。,"초원에 뒹굴며(누워서), 흐르는 구름을 멍하니 바라보는 것을 좋아한다."
練習を休むと、体力はすぐ衰える。,"연습을 쉬면, 체력은 금방 쇠퇴한다."
体調を整えるために、毎日漢方薬を煎じて飲んでいる。,"컨디션을 조절하기 위해, 매일 한약을 달여 마시고 있다."
柔らかいクッションに身を沈め、一日の疲れを癒やすひととき。,"부드러운 쿠션에 몸을 묻고, 하루의 피로를 치유하는 한때."
天然由来の成分を配合しているので、敏感肌の方でも安心です。,"천연 유래 성분을 배합하고 있어서, 민감성 피부인 분도 안심입니다."
彼の毒舌に場が凍りついた。,그의 독설에 분위기가 얼어붙었다.
長期のバカンスを利用して、ヨーロッパ各地を巡る旅に出た。,"장기 바캉스를 이용해서, 유럽 각지를 도는 여행을 떠났다."
山頂から見た朝焼けの美しさは、言葉では表現できないほど荘厳だった。,"산 정상에서 본 아침 노을의 아름다움은, 말로는 표현할 수 없을 정도로 장엄했다."
彼は亡き祖父の書簡を読み返して、当時の思いにふけった。,그는 고인이 된 할아버지의 서간을 다시 읽으며 그 당시의 생각에 잠겼다.
罰ゲームで食べた激辛カレーのせいで、口の中が火事のようだ。,"벌칙 게임으로 먹은 아주 매운 카레 탓에, 입안이 화재가 난 것 같다."
理不尽な憂き目に遭っても、彼女は笑顔を忘れなかった。,부당한 고초를 겪어도 그녀는 미소를 잃지 않았다.
避難所には簡易ベッドと毛布が並べられていた。,대피소에는 간이 침대와 담요가 줄지어 놓여 있었다.
歯車が一つ欠けると、全体の仕組みがうまく動かなくなる。,톱니바퀴 하나가 빠지면 전체 구조가 제대로 움직이지 않는다.
冬の寒さから守るため、畑の土の上に敷き藁をした。,겨울 추위로부터 보호하기 위해 밭의 흙 위에 짚을 깔았다.
急性アルコール中毒で搬送されないよう、お酒の飲み過ぎには注意しよう。,"급성 알코올 중독으로 이송되지 않도록, 과음에는 주의하자."
ご家族全員で楽しめる、大容量の１キログラム入りです。,"온 가족이 즐길 수 있는, 대용량 1kg 구성입니다."
南国のリゾートホテルで、波の音を聞きながら優雅な休暇を楽しむ。,"남국의 리조트 호텔에서, 파도 소리를 들으며 우아한 휴가를 즐긴다."
祖父は年々老いて、歩く速度がゆっくりになった。,할아버지는 해마다 늙어 걸음 속도가 느려졌다.
会計の割り勘で出た端数は、部長が払ってくれた。,회계 더치페이에서 나온 자투리 금액은 부장님이 내주셨다.
鋭い悲鳴が、静まり返った真夜中の空気を切り裂いた。,"날카로운 비명소리가, 쥐 죽은 듯 조용한 한밤중의 공기를 찢어발겼다."
彼らの前進を阻むものは何もなかった。,그들의 전진을 막을 것은 아무것도 없었다.
運命を決めるために、一枚のコインを高く空中に投げ上げた。,"운명을 결정하기 위해, 한 닢의 동전을 높이 공중으로 던져 올렸다."
武者震いなのか、試合を前にして体が小刻みに震うのを感じた。,"무사의 떨림(전율)인지, 시합을 앞두고 몸이 잘게 떨리는 것을 느꼈다."
すり鉢で胡麻を擂る。,절구공이로 깨를 간다.
着心地の良さと、シルエットの美しさを両立させました。,"착용감의 좋음과, 실루엣의 아름다움을 양립시켰습니다."
組織にいる以上、リーダーの指示に従うのがルールだ。,"조직에 있는 이상, 리더의 지시에 따르는 것이 규칙이다."
もしタイムトラベルができるなら、過去に戻ってあの時の失言を消したい。,"만약 시간 여행을 할 수 있다면, 과거로 돌아가서 그때의 실언을 지우고 싶다."
昨日は友達と喜劇映画を観て大笑いした。,어제는 친구와 코미디 영화를 보고 배꼽 빠지게 웃었다.
栄華の盛衰は早く、店も十年で様変わりした。,"영화의 성쇠는 빠르고, 가게도 10년 만에 완전히 달라졌다."
航空ショーで、ブルーインパルスが見事な編隊飛行を披露した。,항공 쇼에서 블루 임펄스가 멋진 편대 비행을 선보였다.
本日は貸切営業のため、一般のお客様はご入店いただけません。,"오늘은 대관 영업 때문에, 일반 고객님은 입장하실 수 없습니다."
会社のパンフレットをカラーで印刷した。,회사 팸플릿을 컬러로 인쇄했다.
彼は医学を志し、医者になるために勉強している。,그는 의학을 지망하여 의사가 되기 위해 공부하고 있다.
徹夜明けなのに今日は頭が冴えている。,밤샘했는데도 오늘은 머리가 또렷하다.
酵素の活性部位に基質が結合し、化学反応が触媒される。,"효소의 활성 부위에 기질이 결합하여, 화학 반응이 촉매된다."
赤ちゃんが暑さで苦しがって泣き出した。,아기가 더위 때문에 괴로워하며 울기 시작했다.
村の寡婦たちを支えるための制度が整えられた。,마을의 과부들을 지원하기 위한 제도가 정비되었다.
デジタル化には一長一短があり、すべてをアナログから移行すれば良いわけではない。,"디지털화에는 일장일단이 있어, 모든 것을 아날로그에서 이행하면 되는 것은 아니다."
指先で地球儀を回して次の旅行先を決める,손끝으로 지구본을 돌리며 다음 여행지를 정하다
彼は生みの親よりも、今の育て親に深い感謝を感じている。,그는 낳아준 부모보다 지금의 양부모에게 깊은 감사를 느끼고 있다.
仮定の話として聞いてほしいんだけど…。,가정적인 이야기로 들어 줬으면 해.
駐車場に高級車がずらりと並んでいる光景は壮観だ。,주차장에 고급차가 쭈욱 늘어서 있는 광경은 장관이다.
失敗を恐れずに挑戦する機会を逃さないでほしい。,실패를 두려워하지 말고 도전할 기회를 놓치지 않았으면 한다.
ダイヤの輝きが眩しくて目を細めた。,다이아몬드의 반짝임이 눈부셔 눈을 가늘게 떴다.
領収書の発行は可能です。お会計の際にお申し付けください。,영수증 발행은 가능합니다. 계산하실 때 말씀해 주십시오.
彼は業界の帝王とまで呼ばれている。,그는 업계의 제왕이라까지 불린다.
状況に応じて臨機応変に対応できるのが、彼の最大の強みだ。,"상황에 따라 임기응변으로 대응할 수 있는 것이, 그의 최대 강점이다."
ランチタイムの予約は受け付けておりませんので、直接お越しください。,"런치 타임 예약은 받지 않고 있으니, 직접 와 주십시오."
会議には、各部門の精粋が集められた。,회의에는 각 부문의 정예가 모였다.
この道路は凹凸が多くて走りにくい。,이 도로는 요철이 많아서 달리기 어렵다.
風邪気味なので内科を受診した。,감기 기운이 있어서 내과에 진료를 받으러 갔다.
門外不出の秘伝のタレが、この店の味の決め手だ。,"문외불출(문 밖으로 내보내지 않음)의 비전 소스가, 이 가게 맛의 결정적 수단(비결)이다."
子どもたちは川の岸で石を投げて水切りをしていた。,아이들은 강가에서 돌을 던지며 물수제비를 뜨고 있었다.
八方塞がりの状況でも、諦めなければ必ず突破口は見つかる。,"팔방이 막힌(사면초가) 상황에서도, 포기하지 않으면 반드시 돌파구는 보인다."
その古い慣習は、今の時代にはそぐわない時代錯誤なものだ。,"그 낡은 관습은, 지금 시대에는 맞지 않는 시대착오적인 것이다."
体調が悪いので、近所の医院に行って診察してもらう。,"몸 상태가 나빠서, 동네 의원에 가서 진찰을 받는다."
景気の先行きを憂え、無駄な支出を減らすことにした。,경기 전망을 걱정해 불필요한 지출을 줄이기로 했다.
ローマは一日にして成らず、大事業を成し遂げるには長い時間が必要だ。,"로마는 하루아침에 이루어지지 않았다, 큰 사업을 이룩하려면 긴 시간이 필요하다."
博物館で元帥の礼服を見て、歴史の重さを感じた。,"박물관에서 원수(元帥)의 예복을 보고, 역사의 무게를 느꼈다."
命短し恋せよ乙女、若いうちに情熱的な恋愛をしておきなさい。,"생명이 짧으니 사랑하라 소녀여, 젊을 때 정열적인 연애를 해 두렴."
提出期限を過ぎたレポートは、原則として受け付けません。,제출 기한을 넘긴 리포트는 원칙적으로 접수하지 않습니다.
首相は演説で、作戦の統帥権は文民が握ると強調した。,"총리는 연설에서, 작전의 통수권은 문민이 쥔다고 강조했다."
波戸場で船を待つ間、カモメが飛んでいるのを眺めていた。,"부두에서 배를 기다리는 동안, 갈매기가 날고 있는 것을 바라보고 있었다."
お忘れ物がないよう、最後にもう一度お席をご確認ください。,"잊으신 물건이 없도록, 마지막으로 다시 한번 자리를 확인해 주십시오."
スマホの登場により、ほんの十年前と比べても隔世の感がある。,"스마트폰의 등장으로 인해, 불과 10년 전과 비교해도 격세지감(아주 딴 세상 같은 느낌)이 있다."
台所で鼠を見かけて、慌てて悲鳴を上げた。,부엌에서 쥐를 보고 깜짝 놀라 비명을 질렀다.
純粋な好意だと分かっていても、つい疑ってしまう。,"순수한 호의인 걸 알면서도, 자꾸 의심하게 된다."
夜景の見える席を確約するプランもございますが、いかがなさいましょう。,"야경이 보이는 자리를 확약하는 플랜도 있습니다만, 어떻게 하시겠습니까."
男の子が虫をさがしています。,남자아이가 벌레를 찾고 있습니다.
国語の授業で、有名な詩を暗唱するように言われた。,국어 수업에서 유명한 시를 암송하라고 지시받았다.
早期の治療が、回復を大きく左右する。,조기 치료가 회복을 크게 좌우한다.
スパイは機密情報を守るため、複雑な暗号を使って通信した。,스파이는 기밀 정보를 지키기 위해 복잡한 암호를 사용하여 통신했다.
男の子は、虫を捕まえるのが好きだ。,남자아이는 벌레 잡는 것을 좋아한다.
同じ種でも個体によって性格が大きく異なることがある。,같은 종이라도 개체에 따라 성격이 크게 다른 경우가 있다.
老舗レストランのコックが自慢のソースを鍋で煮込んでいる。,오래된 레스토랑의 요리사가 자랑하는 소스를 냄비에 끓이고 있다.
不正が発覚し、職から追放された。,부정이 들통나 직에서 추방되었다.
住めば都、最初は不便だと思っていたこの町も今では大好きだ。,"살면 곧 수도(정들면 고향), 처음에는 불편하다고 생각했던 이 동네도 지금은 정말 좋다."
井の中の蛙大海を知らず、もっと広い世界を見て視野を広げるべきだ。,"우물 안 개구리 대해를 모른다, 더 넓은 세상을 보고 시야를 넓혀야 한다."
石の上にも三年、辛くても辛抱し続ければいつか必ず報われる。,"돌 위에도 3년(참고 견디면 복이 온다), 괴로워도 계속 참으면 언젠가 반드시 보답받는다."
スピンのかかったボールが、手元で鋭く曲がりました。,"스핀이 걸린 공이, 손앞에서 날카롭게 휘어졌습니다."
微分積分学の基本定理は、微分と積分が互いに逆演算であることを示す。,미적분학의 기본정리(FTC)는 미분과 적분이 서로 역연산임을 보여준다.
昼休みに川沿いを散歩すると、頭がすっきりする。,"점심시간에 강가를 산책하면, 머리가 개운해진다."
無駄な消費を減らして、今月は貯金を増やす。,불필요한 소비를 줄여서 이번 달은 저금을 늘린다.
忙殺されて、昼ご飯を食べる時間もなかった。,업무에 치여 점심 먹을 시간도 없었다.
人手不足は焦眉の課題で、現場が回らない。,인력 부족은 시급한 과제라 현장이 돌아가지 않는다.
部屋に加湿器と空気清浄機を用意してもらうことはできますか。,방에 가습기와 공기청정기를 준비해 주실 수 있나요.
当日ですが、急に歯が痛くなったので診ていただけますか。,"당일입니다만, 갑자기 치아가 아파서 진료받을 수 있나요."
一寸先は闇、明日のことなど誰にも予測できない。,"한 치 앞은 어둠, 내일 일 따위 아무도 예측할 수 없다."
寮では分担で炊事をして、夕食を回している。,기숙사에서는 분담으로 취사(요리)를 해서 저녁을 돌아가며 맡는다.
机の上が汚いので片付けなさい。,책상 위가 지저분하니까 정리해라.
旅費を少しでも抑えるため、夜行バスを選んだ。,여행비를 조금이라도 아끼려고 야간버스를 골랐다.
一尉は部下たちを前に、作戦の概要を冷静に説明した。,일위(대위)는 부하들 앞에서 작전 개요를 냉정하게 설명했다.
彼は守備が堅く、簡単には点を取らせない。,그는 수비가 탄탄해서 쉽게 점수를 내주지 않는다.
最近頻りに雨が降る。,요즘 부쩍 비가 자주 온다.
時は金なり、効率的な時間の使い方がビジネスの成功を左右する。,"시간은 금이다, 효율적인 시간 사용법이 비즈니스의 성공을 좌우한다."
会社が社員に交通費を支給している。,회사가 직원에게 교통비를 지급하고 있다.
近くにコインパーキングはありますか。,근처에 코인 주차장은 있나요.
施術後の注意点などはありますか。,시술 후 주의사항 같은 것은 있나요.
善は急げと言うから、思い立ったらすぐに行動に移そう。,"선은 서둘러라(좋은 일은 서둘러야 한다)고 하니, 마음먹었으면 바로 행동으로 옮기자."
彼はぎりぎり及第点を取り、なんとか留年を免れた。,그는 간신히 합격 점수를 받아 어떻게든 유급을 면했다.
新しい予算に関する議案が国会に提出された。,새 예산에 관한 의안이 국회에 제출되었다.
先行者利益を確保するため、リスクを恐れずに市場への早期参入を決断した。,"선발 주자 이익을 확보하기 위해, 리스크를 두려워하지 않고 시장 조기 진입을 결단했다."
魚は海の産、人は大地の産とも言われる。,"물고기는 바다의 산, 사람은 대지의 산이라고도 한다."
お店の場所がよく分からないのですが、駅からどのくらいですか。,"가게 위치를 잘 모르겠는데, 역에서 어느 정도인가요."
カメラが揺れて焦点が振れ、映像がぶれた。,카메라가 흔들려 초점이 어긋나 영상이 흔들렸다.
仕事が遅くなったので、コンビニで夜御飯を買って帰った。,일이 늦어져서 편의점에서 저녁밥을 사서 귀가했다.
千里の道も一歩から、毎日の小さな積み重ねが大きな成果を生む。,"천 리 길도 한 걸음부터, 매일의 작은 축적이 큰 성과를 낳는다."
捜査の進展は少しずつで、証言の裏付けに時間がかかった。,수사의 진전은 조금씩이었고 진술의 뒷받침에 시간이 걸렸다.
共有結合が非常に強固であるため、この分子は高温でも安定だ。,"공유 결합이 매우 견고하기 때문에, 이 분자는 고온에서도 안정적이다."
彼女は紺色のスーツをきちんと着こなしていた。,그녀는 감색 정장을 단정하게 차려입고 있었다.
予約確認の電話は必要ですか。,예약 확인 전화는 필요한가요.
次の試合は勝負どころだから、集中しよう。,다음 경기는 승부처니까 집중하자.
この村には昔からの仕来りが残っている。,이 마을에는 옛 풍습이 남아 있다.
今さら後戻りはできない、前に進もう。,"이제 와서 되돌아갈 수는 없어, 앞으로 나아가자."
ここは学校の敷地内です。,여기는 학교 부지 안입니다.
大雪のため、今日のゼミは休講になった。,폭설 때문에 오늘 세미나는 휴강이 되었다.
その地域には固有の方言と文化が残っている。,그 지역에는 고유의 방언과 문화가 남아 있다.
汚れ物は洗濯機の横に置いておいて。,더러운 빨랫감은 세탁기 옆에 놔 둬.
お席は２時間制となっております。,좌석은 2시간제입니다.
視聴者からのコメントが番組のSNSに次々と寄せられている。,시청자들의 댓글이 방송 프로그램 SNS에 잇따라 올라오고 있다.
パーティーで旧知の友人と十年ぶりに再会した。,파티에서 옛 친구와 10년 만에 다시 만났다.
泥だらけの道を歩くとズボンが汚れる。,진흙투성이 길을 걷다 보면 바지가 더러워진다.
彼は手を振る振りをして、実はスマホを見ていた。,그는 손을 흔드는 척했지만 사실은 스마트폰을 보고 있었다.
それでは、こちらで手配致します。,그럼 이쪽에서 준비해 드리겠습니다.
子供が紙に色々な図形を描いている。,아이가 종이에 여러 가지 도형을 그리고 있다.
これは彼が長年追い求めてきた究極の目標だ。,이것은 그가 오랫동안 추구해 온 궁극의 목표이다.
地震の被災地に救援物資が送られた。,지진 피해 지역에 구호 물자가 보내졌다.
通帳を見たら残高がほとんどなかった。,통장을 보니 잔고가 거의 없었다.
島に渡るフェリーが霧で欠航になった。,섬으로 가는 페리가 안개로 결항됐다.
珍奇な昆虫を集めるのが彼の趣味だ。,진기한 곤충을 모으는 것이 그의 취미다.
賢者は聞き、愚者は語る。,"현자는 듣고, 어리석은 자는 말한다. - 소크라테스"
スポーツ選手としての全盛期は短く、引退後の人生の方が遥かに長い。,"스포츠 선수로서의 전성기는 짧고, 은퇴 후의 인생이 훨씬 길다."
窓ガラスの汚れが気になる。,창문 유리의 얼룩이 신경 쓰인다.
今日は忙しいから、用件だけ先に言って。,오늘 바쁘니까 용건만 먼저 말해.
彼はその研究に生涯を捧げ、歴史に残る偉大な発見をした。,"그는 그 연구에 생애를 바쳐, 역사에 남을 위대한 발견을 했다."
多数派の意見に盲目的に同調するのは危険だ。,다수파 의견에 맹목적으로 동조하는 것은 위험하다.
昔この町には紡績工場が立ち並んでいた。,예전에는 이 마을에 방적 공장이 줄지어 서 있었다.
店の看板には「はやり廃りが激しい業界」と書いてあった。,가게 간판에는 “유행의 흥망이 심한 업계”라고 쓰여 있었다.
このグラフの曲線は需要の変化を示している。,이 그래프의 곡선은 수요의 변화를 나타낸다.
地震の振動で観光が不振になり、町は振興策を急いだ。,"지진의 진동으로 관광이 부진해져, 마을은 진흥책을 서둘렀다."
船は海路で物資を運んでいる。,배는 해로로 물자를 운송하고 있다.
晩年は病気がちだったが、最期まで絵筆を握り続けた画家がいた。,"만년(노년)에는 병치레가 잦았지만, 최후까지 붓을 계속 쥐었던 화가가 있었다."
医療技術の進歩により、人間の寿命は今後さらに延びるだろう。,"의료 기술의 진보에 의해, 인간의 수명은 앞으로 더욱 늘어날 것이다."
幅広い教養を身につけることは人生を豊かにする。,폭넓은 교양을 쌓는 것은 인생을 풍요롭게 한다.
彼の研究は新薬の開発に大きく寄与した。,그의 연구는 신약 개발에 크게 기여했다.
定年退職後の老後は、田舎に移住して晴耕雨読の生活を送るのが夢だ。,"정년 퇴직 후의 노후는, 시골로 이주해 주경야독(맑으면 밭 갈고 비 오면 책 읽는)의 생활을 보내는 것이 꿈이다."
長い療養生活を経て、ようやく病が癒える兆しが見えてきた。,"긴 요양 생활을 거쳐, 드디어 병이 낫는 조짐이 보이기 시작했다."
成人式を迎え、大人の仲間入りをした自覚と責任感が芽生える。,"성인식을 맞이해, 어른의 대열에 합류했다는 자각과 책임감이 싹튼다."
物理的な空間には限りがあるが、電子データならいくらでも保存できる。,"물리적 공간에는 한계가 있지만, 전자 데이터라면 얼마든지 보존할 수 있다."
今年は天候に恵まれて稲が豊作だった。,올해는 날씨가 좋아 벼가 풍작이었다.
未開の地を開拓して新しい農地を作った。,미개척지를 개척해 새로운 농지를 만들었다.
新しいトンネルの開通で通勤時間が短くなった。,새 터널 개통으로 통근 시간이 짧아졌다.
大地震で古いビルが一瞬で崩壊した。,큰 지진으로 오래된 빌딩이 한순간에 붕괴했다.
昔のラジオにはたくさんのトランジスタが使われていた。,옛날 라디오에는 많은 트랜지스터가 사용되어 있었다.
地球の海洋は私たちの生活と深く結びついている。,지구의 해양은 우리의 생활과 깊이 연결되어 있다。
温度はコンピューターで自動制御されている。,온도는 컴퓨터로 자동 제어되고 있다.
小さな漁村には古い木造の家が並んでいる。,작은 어촌에는 오래된 목조 집들이 늘어서 있다.
妊娠が分かってから、食生活に気をつけるようになった。,임신을 알게 된 뒤로 식생활을 더 신경 쓰게 되었다.
田舎の祖母から手紙とお菓子の入った小包みが届いた。,시골 할머니에게서 편지와 과자가 들어 있는 소포가 도착했다.
歳月人を待たず、やりたいことがあるなら今すぐ始めるべきだ。,"세월은 사람을 기다려 주지 않는다, 하고 싶은 일이 있다면 지금 당장 시작해야 한다."
引っ越し用の箱に、本を詰めた。,이사 박증에 책을 채웠다.
賃料は毎月２５日までに、指定の銀行口座へ振り込んでください。,임대료는 매월 25일까지 지정된 은행 계좌로 이체해 주십시오.
戦場は阿鼻叫喚の地獄と化した。,전장은 아비규환의 지옥으로 변했다.
提出期限を守らないと減点される。,제출 기한을 지키지 않으면 감점된다.
時間を勘違いして、会議に遅れてしまった。,시간을 착각해서 회의에 늦어 버렸다.
週末に、新しくできた劇場へミュージカルを見に行く予定だ。,주말에 새로 생긴 극장에 뮤지컬을 보러 갈 예정이다.
栄養が偏った食生活は健康に良くない。,영양이 치우친 식생활은 건강에 좋지 않다.
乾燥で口唇が切れて、リップクリームを塗った。,"건조해서 입술이 터, 립밤을 발랐다."
店員の態度が無愛想で、少しがっかりした。,점원의 태도가 퉁명스러워서 조금 실망했다.
年末の贈答品を選びに、デパートの食品売り場へ行った。,연말 선물(증답) 상품을 고르러 백화점 식품 매장에 갔다.
次元の違う強さを見せつけ、チャンピオンは防衛に成功した。,"차원이 다른 강함을 과시하며, 챔피언은 방어에 성공했다."
神主が祝詞を唱え、結婚式が始まった。,신관이 축사를 외우며 결혼식이 시작되었다.
空想の世界に逃げ込むことで、彼は辛い現実から身を守っていた。,"공상 세계로 도망치는 것으로, 그는 괴로운 현실로부터 몸을 지키고 있었다."
その映画は怖いけど、最後まで見たい。,그 영화는 무섭지만 끝까지 보고 싶다.
申込書には氏名を楷書で書いてください。,신청서에는 성명을 정자로 써 주세요.
木の枝を使って小さな動物の細工を作った。,나뭇가지를 이용해 작은 동물 모형 세공을 만들었다.
祖父の家がある農村では、今でも季節ごとに祭りが開かれる。,할아버지 집이 있는 농촌에서는 지금도 계절마다 축제가 열린다.
この店は有名だから、行列は覚悟してね。,이 가게는 유명하니까 줄 설 각오는 해.
この机はとても頑丈で、少しぐらいでは壊れない。,이 책상은 아주 튼튼해서 웬만해서는 부서지지 않는다.
首府の中心部は、夜でも人通りが多い。,수도의 중심부는 밤에도 유동 인구가 많다.
時間がないから、何しろ急いで準備しよう。,시간이 없으니까 아무튼 서둘러 준비하자.
心理的な距離を縮めるには、相手の話をよく聞くことが大切だ。,"심리적 거리를 좁히려면, 상대방의 이야기를 잘 듣는 것이 중요하다."
古い城にはかつて貴族が住んでいた。,옛 성에는 한때 귀족이 살고 있었다.
定期メンテナンスのため、以下の日程でウェブサイトを停止します。,정기 점검을 위해 다음 일정으로 웹사이트 운영을 정지합니다.
遠くから笛の音が聞こえてきた。,멀리서 피리 소리가 들려왔다.
彼は名誉を傷つけられたとして抗議した。,그는 명예가 훼손됐다며 항의했다.
投資に失敗して、とうとう破産してしまった。,투자에 실패해 결국 파산하고 말았다.
彼は社会の規範を重んじるタイプだ。,그는 사회 규범을 중시하는 타입이다.
芸能人のスキャンダルが週刊誌で暴露された。,연예인의 스캔들이 주간지에서 폭로되었다.
時空を超えて愛し合う二人の物語は、涙なしには読めない。,"시공을 초월하여 서로 사랑하는 두 사람의 이야기는, 눈물 없이는 읽을 수 없다."
トンネル掘削工事の現場では巨大な機械が動いている。,터널 굴착 공사 현장에서는 거대한 기계가 움직이고 있다.
地味だった彼女が、メイクでまるで別人に化けた。,수수하던 그녀가 화장으로 완전히 딴 사람처럼 변했다.
死角から飛び出してきた自転車に驚き、心臓が止まるかと思った。,"사각지대에서 튀어 나온 자전거에 놀라, 심장이 멈추는 줄 알았다."
古い塀のペンキがところどころ剥げている。,오래된 담장의 페인트가 군데군데 벗겨져 있다.
視野を広げるために、若いうちに海外へ留学することを勧める。,"시야를 넓히기 위해, 젊을 때 해외로 유학 가는 것을 권한다."
展覧会の観覧には事前予約が必要だ。,전람회 관람에는 사전 예약이 필요하다.
神様に願っても、貧乏神だけは居座っている気がする。,신에게 빌어도 가난의 신만은 눌러앉아 있는 것 같다.
友達を慰める言葉が見つからなかった。,친구를 위로할 말을 찾을 수 없었다.
先ほどの発言は取り消します。,방금 한 발언은 취소하겠습니다.
徹夜が続いて疲労がたまっている。,밤샘이 계속돼서 피로가 쌓여 있다.
政府は軍備の縮小を段階的に進めている。,정부는 군비 축소를 단계적으로 진행하고 있다.
ケーキの残りは冷蔵庫に入れておいてね。,케이크 남은 건 냉장고에 넣어 둬.
大聖堂の内部は荘厳な雰囲気に包まれていた。,대성당 내부는 장엄한 분위기에 싸여 있었다。
あと何分で電車が来るかを時計で正確に計った。,기차가 몇 분 뒤에 올지 시계를 보며 정확히 잿다.
大雨で下水があふれて道路が冠水した。,폭우로 하수가 넘쳐 도로가 침수되었다.
薬を小さな匙で量る。,약을 작은 숟가락으로 잰다.
パーティーには海外からのゲストも招かれている。,파티에는 해외에서 온 게스트도 초대되어 있다.
夢と現実の境界線が曖昧になり、自分がどこにいるのか分からなくなった。,"꿈과 현실의 경계선이 애매해져, 자신이 어디에 있는지 모르게 되었다."
明日でも特に差し支えありません。,내일이어도 특별히 지장은 없습니다.
会社側の都合で、契約は一方的に破棄された。,회사 측 사정으로 계약이 일방적으로 파기되었다.
この店は年中無休で営業している。,이 가게는 연중무휴로 영업한다.
別々の薬品を混合するときは、安全に十分注意してください。,서로 다른 약품을 혼합할 때에는 안전에 충분히 주의하세요.
二つの勢力の勢力圏が重なる緩衝地帯では、緊張が続いている。,"두 세력의 세력권이 겹치는 완충 지대에서는, 긴장이 계속되고 있다."
朝、慌ててコンタクトを入れたら片方を落としてしまった。,아침에 허둥지둥 콘택트렌즈를 끼다가 한 쪽을 떨어뜨리고 말았다.
この町には助け合う気風が根付いている。,이 마을에는 서로 돕는 기풍이 뿌리내려 있다.
人倫に反する行いは、どんな理由でも許されない。,인륜에 어긋나는 행위는 어떤 이유로도 용서될 수 없다.
神聖な空気の中で深呼吸し、神経と精神を整えた。,신성한 공기 속에서 깊게 숨을 쉬며 신경과 정신을 가다듬었다.
採用選考の結果は、合否に関わらず一週間以内にメールで通知します。,채용 전형 결과는 합격 여부와 관계없이 1주일 이내에 메일로 통지합니다.
廃墟となった遊園地で、錆びついた観覧車が風に吹かれて軋む音を立てる。,"폐허가 된 유원지에서, 녹슨 관람차가 바람을 맞아 삐걱거리는 소리를 낸다."
引っ越し中に家具が破損してしまった。,이사 중에 가구가 파손되고 말았다.
結界を張って、悪霊が家の中に入ってこないようにした。,"결계를 쳐서, 악령이 집 안으로 들어오지 못하게 했다."
双子の兄弟でも性格はまったく違う。,쌍둥이 형제라도 성격은 전혀 다르다.
電脳空間にダイブして、ハッカーは厳重なセキュリティを突破した。,"전뇌 공간(사이버 스페이스)에 다이브해서, 해커는 엄중한 보안을 돌파했다."
この町は港のおかげで長い間繁栄してきた。,이 도시는 항구 덕분에 오랫동안 번영해 왔다.
式典で腕章を着けたスタッフが、来客を丁寧に案内した。,행사에서 완장을 찬 스태프가 방문객을 정중히 안내했다.
そんな噂話は彼女の名誉を汚すだけだ。,그런 소문은 그녀의 명예를 더럽힐 뿐이다.
通信障害が続き、取引先の信用と信頼を失いかけた。,통신 장애가 계속되어 거래처의 신용과 신뢰를 잃을 뻔했다.
規則に反する行為は厳しく注意される。,규칙에 반하는 행위는 엄하게 주의를 받는다.
国民の負担が増える政策だと批判された。,국민 부담이 늘어나는 정책이라며 비판받았다.
医師がカルテに症状を詳しく記録した。,의사가 차트에 증상을 자세히 기록했다.
旅行ガイドブックで、その珍しい地名の由来を調べた。,여행 가이드북에서 그 희귀한 지명의 유래를 찾아보았다.
築山の上から眺めると、池が小さな海のように見える。,인공 언덕 위에서 바라보면 연못이 작은 바다처럼 보인다.
新作ゲームの情報に、みんな興味津々だった。,신작 게임 소식에 모두가 흥미진진해했다.
婦人向けの雑誌コーナーを見て回った。,부인용 잡지 코너를 둘러보았다.
仮想現実の世界では、なりたい自分になって空を飛ぶこともできる。,"가상 현실(VR)의 세계에서는, 되고 싶은 자신이 되어 하늘을 날 수도 있다."
人目を気にしすぎると自由に生きられない。,남의 시선을 너무 신경 쓰면 자유롭게 살 수 없다.
四次元ポケットのように、何でも出てくる不思議な鞄を持っている。,"4차원 주머니처럼, 뭐든지 나오는 신기한 가방을 가지고 있다."
台風の接近に伴い、明日の始業時間を１０時に変更します。,"태풍 접근에 따라, 내일 시무 시간을 10시로 변경합니다."
監督が選手を督励している。,감독이 선수를 격려하고 있다.
二つのプランを費用と効果で比較して決めよう。,두 가지 계획을 비용과 효과로 비교해서 결정하자.
急にハンドルを切ったせいで車が大きく揺れた。,갑자기 핸들을 꺾는 바람에 차가 크게 흔들렸다.
惑星の軌道を計算し、探査機を正確に目的地へ送り込む。,"행성의 궤도를 계산하여, 탐사기를 정확하게 목적지로 보낸다."
ブラックホールの事象の地平線に近づくと、時間は引き伸ばされる。,"블랙홀의 사건의 지평선에 가까워지면, 시간은 늘어난다."
位相幾何学では、ドーナツとマグカップは同相であると見なされる。,위상기하학(토폴로지)에서는 도넛과 머그컵을 위상동형으로 간주한다.
夏は公園の日陰にベンチを移して休む。,여름에는 공원의 그늘로 벤치를 옮겨 쉬곤 한다.
古い映画では銀の食器がよく使われている。,옛 영화에서는 은 식기가 자주 사용된다.
商店街の通りは祭りの提灯で華やいでいた。,상점가 거리는 축제의 등불로 화사했다.
犯人は突然ナイフを取り出し、被害者に切り付けた。,범인은 갑자기 칼을 꺼내 피해자를 베었다.
彼は一線を越えて規則を侵し、処分を受けた。,그는 선을 넘어 규칙을 어겨 처분을 받았다.
説明は一通り聞いたので、あとは自分で考えてみる。,설명은 대충 한 번 들었으니 이제부터는 스스로 생각해 보겠다.
怒りを抑えるコツは深呼吸で、会議では抑えが効いた発言を心がけた。,"분노를 억누르는 요령은 심호흡이고, 회의에서는 절제된(억제가 잘 된) 발언을 유의했다."
彼は十年間この仕事一筋でやってきた。,그는 10년간 이 일 한길만 파 왔다.
悠久の時を経て、その遺跡は今もなお砂漠の中に佇んでいる。,"유구한 시간을 거쳐, 그 유적은 지금도 여전히 사막 속에 서 있다."
このカレーは辛いが、辛みが癖になり、辛うじて完食した。,"이 카레는 맵지만 매운맛이 중독되어, 간신히 다 먹었다."
人生の岐路に立たされ、どちらの道に進むべきか迷っている。,"인생의 기로에 서게 되어, 어느 길로 나아가야 할지 망설이고 있다."
藤棚には、紫色の美しい花が数房垂れ下がっている。,등나무 시렁에는 보라색의 아름다운 꽃이 여러 송이 늘어져 있다.
無重力の宇宙空間で、水が丸い玉になって漂っている。,"무중력의 우주 공간에서, 물이 둥근 구슬이 되어 떠다니고 있다."
彼女は母にもらった首飾りを大切にしている。,그녀는 어머니에게 받은 목걸이를 소중히 간직하고 있다.
永劫の孤独を感じながら、吸血鬼は城の窓から月を見上げた。,"영겁의 고독을 느끼며, 흡혈귀는 성 창문으로 달을 올려다보았다."
都会の真ん中で彼は深い孤独を感じていた。,도시 한가운데에서 그는 깊은 고독을 느끼고 있었다.
単身で赴任し、等身大の鏡で身体の姿勢をチェックした。,단신으로 부임해 전신 거울로 몸의 자세를 점검했다.
その英雄の逸話は、今も町の広場で語り継がれている。,그 영웅의 일화는 지금도 마을 광장에서 전해 내려온다.
瞬きする間もなく、マジシャンは鳩を消してしまった。,"눈 깜짝할 사이도 없이, 마술사는 비둘기를 없애 버렸다."
子どもの頃、よく友だちとじゃんけんをして遊んだ。,어렸을 때 친구들과 가위바위보를 자주 하며 놀았다.
地球の歴史から見れば、人間の人生などほんの一瞬の出来事に過ぎない。,"지구의 역사로 보면, 인간의 인생 따위 그저 한순간의 일에 지나지 않는다."
鉛筆の芯が折れて、テスト中に焦った。,연필심이 부러져서 시험 도중에 당황했다.
花火が夜空に咲いた刹那、彼女の横顔が鮮やかに照らし出された。,"불꽃이 밤하늘에 핀 찰나, 그녀의 옆모습이 선명하게 비치어졌다."
被災地の写真は痛ましくて、目をそらしたくなる。,피해 지역 사진은 참혹해서 눈을 돌리고 싶어진다.
終日雨が降り続き、予定していた野球の試合は中止になった。,"종일 비가 계속 내려, 예정했던 야구 시합은 중지되었다."
生涯現役を貫き、九十歳になっても現場に立ち続けた職人がいた。,"평생 현역을 고수하며, 90세가 되어서도 현장에 계속 섰던 장인이 있었다."
この町は海抜が高低差のある地形だ。,이 마을은 해발 고저차가 있는 지형이다。
公園で子どもが風景の写生をしている。,공원에서 아이가 풍경을 사생하고 있다.
この条件に合わないものは除いて考えましょう。,이 조건에 맞지 않는 것은 제외하고 생각해 봅시다.
子どもが床一面に玩具を広げて遊んでいる。,아이들이 바닥 가득 장난감을 펼쳐 놓고 놀고 있다.
住民の意向を丁寧にくみ取らないまま進められる再開発計画に、疑問の声が上がっている。,주민의 의향을 세심히 수렴하지 않은 채 진행되는 재개발 계획에 의문의 목소리가 나오고 있다.
情報理論におけるシャノン限界は、通信路容量を超えて情報を誤りなく伝送できないことを示す。,정보이론의 섀넌 한계는 통신로 용량을 넘어 정보를 오류 없이 전송할 수 없음을 나타낸다.
地方の路線バスの便が絶えれば、高齢者の生活はたちまち不自由になる。,지방 노선버스 운행이 끊기면 노인들의 생활은 금세 불편해진다.
企業のスポンサー意向に左右されない報道姿勢を、メディアは自らに課すべきだ。,기업 스폰서의 의향에 좌우되지 않는 보도 자세를 언론은 스스로에게 요구해야 한다.
工場からの排水が川を汚染している。,공장에서 나오는 폐수가 강을 오염시키고 있다.
深海の海底で新種が見つかった。,심해의 해저에서 신종이 발견됐다。
共稼ぎの夫婦は家事も分担しながら暮らしている。,맞벌이 부부는 집안일도 나눠 하며 생활하고 있다.
試合結果に一喜一憂せず、次の練習に集中しよう。,경기 결과에 일희일비하지 말고 다음 훈련에 집중하자.
記憶の奥底にしまっていた景色がよみがえった。,기억의 깊은 곳에 넣어둔 풍경이 되살아났다。
田舎で有機野菜を栽培している。,시골에서 유기 채소를 재배하고 있다.
議論の場から異論が絶えるとき、その組織は自ら劣化の道を歩み始める。,논의의 장에서 이견이 사라질 때 그 조직은 스스로 퇴보의 길을 걷기 시작한다.
失敗と決めつけるのは尚早だ。,실패라고 단정하기엔 아직 이르다。
用件があれば内線で呼んでください。,용무가 있으면 내선으로 불러 주세요.
大臣は記者会見で新しい政策を発表した。,대신은 기자회견에서 새로운 정책을 발표했다.
英語の文章を声に出して音読する。,영어 문장을 소리 내어 낭독한다.
長期間放置されていた空き家は、植物に覆われて廃墟のようになっていた。,"장기간 방치되어 있던 빈집은, 식물에 덮여 폐허처럼 되어 있었다."
テーブルにナプキンをきちんと置いてから食事を始めた。,테이블에 냅킨을 가지런히 놓고 나서 식사를 시작했다.
期間限定のスイーツを求めて、開店前から長い列ができている。,"기간 한정 디저트를 찾아서, 개점 전부터 긴 줄이 생겨 있다."
箱の中身が逆様になってしまった。,상자 안의 내용물이 뒤집혀 버렸다.
参加者は全部で百名を超えた。,참가자는 모두 100명을 넘었다.
奇跡的な確率で宝くじに当選し、人生が一変した。,"기적적인 확률로 복권에 당첨되어, 인생이 일변했다."
上司にじっと睨まれて、会議室の空気が一気に冷えた。,상사가 노려보는 바람에 회의실 분위기가 순식간에 싸늘해졌다.
入社初日に社章と社員証が配られた。,입사 첫날에 사장과 사원증이 나눠졌다.
不肖の弟子ですが、精一杯努めます。,불초한 제자이지만 최선을 다하겠습니다。
二人の趣味はどこか似通っている。,두 사람의 취미는 어딘가 서로 비슷하다.
時折見せる彼女の寂しげな表情が、ずっと気にかかっている。,"때때로 보여주는 그녀의 쓸쓸한 표정이, 계속 마음에 걸린다."
落ち葉を集めて焚き火で燃やした。,낙엽을 모아 모닥불에 태웠다.
大雨で川の水位が上がり、堤が決壊する恐れがあると警報が出た。,"폭우로 강 수위가 올라, 둑이 붕괴될 우려가 있다고 경보가 나왔다."
干ばつに備えて町は貯水池の水位を毎日確認している。,가뭄에 대비해 마을은 저수지 수위를 매일 확인하고 있다.
四六時中スマホをいじっている現代人は、デジタルデトックスが必要かもしれない。,"사시사철(하루 종일) 스마트폰을 만지작거리는 현대인은, 디지털 디톡스가 필요할지도 모른다."
子どものシャツには泥の斑がたくさんついている。,아이 셔츠에는 진흙 얼룩이 여기저기 묻어 있다.
頻繁にエラーが発生するシステムの原因を、徹夜で究明した。,"빈번하게 에러가 발생하는 시스템의 원인을, 철야로 규명했다."
ご予約の時間に遅れる場合は、必ず店舗までご連絡をお願いいたします。,"예약 시간에 늦을 경우, 반드시 점포로 연락을 부탁드립니다."
取引先の接待で、和食の店を予約した。,"거래처 접대로, 일본식 식당을 예약했다."
会議での言い方を反省して、次は落ち着いて話すと決めた。,"회의에서의 말투를 반성하고, 다음엔 차분히 말하기로 했다."
子猫が私の寝床にもぐりこんだ。,새끼 고양이가 내 잠자리로 파고들었다。
物置の奥から、昔使っていた自転車が見つかった。,창고 깊숙한 곳에서 예전에 쓰던 자전거가 나왔다.
出張中の部長に、この資料を渡してほしいと君に言付けられた。,출장을 간 부장에게 이 자료를 전해 달라고 너에게 부탁을 맡겼다.
投資物件から安定した収益が上がっている。,투자 물건에서 안정적인 수익이 나오고 있다.
提出の遅れは評価に影響します。,제출 지연은 평가에 영향을 줍니다.
風呂上がりに裸足で床を歩くと冷たい。,목욕 후 맨발로 바닥을 걸으면 차갑다。
床下からカビ臭い匂いがした。,마루 밑에서 곰팡이 냄새가 났다。
念願のマイホームを手に入れて、家族みんなで引っ越し祝いをした。,염원하던 내 집을 장만해 가족 모두 함께 집들이를 했다.
根拠のない誹謗中傷は、法的措置の対象となりますのでご注意ください。,근거 없는 비방 중상은 법적 조치의 대상이 되므로 주의해 주십시오.
毎日新聞を隅々まで読む習慣は、父から受け継いだものだ。,"매일 신문을 구석구석까지 읽는 습관은, 아버지로부터 물려받은 것이다."
子どもは教科書の文字を指でなぞりながら声に出して読んでいた。,아이는 교과서의 글자를 손가락으로 짚어 가며 소리 내 읽고 있었다.
このかばんは幾らですかと店員に尋ねた。,이 가방은 얼마냐고 점원에게 물었다.
その案に異議がある人は、今ここで率直に述べてほしい。,그 안건에 이의가 있는 사람은 지금 여기서 솔직히 말해 주길 바란다.
ブロックチェーンのハッシュ関数は、データの改ざんを即座に検知するために不可欠な技術だ。,블록체인의 해시 함수는 데이터의 위변조를 즉시 감지하기 위해 필수 불가결한 기술이다.
ケーキの出来上がりはどうですか。,케이크 완성은 어때요?
検事は被告に厳しい質問を投げかけた。,검사는 피고에게 날카로운 질문을 던졌다.
市は新しい下水管を敷設した。,시는 새로운 하수관을 부설했다.
毎週水曜日は映画館のレディースデーで、チケットが安く手に入る。,"매주 수요일은 영화관의 레이디스 데이(여성 할인)라, 티켓을 싸게 손에 넣는다."
感情的にならず、冷静に話し合うことが解決への近道です。,"감정적으로 되지 말고, 냉정하게 대화하는 것이 해결로 가는 지름길입니다."
未払い分を今日中に清算してください。,미지급분을 오늘 안에 정산해 주세요.
子どもたちは元気に登校していった。,아이들은 씩씩하게 등교해 갔다.
明日は海外から重要な顧客が来る予定だ。,내일은 해외에서 중요한 고객이 올 예정이다.
不正の温床になりかねない制度だ。,부정의 온상이 될 수 있는 제도다。
神社で籤を引いたら大吉が出た。,신사에서 제비를 뽑았더니 대길이 나왔다.
彼は膝の激しい苦痛に耐えながら試合を続けた。,그는 무릎의 극심한 고통을 참으며 경기를 계속했다.
峠の頂上から美しい景色が一望できる。,고개의 정상에서 아름다운 풍경이 한눈에 보인다.
議長は静粛にするよう求め、会場の混乱を収めようとした。,"의장은 정숙할 것을 요구하며, 회장의 혼란을 수습하려 했다."
しばらく置いておくと、コップの底に砂が沈殿してくる。,잠시 두면 컵 바닥에 모래가 침전한다.
季節の変わり目は体調を崩しやすいので、十分に注意が必要だ。,"환절기에는 컨디션을 망치기(몸이 아프기) 쉬우므로, 충분히 주의가 필요하다."
一方的にまくし立てるのではなく、相手の言い分も聞くべきだ。,"일방적으로 떠들어 대는 것이 아니라, 상대의 말도 들어야 한다."
永久凍土が溶け出し、古代のウイルスが目覚めるというSF映画を見た。,"영구 동토가 녹기 시작해, 고대의 바이러스가 깨어난다는 SF 영화를 봤다."
衝突の寸前で急ブレーキをかけ、九死に一生を得た。,"충돌 직전에 급브레이크를 밟아, 구사일생으로 살아났다."
まだ諦めるな、次の一手が必ずある。,"아직 포기하지 마, 다음 한 수가 반드시 있어."
花の茎を短く切って花瓶に生けた。,꽃줄기를 짧게 잘라 꽃병에 꽂았다.
仕事終わりに同僚と一杯飲みに行くのがささやかな楽しみだ。,퇴근 후에 동료와 한 잔하러 가는 것이 작은 즐거움이다.
会議では遠慮せず異見を述べてほしい。,회의에서는 사양 말고 다른 의견을 말해 주었으면 한다.
このクラスでは宿題の量が一律に決められている。,이 반에서는 숙제량이 일률적으로 정해져 있다.
釣魚はその場で血抜きすると、鮮度が保てる。,낚은 생선은 그 자리에서 피를 빼면 신선도가 유지된다.
空港行きの直通バスに乗れば、乗り換えなしで行けて便利だ。,공항행 직통 버스를 타면 환승 없이 갈 수 있어 편리하다.
この区間は線路の工事で電車が止まっている。,이 구간은 선로 공사 때문에 전철이 멈춰 있다.
木枯らしが吹き始めると、人々はコートの襟を立てて足早に歩くようになる。,"초겨울 찬 바람이 불기 시작하면, 사람들은 코트 깃을 세우고 발걸음을 재촉하게 된다."
アルキメデスの原理により、流体中の物体は、その物体が押しのけた流体の重さと等しい浮力を受ける。,아르키메데스의 원리에 의해 유체 속의 물체는 그 물체가 밀어낸 유체의 무게와 같은 부력을 받는다.
紅葉が見頃を迎え、京都の寺院は観光客でごった返している。,"단풍이 절정을 맞이해, 교토의 사원은 관광객으로 북새통을 이루고 있다."
職人は細い糸を一本ずつ通し、模様を正確に整えた。,"장인은 가는 실을 한 올씩 꿰어, 무늬를 정확히 다듬었다."
一挙に状況を変えるような妙案は、そう簡単には見つからない。,단번에 상황을 바꿀 묘안은 그렇게 쉽게 떠오르지 않는다.
包丁をよく研いでから料理を始めた。,식칼을 잘 갈고 나서 요리를 시작했다.
会議の時間と場所をメールで通知した。,회의 시간과 장소를 메일로 통지했다.
祖父は病床で孫の手紙を読んだ。,할아버지는 병상에서 손주의 편지를 읽었다。
本籍を移す手続きには、必要書類が多い。,본적을 옮기는 절차에는 필요한 서류가 많다.
ゼノンのパラドックス「アキレスと亀」は、無限分割の概念を用いて運動の不可能性を論じた逆説だ。,제논의 역설 '아킬레스와 거북이'는 무한 분할의 개념을 사용하여 운동의 불가능성을 논한 역설이다.
ペアになって会話の練習をしてください。,짝을 지어 회화 연습을 하세요.
図書館では本がジャンルごとに分類されている。,도서관에서는 책이 장르별로 분류되어 있다.
彼は市長選で見事に当選した。,그는 시장 선거에서見事하게 당선되었다.
毎朝6時に起床して散歩する。,매일 아침 6시에 기상해 산책한다。
早朝に登山を開始し、山頂で日の出を見た。,이른 아침에 등산을 시작해 정상에서 일출을 봤다.
彼の姿は人混みの中に遠ざかっていった。,그의 모습은 인파 속으로 멀어져 갔다.
その映画は巨匠の代表作として知られる。,그 영화는 거장의 대표작으로 알려져 있다。
彼は完全にブルジョア的な生活に飽きてしまった。,그는 완전히 부르주아적인 생활에 싫증을 느끼게 되었다.
今回の発表の重点をもう一度確認しよう。,이번 발표의 중점을 한 번 더 확인하자.
彼の理屈は今の時代にはもう通用しない。,그의 논리는 지금 시대에는 더 이상 통하지 않는다.
条件をすり合わせるために、双方が譲れる点を探した。,"조건을 맞추기 위해, 양쪽이 양보할 수 있는 점을 찾았다."
新アプリ開発の予算が足りず、機能を絞った。,"새 앱 개발 예산이 부족해서, 기능을 줄였다."
この街の建築は、古い石造りと現代的なガラスが共存している。,이 도시의 건축은 오래된 석조와 현대적인 유리가 공존한다.
どうぞこちらを召し上がってください。,부디 이것을 드셔 주세요。
居酒屋で焼酎を水割りにして、ゆっくり飲んだ。,이자카야에서 소주(쇼츄)를 물에 타 천천히 마셨다.
このデータは仮説を説明する実例となる。,이 데이터는 가설을 설명하는 실제 사례가 된다.
嵐の後、風が止んで町は次第に静まった。,폭풍이 지나가고 바람이 멈추자 마을은 서서히 고요해졌다.
秋の夜長には、温かいコーヒーを飲みながらミステリー小説を読むのが至福の時間だ。,"가을의 긴 밤에는, 따뜻한 커피를 마시며 미스터리 소설을 읽는 것이 지복의 시간이다."
師匠の稽古は厳しいが学びが多い。,스승님의 수련은 엄격하지만 배움이 많다。
日本の主食は一般に米だと言われている。,일본의 주식은 일반적으로 쌀이라고 한다.
巨大な迷宮のような地下街で、出口が分からず途方に暮れた。,"거대한 미궁 같은 지하상가에서, 출구를 몰라 어쩔 줄을 몰랐다."
天国にいる祖母に届くように、毎日仏壇に手を合わせている。,"천국에 있는 할머니에게 닿도록, 매일 불단에 손을 모으고 있다."
今回の講義の主題は環境問題だ。,이번 강의의 주제는 환경 문제이다.
常日頃から防災意識を持っていないと、いざという時に動けない。,"평소 늘 방재 의식을 가지고 있지 않으면, 만일의 경우에 움직일 수 없다."
注意されただけで、ふて腐れるな。,주의받았다고 삐치지 마라.
朝の満員電車で、隣の人にそっと席を譲った。,아침 만원 전철에서 옆사람에게 살며시 자리를 양보했다.
ヒッグス粒子は、万物に質量を与える役割から「神の粒子」という異名を持つ。,힉스 입자는 만물에 질량을 부여하는 역할 때문에 '신의 입자'라는 이명을 가진다.
家の棟木が上がると、大工たちは餅を撒いて完成を祈願した。,"집의 마룻대(상량)가 올라가자, 목수들은 떡을 뿌리며 완성을 기원했다."
腐れ縁でも、困った時は助け合う。,"질긴 인연이라도, 곤란할 때는 서로 돕는다."
布団は押し入れの上の段にしまってある。,이불은 벽장 위 칸에 넣어 두었다.
忙しい時間帯は電話への応対が大変だ。,바쁜 시간대에는 전화 응대가 힘들다.
彼は時間とお金を惜しまず努力した。,그는 시간과 돈을 아끼지 않고 노력했다.
謝罪の言葉よりも、許しを得るための行動が大切だ。,사과의 말보다도 용서를 얻기 위한 행동이 더 중요하다.
あのビル、近くで見ると本当にでかい。,"저 빌딩, 가까이서 보니 정말 크다."
少年はボールを追いかけて走った。,소년이 공을 쫓아 달렸다。
多少の遅れは想定内です。,어느 정도의 지연은 예상 범위입니다。
益子の陶器を土産に選んだ。,마시코의 도자기를 기념품으로 골랐다。
もう少し塩を入れてもいい？,소금 좀 더 넣어도 돼?
首相は国会の召集を宣言した。,총리가 국회 소집을 선언했다。
どうせやるなら最後までちゃんとやろう。,어차피 할 거라면 끝까지 제대로 하자.
出生率の減少が続いている。,출생률 감소가 계속되고 있다。
方眼紙の升目に沿って図を描いた。,모눈종이의 칸에 맞춰 도형을 그렸다。
晩夏の夕暮れ、ヒグラシの鳴き声が夏の終わりを告げているようで寂しい。,"늦여름 해 질 녘, 쓰르라미(저녁 매미) 울음소리가 여름의 끝을 알리는 것 같아 쓸쓸하다."
取引先への見積書を再確認し、誤字を直した。,거래처에 보낼 견적서를 다시 확인하고 오자를 고쳤다.
境界線を越えて隣の国に入ると、言葉も通貨も変わるのが不思議だ。,"경계선을 넘어서 이웃 나라에 들어가면, 언어도 통화도 바뀌는 것이 신기하다."
子どもの頃から本に親しんできた。,어렸을 때부터 책과 친하게 지내 왔다.
窓をしっかり締めて、風が入らないようにした。,창문을 단단히 닫아 바람이 들어오지 않게 했다.
彼の優しさの裏には何か下心がある気がする。,그의 다정함 뒤에는 뭔가 속셈이 있는 것 같다.
祖母が孫のためにマフラーを織っている。,할머니가 손자를 위해 목도리를 짜고 있다.
星座を探しながら、冬の夜空の澄んだ光に見とれた。,"별자리를 찾으며, 겨울 밤하늘의 맑은 빛에 넋을 잃었다."
仕事は各々のペースで進めてください。,일은 각자의 속도로 진행해 주세요.
他人に指図されるのは、もううんざりだ。,남에게 이래라저래라 지시받는 건 이제 질렸다.
求人広告で勧誘されて面接に行ったが、条件が合わなかった。,구인 광고로 권유(모집)되어 면접을 갔지만 조건이 맞지 않았다.
この失敗をきっかけに、彼の人生観は大きく転換した。,이 실패를 계기로 그의 인생관은 크게 전환되었다.
悪い生活習慣を矯め直すために、早寝早起きを始めた。,"나쁜 생활 습관을 고치기 위해, 일찍 자고 일찍 일어나기를 시작했다."
新緑の季節、山々は生命力に溢れた鮮やかな緑色に輝いている。,"신록의 계절, 산들은 생명력이 넘치는 선명한 녹색으로 빛나고 있다."
うわさ話に流されず、事実だけを確かめよう。,소문에 휩쓸리지 말고 사실만 확인하자.
猛暑日が続き、アスファルトの上では目玉焼きが焼けそうなほど暑い。,"폭염일이 계속되어, 아스팔트 위에서는 계란 프라이가 구워질 정도로 덥다."
週末に海へ誘うと、彼女はすぐに予定を確認した。,주말에 바다에 가자고 권하자 그녀는 바로 일정을 확인했다.
古いノートでも使い道を考えればまだ役に立つ。,오래된 공책도 쓰임새를 생각하면 아직 쓸모가 있다.
試合は延長戦にもつれ込み、観客の興奮は最高潮に達した。,"시합은 연장전으로 이어져(엉켜 들어가), 관객의 흥분은 최고조에 달했다."
ベランダに小鳥が飛んできた。,베란다에 작은 새가 날아왔다。
代金は小切手で支払った。,대금은 수표로 지불했다。
彼は若くして高い位に就いた。,그는 젊은 나이에 높은 지위에 올랐다.
小暗い廊下の先に非常口が見えた。,어스름한 복도 끝에 비상구가 보였다。
この店は安いのに、料理の質が高い。,이 가게는 값이 싼데도 음식의 질이 높다.
酒を升に注いで乾杯した。,술을 마스(되) 통에 따라 건배했다。
ゴミの不法遺棄が地域の大きな問題になっている。,쓰레기의 불법 유기가 이 지역의 큰 문제가 되고 있다.
音速を超えた瞬間に発生するソニックブームは、凄まじい衝撃音だ。,"음속을 넘은 순간에 발생하는 소닉 붐은, 엄청난 충격음이다."
砂だらけになった足をよく濯いでから、サンダルを履き直した。,발에 모래가 잔뜩 묻어 잘 헹군 뒤 샌들을 다시 신었다.
薄暗い部屋で一人泣く姿が、何とも哀れに見えた。,어두운 방에서 혼자 우는 모습이 너무도 애처로워 보였다.
森の小川のせせらぎが心地よい。,숲의 개울물 소리가 기분 좋다。
範囲を指定して検索すれば、求めている情報がすぐに見つかる。,"범위를 지정해서 검색하면, 찾고 있는 정보가 바로 발견된다."
家族全員でテーブルを囲んで夕食をとった。,가족 모두가 식탁을 둘러앉아 저녁을 먹었다.
九時から開会式が始まる予定です。,아홉 시부터 개회식이 시작될 예정입니다.
伝統工芸の匠が、神業とも言える繊細な彫刻を施す。,전통 공예 장인이 신의 솜씨라고도 할 수 있는 섬세한 조각을 새긴다.
限界まで挑戦した結果、彼は自身の記録を大幅に更新した。,"한계까지 도전한 결과, 그는 자신의 기록을 대폭 갱신했다."
朝が弱くて、まだ眠たいまま駅に着いた。,아침에 약해서 아직 졸린 채로 역에 도착했다.
乾燥した天候が山火事を誘発し、避難指示が出た。,건조한 날씨가 산불을 유발해 대피 지시가 내려졌다.
間隔を空けて並ぶことが、感染症対策の新しい常識となった。,"간격을 비우고 줄을 서는 것이, 감염증 대책의 새로운 상식이 되었다."
立入禁止区域には絶対に入らないでください。,출입 금지 구역에는 절대 들어가지 마십시오.
タバコは健康に深刻な害を与える。,담배는 건강에 심각한 해를 끼친다.
重い荷物を軽々と持ち上げる彼の怪力に、周囲の人々は驚きの声を上げた。,무거운 짐을 가볍게 들어 올리는 그의 괴력에 주위 사람들은 놀라움의 소리를 질렀다.
彼は長年医療の現場に従事してきた。,그는 오랫동안 의료 현장에서 종사해 왔다.
隙間風が入ってくるので、窓のサッシを修理する必要がある。,"틈새바람이 들어오기 때문에, 창문 섀시를 수리할 필요가 있다."
遠方の親戚から手紙が届いた。,먼 곳 친척에게서 편지가 도착했다.
追悼番組を見ながら、写真立てを拭いた。,추모 방송을 보며 액자를 닦았다。
彼は始終スマホばかり見ている。,그는 시종일관 스마트폰만 보고 있다.
境界の向こう側には、まだ誰も知らない未知の世界が広がっている。,"경계 저편에는, 아직 아무도 모르는 미지의 세계가 펼쳐져 있다."
損得だけで判断しないで。,손익만으로 판단하지 마.
小型のカメラなら持ち歩きやすい。,소형 카메라라면 들고 다니기 쉽다。
寒い日に公園で焼き芋を食べるのは格別だ。,추운 날 공원에서 군고구마를 먹는 맛은 각별하다.
誕生日の祝いに、栗のクリームがたっぷり乗ったモンブランを食べた。,"생일 축하로, 밤 크림이 듬뿍 올라간 몽블랑을 먹었다."
秋になると里芋の煮物が食卓に並ぶ。,가을이 되면 토란 조림이 밥상에 오른다.
周囲の雑音に惑わされず、自分の直感を信じることが大切だ。,"주위의 잡음에 현혹되지 않고, 자신의 직감을 믿는 것이 중요하다."
煙で窒息しそうになり、すぐに屋外へ避難した。,연기로 질식할 뻔해 즉시 밖으로 대피했다.
崖の上から綱を垂らして荷物を引き上げた。,절벽 위에서 밧줄을 늘어뜨려 짐을 끌어올렸다.
駅前の大きな時計台を目印に来てください。,역 앞의 큰 시계탑을 표식 삼아 오세요.
この靴は少し小さいから交換したい。,이 신발은 조금 작아서 교환하고 싶다。
人前ではどうしても引けてしまってうまく話せない。,사람들 앞에 서면 괜히 기가 죽어서 잘 말하지 못한다.
一方通行の道を逆走してくる車がいて、肝を冷やした。,"일방통행 길을 역주행해 오는 차가 있어서, 간담이 서늘했다."
横並びになって歩くと、通行の妨げになるので注意しよう。,"가로로 나란히 서서 걸으면, 통행에 방해가 되므로 주의하자."
平行線たどる議論に終止符を打つため、第三者が介入した。,"평행선을 달리는 논의에 종지부를 찍기 위해, 제3자가 개입했다."
神社でお神酒をいただき、手を合わせて祈った。,신사에서 오미키(신에게 올린 술)를 받아 마시고 두 손 모아 기도했다.
古いドアの鍵穴から部屋の中を覗こうとしたが、暗くて何も見えなかった。,"낡은 문 열쇠 구멍으로 방 안을 들여다보려 했지만, 어두워서 아무것도 보이지 않았다."
傷口から黴菌が入らないように、しっかりと消毒処置を行った。,"상처로 세균이 들어가지 않도록, 확실하게 소독 처치를 했다."
この列車の最高時速は三百キロだ。,이 열차의 최고 시속은 300킬로다.
逆方向の電車に乗ってしまい、約束の時間に遅れてしまった。,"반대 방향 전차를 타 버려서, 약속 시간에 늦고 말았다."
この雑誌の表現はあまりにも淫らだと批判された。,이 잡지의 표현은 너무 난잡하다는 비판을 받았다.
矢印の方向に進むと会場に着きます。,화살표 방향으로 가시면 회장에 도착합니다.
恵比寿様のような満面の笑みで、彼は客を出迎えた。,"에비스 님 같은 만면의 미소로, 그는 손님을 맞이했다."
斜め向かいの家に引っ越してきた人は、とても親切そうな婦人だ。,"대각선 맞은편 집에 이사 온 사람은, 매우 친절해 보이는 부인이다."
彼は温和な性格で誰とでも仲良くなれる。,그는 온화한 성격이라 누구와도 잘 지낸다.
夕立の後、虹が架かり、子どもたちが指さして笑った。,소나기 뒤 무지개가 떠 아이들이 가리키며 웃었다.
子どもはお気に入りの鉛筆で、カラフルな恐竜の絵を夢中で描いていた。,아이 는 가장 좋아하는 연필로 알록달록한 공룡 그림을 열심히 그렸다.
外側の世界に憧れて、少女は塔の窓から毎日空を眺めていた。,"바깥세상을 동경하여, 소녀는 탑의 창문으로 매일 하늘을 바라보고 있었다."
痛みが徐々に和らいできた。,통증이 서서히 가라앉아 왔다。
週末はキッチンを徹底的に掃除する。,주말에는 부엌을 철저히 청소한다。
この都市の栄えは港のおかげだ。,이 도시의 번영은 항구 덕분이다.
"12を3で割るとき、3が除数だ。","12를 3으로 나눌 때 3이 제수다。"
点と点を線で繋げると図形が現れる。,점과 점을 선으로 연결하면 도형이 나타난다.
丘の上から町全体を見晴らすことができる。,언덕 위에서 마을 전체를 조망할 수 있다.
端の席が好きなので、カフェではいつも窓際を選ぶ。,"가장자리 자리를 좋아해서, 카페에서는 항상 창가를 고른다."
地主は土地の使い方について住民と話し合った。,지주는 토지 이용에 대해 주민들과 이야기했다.
大きな爆発音が窓ガラスを震わせた。,큰 폭발음이 창유리를 흔들었다.
この地方特有のなまりは聞き取るのが難しい。,이 지방 특유의 사투리는 알아듣기 어렵다.
宴会で手品を披露した。,연회에서 마술을 선보였다.
名家は没落し、彼は零落の身で旅に出た。,명문가는 몰락해 그는 몰락한 처지로 여행을 떠났다.
彼女は霊感が強いのか、誰もいない廊下を怖がる。,그녀는 영감이 강한지 아무도 없는 복도를 무서워한다.
子どもが地球儀を回しながら世界の国を覚えている。,아이 가 지구본을 돌리며 세계의 나라들을 외우고 있다.
その少年は将来サッカー選手になるのが夢だ。,그 소년은 장래에 축구 선수가 되는 것이 꿈이다.
東西南北、どこを見渡しても地平線が広がる大草原に立った。,"동서남북, 어디를 둘러봐도 지평선이 펼쳐지는 대초원에 섰다."
夏祭りで団扇をもらった。,여름 축제에서 부채(우치와)를 받았다.
問題の易しさに油断してミスをしてしまった。,문제의 쉬움에 방심해서 실수를 해 버렸다.
甘い言葉の誘惑に負けて、深夜にケーキを買ってしまった。,달콤한 말의 유혹에 져서 한밤중에 케이크를 사버렸다.
方針を一度練り直して、無理のないスケジュールにした。,방침을 한 번 재검토해 무리 없는 일정으로 했다.
暗がりから猫の黄色い目がこちらを見ていた。,어둠 속에서 고양이의 노란 눈이 이쪽을 바라보고 있었다.
このソフトを使えばデータの整理が容易になる。,이 소프트웨어를 사용하면 데이터 정리가 용이해진다.
試合の勝敗は最後の一秒まで分からなかった。,경기의 승패는 마지막 1초까지 알 수 없었다.
その夢は何かを暗示しているようで気になった。,그 꿈이 뭔가를 암시하는 것 같아 신경이 쓰였다。
遅刻常習犯の彼が、今日は珍しく始業時間の十分前に到着した。,"지각 상습범인 그가, 오늘은 드물게 시업 시간 10분 전에 도착했다."
彼女は仕事にすっかり打ち込んでいる。,그녀는 일에 완전히 몰두하고 있다.
名簿に名前を連ねて署名した。,명부에 이름을 이어 적어 서명했다.
新社長が会社の実権を完全に掌握した。,신임 사장이 회사의 실권을 완전히 장악했다.
スローモーションで見ると、その選手の動きの美しさがよく分かる。,"슬로우 모션으로 보면, 그 선수의 움직임의 아름다움을 잘 알 수 있다."
父の還暦祝いに、家族で赤いちゃんちゃんこを用意した。,아버지 환갑 축하에 가족이 빨간 옷을 준비했다.
転んで膝を打撲し、青あざができた。,넘어져 무릎을 타박상 입고 멍이 들었다。
新党が分裂し、支持者の間でも議論が続く。,신당이 분열해 지지자들 사이에서도 논쟁이 이어진다.
感染症の撲滅に向けてワクチンを普及させる。,감염병 박멸을 위해 백신을 보급한다。
風が強まって波も高くなってきた。,바람이 강해지면서 파도도 높아졌다.
コンピューターは並列処理で速度を上げている。,컴퓨터는 병렬 처리를 통해 속도를 높이고 있다.
徐々に回復に向かっているが、まだ無理は禁物だ。,"서서히 회복되고 있지만, 아직 무리는 금물이다."
彼女の服装はシンプルなのにとてもシックだ。,그녀의 옷차림은 단순한데도 아주 시크하다.
彼女にとって祖母は第二の育て親だった。,그녀에게 할머니는 제2의 양육자였다.
新入社員の研修が来週から始まる。,신입 사원 연수가 다음 주부터 시작된다.
二つのプロジェクトを並行して進めるのは大変だ。,두 개의 프로젝트를 병행해서 진행하는 것은 힘들다.
景気には一定の周期があると言われる。,경기에는 일정한 주기가 있다고 한다.
中間の世代として、上司と部下の板挟みになり苦労している。,"중간 세대(끼인 세대)로서, 상사와 부하 사이에 끼어 고생하고 있다."
令嬢は扇子で口元を隠し、静かに笑った。,영애는 부채로 입가를 가리고 조용히 웃었다.
この仏像は千年以上前に外国から伝来したと言われる。,이 불상은 천 년이 넘게 전에 외국에서 전래되었다고 한다.
市民の声を政策に反映させることが大切だ。,시민의 목소리를 정책에 반영하는 것이 중요하다.
急速に発展する都市の姿に、昔の面影はどこにもない。,"급속히 발전하는 도시의 모습에, 옛 자취는 어디에도 없다."
この地域の土壌は粘土質で、水はけが悪い。,이 지역의 토양은 점토질이라 배수가 나쁘다.
愛嬢の写真を机に飾り、単身赴任を乗り切った。,"사랑하는 딸의 사진을 책상에 두고, 단신부임을 버텼다."
縄を強く引くと、結び目がさらに締まる。,줄을 세게 당기면 매듭이 더 조여진다.
有名な歌舞伎一座が地方公演にやって来た。,유명한 가부키 극단이 지방 공연을 하러 왔다.
光陰矢の如しと言うように、一年は本当に早く過ぎる。,세월이 유수와 같다는 말처럼 1년은 정말 빨리 지나간다.
彼は本社の命令で海外支社へ赴いた。,그는 본사의 명령으로 해외 지사로 떠났다.
美大を目指して毎日石膏像のデッサンを描いている。,미대에 가려고 매일 석고상의 데생을 그리고 있다.
肉まんを蒸す間、タイマーを二回確認した。,호빵을 찌는 동안 타이머를 두 번 확인했다.
至近距離で見る花火は、音と振動が体に直接響いてくる。,"지근거리(아주 가까운 거리)에서 보는 불꽃놀이는, 소리와 진동이 몸에 직접 울려온다."
縄文土器の模様は、指でなぞりたくなるほど細かい。,조몬 토기의 무늬는 손가락으로 따라 그리고 싶을 만큼 섬세하다.
この地方の特産は甘いみかんだ。,이 지방의 특산품은 달콤한 귤이다.
試験に落ちたので、気持ちを切り替えて出直すことにした。,시험에 떨어져서 마음을 추스르고 다시 시작하기로 했다.
邪魔な椅子を壁際に退けてスペースを作った。,방해가 되는 의자를 벽 쪽으로 치워서 공간을 만들었다.
遠距離恋愛を続けて三年、ついに彼と同じ街で暮らすことになった。,"장거리 연애를 계속한 지 3년, 드디어 그와 같은 거리에서 살게 되었다."
窓のない部屋はどうしても陰気な雰囲気になりやすい。,창문이 없는 방은 아무래도 음침한 분위기가 되기 쉽다.
夕日がガラス張りのビルを赤く映えるように照らしていた。,석양이 유리 빌딩을 붉게 돋보이게 비추고 있었다.
子どものころ、影絵遊びをしてよく笑ったものだ。,어릴 적에 그림자놀이를 하며 많이 웃었다.
後ろを振り返ることなく、彼は夢に向かって真っ直ぐに歩き出した。,"뒤를 돌아보는 일 없이, 그는 꿈을 향해 똑바로 걷기 시작했다."
新製品を来月から全国で売り出す。,신제품을 다음 달부터 전국에 판매한다.
書類に印鑑を押してください。,서류에 도장을 찍어 주세요.
彼は典型的な仕事人間だ。,그는 전형적인 워커홀릭이다.
彼は旅先で詠草を書き留めるのを日課にしている。,그는 여행지에서 시 초고를 적어 두는 것을 일과로 삼고 있다.
遅い時間の公園には人影がほとんどなかった。,늦은 시간의 공원에는 인적이 거의 없었다.
遥か彼方にある星の光が、何億年もの時を経て地球に届く。,"아득히 저편에 있는 별빛이, 수억 년의 시간을 거쳐 지구에 닿는다."
鍋の湯が蒸発して、気づいた時には減っていた。,"냄비의 물이 증발해, 알아챘을 때는 줄어 있었다."
悪疫を封じるために村人たちは祈りをささげた。,악역을 봉인하기 위해 마을 사람들은 기도를 바쳤다.
波止場でフェリーを待ちながら、潮風に髪を揺らした。,부두에서 페리를 기다리며 바닷바람에 머리카락이 흔들렸다。
手前のコンビニで飲み物を買ってから、公園に行こう。,"요 앞 편의점에서 음료수를 사고 나서, 공원에 가자."
深い眠りに落ちる瞬間、雨音が遠くなった。,깊은 잠에 빠지는 순간 빗소리가 멀어졌다.
彼は兄より運動神経が劣る。,그는 형보다 운동 신경이 떨어진다.
中間地点で休憩を取り、水分と栄養を補給してから再出発する。,"중간 지점에서 휴식을 취하고, 수분과 영양을 보충한 뒤 재출발한다."
彼は仕事を転々としながら各地を渡り歩いてきた。,그는 일을 전전하며 각지를 떠돌아다녀 왔다.
正午になって教会の鐘が鳴り始めた。,정오가 되자 교회의 종이 울리기 시작했다.
彼は熟練の職人で、包丁の研ぎ方が見事だ。,그는 숙련된 장인으로 칼을 가는 방식이 훌륭하다.
国際会議をこの町に招致するため、市が誘致計画を発表した。,국제회의를 이 도시에 유치하기 위해 시가 유치 계획을 발표했다.
畳表を張り替えたら、部屋の匂いが新しくなった。,다다미 겉을 갈아 끼우니 방 냄새가 새로워졌다.
蒸気が立ちのぼり、窓がすぐ曇った。,수증기가 올라 창문이 금세 흐려졌다.
毎朝六時に起きてジョギングをするのが、私の健康の秘訣だ。,"매일 아침 6시에 일어나 조깅을 하는 것이, 나의 건강 비결이다."
秋の山は色彩豊かな紅葉に染まる。,가을 산은 다채로운 색채의 단풍으로 물든다.
太陽は東から昇り、新たな一日の始まりを世界に告げる。,"태양은 동쪽에서 떠올라, 새로운 하루의 시작을 세계에 알린다."
畳の上では、靴下でも音を立てないように歩く。,다다미 위에서는 양말이라도 소리 내지 않게 걷는다.
周辺の地理に詳しくないので、地図アプリを頼りに目的地へ向かう。,"주변 지리에 밝지 않아서, 지도 앱에 의지해 목적지로 향한다."
結婚式の式場を見学しに行った。,결혼식 예식장을 견학하러 갔다.
北国育ちの彼女は、雪道の歩き方がとても上手だ。,"북쪽 지방에서 자란 그녀는, 눈길 걷는 법이 매우 능숙하다."
父の転校が決まり、家族で別の町へ引っ越すことになった。,아버지의 전근이 정해져 가족이 다른 마을로 이사하게 되었다.
八方ふさがりでも、出口はきっとある。,팔방이 막혀도 출구는 분명 있다.
里山では狩猟の期間が決まっている。,사토야마에서는 수렵 기간이 정해져 있다.
戦争で食糧が不足していた時代の話だ。,전쟁으로 식량이 부족했던 시대의 이야기다.
姉さんの作った弁当は、彩りがきれいだった。,누나가 만든 도시락은 색감이 예뻤다.
中心部に向かうにつれて、交通量が増え渋滞が激しくなってきた。,"중심부로 향할수록, 교통량이 늘어 정체가 심해졌다."
公園の八重桜が、ふんわりと咲き重なっていた。,공원의 겹벚꽃이 포근하게 겹쳐 피어 있었다.
山奥には人の手がほとんど入っていない食物連鎖が残っている。,산골에는 거의 손대지 않은 먹이사슬이 남아 있다.
偶数月の十五日は年金支給日なので、銀行のATMに行列ができる。,"짝수 달 15일은 연금 지급일이라, 은행 ATM에 줄이 생긴다."
内部告発によって、その企業の不正な会計処理が明るみに出た。,"내부 고발에 의해, 그 기업의 부정 회계 처리가 세상에 드러났다."
投網を広げて投げると、水面に丸く落ちた。,그물을 펼쳐 던지자 수면에 둥글게 떨어졌다.
外部からの侵入を防ぐため、セキュリティシステムを最新のものに更新した。,"외부로부터의 침입을 막기 위해, 보안 시스템을 최신 것으로 갱신했다."
あの世は天国だと信じている人も多い。,저승은 천국이라고 믿는 사람도 많다.
短期間で成果を上げるために、集中合宿を行うことになった。,"단기간에 성과를 올리기 위해, 집중 합숙을 하게 되었다."
子どもが塗り絵に夢中で、机の上が色鉛筆だらけだ。,아이가 색칠공부에 빠져 책상이 색연필 투성이가 됐다.
道路脇に古い電柱が並んでいる。,도로 옆에 오래된 전신주들이 줄지어 서 있다.
月明かりに照らされた庭で、風鈴の音だけが響いていた。,"달빛에 비친 정원에서, 풍경 소리만 울려 퍼지고 있었다."
子どもが粘土で恐竜を作った。,아이가 점토로 공룡을 만들었다.
彼は若くして大きな財を築いた。,그는 젊어서 큰 재산을 쌓았다.
浅瀬で水遊びをする子供たちの歓声が、夏のビーチに響き渡る。,"얕은 여울에서 물놀이하는 아이들의 환호성이, 여름 해변에 울려 퍼진다."
今世紀最大の発見として、その科学ニュースは世界中を駆け巡った。,"금세기 최대의 발견으로서, 그 과학 뉴스는 전 세계를 뛰어다녔다(퍼졌다)."
目上の人には敬語を使うように教えられた。,위 사람에게는 경어를 쓰라고 배웠다.
深海魚のような奇妙な形をした生物が、網にかかって引き上げられた。,"심해어 같은 기묘한 형태를 한 생물이, 그물에 걸려 끌어올려졌다."
このペンには蛍光インクが入っていて暗闇で光る。,이 펜에는 형광 잉크가 들어 있어 어둠 속에서 빛난다.
帽子を取ったら、地肌が少し見えていた。,모자를 벗자 두피가 조금 보였다.
麦畑の向こうに、白い風車が見えた。,보리밭 너머로 하얀 풍차가 보였다.
野良猫が軒下で丸くなって眠っている。,길고양이가 처마 밑에서 몸을 둥글게 말고 자고 있다.
裏口からこっそりと抜け出し、誰にも見つからないように家に帰った。,"뒷문으로 몰래 빠져나가, 아무에게도 들키지 않게 집으로 돌아갔다."
市場で旬の柿を選び、甘い香りに誘われた。,시장에서 제철 감을 고르며 달콤한 향기에 이끌렸다.
面接では、自分の強みを具体的な経験と一緒に伝えた。,면접에서는 내 강점을 구체적인 경험과 함께 전했다.
手前の料理から順に取っていくのが、ビュッフェのマナーだと教わった。,"앞쪽 요리부터 순서대로 집어 가는 것이, 뷔페의 매너라고 배웠다."
毎朝、同じ駅で同じ時間に電車を待つ。,매일 아침 같은 역에서 같은 시간에 전철을 기다린다.
折り畳み傘を持っていれば、急な雨でも安心だ。,접이식 우산이 있으면 갑작스런 비에도 안심이다.
足元に咲いている小さな野花に気づく余裕が、今の私には必要だ。,"발밑에 피어 있는 작은 들꽃을 알아챌 여유가, 지금의 나에게는 필요하다."
数光年も離れた星の光が、今夜の夜空を飾っている。,"수광년이나 떨어진 별빛이, 오늘 밤 밤하늘을 장식하고 있다."
都心のマンションは家賃がとても高い。,도심의 맨션은 집세가 매우 비싸다.
森の奥深くにある泉は、怪我を治す不思議な力があると言われている。,"숲 속 깊은 곳에 있는 샘은, 상처를 치유하는 신비한 힘이 있다고 전해진다."
庭でバケツいっぱいに水をくんできて。,마당에서 양동이에 물을 가득 떠 와.
授業の後でしっかり復習した。,수업 후에 꼼꼼히 복습했다.
新しい画伯の展覧会を見に、美術館へ行った。,새로운 화백의 전시회를 보러 미술관에 갔다.
情けをかけたつもりが、相手を傷つけていた。,동정을 베푼다는 마음이 오히려 상대를 상처 입히고 있었다.
出口が見えないトンネルの中で、不安と戦いながら歩き続けた。,"출구가 보이지 않는 터널 속에서, 불안과 싸우며 계속 걸었다."
場内アナウンスが聞こえにくい席だった。,장내 안내방송이 잘 들리지 않는 자리였다.
底冷えする廊下で、スリッパが役に立たない。,뼛속까지 시린 복도에서 슬리퍼가 소용없다.
屋根裏部屋で見つけた祖父の日記には、戦争中の体験が克明に記されていた。,"다락방에서 발견한 할아버지의 일기에는, 전쟁 중의 체험이 극명하게 기록되어 있었다."
廊下の突き当たりにある部屋は、長年開かずの間として恐れられている。,"복도 막다른 곳에 있는 방은, 오랫동안 '열리지 않는 방'으로 두려움의 대상이다."
乾燥した風土ではこの植物は育たない。,건조한 풍토에서는 이 식물이 자라지 않는다.
ベランダで育てているミニトマトが、ようやく赤く色づき始めた。,"베란다에서 키우는 방울토마토가, 드디어 빨갛게 물들기 시작했다."
不意の質問に答えられず、しばらく黙ってしまった。,불의의 질문에 답을 못 하고 한동안 말이 막혔다.
洗濯物を畳む前に、完全に乾いているか確かめた。,빨래를 개기 전에 완전히 말랐는지 확인했다.
入場の際に身分証の提示を求められた。,입장할 때 신분증 제시를 요구받았다.
エレベーターが点検中で止まっていたため、十階まで歩く羽目になった。,"엘리베이터가 점검 중이라 멈춰 있어서, 10층까지 걷게 되는 처지가 되었다."
このドラマが若者の間で大きなブームになっている。,이 드라마가 젊은 층 사이에서 큰 붐이 되고 있다.
広々とした海岸を朝から散歩した。,넓디넓은 해안을 아침부터 산책했다.
売上は広告費に比例して伸びている。,매출은 광고비에 비례해서 늘고 있다.
高層ビルの高さに圧倒され、田舎から出てきた青年は口を開けて見上げた。,"고층 빌딩의 높이에 압도되어, 시골에서 나온 청년은 입을 벌리고 올려다보았다."
地中深く埋められたタイムカプセルを、三十年後の同窓会で掘り起こす。,"땅속 깊이 묻힌 타임캡슐을, 30년 후 동창회에서 파낸다."
この虫は魚の体に寄生して栄養を奪う。,이 벌레는 물고기 몸에 기생하여 영양을 빼앗는다.
非常ベルが鳴り、場内が一瞬で静まり返った。,"비상벨이 울려, 장내가 순식간에 고요해졌다."
日常の小さな習慣が、体調を左右する。,일상의 작은 습관이 컨디션을 좌우한다.
一日中歩き回ってすっかり草臥れてしまった。,하루 종일 돌아다녀서 완전히 지쳐 버렸다.
地球の中心、地底世界には恐竜が生き残っているというSF小説を読んだ。,"지구의 중심, 지저 세계(땅속 깊은 곳)에는 공룡이 살아남아 있다는 SF 소설을 읽었다."
古い茶屋には、どこか風情が残っている。,오래된 찻집에는 어딘가 정취가 남아 있다.
床に落としたコンタクトレンズが見つからず、四つん這いになって探した。,"바닥에 떨어뜨린 콘택트렌즈를 찾지 못해, 엎드려서 기어 다니며 찾았다."
今日は十の質問に答えなければならない。,오늘은 열 개의 질문에 대답해야 한다.
海の底には、沈没船と共に眠る財宝があるという伝説が残っている。,"바다 밑바닥에는, 침몰선과 함께 잠든 보물이 있다는 전설이 남아 있다."
子どもが豆粒を箸でつまむ練習をしている。,아이가 콩알을 젓가락으로 집는 연습을 하고 있다.
最上階のペントハウスで行われるパーティーには、選ばれたセレブしか参加できない。,"최상층 펜트하우스에서 열리는 파티에는, 선택된 유명 인사밖에 참가할 수 없다."
自由を束縛されるのは、耐えられない。,자유를 속박당하는 건 견딜 수 없다.
旅行先から友だちに葉書を送った。,여행지에서 친구에게 엽서를 보냈다.
もっと早く病院へ行っていれば手遅れにならなかったかもしれない。,좀 더 일찍 병원에 갔다면 너무 늦지는 않았을지도 모른다.
その政治家の説明には今も疑惑が残っている。,그 정치가의 설명에는 지금도 의혹이 남아 있다.
警察が容疑者を捕縛したという速報が流れた。,경찰이 용의자를 포박했다는 속보가 흘렀다.
畑に水をやってから、家に戻った。,밭에 물을 주고 집에 돌아왔다.
山の麓にある小さな村では、昔ながらの生活習慣が守られている。,"산기슭에 있는 작은 마을에서는, 옛날 그대로의 생활 습관이 지켜지고 있다."
配管からガスが漏れて爆発し、窓が割れた。,배관에서 가스가 새어 폭발해 창문이 깨졌다.
時折、遠くで雷の音が聞こえる。,가끔 멀리서 천둥 소리가 들린다.
出掛ける前にワイシャツにアイロンをかけた。,나가기 전에 와이셔츠에 다림질을 했다.
屋上のフェンス越しに見る夕日は、青春映画のワンシーンのようだ。,"옥상 펜스 너머로 보는 석양은, 청춘 영화의 한 장면 같다."
古い電球を新しいものと取り替える。,낡은 전구를 새것으로 갈아 끼운다.
クリスマスツリーに飾りをたくさん付けた。,크리스마스 트리에 장식을 잔뜩 달았다.
栄光も挫折も、人生の流転だと受け入れた。,영광도 좌절도 인생의 유전이라며 받아들였다.
子どものころ、暗闇から悪魔が出てくるような気がして眠れなかった。,어릴 때는 어둠 속에서 악마가 나올 것만 같아 잠이 오지 않았다.
この二つの事件を結び付けて考えると、真相が見えてくる。,이 두 사건을 연결해서 생각하면 진상이 보이기 시작한다.
最後まで飽くまで自分の信念を曲げなかった。,끝까지 끝까지 자신의 신념을 꺾지 않았다.
来月の初旬に新製品を発売する予定です。,다음 달 초순에 신제품을 발매할 예정입니다.
古墳の石室に入って古代人の葬送儀礼を想像した。,고분의 석실에 들어가 고대인의 장례 의식을 상상했다.
剰余金は翌年度の設備投資に回す方針だ。,잉여금은 다음 연도의 설비투자에 돌릴 방침이다.
地下一階の食品売り場は、夕方になるとタイムセールで活気づく。,"지하 1층 식품 매장은, 저녁이 되면 타임 세일로 활기를 띤다."
医者の助手が器具を準備している。,의사의 조수가 기구를 준비하고 있다.
常備薬をバッグに入れておくと、いざという時に助かる。,상비약을 가방에 넣어 두면 만일의 때 도움이 된다.
将棋の名人の手つきを、息を呑んで見つめた。,장기 명인의 수를 숨죽이며 지켜보았다.
秋の夜に、村人が集まって月見をしながら団子を食べる。,가을 밤에 마을 사람들이 모여 달구경을 하며 경단을 먹는다.
生憎今日は雨だが、室内で楽しめる場所を探そう。,공교롭게도 오늘은 비지만 실내에서 즐길 곳을 찾아보자.
彼は長年の夢だった本の出版をついに実現した。,그는 오랜 꿈이었던 책 출판을 마침내 이루었다.
祭壇は清浄な布で覆い、手を洗ってから触れた。,"제단은 청정한 천으로 덮고, 손을 씻은 뒤에 만졌다."
当分の間、この道路は工事のため通行止めになります。,"당분간, 이 도로는 공사로 인해 통행 금지가 됩니다."
一瞬の出来事だったので、誰もその事故の瞬間を目撃していなかった。,"순식간의 일이었기 때문에, 아무도 그 사고 순간을 목격하지 못했다."
夜明け前が一番暗いと言うが、希望を持って新しい一日を待ちたい。,"동트기 전이 가장 어둡다고 하지만, 희망을 가지고 새로운 하루를 기다리고 싶다."
一期一会の精神で、今日出会ったすべての人に誠実に向き合いたい。,"일기일회(평생 단 한 번의 만남)의 정신으로, 오늘 만난 모든 사람을 성실하게 대하고 싶다."
盆踊りの輪に加わって、太鼓のリズムに合わせて踊った。,본오도리 춤의 원에 들어가 북 리듬에 맞춰 춤을 췄다.
田植えの時期になると、村人総出で田んぼに入る習わしがある。,모내기 철이 되면 마을 사람들이 모두 논에 들어가는 풍습이 있다.
二人は相が合うのか、一緒にいると不思議と落ち着く。,둘은 궁합이 맞는지 함께 있으면 이상하게 마음이 편하다.
子どもがクレヨンで動物を描いた。,아이가 크레용으로 동물을 그렸다.
倒産か存続か、会社は今まさに瀬戸際に立たされている。,"도산인가 존속인가, 회사는 지금 그야말로 벼랑 끝(세토기와)에 서 있다."
村の鎮守の森では、昔から狐火の伝説が語り継がれている。,마을 수호신 숲에는 예전부터 여우불 전설이 전해 내려온다.
彼女は会社を辞めて、フリーランスのデザイナーとして独立した。,그녀는 회사를 그만두고 프리랜서 디자이너로 독립했다.
そろそろ本題に入ってもいいですか。,이제 슬슬 본론으로 들어가도 될까요?
彼は有名な画家の弟子だった。,그는 유명한 화가의 제자였다.
その書は何世代にもわたって読み継がれてきた。,그 책은 여러 세대에 걸쳐 읽혀 내려왔다.
この店のランチは値段も量も手頃だ。,이 가게 런치는 가격도 양도 적당하다.
記者たちは真相を追及するため、何度も質問を繰り返した。,기자들은 진상을 추궁하기 위해 여러 번 질문을 반복했다.
空間を歪めて瞬時に移動するテレポーテーション技術は、まだSFの中だけの話だ。,"공간을 왜곡하여 순식간에 이동하는 텔레포트 기술은, 아직 SF 속만의 이야기다."
不眠が続いたので、カフェインを控えることにした。,불면이 계속되어 카페인을 줄이기로 했다.
夕暮れ時、家々の窓に明かりが灯り始め、街は温かい雰囲気に包まれる。,"해 질 녘, 집집마다 창문에 불이 켜지기 시작하고, 거리는 따스한 분위기에 싸인다."
彼は手品が得意で、よく友だちを驚かせる。,그는 마술을 잘해서 친구들을 자주 놀라게 한다.
早朝の公園は、ジョギングをする人々の息遣いだけが聞こえる静寂な空間だ。,"이른 아침의 공원은, 조깅하는 사람들의 숨소리만이 들리는 정적의 공간이다."
空が突如暗くなり、激しい雨が降り始めた。,하늘이 갑자기 어두워지더니 세찬 비가 내리기 시작했다.
限界効用逓減の法則により、消費量が増えるほど満足度の増加分は減る。,"한계효용 체감의 법칙에 의해, 소비량이 늘어날수록 만족도의 증가분은 줄어든다."
覆水盆に返らず、一度口から出た言葉は取り消すことができない。,"복수불반분(엎질러진 물은 주워 담을 수 없다), 한 번 입 밖으로 낸 말은 취소할 수 없다."
薬を飲んでから、幾分楽になった気がする。,약을 먹고 나니 어느 정도 편해진 느낌이다.
ラッシュ時の電車に乗車するのは大変だ。,러시아워 시간 전철에 승차하는 것은 힘들다.
二つの写真は同一人物だ。,두 사진은 동일 인물이다.
歴史は繰り返す、過去の失敗から学ばない者は同じ過ちを犯す。,"역사는 반복된다, 과거의 실패에서 배우지 않는 자는 같은 잘못을 저지른다."
ストレンジ・アトラクタは、カオス系において軌道が収束する、複雑でフラクタルな形状の集合だ。,이상한 끌개(Strange Attractor)는 카오스 계에서 궤도가 수렴하는 복잡하고 프랙탈적인 형상의 집합이다.
適当な答えをしてごまかすのはよくない。,적당히 대충 대답해서 얼버무리는 건 좋지 않다.
城が見える丘で、彼女は少しだけ立ち止まった。,성이 보이는 언덕에서 그녀는 잠시 멈춰 섰다.
古代文明の遺跡からは、当時の高度な建築技術がうかがえる。,"고대 문명의 유적에서는, 당시의 고도 건축 기술을 엿볼 수 있다."
彼は面倒を避けるために返事を後回しにした。,그는 번거로움을 피하려고 답장을 미뤘다.
何十年も前の古い写真が見つかり、家族みんなで思い出話に花が咲いた。,"수십 년 전의 오래된 사진이 발견되어, 가족 모두 추억 이야기에 꽃을 피웠다."
ブロックチェーン技術は、金融取引の透明性と改ざん耐性を保証する仕組みだ。,블록체인 기술은 금융 거래의 투명성과 위변조 내성을 보증하는 구조다.
寺で墨絵の体験をした。,절에서 먹그림 체험을 했다。
ファンダメンタルズ分析に基づき、割安と判断される銘柄を長期保有する。,"펀더멘털 분석에 기초하여, 저평가되었다고 판단되는 종목을 장기 보유한다."
再来週の結婚式に向けて、スピーチの練習を繰り返している。,"다다음 주 결혼식을 위해, 스피치 연습을 반복하고 있다."
甘い匂いに誘われて、花の周りに蝶が群がっている。,달콤한 향기에 이끌려 꽃 주변에 나비들이 몰려들고 있다.
遠い未来、人類は地球以外の惑星に移住しているかもしれない。,"먼 미래, 인류는 지구 이외의 행성으로 이주해 있을지도 모른다."
先日お借りした本、とても面白くて一気に読んでしまいました。,"일전에 빌린 책, 너무 재미있어서 단숨에 읽어 버렸습니다."
門の前に太い鎖が張られている。,문 앞에 굵은 쇠사슬이 쳐져 있다.
背水の陣で挑んだ最終試験に、見事合格した。,"배수진(물을 등지고 싸움)으로 도전한 최종 시험에, 멋지게 합격했다."
嫉妬からくる嫌がらせなんて、相手にする価値もない。,"질투에서 오는 괴롭힘 따위, 상대할 가치도 없다."
彼は芸能界で長く活躍している。,그는 연예계에서 오랫동안 활동하고 있다.
週末には友達と競馬場へ遊びに行った。,주말에는 친구와 경마장에 놀러 갔다.
正午のサイレンが鳴り響くと、工場から作業員たちが昼食をとりに一斉に出てくる。,"정오의 사이렌이 울려 퍼지면, 공장에서 작업원들이 점심을 먹으러 일제히 나온다."
一夜にして落城し、家臣たちは散り散りになった。,"하룻밤 사이에 성이 함락되어, 가신들은 뿔뿔이 흩어졌다."
さっきすれ違った人は、どこか懐かしい香水を身にまとっていた。,"아까 스쳐 지나간 사람은, 어딘가 그리운 향수를 몸에 두르고 있었다."
彼とは小学校の同級だった。,그와는 초등학교 동급생이었다.
春風が心地よく、猫が縁側で気持ちよさそうに昼寝をしている。,"봄바람이 상쾌하여, 고양이가 툇마루에서 기분 좋은 듯이 낮잠을 자고 있다."
この町では鉱業が主な産業だった。,이 마을에서는 광업이 주요 산업이었다.
児童が横断歩道を渡るのを見守る。,아동이 횡단보도를 건너는 것을 지켜본다.
つい先ほど、公式ウェブサイトで待望の新作発表が行われた。,"방금 전, 공식 웹사이트에서 대망의 신작 발표가 이루어졌다."
この地域にはまだ知られていない埋蔵資源があると言われている。,이 지역에는 아직 알려지지 않은 매장 자원이 있다고 한다.
城下町の小路を歩くと、醤油の香りがふっと漂ってきた。,성하마을의 골목을 걷자 간장 향이 문득 퍼져 왔다.
罪に見合った刑罰が科されるべきだ。,죄에 상응하는 형벌이 부과되어야 한다.
聴衆の反応を見ながら、話すスピードや声のトーンを調整する。,"청중의 반응을 보면서, 말하는 속도나 목소리 톤을 조정한다."
批判ばかりしていないで、代案を出すのが大人の態度だ。,"비판만 하고 있지 말고, 대안을 내는 것이 어른의 태도다."
木の板に厚みがあるので、テーブルがしっかりしている。,나무 판에 두께가 있어서 테이블이 튼튼하다.
裁定取引を活用して、市場間の僅かな価格差から無リスクで利益を得る。,"재정거래(아비트리지)를 활용하여, 시장 간의 근소한 가격 차이에서 무위험으로 이익을 얻는다."
どの案をとるかは最終的に社長が決める。,어느 안을 택할지는 최종적으로 사장이 결정한다.
航空業界は世界情勢の影響を強く受ける。,항공 업계는 세계 정세의 영향을 크게 받는다.
彼の不幸な生い立ちを知って同情を禁じ得なかった。,그의 불행한 성장사를 알고 동정을 금할 수 없었다.
学校では規律を守ることが大切だ。,학교에서는 규율을 지키는 것이 중요하다.
以前この店に来た時は行列ができていたが、今はすんなりと入れた。,"예전에 이 가게에 왔을 때는 줄이 늘어서 있었는데, 지금은 수월하게 들어갔다."
その長編は三日かけて読み終えた。,그 장편은 사흘에 걸쳐 다 읽었다.
"5月になると田植えのシーズンが始まる。","5월이 되면 모내기 시즌이 시작된다."
水が少ない畑で陸稲を試作した。,물이 적은 밭에서 밭벼(육도)를 시험 재배했다.
机の上に紙屑が散らかっている。,책상 위에 종이 조각이 널브러져 있다.
売り言葉に買い言葉で、とうとう掴み合いの喧嘩に発展した。,"가는 말 오는 말 거칠어져, 드디어 멱살잡이 싸움으로 발전했다."
新年のくじ引きで自転車が当たった。,새해 복권 뽑기에서 자전거가 당첨되었다.
祖母が童歌を口ずさむと、部屋が和んだ。,할머니가 동요를 흥얼거리자 방이 포근해졌다.
質量分析法を用いると、タンパク質の分子量や構造を精密に決定できる。,질량 분석법을 이용하면 단백질의 분자량이나 구조를 정밀하게 결정할 수 있다.
ミトコンドリアは細胞内の発電所として、ＡＴＰを産生し続ける。,"미토콘드리아는 세포 내 발전소로서, ATP를 계속해서 생산한다."
都会を離れて山里で静かに隠居している。,도시를 떠나 산골에서 조용히 은거하며 지낸다.
彼の働き方から多くのことを見習いたい。,그의 일하는 방식에서 많은 것을 본받고 싶다.
すみません、水を一杯お願いします。,죄송한데 물 한 잔 부탁합니다。
今日は天気が良いので、洗濯物を外に干すには絶好の機会だ。,"오늘은 날씨가 좋아서, 빨래를 밖에 널기에는 절호의 기회다."
有機合成における触媒毒の混入は、反応収率を著しく低下させる。,유기 합성에서의 촉매 독 혼입은 반응 수율을 현저하게 저하시킨다.
うっかり重要なメールを削除してしまって、冷や汗をかいた。,그만 중요한 메일을 삭제해 버려서 식은땀을 흘렸어.
財布のお金を一晩で全部叩いてしまった。,지갑의 돈을 하룻밤에 몽땅 써 버렸다.
民族の衣装を着た踊りが祭りを彩った。,민족 의상을 입은 춤이 축제를 빛냈다.
絶対に自分のパスワードは他人に教えてはいけない。,절대로 자기 비밀번호는 다른 사람에게 알려줘서는 안 돼.
社長の子息が会社を継ぐことになった。,사장의 자식이 회사를 잇게 되었다.
淡雪が降っては溶け、道がすぐに濡れてしまった。,진눈깨비처럼 내린 눈이 금세 녹아 길이 바로 젖었다.
この曲は静かなトーンで始まる。,이 곡은 잔잔한 톤으로 시작된다.
若い詩人が自作の詩を朗読した。,젊은 시인이 자신의 시를 낭독했다.
傷口に黴菌が入らないようにきれいに洗ってください。,상처에 세균이 들어가지 않도록 깨끗이 씻어 주세요.
血液凝固因子のカスケード反応が、止血において重要な役割を果たす。,혈액 응고 인자의 연쇄 반응이 지혈에 있어 중요한 역할을 수행한다.
土曜日の遅い朝食、焼き立てのパンとコーヒーの香りがキッチンに漂う。,"토요일의 늦은 아침 식사, 갓 구운 빵과 커피 향기가 부엌에 감돈다."
飛行機の窓から山脈が連なって見えた。,비행기 창밖으로 산맥이 이어져 보였다.
広大な平野が地平線の向こうまで続いている。,광활한 평원이 지평선 너머까지 이어져 있다.
日曜日の夕方になると、また明日から仕事が始まるという現実が押し寄せてくる。,"일요일 저녁이 되면, 다시 내일부터 일이 시작된다는 현실이 밀려온다."
異世界に転生して、勇者として魔王を倒す旅に出る物語が流行っている。,"이세계로 전생해서, 용사로서 마왕을 쓰러뜨리는 여행을 떠나는 이야기가 유행하고 있다."
この町には下町らしい特色が残っている。,이 도시는 서민 동네 특유의 색깔이 남아 있다.
子どもが肌色のクレヨンで、自分の手を描いた。,아이가 살색 크레용으로 자기 손을 그렸다.
火曜日の午後三時は、会議が最も白熱する時間帯だ。,"화요일 오후 3시는, 회의가 가장 가열되는 시간대다."
この店は父の代から続く、小さな書店だ。,이 가게는 아버지 대부터 이어져 내려온 작은 서점이다.
木曜日の疲れは、週末への期待感でなんとか乗り切ることができる。,"목요일의 피로는, 주말에 대한 기대감으로 어떻게든 극복할 수 있다."
この会議で今年の仕事の締めをしよう。,이번 회의에서 금년 일을 마무리하자.
緩衝液の調製には、弱酸とその共役塩基のバランス計算が必要だ。,완충액(Buffer) 제조에는 약산과 그 짝염기의 균형 계산이 필요하다.
工場の基盤が古くて、設備更新が急務だ。,공장 기반이 낡아서 설비 갱신이 급하다.
調味料の分量をきちんと量ってから料理を始める。,조미료 분량을 제대로 재고 나서 요리를 시작한다.
金曜日の夜、繁華街は開放感に満ちた人々で賑わっていた。,"금요일 밤, 번화가는 해방감에 찬 사람들로 붐비고 있었다."
古い車のエンジンがなかなか掛からない。,오래된 차의 엔진이 좀처럼 걸리지 않는다.
この装置は液体の成分を分離するために使われる。,이 장치는 액체 성분을 분리하는 데 사용된다.
膜電位の変化を感知して、電位依存性イオンチャネルが開閉する。,"막전위의 변화를 감지하여, 전위 의존성 이온 채널이 개폐된다."
彼は若い頃、欧米を放浪していた。,그는 젊었을 때 구미를 방랑했다.
彼女はいつも朗らかな笑顔で周りを明るくする。,그녀는 늘 명랑한 미소로 주변을 환하게 만든다.
怪我人はヘリコプターで病院に搬送された。,부상자는 헬리콥터로 병원에 이송되었다.
寝室を片付け、寝具を干してから、早めに就寝した。,"침실을 정리하고 침구를 말린 뒤, 일찍 취침했다."
医師が喉を診ると、赤く腫れていると言った。,의사가 목을 진찰해 보더니 붉게 부어 있다고 말했다.
横断歩道では必ず一旦停止してください。,횡단보도에서는 반드시 일단 정지해 주세요.
疲れて寝るつもりが、ソファで寝入ってしまい、気づけば昼寝になっていた。,"피곤해서 자려다가 소파에서 잠들어 버려, 정신 차려 보니 낮잠이 되어 있었다."
祖父母の家には立派な客間がある。,조부모 집에는 훌륭한 응접실이 있다.
布団を干してから、夜はぐっすり眠れた。,이불을 널고 나서 밤에 푹 잤다.
男子の部で、彼は初めて優勝した。,남자 부문에서 그는 처음으로 우승했다.
映画への批評をブログに書いて、友達と語り合った。,영화에 대한 비평을 블로그에 쓰고 친구와 이야기 나눴다.
マラソンの練習で足の骨を痛めてしまい、しばらく走れなくなった。,마라톤 연습을 하다가 다리뼈를 다쳐서 한동안 달릴 수 없게 되었다.
多能性幹細胞は、理論上あらゆる種類の細胞に分化できる能力を持つ。,다능성 줄기세포는 이론상 모든 종류의 세포로 분화할 수 있는 능력을 가진다.
彼はとても真面目な性格で、約束を必ず守る。,그는 매우 성실한 성격이라 약속을 반드시 지킨다.
岬の先で、水平線から日が昇るのを見た。,곶 끝에서 수평선 너머로 해가 떠오르는 걸 봤다.
ふざけて友だちの腕を抓ったら本気で怒られた。,장난으로 친구 팔을 꼬집었다가 진심으로 화를 샀다.
インターネットで最新の株価情報を検索する,인터넷으로 최신 주가 정보를 검색하다
事故で首の骨を折ったが、幸い命に別状はなかった。,사고로 목뼈가 부러졌지만 다행히 생명에는 지장이 없었다.
柔軟な考え方が新しい発想を生む。,유연한 사고방식이 새로운 발상을 낳는다.
旅先でゆっくり海の幸を味わった。,여행지에서 해산물을 천천히 음미했다.
朝の森で深呼吸すると、冷たい空気が肺に入って目が覚めた。,아침 숲에서 심호흡을 하면 차가운 공기가 폐로 들어와 잠이 깬다.
その密約が暴かれて、政界が揺れた。,그 밀약이 드러나 정계가 흔들렸다.
年を取ると骨の密度が下がるので、彼女は毎日ウォーキングを続けている。,나이가 들면 뼈 밀도가 떨어지기 때문에 그녀는 매일 걷기를 계속하고 있다.
グレーのコートはどんな服にも合わせやすい。,회색 코트는 어떤 옷과도 잘 어울린다.
人は誰でも老いることから逃れられない。,사람은 누구나 늙는 것을 피할 수 없다.
実力は互角だが、今日は運で負けてしまった。,실력은 호각이지만 오늘은 운이 나빠서 져 버렸다.
列は少しずつ進み、私の番が近づくにつれて心臓の進みが早くなった。,줄이 조금씩 전진하고 내 차례가 다가올수록 심장 박동이 빨라졌다.
議論を深めるため、反対意見も一度ホワイトボードに書き出した。,논의를 심화하기 위해 반대 의견도 한 번 화이트보드에 적어 냈다.
企画の大筋はもう決まっている。,기획의 큰 줄기는 이미 정해져 있다.
新しいオフィスは駅から近くて便利だ。,새 오피스는 역에서 가까워서 편리하다.
その作家を巡って、肯定派と否定派の議論がネット上で続いている。,그 작가를 두고 긍정파와 부정파의 논쟁이 인터넷에서 이어지고 있다.
少し前に連絡があったばかりだが、急用でまた電話がかかってきた。,"조금 전에 연락이 왔을 뿐인데, 급한 용무로 또 전화가 걸려왔다."
十二月の街はクリスマスイルミネーションで輝き、年末の慌ただしさを忘れさせる。,"12월의 거리는 크리스마스 조명으로 빛나, 연말의 분주함을 잊게 한다."
どうりで駅がこんなに混んでいると思ったら、今日は花火大会の日だ。,어쩐지 역이 이렇게 붐빈다 했더니 오늘이 불꽃놀이 날이네.
大きな音で鳥の群れが一斉に空へと脅かされて飛び立った。,큰 소리에 놀란 새 떼가 일제히 하늘로 날아올랐다.
この小説は英語の原書で読んだ。,이 소설은 영어 원서를로 읽었다.
ダンボール箱を部屋の隅に押し込んだ。,골판지 상자를 방 구석에 밀어 넣었다.
コートに泥が跳ねたので、すぐ洗った。,코트에 진흙이 튀어서 바로 빨았다.
映画は字幕派なので、吹き替え版はほとんど見ない。,나는 자막파라서 더빙판은 거의 보지 않는다.
塩味のポップコーンが映画には合う。,짭짤한 팝콘은 영화에 잘 어울린다.
今は無理をしないのが賢明な判断だと思う。,지금은 무리하지 않는 것이 현명한 판단이라고 생각한다.
忙しいときに手伝ってくれるなんて、本当に有り難い。,바쁠 때 도와주다니 정말 고맙다.
今年中には絶対に日本語能力試験を合格してみせる。,올해 안에는 꼭 일본어 능력 시험에 합격하고 말 거야.
本番直前のリハーサルでは、スタッフ全員に緊張感が張り詰めていた。,"본방 직전의 리허설에서는, 스태프 전원에게 긴장감이 팽배해 있었다."
パイロットが複雑な計器を巧みに操作する,파일럿이 복잡한 계기를 능숙하게 조작하다
七月の猛暑日、アスファルトの上には逃げ水が揺らめいていた。,"7월의 폭염일, 아스팔트 위에는 아지랑이가 일렁이고 있었다."
九月の台風シーズンに備えて、防災グッズの点検を行った。,"9월의 태풍 시즌에 대비하여, 방재 용품 점검을 실시했다."
蛍が川辺で淡く光る幻想的な夜の風景,반딧불이가 강변에서 희미하게 빛나는 환상적인 밤 풍경
彼女は華奢な体つきだが意外と力持ちだ。,그녀는 가냘픈 체형이지만 의외로 힘이 세다.
子供が算数のノートに丁寧な字で引き算を書く。,아이가 산수 노트에 정성스러운 글씨로 뺄셈을 쓴다.
八月の夜空を彩る花火大会は、恋人たちにとって最高のデートスポットだ。,"8월의 밤하늘을 수놓는 불꽃놀이는, 연인들에게 있어서 최고의 데이트 장소다."
十一月の紅葉狩り、山全体が燃えるような赤と黄色に染まっていた。,"11월의 단풍놀이, 산 전체가 불타는 듯한 빨강과 노랑으로 물들어 있었다."
幼い子供が一生懸命に平仮名の練習をする。,어린아이가 열심히 히라가나 연습을 한다.
その二つの言葉は、意味が非常に紛らわしい。,그 두 단어는 의미가 매우 혼동하기 쉽다.
四月の新学期、新しい教室の匂いと期待感が胸を満たす。,"4월의 신학기, 새로운 교실의 냄새와 기대감이 가슴을 채운다."
三月の風に吹かれて、桜の蕾が少しずつ膨らみ始めている。,"3월의 바람을 맞으며, 벚꽃 봉오리가 조금씩 부풀어 오르기 시작했다."
便利だった制度が改悪されて不便になった。,편리했던 제도가 개악되어 불편해졌다.
この場所の緯度を調べて、地図に正しく記入しなさい。,이 장소의 위도를 조사해서 지도에 정확히 표시해라.
それはちょっと乙だね、面白い発想だよ。,"그건 좀 근사한데, 재미있는 발상이야."
一見静かそうな町だが、意外と夜は賑やかだ。,언뜻 보기에는 조용한 마을이지만 의외로 밤에는 붐빈다.
五月の連休を利用して、家族で海外旅行に行く計画を立てている。,"5월의 연휴를 이용하여, 가족끼리 해외여행을 갈 계획을 세우고 있다."
後ろからいきなり声を掛けて脅かすなよ。,뒤에서 갑자기 말 걸어서 놀래키지 마.
彼の親切は純粋な好意から出たものだと思う。,그의 친절은 순수한 호의에서 나온 것이라고 생각한다.
転んだ子どものために応急処置をした。,넘어진 아이를 위해 응급 처치를 해 주었다.
赤ちゃんを寝かすために、部屋の明かりを少し落として子守歌を流した。,아기를 재우기 위해 방 불을 조금 낮추고 자장가를 틀었다.
彼は小心なので大勢の前で話すのが苦手だ。,그는 소심해서 많은 사람 앞에서 말하는 걸 어려워한다。
他社の商品の模倣ではなく、独自のアイデアが求められている。,다른 회사 제품의 모방이 아니라 독자적인 아이디어가 요구되고 있다.
彼女はしょっちゅう海外出張に行っていて、ほとんど会社にいない。,그녀는 자주 해외 출장을 가서 거의 회사에 없다.
その折にはまたご連絡いたします。,그때에는 다시 연락드리겠습니다.
この地域は昔から美しい織物で有名だ。,이 지역은 예전부터 아름다운 직물로 유명하다.
ケーキがちょうど出来上がるころにお客様が来た。,케이크가 막 완성될 즈음에 손님이 왔다.
二人は円満に離婚したと言われている。,두 사람은 원만하게 이혼했다고 한다.
雨天の場合は試合を中止します。,우천 시에는 경기를 취소합니다.
入り口付近は混雑しているので、奥の方へ詰めてお待ちください。,"입구 부근은 혼잡하므로, 안쪽으로 좁혀서 기다려 주십시오."
秋が来ると空気が一段と深まり、街の色が落ち着いて見える。,"가을이 오면 공기가 한층 더 깊어지고, 거리의 색이 차분해 보인다."
さっぱり意味が分からない説明で、みんなきょとんとしていた。,전혀 뜻을 알 수 없는 설명이라 모두 멍해 있었다.
この港は古くから海運の要所だった。,이 항구는 예로부터 해운의 요충지였다.
新しいアイデアを生むには、まず現場をよく見ることだ。,새 아이디어를 낳으려면 먼저 현장을 잘 보는 것이다.
彼は二つの会社の橋渡し役として活躍している。,그는 두 회사의 가교 역할을 하며 활약하고 있다.
鶴は日本文化の中で長寿の象徴とされている。,학은 일본 문화에서 장수의 상징으로 여겨진다.
師への敬慕を胸に、研究を続けている。,스승에 대한 경모를 품고 연구를 계속하고 있다.
深山の静けさの中、深夜の湖で水深を測る研究チームのライトが揺れた。,"심산의 고요 속에서, 심야의 호수에서 수심을 재는 연구팀의 불빛이 흔들렸다."
四日も雨が降り続くと、さすがに気分が滅入ってくる。,"나흘이나 비가 계속 내리면, 과연 기분이 우울해진다."
夏の夜、屋上で星を眺めた。,여름밤에 옥상에서 별을 바라보았다.
新しく入ったアルバイトが意外と仕事を覚えるのが早い。,새로 들어온 아르바이트가 의외로 일을 빨리 배우네.
二月は逃げると言う通り、あっという間に過ぎ去ってしまった。,"2월은 도망간다고 하는 말대로, 순식간에 지나가 버렸다."
彼は怒ってコップの水を相手に振るようにかけてしまった。,그는 화가 나서 컵의 물을 상대에게 확 뿌려 버렸다.
来年の春にまた会おうと、駅のホームで手を振った。,내년 봄에 다시 만나자고 역 승강장에서 손을 흔들었다.
かつて一世を風靡したその歌も、今ではすっかり廃れてしまった。,한때 세상을 풍미했던 그 노래도 이제는 완전히 쇠퇴해 버렸다.
料理の味見をしてから、塩を少し足した。,요리를 맛본 뒤 소금을 조금 더 넣었다.
新しいプロジェクトは一日から始まり、チーム全員が緊張感を持って初日を迎えた。,"새로운 프로젝트는 1일부터 시작되어, 팀 전원이 긴장감을 가지고 첫날을 맞이했다."
これは甚だ遺憾なミスと言わざるを得ない。,이것은 매우 유감스러운 실수라고 말할 수밖에 없다.
三日月の夜、静かな湖畔でキャンプファイヤーを囲みながら語り合った。,"초승달이 뜬 밤, 조용한 호숫가에서 모닥불을 둘러싸고 이야기를 나누었다."
軍隊には厳しい階級制度がある。,군대에는 엄격한 계급 제도가 있다.
夏休みに山へ行ってカブトムシを捕まえる,여름 방학에 산에 가서 장수풍뎅이를 잡다
家計の支出を見直して節約を始めた。,가계 지출을 다시 살펴보고 절약을 시작했다.
観測衛星メイゲツが送った画像で、台風の目がくっきり見えた。,관측위성 메이게츠가 보낸 이미지로 태풍의 눈이 선명히 보였다.
このカフェ、会社から近いのにわりと静かで仕事しやすい。,"이 카페, 회사에서 가까운데도 꽤 조용해서 일하기 좋다."
試験前の教室ではみんな静かに自習していた。,시험 전 교실에서는 모두 조용히 자습하고 있었다.
彼は先祖を大切にし、子孫にもその思いを伝えたいと言う。,그는 조상을 소중히 여기며 그 마음을 자손에게도 전하고 싶다고 말한다.
クジラは哺乳類だ。,고래는 포유류다.
古い思考から脱却し、新しいアイデアを取り入れるべきだ。,낡은 사고에서 벗어나 새로운 아이디어를 받아들여야 한다.
彼は箱を軽々と運んだが、私は二段目で息が上がった。,그는 상자를 가볍게 옮겼지만 나는 두 번째부터 숨이 찼다.
この建物の意匠には和の要素が生かされている。,이 건물의 디자인에는 일본식 요소가 살려져 있다。
胃潰瘍の検査結果を見て、無理な働き方を改めようと思った。,위궤양 검사 결과를 보고 무리한 일 방식을 고치기로 했다.
土俵際で粘り腰を見せ、うっちゃりで逆転勝ちしました！,"씨름판 가장자리에서 끈기 있는 허리 힘을 보여주며, 웃차리(배대뒤치기)로 역전승했습니다!"
次の駅で降ります。,다음 역에서 내립니다.
熊が檻の中をゆっくり歩き回っている。,곰이 우리 안을 천천히 돌아다니고 있다.
火事の被害は近くの住宅街にまで及んだ。,화재 피해는 근처 주택가까지 미쳤다.
寒い日でも、肌着をしっかり着ていれば暖かい。,추운 날에도 속옷을 잘 받쳐 입으면 따뜻하다.
ケーキを人数分に分ける役を任された。,케이크를 인원수대로 나누는 역할을 맡았다.
規模を拡大して行われる今年のフェスには、海外からもアーティストが参加する。,"규모를 확대하여 열리는 올해 페스티벌에는, 해외에서도 아티스트가 참가한다."
敵の拠点を乗り取る作戦が密かに進められていた。,적의 거점을 점령하는 작전이 은밀히 진행되고 있었다.
安易な考えで仕事を選ぶと、後で後悔することになりかねない。,안이한 생각으로 일을 고르면 나중에 후회하게 될 수 있다.
その投資話は眉唾だと思う。,그 투자 이야기는 수상쩍다고 생각해.
困っている同僚に、資料作りを手伝うと申し出た。,곤란해하는 동료에게 자료 작업을 돕겠다고 제안했다.
彼はしつこい勧誘で評判が悪い。,그는 집요한 권유 때문에 평이 나쁘다.
サーカスのピエロが愉快な曲芸を披露する,서커스의 광대가 유쾌한 곡예를 선보이다
フェアプレー精神に則り、互いに健闘を称え合いました。,"페어플레이 정신에 입각하여, 서로의 건투를 칭찬했습니다."
政府は慎重な外交を進めている。,정부는 신중한 외교를 추진하고 있다.
意外と田舎のほうが生活費がかからないらしい。,의외로 시골 쪽이 생활비가 덜 든대.
勉強中に飼い猫が机に乗ってきて邪魔をする,공부 중에 애완 고양이가 책상에 올라와서 방해를 하다
一時は人気だったが、今はすっかり下火になった。,한때는 인기였지만 지금은 완전히 시들해졌다.
雨のためイベントは途中で解散となった。,비 때문에 이벤트가 중간에 해산되었다.
このアプリは無料なのに機能がかなり充実している。,이 앱은 무료인데도 기능이 상당히 충실해.
彼女は華々しいデビューを飾った新人歌手だ。,그녀는 화려한 데뷔를 장식한 신인 가수이다.
有機溶媒抽出法を用いて、植物から有効成分を分離精製した。,유기 용매 추출법을 이용하여 식물에서 유효 성분을 분리 정제했다.
今日は風がすごく冷たいから、厚手のコートを着たほうがいい。,오늘은 바람이 정말 차가우니까 두꺼운 코트를 입는 게 좋아.
貴殿のご高配に深く感謝申し上げます。,귀하의 배려에 깊이 감사드립니다.
その言い方だと、別の意味に取られかねない。,그 말투라면 다른 의미로 받아들여질 수도 있다.
台所で油が燃えかけたが、すぐ消火器で消して事なきを得た。,주방에서 기름이 탈 뻔했지만 바로 소화기로 꺼서 큰일을 막았다.
憲法は国民の主権を保障している。,헌법은 국민의 주권을 보장하고 있다.
豆腐を醤油に浸しておいたら、弁当箱の底が水浸しになっていた。,두부를 간장에 담가 두었더니 도시락 통 바닥이 흠뻑 젖어 있었다.
銭湯の暖簾をくぐると、石鹸の匂いと笑い声が迎えてくれた。,목욕탕 커튼을 지나니 비누 향과 웃음소리가 맞아 주었다.
食欲がなくて衰弱していた犬に、獣医が点滴をしてくれた。,식욕이 없어 쇠약해진 개에게 수의사가 수액을 놔 주었다.
雪の峠を越えるのは危険だ。,눈 덮인 고개를 넘는 건 위험하다.
パスポートを紛失してしまい、大使館に連絡した。,여권을 분실해서 대사관에 연락했다.
試験では彼の実力がはっきり表れた。,시험에서 그의 실력이 분명히 드러났다.
田んぼの泥浴び大会で、全身どろどろになって笑い転げた。,논의 진흙 뒤집어쓰기 대회에서 온몸이 흙투성이가 되어 뒹굴며 웃었다.
前人未踏のジャングルに足を踏み入れるには、相当な覚悟が必要だ。,"전인미답의 정글에 발을 들여놓으려면, 상당한 각오가 필요하다."
友人が自殺したと聞いて、しばらく言葉を失った。,친구가 자살했다는 소식을 듣고 한동안 말을 잃었다.
ところで来週の出張のスケジュールはもう決まった？,그건 그렇고 다음 주 출장 일정은 벌써 정해졌어?
別に完璧じゃなくてもいいから、とりあえず提出してみよう。,굳이 완벽하지 않아도 되니까 일단 한번 제출해 보자.
しつこい勧誘の電話が何度もかかってきて、うんざりしている。,집요한 권유 전화가 여러 번 걸려 와서 진절머리가 난다.
ていうかその案、前にも一度失敗してなかったっけ？,"그러니까 그 안, 예전에 한 번 실패하지 않았어?"
ちなみにこの資料は社外秘だから、外には出さないでね。,참고로 이 자료는 대외비니까 밖으로 내보내지 마.
腰部を守るため、荷物は膝を曲げて持ち上げるようにした。,허리를 보호하려고 무릎을 굽혀 짐을 들어 올리기로 했다.
まあ完璧じゃなくても、今のところは十分だと思う。,뭐 완벽하진 않아도 지금으로서는 충분하다고 생각해.
というか、そもそも目的がはっきりしていない気がする。,라기보다 애초에 목적이 분명하지 않은 것 같아.
事件から一年後、彼は警察に自首した。,"사건으로부터 1년 뒤, 그는 경찰에 자수했다."
火山から黒い煙が噴出した。,화산에서 검은 연기가 분출했다.
子供がうさぎに人参をあげて喜んでいる。,아이가 토끼에게 당근을 주며 기뻐하고 있다.
会場には種々の国からの参加者が集まった。,회장에는 여러 나라에서 온 참가자들이 모였다.
空港までお客様を出迎えることになった。,공항까지 손님을 마중 나가게 되었다.
水溶性ビタミンは体に貯めにくいから、毎日少しずつ摂る。,수용성 비타민은 몸에 저장되기 어려워 매일 조금씩 섭취한다.
十年余りの歳月を費やして、ついにその壮大な橋は完成した。,"10년 남짓한 세월을 들여, 드디어 그 장대한 다리는 완성되었다."
会社の収支を一年分まとめて報告した。,회사 수지를 1년치 정리해 보고했다.
最近なんか部屋の空気が重いから、模様替えでもしようかな。,"요즘 뭔가 방 분위기가 무거워서, 가구 배치를 바꿔볼까 해."
バスは私の前を通り過ぎるだけで、停まってくれなかった。,버스는 내 앞을 그냥 지나가기만 하고 서 주지 않았다.
リサイクル活動として、不要になった衣料を寄付した。,재활용 활동으로 불필요해진 의류를 기부했다.
レポートの締め切りは今月五日だ。,보고서 제출 마감은 이번 달 5일이다.
窓辺の陽光が猫の背中を温め、昼寝が始まった。,창가의 햇살이 고양이 등을 데워 낮잠이 시작됐다.
落葉を踏む音が心地よくて、わざと遠回りして帰った。,낙엽 밟는 소리가 좋아 일부러 돌아서 집에 갔다.
まさか自分がコンテストで優勝するなんて、夢にも思わなかった。,"설마 자신이 콘테스트에서 우승하다니(우승할 줄이야), 꿈에도 생각하지 못했다."
視点を変えると、全く違う景色が見えてくる。,시점을 바꾸면 전혀 다른 풍경이 보인다.
エンジニアとして新しいシステムの設計を任された。,엔지니어로서 새로운 시스템 설계를 맡게 되었다.
大阪にある支店へ転勤することになった。,오사카에 있는 지점으로 전근 가게 되었다.
一度の失敗で目標が揺るぐなら、最初から小さく始めよう。,"한 번의 실패로 목표가 흔들린다면, 처음부터 작게 시작하자."
葉緑素のおかげで、同じ畑でも葉の色がいきいき違って見える。,엽록소 덕분에 같은 밭에서도 잎의 색이 생생하게 달라 보인다.
彼の言い分にも尤もなところがあって、簡単には否定できない。,그의 주장에도 일리가 있는 부분이 있어 쉽게 부정할 수 없다.
当時の政府は海外への植民を進めていた。,당시 정부는 해외로의 식민을 추진하고 있었다.
地下室が浸水し、壁の奥まで湿気が浸透してカビ臭くなった。,"지하실이 침수되고, 습기가 벽 안쪽까지 침투해 곰팡이 냄새가 나게 됐다."
円周の長さを公式を使って求めなさい。,원주의 길이를 공식을 이용해 구하시오.
赤ちゃんを強く揺するのは危険だから、抱っこで落ち着かせた。,"아기를 세게 흔드는 건 위험하니, 안아 달래었다."
彼の自慢話には本当に閉口した。,그의 자랑 이야기에 정말 질려 버렸다.
揺るぎない約束を交わし、二人は同じ地図に印をつけた。,흔들림 없는 약속을 나누고 두 사람은 같은 지도에 표시를 했다.
私鉄の沿線に新しいショッピングモールができた。,사철 노선가에 새로운 쇼핑몰이 생겼다.
この工具は実用性を重視して作られている。,이 공구는 실용성을 중시해서 만들어졌다.
この一点を守りきれるか、残り時間はあとわずかです！,"이 1점을 지켜낼 수 있을까, 남은 시간은 이제 얼마 없습니다!"
夏休みには南の島でのんびり過ごしたい。,여름 방학에는 남쪽 섬에서 느긋하게 보내고 싶다.
旅行の前に現地情報を下調べしておいた。,여행 전에 현지 정보를 미리 조사해 두었다.
成功の下地はすでにできている。,성공의 바탕은 이미 마련되어 있다.
市役所の前で、新しい条例に反対する抗議集会が開かれた。,시청 앞에서 새로운 조례에 반대하는 항의 집회가 열렸다.
この町の特産は柚子だ。,이 마을의 특산품은 유자다.
純綿のタオルは肌あたりがやさしく、湯上がりに欠かせない。,순면 수건은 촉감이 부드러워 목욕 후에 꼭 필요하다.
戦争で栄えた国が一夜にして没落した。,전쟁으로 번성하던 나라가 하룻밤 사이에 몰락했다.
寒くて頬っぺたが真っ赤になってしまった。,추워서 볼이 새빨개져 버렸다.
つい寝る前にスマホをいじってしまって、睡眠時間が削られている。,자꾸 자기 전에 스마트폰을 만져서 수면 시간이 줄어들고 있어.
期待していた分、結果に大いに失望した。,기대했던 만큼 결과에 크게 실망했다.
道が分からなくて駅の周りをうろうろしてしまった。,길을 몰라서 역 주변을 어슬렁거리며 헤맸다.
難しいパズルを一人で解くことができた。,어려운 퍼즐을 혼자 풀 수 있었다.
表面上は仲良くしているが、裏では激しい出世争いを繰り広げている。,"표면상은 사이좋게 지내고 있지만, 뒤에서는 치열한 출세 경쟁을 벌이고 있다."
一昨日は一日中雨だった。,그제는 하루 종일 비가 왔다.
動物園の巨象がゆっくり鼻を振って、子どもが歓声を上げた。,동물원의 거대한 코끼리가 천천히 코를 흔들자 아이가 환성을 질렀다.
お手数をお掛けして恐れ入ります。,번거롭게 해 드려서 송구합니다.
工場ではオートメーション化が進んでいる。,공장에서는 자동화가 진행되고 있다.
舞台の演出が素晴らしくて感動した。,무대 연출이 훌륭해서 감동했다.
彼はほくそ笑むだけで、何も説明しなかった。,그는 히죽 웃기만 하고 아무 설명도 하지 않았다.
皇太后は静かな雰囲気の中で式典に臨んだ。,황태후는 차분한 분위기 속에서 식전에 임했다.
優勝が決まった瞬間、会場は大笑いと歓声に包まれた。,"우승이 결정된 순간, 회장은 큰 웃음과 함성에 휩싸였다."
新しく選ばれた大統領が、改革への決意を演説で語った。,새로 선출된 대통령이 연설에서 개혁에 대한 각오를 밝혔다.
古文の仮名をたどると、千年前の声が近くに感じられた。,고문의 가나를 따라가다 보니 천 년 전의 목소리가 가까이 느껴졌다.
鍛冶場の炉が赤く燃え、鉄の匂いが空気を満たした。,대장간의 화로가 붉게 타오르고 쇠 냄새가 공기를 채웠다.
巧みなバットコントロールで、ライト前に運びました。,"교묘한 배트 컨트롤로, 우익수 앞으로 보냈습니다(안타)."
物事の裏側にある真実を見抜くには、鋭い洞察力が必要だ。,"사물의 이면(뒤쪽)에 있는 진실을 간파하려면, 예리한 통찰력이 필요하다."
新しいアプリの画面に戸惑う祖父へ、操作をゆっくり教えた。,새 앱 화면에 당황하는 할아버지에게 조작법을 천천히 알려 드렸다.
期限が切れた食品は廃棄処分される。,유통기한이 지난 식품은 폐기 처리된다.
運河沿いのカフェでコーヒーを飲んだ。,운하가를 따라 난 카페에서 커피를 마셨다.
読書は子どもの学力向上に大きく役立つ。,독서는 아이의 학력 향상에 크게 도움이 된다.
面接の順番が近づいてどきどきしてきた。,면접 순서가 다가오자 두근두근 긴장되기 시작했다.
宇宙の果てには永久の闇が広がっていると言われる。,우주의 끝에는 영원의 어둠이 펼쳐져 있다고 한다.
灰色のスーツはビジネスの場で着やすい色だ。,회색 정장은 비즈니스 자리에서 입기 좋은 색이다.
完成まで凡そ三ヶ月かかる見込みだ。,완성까지 대략 석 달이 걸릴 전망이다.
顧客へのアプローチ方法を根本から見直す必要がある。,고객에 대한 접근 방식을 근본적으로 재검토할 필요가 있다.
サオトメは祭りの準備で、提灯を一つずつ吊るしていった。,사오토메는 축제 준비로 등롱을 하나씩 달아 나갔다.
山火事の後には一面に灰が積もっていた。,산불이 지나간 뒤에는 온통 재가 쌓여 있었다.
平和的解決のためには、双方の歩み寄りが不可欠だ。,평화적 해결을 위해서는 양측의 양보(타협)가 필수적이다.
絶望の淵に立たされた時こそ、人間の真価が問われる。,"절망의 구렁텅이(연못)에 섰을 때야말로, 인간의 진가가 묻는다."
山の社で神楽が始まり、太鼓の響きが森にこだました。,산 신사에서 가구라가 시작되어 북소리가 숲에 울려 퍼졌다.
その冗談に耐えきれず、思わず笑う。,그 농담을 참지 못하고 무심코 웃는다.
鏡の向こう側には、左右が反転したもう一つの世界がある。,"거울 저편에는, 좌우가 반전된 또 하나의 세계가 있다."
侵略の歴史を学ぶと、言葉の重さがわかる。,침략의 역사를 배우면 말의 무게를 알게 된다.
東側の席は朝日がまぶしいのでカーテンを閉めた。,동쪽 좌석은 아침 햇살이 눈부셔서 커튼을 닫았다.
夜空に万の星がきらきらと輝いていた。,밤하늘에 만 개의 별이 반짝이고 있었다.
この地域ではラジオの電波が弱い。,이 지역에서는 라디오 전파가 약하다.
静かな部屋で時計の音と自分の耳の鼓動だけが聞こえる。,조용한 방에서 시계 소리와 자신의 귀의 고동 소리만 들린다.
アルカロイドの抽出実験では、有機溶媒の取り扱いに注意を要する。,알칼로이드 추출 실험에서는 유기 용매 취급에 주의를 요한다.
食器を軽く水で濯いでから洗剤で洗う。,그릇을 물로 한 번 헹군 뒤 세제로 씻는다.
日本語の助詞は外国人にとって難しい。,일본어 조사는 외국인에게 어렵다.
最後の一投を見守りながら、観客は固唾をのんだ。,마지막 한 투를 지켜보며 관객은 숨을 죽였다.
意外と年上より、年下のほうがしっかりしていることもある。,의외로 연상보다 연하가 더 든든할 때도 있어.
婚姻届には配偶者の情報を正確に記入しなければならない。,혼인 신고서에는 배우자의 정보를 정확히 기입해야 한다.
戦時中は政府が食料を配給していた。,전시 중에는 정부가 식량을 배급했다.
漁師が投網を放つと、水面に円が広がって魚影が走った。,어부가 투망을 던지자 수면에 원이 퍼지고 물고기 그림자가 스쳤다.
チケットの裏面に注意事項がびっしり書かれていた。,티켓 뒷면에 주의사항이 빼곡히 적혀 있었다.
彼女は微笑を浮かべて、黙ってうなずいた。,그녀는 미소를 띠고 말없이 고개를 끄덕였다.
カルシウム不足は骨に悪い影響を与える。,칼슘 부족은 뼈에 나쁜 영향을 준다.
久しぶりの再会で、皆の談笑が止まらなかった。,오랜만의 재회로 모두의 담소가 끊이지 않았다.
川辺の更衣小屋で裸身になり、冷たい水へ一気に飛び込んだ。,강가 탈의실에서 알몸이 되어 차가운 물로 단숨에 뛰어들었다.
雨上がりの空にくっきりと虹がかかっていた。,비가 그친 하늘에 선명한 무지개가 걸려 있었다.
彼女の澄んだ眼が、喜びを物語っている。,그녀의 맑은 눈이 기쁨을 말해 주고 있다.
日の当たらない斜面には、斑になって雪が残っている。,해가 들지 않는 비탈에는 얼룩처럼 눈이 남아 있다.
パラレルワールドが存在するなら、そこには幸せな自分がいるのだろうか。,"패러렐 월드(평행 우주)가 존재한다면, 거기에는 행복한 내가 있는 것일까."
どうせ文句を言われるなら、自分の好きなようにやりたい。,어차피 잔소리 들을 거라면 내 마음대로 하고 싶어.
古い母屋の縁側で、祖母が梅干しを干していた。,낡은 본채 툇마루에서 할머니가 매실장아찌를 말리고 있었다.
部屋には誰かいる気配がした。,방 안에는 누군가 있는 기척이 느껴졌다.
彼は自分を「職人」と称するが、腕は確かだ。,그는 자신을 ‘장인’이라 칭하지만 실력은 확실하다.
この区間はトンネルが多い。,이 구간은 터널이 많다.
適当な言い訳をしてその場を逃れた。,적당한 변명을 하고 그 자리를 벗어났다.
隣の工事が喧しくて、勉強に集中できない。,옆집 공사 소리가 시끄러워서 공부에 집중할 수 없다.
雷雨の予報で、町の花火大会は開催を取り止めることになった。,뇌우 예보로 마을 불꽃놀이는 개최를 취소하게 되었다.
夕方になると靴がきつくなり、足の浮腫みを実感した。,저녁이 되면 신발이 꽉 끼어 다리 부종을 실감했다.
もう彼を恨むつもりはない。,이제는 그를 원망할 생각이 없다.
危険な冗談はできるだけ避けるのが良識というものだ。,위험한 농담은 최대한 피하는 것이 상식이라는 것이다.
城の堀に鯉が泳いでいた。,성의 해자에 잉어가 헤엄치고 있었다。
冷蔵庫に貼ったメモが磁石のせいで少しずつずり落ちてきた。,냉장고에 붙인 메모가 자석 때문에 조금씩 미끄러져 내려왔다.
初めて生のオーケストラを聴いて鳥肌が立った。,처음으로 생 오케스트라를 듣고 소름이 돋았다.
人前では最低限のエチケットは守るべきだ。,사람들 앞에서는 최소한의 에티켓은 지켜야 한다.
次回作の構想を練るために、彼は一人で旅に出ることにした。,"차기작의 구상을 짜기 위해, 그는 혼자서 여행을 떠나기로 했다."
見てください、この汚れが水だけでスッキリ落ちるんです！,"보세요, 이 얼룩이 물만으로 말끔히 지워집니다!"
この道は歩道の幅が狭くて危ない。,이 길은 보도 폭이 좁아서 위험하다.
強い日差しがビルの窓に照り返して眩しい。,강한 햇빛이 빌딩 유리에 반사되어 눈이 부시다.
祖父の腕には、昔の痘痕が小さな星のように残っていた。,할아버지 팔에는 옛날의 두흔이 작은 별처럼 남아 있었다.
漢方の香りが立つ湯気の中で、体がじんわり温まった。,한방 향이 피어오르는 김 속에서 몸이 은근히 따뜻해졌다.
彼の勇ましい姿に感動した。,그의 씩씩한 모습에 감동했다.
週末は庭で園芸を楽しんでいる。,주말에는 정원에서 원예를 즐긴다.
無地のシャツはどんなネクタイにも合う。,무지 셔츠는 어떤 넥타이와도 잘 어울린다.
大家に連絡して水漏れを直してもらった。,집주인에게 연락해서 누수를 고쳐 달라고 했다.
図書館で古い雑誌を閲覧した。,도서관에서 오래된 잡지를 열람했다.
畑に水を送るポンプが故障してしまった。,밭에 물을 보내는 펌프가 고장 나 버렸다。
今日は随分涼しくなったね。,오늘은 꽤 선선해졌네.
彼らは最後の試合で惨めな敗北を喫した。,그들은 마지막 경기에서 참담한 패배를 당했다.
重そうな荷物を軽々と持ち上げ、周りを驚かせた。,무거워 보이는 짐을 가볍게 들어 올려 주위를 놀라게 했다.
山では単独行動を控えてください。,산에서는 단독 행동을 삼가 주세요.
部下への配慮に欠ける発言は慎むべきだ。,부하에 대한 배려가 없는 발언은 삼가야 한다.
この商品の名称は、来月から変更されます。,이 상품의 명칭은 다음 달부터 변경됩니다.
城の原形を保ったまま、今も観光地として残っている。,성의 원형을 그대로 보존한 채 지금도 관광지로 남아 있다.
新幹線「のぞみ」に乗れば、東京から大阪まであっという間だ。,신칸센 '노조미'를 타면 도쿄에서 오사카까지 순식간이다.
王は豪華な宮殿でぜいたくな暮らしをしていた。,왕은 호화로운 궁전에서 사치스러운 생활을 하고 있었다.
過去の過ちにけじめをつけるため、彼は旅に出た。,과거의 잘못을 매듭짓기 위해 그는 여행을 떠났다.
彼の勇気ある行動に称賛が集まった。,그의 용기 있는 행동에 칭찬이 모였다.
高齢者を労わる社会を作ることは、私たちの義務だ。,고령자를 위로하고 돌보는 사회를 만드는 것은 우리의 의무다.
部屋に大きなカーペットを敷いた。,방에 큰 카펫을 깔았다.
私が鍵を持っているから、先に部屋へ入っていいよ。,내가 열쇠를 가지고 있으니 먼저 방에 들어가도 돼.
年が明けたら引っ越す。,새해가 되면 이사할 거야.
退屈なシーンを早送りして、映画の結末だけを確認してしまった。,"지루한 장면을 빨리 감기 해서, 영화의 결말만을 확인해 버렸다."
あの粋人は、雨でも羽織をさらりと着こなす。,"그 멋쟁이는, 비가 와도 겉옷을 가볍게 멋지게 소화한다."
哺乳瓶を煮沸して消毒し、清潔に保つ。,젖병을 끓여서 소독하고 청결하게 유지한다.
物理の基本原理を理解すると、応用もしやすくなる。,물리의 기본 원리를 이해하면 응용도 쉬워진다.
流れ星に願いを込めると、叶うと信じられている。,유성(별똥별)에 소원을 빌면 이루어진다고 믿어지고 있다.
この祭りの発祥は、海の安全祈願にある。,이 축제의 발상(기원)은 바다의 안전 기원에 있다.
水平線の彼方に一本の線を引き、空と海を分ける境界を想像する。,"수평선 저편에 한 줄의 선을 그어, 하늘과 바다를 나누는 경계를 상상한다."
この物語は東西の文化の違いを描いている。,이 이야기는 동서 문화의 차이를 그리고 있다.
子どもは新しい乗り物に目を輝かせた。,아이는 새로운 탈것에 눈을 반짝였다.
この地域では住民が協力して自治を行っている。,이 지역에서는 주민들이 협력해 자치를 운영하고 있다.
誰にでも意見を言う権利がある。,누구에게나 의견을 말할 권리가 있다.
吉祥の柄が入った帯を、成人式に締めた。,길상 무늬가 들어간 오비를 성인식에 맸다.
その本は手近な棚に置いてある。,그 책은 손 가까운 선반에 놓여 있다.
使い終わったペットボトルは回収ボックスに入れてください。,다 쓴 페트병은 수거함에 넣어 주세요.
登山の道具を一式揃えて、念願だったエベレスト登頂に挑んだ。,등산 도구를 일체 구비하여 염원하던 에베레스트 등정에 도전했다.
彼は長年その国で独裁体制を敷いてきた。,그는 오랫동안 그 나라에서 독재 체제를 펼쳐 왔다.
来期の売上目標を達成するため、営業部は新たな戦略を練っている。,차기 매출 목표를 달성하기 위해 영업부는 새로운 전략을 짜고 있다.
情に絆されて、断りきれずに引き受けてしまった。,"정에 얽매여서, 딱 잘라 거절하지 못하고 떠맡아 버렸다."
この車の特長は燃費の良さだ。,이 차의 특징은 연비가 좋다는 점이다.
重症の患者が多く、病院は満床だ。,중증 환자가 많아 병원은 만실이다.
発酵食品を食べて、体の免疫力を高めるよう心がけている。,발효 식품을 먹어서 몸의 면역력을 높이도록 유의하고 있다.
今朝の気温はマイナス五度まで下がった。,오늘 아침 기온은 영하 5도까지 내려갔다.
夏の湿気で、顔が脂ぎってテカテカしている。,여름의 습기로 얼굴이 개기름이 흘러 번들거린다.
炎症を抑えるため、冷やして安静にした。,염증을 억제하기 위해 차게 하고 안정을 취했다.
変な姿勢で寝てしまい、首を寝違えて回せない。,이상한 자세로 자서 목을 잘못 삐어 돌릴 수가 없다.
トレーニングを続けて、全身の筋力が向上した。,트레이닝을 계속해서 전신의 근력이 향상되었다.
近所のミセスたちが集まってティータイムを楽しんでいる。,근처의 미시들이 모여 티타임을 즐기고 있다.
車のドアがぶつかって凹んでしまった。,차 문이 부딪혀 움푹 들어가 버렸다.
古びた絵図を頼りに、探検隊はジャングルの奥地へと進んだ。,"오래된 그림 지도를 의지해, 탐험대는 정글 오지로 나아갔다."
この仕事、私が引き受けてもよろしいでしょうか。,"이 일, 제가 맡아도 괜찮을까요?"
最善の策を練るために会議を開いた。,최선의 책을 짜기 위해 회의를 열었다.
交渉が遷延して、納期がずれ込んだ。,협상이 지연되어 납기가 미뤄졌다.
新庁舎の定礎式が市役所前で行われた。,새 청사의 정초식이 시청 앞에서 열렸다.
図書館の静かな一角で、歴史に関する調べ物をしていた。,도서관의 조용한 한구석에서 역사에 관한 조사를 하고 있었다.
けが人が出なかったのは幸いだ。,부상자가 나오지 않은 것은 다행이다.
症状が悪化したら、すぐ受診してください。,증상이 악화되면 바로 진료받으세요.
整体師に仙骨の歪みを矯正してもらい、腰痛が軽くなった。,접골사에게 천골(엉치뼈)의 비틀림을 교정받아 요통이 가벼워졌다.
スーツにはシンプルな革のベルトがよく合う。,정장에는 심플한 가죽 벨트가 잘 어울린다.
寝惚けて歯ブラシと洗顔料を間違えるという失態を演じてしまった。,자다 깨서 비몽사몽간에 칫솔과 세안제를 착각하는 실태를 연출해 버렸다.
消しゴムの角がすぐ丸くなる。,지우개 모서리가 금방 둥글어진다.
同じ趣味を持つ者同士で組を作った。,같은 취미를 가진 사람들끼리 조를 짰다.
鑑定の結果、この壺は正真正銘、江戸時代の本物だと判明した。,"감정 결과, 이 항아리는 틀림없는 에도 시대의 진품이라고 판명되었다."
新しい会計プログラムを導入したら作業が一気に楽になった。,새 회계 프로그램을 도입하자 작업이 한꺼번에 편해졌다.
理不尽な評価に納得できず、社長に直談判しに行った。,"불합리한 평가를 납득할 수 없어, 사장에게 직접 담판을 지으러 갔다."
彼は会議が終わると早々に席を立った。,그는 회의가 끝나자마자 서둘러 자리를 떴다.
雑草の中にも、美しい花を咲かせる名もなき草が存在する。,잡초 중에도 아름다운 꽃을 피우는 이름 없는 풀이 존재한다.
事件の実態を明らかにする必要がある。,사건의 실태를 밝혀낼 필요가 있다.
肩を優しく揉むと、少し楽になったと言われた。,어깨를 부드럽게 주무르자 좀 편해졌다고 했다.
祖母からもらったブローチを胸につけて出かけた。,할머니에게 받은 브로치를 가슴에 달고 외출했다.
このシャツは無地なのでどんなネクタイにも合う。,이 셔츠는 무지라 어떤 넥타이와도 잘 어울린다.
まさか彼がこんなところで会えるなんて思わなかった。,설마 그를 이런 곳에서 만나게 될 줄은 몰랐다.
フロントでチェックインの手続きをしてください。,프런트에서 체크인 절차를 해 주세요.
駅に向かって急いで歩く。,역을 향해 서둘러 걸어간다.
象たちは川辺で泥浴びをして、暑さと虫から身を守る。,코끼리들은 강가에서 진흙 목욕을 하며 더위와 벌레로부터 몸을 지킨다.
転んで膝頭を擦りむいたが、彼は泣かずに立ち上がった。,"넘어져서 무릎을 까먹었지만, 그는 울지 않고 일어섰다."
子どもが珍しがって、初めて見る雪を手で触っていた。,아이가 신기해하며 처음 보는 눈을 손으로 만지고 있었다.
会社は新しいロゴデザインを公募している。,회사에서 새로운 로고 디자인을 공모하고 있다.
駅前で友達と合流してから映画館へ向かった。,역 앞에서 친구와 합류한 뒤 영화관으로 향했다.
彼女は幼い頃から日本舞踊を習い、所作が美しい。,그녀는 어릴 적부터 일본 무용을 배워 몸가짐이 아름답다.
昔の木造校舎には少し暗い便所があった。,옛날 목조 교사에는 조금 어두운 화장실이 있었다.
子どもが動物にエサをあげて喜んでいた。,아이가 동물에게 먹이를 주며 좋아하고 있었다.
光あるところには必ず暗があり、物事には二面性があるものだ。,빛이 있는 곳에는 반드시 어둠이 있고 사물에는 양면성이 있는 법이다.
秋の深まりとともに、森の木々は美しい榛色へと変わっていった。,가을이 깊어짐과 함께 숲의 나무들은 아름다운 헤이즐색(황갈색)으로 변해갔다.
この動物はすでに絶滅したと考えられていた類のもので、大発見だ。,"이 동물은 이미 멸종했다고 생각되었던 종류의 것으로, 대발견이다."
アンケートの各項目に正直に答えてください。,설문지의 각 항목에 솔직하게 답해 주세요.
感情だけでなく合理的な判断も必要だ。,감정뿐만 아니라 합리적인 판단도 필요하다.
人気作の増刷が決まって、書店に並んだ。,인기작의 증쇄가 결정되어 서점에 진열됐다.
壁のポスターが湿気で剥がれて、端がくるんと丸まった。,벽의 포스터가 습기로 벗겨져 가장자리가 말렸다.
長時間のデスクワークで、腰部に鈍い痛みを感じる。,장시간의 데스크워크로 허리 부분에 둔한 통증을 느낀다.
彼の提案はあまりに在り来りで、会議の参加者は誰も興味を示さなかった。,"그의 제안은 너무나 흔해 빠져서, 회의 참가자는 아무도 흥미를 보이지 않았다."
来月開催されるイベントに向けて、スタッフ一同で準備を進めている。,"다음 달 개최되는 이벤트를 위해, 스태프 일동이 준비를 진행하고 있다."
風船がゆっくり膨らんで、子どもが笑った。,풍선이 천천히 부풀어 아이가 웃었다.
彼女は大学院に進学し、物理学の最先端研究に没頭している。,"그녀는 대학원에 진학하여, 물리학의 최첨단 연구에 몰두하고 있다."
バレンタインデーに手作りチョコを渡すのが楽しみだ。,발렌타인데이에 수제 초콜릿을 건네주는 것이 기대된다.
夜明け前に偵察隊が橋の周辺を確認した。,새벽 전에 정찰대가 다리 주변을 확인했다.
誕生日のケーキのろうそくを吹き消す前に、こっそりと願い事をした。,"생일 케이크의 양초를 불어 끄기 전에, 남몰래 소원을 빌었다."
油性ペンで書くと、水に濡れても消えにくい。,유성펜으로 쓰면 물에 젖어도 잘 지워지지 않는다.
負けたあとで言い訳ばかりするのは見苦しい。,지고 난 뒤에 변명만 늘어놓는 건 보기 안 좋다.
彼は無頼な生き方を選んだが、どこか憎めない魅力があった。,"그는 무뢰한 삶의 방식을 택했지만, 어딘가 미워할 수 없는 매력이 있었다."
東洋医学では、陰陽のバランスを整えることを重視する。,동양 의학에서는 음양의 조화를 맞추는 것을 중시한다.
平安時代の貴族たちは、美しい仮名文字で和歌を贈答し合った。,헤이안 시대 귀족들은 아름다운 가나 문자로 와카(일본 시)를 주고받았다.
図書館には専門的な書籍が数多くそろっている。,도서관에는 전문 서적이 매우 많이 갖추어져 있다.
料理人は包丁を鋭く研ぎ上げ、刺身を引く準備をした。,요리사는 식칼을 날카롭게 갈아 회를 뜰 준비를 했다.
火が立ち消えしないよう、鍋を見ていて。,불이 꺼지지 않게 냄비 좀 봐줘.
雨が止んだ後の空には、鮮やかな虹が架かっていた。,비가 그친 뒤의 하늘에는 선명한 무지개가 걸려 있었다.
電気が消える前に、データを保存しておこう。,전기가 꺼지기 전에 데이터를 저장해 두자.
木を揺すると、雪がドサッと落ちてきた。,나무를 흔들자 눈이 털썩하고 떨어져 내렸다.
けがは徐々に良くなっているから心配しなくていいよ。,부상은 서서히 좋아지고 있으니까 걱정 안 해도 돼.
列に横から割り込む人がいて、周りがざわついた。,줄에 옆에서 새치기하는 사람이 있어 주변이 술렁거렸다.
陰で人の悪口を言っても、自分の評価も下がるだけだ。,뒤에서 남 험담을 해 봐야 자신의 평가만 떨어질 뿐이다.
前代未聞の大雪で、空港が一日中閉鎖された。,전대미문의 폭설로 공항이 하루 종일 폐쇄됐다.
老朽化した歩道橋の撤去工事が、来週から行われることになった。,"노후화된 육교의 철거 공사가, 다음 주부터 진행되게 되었다."
静まり返った深夜の部屋に、古時計のチクタクという音だけが響いている。,"고요해진 심야의 방에, 낡은 시계의 똑딱똑딱하는 소리만이 울리고 있다."
古い自転車を自分で塗装して、真っ赤に生まれ変わらせた。,낡은 자전거를 직접 도장해 새빨갛게 변신시켰다.
和紙の独特な風合いは、手紙に温もりを添えてくれる。,화지의 독특한 질감은 편지에 따스함을 더해준다.
突然の質問に戸惑う彼の表情が、カメラに映し出された。,갑작스러운 질문에 당황하는 그의 표정이 카메라에 비쳤다.
正門の前で待ち合わせしよう。,정문 앞에서 만나자.
パスタを茹でる時間をちゃんと計ってください。,파스타를 삶는 시간을 잘 재 주세요.
事件の詳しい経緯は、今警察の調べを受けている。,사건의 자세한 경위는 지금 경찰의 조사를 받고 있다.
洪水の被害を防ぎ止めるため、川岸に土嚢を積み上げた。,홍수 피해를 막기 위해 강가에 모래주머니를 쌓아 올렸다.
彼はまだ寝惚けていて、スーツの上着と間違えてパジャマを着て出社しようとした。,"그는 아직 잠이 덜 깨서, 양복 상의인 줄 알고 잠옷을 입고 출근하려 했다."
高級感あふれるデザインで、インテリアとしても映えます。,"고급스러움이 넘치는 디자인으로, 인테리어로서도 돋보입니다."
観客は固唾を飲んで、PK戦の行方を見守った。,관객은 마른침을 삼키며 PK전의 행방을 지켜보았다.
沸かしたての熱い湯で淹れたコーヒーは、香りが際立って美味しい。,"갓 끓인 뜨거운 물로 내린 커피는, 향기가 두드러져 맛있다."
御前でそのような無礼を働いてはならない。,어전에서 그런 무례를 저질러서는 안 된다.
強い風で木の枝が折れる音がした。,강한 바람에 나뭇가지가 부러지는 소리가 났다.
合格の知らせを聞いて、彼女は思わずその場で躍り上がった。,합격 소식을 듣고 그녀는 엉겁결에 그 자리에서 펄쩍 뛰었다.
その学校では男子より女子の方が少し多い。,그 학교에서는 남학생보다 여학생이 약간 더 많다.
その国の通貨は、最近急激に価値が下がっている。,그 나라의 통화는 최근 급격히 가치가 떨어지고 있다.
夕日に照らされた畑が黄金に輝いている。,석양에 비친 들판이 황금빛으로 빛나고 있다.
夜通しパソコンの画面を見ていたせいで、顔色が青白い。,밤새 컴퓨터 화면을 본 탓에 안색이 잔뜩 창백하다.
乾燥する冬場は火災が起きやすいので、消防署が注意を呼びかけている。,"건조한 겨울철은 화재가 일어나기 쉬워서, 소방서가 주의를 호소하고 있다."
深夜の騒音が気になる方でも安心の、静音設計です。,"심야의 소음이 신경 쓰이는 분이라도 안심인, 정음(저소음) 설계입니다."
秋祭りでは、五穀豊穣を願って神楽が奉納される。,가을 축제에서는 오곡백과가 풍성하기를 기원하며 가구라(신에게 올리는 춤과 노래)가 봉납된다.
渡り鳥が列を成して南へ向かうのを、川辺で眺めた。,철새가 줄지어 남쪽으로 향하는 모습을 강가에서 바라봤다.
この川は思ったより浅いので、子どもが足をつけて遊んでいる。,이 강은 생각보다 얕아서 아이들이 발을 담그고 놀고 있다.
景気の停滞が長引いている。,경기 침체가 오래 이어지고 있다.
美術館には、古代ギリシャの美しい裸身の彫刻が展示されている。,미술관에는 고대 그리스의 아름다운 나신 조각상이 전시되어 있다.
良性の腫瘍だと診断され、患者とその家族は安堵の表情を浮かべた。,"양성 종양이라고 진단받아, 환자와 그 가족은 안도의 표정을 지었다."
単語をただ暗記するだけでは、すぐに忘れてしまう。,단어를 그냥 암기만 해서는 금방 잊어버린다.
レポートの本文は二千字以内で書いてください。,레포트 본문은 2천 자 이내로 작성해 주세요.
厳しい寒波により、野外の植物が凍え死にしてしまった。,혹독한 한파로 인해 야외의 식물들이 얼어 죽고 말았다.
煎った豆をつまみに、友達と話し込んだ。,볶은 콩을 안주 삼아 친구와 이야기를 오래 나눴다.
都会の喧騒を離れ、静かな田舎暮らしを始めることにした。,도시의 훤소(시끄러움)를 떠나 조용한 시골 생활을 시작하기로 했다.
雲の切れ間から太陽が顔を出し、空が明るく照ってきた。,구름 사이로 해가 비치며 하늘이 밝아졌다.
会社が倒産して多くの店が一気に潰れた。,회사가 도산해 많은 가게들이 한꺼번에 망했다.
新しい法律に反対する市民が街でデモを行った。,새 법에 반대하는 시민들이 도심에서 시위를 벌였다.
郊外に立派な邸宅が建ち並んでいる。,교외에 으리으리한 저택들이 늘어서 있다.
この薬の効果は数時間持続する。,이 약의 효과는 몇 시간 동안 지속된다.
この株式は親会社へ譲渡する契約になっている。,이 주식은 모회사에 양도하는 계약으로 되어 있다.
この建物は商業施設と住宅が複合したタワーだ。,이 건물은 상업 시설과 주거가 복합된 타워다.
荒れ狂う海を前にしても動じないその姿は、まさに漢であった。,거친 파도가 몰아치는 바다 앞에서도 동요하지 않는 그 모습은 그야말로 사나이 대장부였다.
日が沈む頃、海辺の空は美しい茜色に染まる。,"해가 질 무렵, 해변의 하늘은 아름다운 붉은색으로 물든다."
天然痘の根絶は、人類の医学史における偉大な勝利である。,천연두의 근절은 인류 의학사에 있어서 위대한 승리다.
仏壇に手を合わせ、亡父の冥福を祈るのが日課となっている。,불단에 손을 모으고 돌아가신 아버지의 명복을 비는 것이 일과가 되었다.
風の強い日に河川敷でカイトを揚げて、空高く舞う様子を楽しんだ。,바람이 강한 날 하천 부지에서 연을 날리며 하늘 높이 춤추는 모습을 즐겼다.
天候が悪化したため、山頂へのアタックは取り止めることにした。,날씨가 악화되었기 때문에 산 정상 공격은 취소하기로 했다.
粘性係数は、流体のねばり気の度合いを表し、温度によって大きく変化する性質を持つ。,점성 계수는 유체의 끈적임 정도를 나타내며 온도에 따라 크게 변화하는 성질을 가진다.
この本は字体が大きくて読みやすい。,이 책은 글자체가 커서 읽기 쉽다.
疲れて目をそっと瞑った。,피곤해서 살며시 눈을 감았다.
台所で濡れた皿を布巾で拭いた。,부엌에서 젖은 접시를 행주로 닦았다.
市民会館でクラシックコンサートが開かれる。,시민회관에서 클래식 콘서트가 열린다.
彼はその性分で、頼まれると断れない。,그는 성격(성분)상 부탁받으면 거절을 못한다.
せっかちに結論を急ぐと、大事な前提を見落とす。,성급하게 결론을 서두르면 중요한 전제를 놓친다.
交渉は暗礁に乗り上げ、解決の糸口が見つからない状態だ。,"교섭은 암초에 걸려, 해결의 실마리가 보이지 않는 상태다."
当ホテルは駅から徒歩五分です。,저희 호텔은 역에서 도보 5분 거리입니다.
歴史上、多くの指導者が政敵による暗殺の危機に晒されてきた。,역사상 많은 지도자가 정적에 의한 암살 위기에 노출되어 왔다.
搗き立てのお餅は柔らかくて、何個でも食べられそうだ。,갓 찧은 떡은 부드러워서 몇 개라도 먹을 수 있을 것 같다.
彼は職人の道を極めるために地方へ修行に出た。,그는 장인의 길을 극한까지 다듬기 위해 지방으로 수련을 떠났다.
子犬は初めて見る掃除機を怖がって、ソファの下に隠れてしまった。,강아지는 처음 보는 청소기를 무서워해서 소파 밑으로 숨어버렸다.
今度の週末、彼女とデートする約束をした。,이번 주말에 그녀와 데이트하기로 약속했다.
ユーロ圏の域内では、パスポートなしで自由に移動できる。,유로권 역내에서는 여권 없이 자유롭게 이동할 수 있다.
犬が「わん」と吠える声が、静かな夜道に響いた。,개가 ‘왕’ 하고 짖는 소리가 고요한 밤길에 울려 퍼졌다.
この国の経済は資本の流れに大きく左右される。,이 나라의 경제는 자본의 흐름에 크게 좌우된다.
法律に違反した者は厳しく処罰されるべきだ。,법을 위반한 자는 엄하게 처벌되어야 한다.
彼は全力を尽くしたが、結果は伴わなかった。,"그는 전력을 다했지만, 결과는 따라주지 않았다."
焦ってアクセルを踏みすぎると、かえって危険だ。,서두르다가 액셀을 너무 밟으면 오히려 위험하다.
宮廷の儀式は厳かな雰囲気だった。,궁정 의식은 엄숙한 분위기였다。
然し、彼の言うことにも一理ある。,하지만 그가 하는 말에도 일리는 있다.
鉛筆を削った後の削り滓を、ゴミ箱に丁寧に捨てた。,연필을 깎은 후의 깎은 부스러기를 쓰레기통에 정중하게 버렸다.
会場への飲食物の持ち込みはご遠慮ください。,행사장 내 음식물 반입은 삼가 주세요.
給料日には自分へのご褒美として、特上の寿司を頼む。,월급날에는 나 자신에게 주는 상으로 특상 초밥을 주문한다.
子どもが茂みから飛び出してきて、驚いた。,아이가 덤불에서 뛰쳐나와 놀랐다.
理論を具体的な例に当て嵌めると、一気に理解しやすくなる。,이론을 구체적인 예에 대입하면 한결 이해하기 쉬워진다.
今日は体調が悪くて授業を欠席した。,오늘은 몸이 안 좋아서 수업을 결석했다.
宿泊予約の確認をしたいのですが、予約番号が必要ですか。,"숙박 예약 확인을 하고 싶은데, 예약 번호가 필요한가요."
この海岸は遠浅だから、干潮だとずっと歩ける。,이 해안은 완만한 얕은 바다라 간조 때는 한참 걸어갈 수 있다.
結婚を機に郊外のマンションへ転居した。,결혼을 계기로 교외의 맨션으로 이사했다.
古代の王が詔を発し、国を挙げての壮大な祭礼が始まった。,고대의 왕이 조서를 내려 온 나라가 참여하는 장대한 제례가 시작되었다.
いきなり結論から話されても、状況がよく分からない。,갑자기 결론부터 말하면 상황을 잘 이해할 수가 없어.
会議の後に懇親会が開かれ、他部署の社員と親睦を深めた。,회의 후에 친목회가 열려 타 부서 직원들과 친목을 다졌다.
レジのかねを金庫に収める。,계산대 돈을 금고에 넣는다.
お申し込みは、画面下のフリーダイヤルかＱＲコードから。,신청은 화면 하단의 무료 전화나 QR 코드로.
彼は長年の権力を失い、静かに政界を去った。,그는 오랜 권력을 잃고 조용히 정계를 떠났다.
腹が減って、丼飯をかき込むように食べた。,배가 고파 덮밥을 허겁지겁 먹었다.
暗闇で白刃がきらりと光った。,어둠 속에서 번뜩이는 칼날이 빛났다.
ひょっとして財布を電車に置き忘れたんじゃない?,혹시 지갑을 전철에 두고 내린 거 아니야?
山道でコンパスを見て、進む方角を確認した。,산길에서 나침반을 보고 진행 방향을 확인했다.
飲酒運転の取り締まりが強化されて、検問が増えた。,음주운전 단속이 강화되어 검문이 늘었다.
虫刺されに薬を塗布して、かゆみを抑えた。,벌레 물린 곳에 약을 도포해 가려움을 억눌렀다.
夏場は靴の中のムレが気になるので、通気性の良い靴を選んだ。,여름철에는 신발 속의 땀 차는 것(습기)이 신경 쓰여서 통기성이 좋은 신발을 골랐다.
距離は目測で十メートルくらいだと思う。,거리는 눈대중으로 10미터쯤이라고 생각한다.
広告費を費消しすぎて、利益が残らなかった。,광고비를 과도하게 소진해 이익이 남지 않았다.
霧で前が見えず、運転の見通しが悪かった。,안개로 앞이 안 보여 운전 시야가 나빴다.
この三角形は鈍角が一つあるから、直角三角形じゃない。,이 삼각형은 둔각이 하나 있어서 직각삼각형이 아니다.
今日は定時で退社して、病院に寄る。,오늘은 정시에 퇴사해서 병원에 들른다.
彼は消極的な態度で、チャンスを逃しがちだ。,그는 소극적인 태도로 기회를 놓치기 쉽다.
彼は貪欲に学び続けて、毎月新しい資格を取る。,그는 탐욕스럽게(욕심 있게) 계속 배우며 매달 새 자격을 딴다.
この問題について深く論ずる必要がある。,이 문제에 대해 깊게 논할 필요가 있다.
電車が遅れて、ようやく終点に着いた。,전차가 지연돼서야 겨우 종점에 도착했다.
駅前で昔の友人とばったり出会した。,역 앞에서 옛 친구와 딱 마주쳤다.
この店の大将は、出汁の加減に厳しい。,이 가게의 주인(다이쇼)은 육수 조절에 엄격하다.
雲の切れ間から青空が垣間見え、天候の回復が期待された。,구름 틈으로 푸른 하늘이 엿보여 날씨 회복이 기대되었다.
休み時間に将棋を指して、頭を切り替える。,쉬는 시간에 쇼기를 두며 머리를 전환한다.
電源ボタンを数秒間長押しすると、再起動が始まる。,전원 버튼을 수 초간 길게 누르면 재부팅이 시작된다.
彼は長年の功績が認められ、ついに准将へと昇進した。,그는 오랜 공적을 인정받아 드디어 준장으로 승진했다.
コーナーキックのチャンス、ゴール前には長身の選手が集まります。,"코너킥 찬스, 골문 앞에는 장신의 선수들이 모입니다."
竹が風に撓って、しなやかに弧を描いた。,대나무가 바람에 휘어 유연한 곡선을 그렸다.
犬に餌をやる時間だ。,개에게 먹이를 줄 시간이다.
今回ご用意できた数は、わずか５００セットのみです。,"이번에 준비된 수량은, 불과 500세트뿐입니다."
重箱の隅を穿るような指摘ばかりで、うんざりした。,사소한 꼬투리를 후벼파는 듯한 지적뿐이라 지긋지긋했다.
母犬は子犬たちを優しく舐めて、世話をしている。,어미 개는 강아지들을 상냥하게 핥으며 보살피고 있다.
部隊が島に駐屯して、警備が強化された。,부대가 섬에 주둔해 경비가 강화됐다.
半導体の中を電子と正孔が移動し、電流が流れる。,반도체 안을 전자와 정공이 이동하며 전류가 흐른다.
棋士は盤面をじっと見つめ、次の最善手を必死に模索している。,장기 기사는 장기판을 뚫어지게 쳐다보며 다음 최선의 수를 필사적으로 모색하고 있다.
熱帯夜で眠れないので、首筋に冷えピタを貼って涼をとった。,열대야로 잠들 수 없어서 목덜미에 쿨링 시트를 붙여 시원하게 했다.
水性塗料なら匂いが少ないと店員が教えてくれた。,수성 도료라면 냄새가 적다고 점원이 알려줬다.
この地方の名産といえば、なんといっても甘いみかんだ。,이 지방의 명산품이라면 뭐니 뭐니 해도 달콤한 귤이다.
雨のあと、赤土の道が靴にこびり付いた。,비 온 뒤 붉은 흙길이 신발에 들러붙었다.
早割チケットを買ったので、通常よりかなり得した。,조기 할인 티켓을 샀기 때문에 통상보다 꽤 이득을 보았다.
近々、新しいプロジェクトの詳細を発表する予定です。,"조만간, 새로운 프로젝트의 상세 내용을 발표할 예정입니다."
社長は彼を新しい部署の責任者に命ずることにした。,사장은 그를 새 부서의 책임자로 명하기로 했다.
この地域の大字は、古くからの歴史的な地名が多い。,이 지역의 큰 마을(오아자) 이름은 오래전부터 내려온 역사적인 지명이 많다.
嵐が過ぎ去った翌る日、空は嘘のように晴れ渡っていた。,"폭풍우가 지나간 이튿날, 하늘은 거짓말처럼 맑게 개어 있었다."
哲学講義で、カントの定言命法について議論した。,철학 강의에서 칸트의 정언 명령에 대해 토론했다.
警察は事件現場で発見された不審な物を、証拠として押収した。,"경찰은 사건 현장에서 발견된 수상한 물건을, 증거로서 압수했다."
警視総監が年末の特別警戒のために、部下を連れて繁華街を視察した。,"경시총감이 연말 특별 경계를 위해, 부하를 데리고 번화가를 시찰했다."
サッとひと拭きするだけで、新品のような輝きが蘇ります。,"슥 한번 닦는 것만으로, 신품 같은 광택이 되살아납니다."
医師に椎間板ヘルニアの可能性を指摘された。,의사에게 디스크(추간판) 탈장의 가능성을 지적받았다.
雨上がりの空に、七色の虹が鮮やかに架かった。,비 갠 하늘에 일곱 빛깔 무지개가 선명하게 걸렸다.
光電効果を利用して、太陽光を電気エネルギーに変える。,광전 효과를 이용해 태양광을 전기에너지로 바꾼다.
競技場には三万人を収容できる。,경기장에는 3만 명을 수용할 수 있다.
古地図を頼りに、彼は伝説の宝のありかを辿った。,낡은 지도에 의지하여 그는 전설 속 보물이 있는 곳을 더듬어 찾아갔다.
彼は趣味として、茶道を嗜んでいる。,그는 취미로 다도를 즐기고 있다.
人々は、彼の偉大な功績を称えた。,사람들은 그의 위대한 공적을 칭송했다.
失敗を省みて、同じ過ちを繰り返さない。,실패를 되돌아보고 같은 실수를 반복하지 않는다.
人の善意を蔑ろにするような態度は許されない。,사람의 선의를 소홀히 하는 태도는 용서받을 수 없다.
彼は会議の席で、改革の必要性を強く唱えた。,그는 회의 석상에서 개혁의 필요성을 강하게 주창했다.
遠く離れた恋人を思うと、切ない気持ちになった。,멀리 떨어진 연인을 생각하니 애절한 기분이 들었다.
椎間の痛みが強くて、長時間座れない。,척추 사이(추간) 통증이 심해 오래 앉아 있지 못한다.
一度の嘘が、長年の信頼を損なうこともある。,한 번의 거짓말이 오랜 신뢰를 해치는 경우도 있다.
人の陰で他人を誹るのは、卑劣な行為だ。,남의 뒤에서 타인을 헐뜯는 것은 비열한 행위다.
小舟は、静かな水面をゆらゆらと揺蕩っていた。,작은 배는 고요한 수면을 유유히 떠다니고 있었다.
彼らはわずかな食料で、厳しい冬を凌いだ。,그들은 얼마 안 되는 식량으로 혹독한 겨울을 견뎌냈다.
彼は父の跡を次ぐつもりだ。,그는 아버지의 뒤를 이을 생각이다.
彼女の何気ない仕草に、彼は心を奪われた。,그녀의 무심한 몸짓에 그는 마음을 빼앗겼다.
多くの学生たちが、その老教授を心から慕っていた。,많은 학생들이 그 노교수를 진심으로 사모했다.
この状況を打開する術が、彼には思いつかなかった。,이 상황을 타개할 방법을 그는 떠올릴 수 없었다.
柳の枝は、風にしなやかに揺れていた。,버드나무 가지는 바람에 나긋나긋하게 흔들리고 있었다.
旅人は大きな木の下で、暫し休息をとった。,나그네는 큰 나무 아래에서 잠시 휴식을 취했다.
港の市場で新鮮な魚を安く買えた。,항구 시장에서 신선한 생선을 싸게 살 수 있었다.
新聞の一面の見出しが大きな事件を伝えていた。,신문 1면 머리기사가 큰 사건을 전하고 있었다.
彼は澄まし顔で「僕は知らない」と言い切った。,그는 시치미 떼는 얼굴로 “난 몰라”라고 단언했다.
水やりを忘れた花は、あっという間に萎んでしまった。,물 주기를 잊은 꽃은 순식간에 시들어 버렸다.
新しい暦をめくると、一年の計を立てたくなります。,새 달력을 넘기면 한 해의 계획을 세우고 싶어집니다.
近郷の農家が集まって、秋の収穫祭が盛大に行われた。,인근 마을(근향)의 농가가 모여 가을 수확제가 성대하게 열렸다.
このブランドのバッグは正真正銘の本物であり、保証書もついている。,"이 브랜드 가방은 틀림없는 정품이며, 보증서도 붙어 있다."
誕生日のサプライズとして、デザートプレートにメッセージを書けますか。,생일 서프라이즈로 디저트 접시에 메시지를 쓸 수 있나요.
部下の勇気ある進言により、社長はプロジェクトの中止を決断した。,"부하의 용기 있는 진언에 의해, 사장은 프로젝트의 중지를 결단했다."
新しい表現方法を試みることは、芸術家にとって不可欠だ。,새로운 표현 방법을 시도하는 것은 예술가에게 불가결하다.
録音にノイズが乗ってしまい、後で除去処理をした。,녹음에 노이즈가 끼어 나중에 제거 처리를 했다.
長い修行の末、彼はついに真理を悟った。,오랜 수행 끝에 그는 마침내 진리를 깨달았다.
彼は幼い頃から、医者を志していた。,그는 어릴 적부터 의사를 지망했다.
彼の計画はことごとく失敗に終わった。,그의 계획은 모조리 실패로 끝났다.
風邪を治すために早く寝る。,감기를 낫게 하려고 일찍 잔다.
小さな町で殺人事件が起きた。,작은 마을에서 살인 사건이 일어났다.
古代文明が栄えた地には、今もその遺跡が残る。,고대 문명이 번영했던 땅에는 지금도 그 유적이 남아 있다.
失敗を嘲笑されて、胸がきゅっと縮んだ。,실패를 조롱당해 가슴이 철렁 내려앉았다.
人の努力を嘲るような言い方はやめて。,남의 노력을 비웃는 말투는 그만해.
入院中の友人を見舞うために花を買った。,입원 중인 친구를 문병하려고 꽃을 샀다.
動物園で羊を見ながら、子どもが「ふわふわだね」と笑った。,동물원에서 양을 보며 아이가 “복슬복슬하네” 하고 웃었다。
彼は巧みな言葉で人々を欺き、巨万の富を築いた。,그는 교묘한 말로 사람들을 속여 거만의 부를 쌓았다.
試作品の作製には一週間かかる。,시제품 제작에는 일주일이 걸린다.
川辺を悠々と散歩する老人の姿があった。,강가를 유유히 산책하는 노인의 모습이 있었다.
満月の夜、空を仰ぐと、星々が宝石のように散らばっていた。,"보름달이 뜬 밤, 하늘을 우러러보니 별들이 보석처럼 흩어져 있었다."
彼はフランス語に堪能で、通訳として働いている。,그는 프랑스어에 능통해서 통역으로 일하고 있다.
銀の食器が黒ずんでいたので、磨き粉を使ってピカピカにした。,"은 식기가 거무스름해져서, 연마제를 사용해 반짝반짝하게 했다."
彼の返事は曖昧で、結局どうしたいのか分からなかった。,그의 대답은 애매해서 결국 무엇을 원하는지 알 수 없었다.
彼の心の中にある汚らわしい欲望を、誰も知らなかった。,그의 마음속에 있는 추잡스러운 욕망을 아무도 몰랐다.
選手の跳躍が高すぎて、会場がどよめいた。,선수의 점프가 너무 높아서 회장이 술렁였다.
書庫に眠っていた古文書から、驚くべき歴史的新事実が判明した。,서고에 잠들어 있던 고문서에서 놀라운 역사적 신사실이 밝혀졌다.
劇場の幕が上がると、会場が一気に静まり返った。,극장의 막이 올라가자 객석이 순식간에 조용해졌다.
舞台に立った彼女は、眩いほどのオーラを放っていた。,무대에 선 그녀는 눈부실 정도의 아우라를 뿜어내고 있었다.
上司は提案を是認した。,상사는 제안을 승인했다.
宇宙の広大さに比べれば、人の一生など永劫の中の一瞬だ。,우주의 광대함에 비하면 사람의 일생 따위 영겁 속의 한순간이다.
迅速な経営判断のおかげで、我が社は倒産の危機を免れた。,신속한 경영 판단 덕분에 우리 회사는 도산 위기를 면했다.
彼は度々遅刻しては、上司に叱られている。,그는 자주 지각해서 상사에게 꾸중을 듣고 있다.
日本の伝統的な小説は、今でも縦書きで出版されていることが多い。,일본의 전통적인 소설은 지금도 세로쓰기로 출판되고 있는 경우가 많다.
沈黙は、同意と見なされる場合がある。,침묵은 동의로 간주되는 경우가 있다.
彼女の真心がこもった手料理は、何よりも美味しかった。,그녀의 진심이 담긴 손수 만든 요리는 무엇보다도 맛있었다.
我々の主力事業は、技術革新の波に乗り遅れ、衰退の一途をたどっている。,우리의 주력 사업은 기술 혁신의 물결에 뒤처져 쇠퇴의 길을 걷고 있다.
彼は重要な手がかりを、うっかり見落としてしまった。,그는 중요한 단서를 그만 간과하고 말았다.
慈悲の心ですべての衆生を救うため、千手観音は多くの手を持っている。,자비로운 마음으로 모든 중생을 구하기 위해 천수관음은 많은 손을 가지고 있다.
週末、公園で音楽の祭典が催される予定だ。,주말에 공원에서 음악 축제가 개최될 예정이다.
研究室では毒液の取り扱い手順を紙に貼り出している。,연구실에서는 독액 취급 절차를 종이에 붙여 공지한다.
空に浮かぶ雲がウサギの形に見えると、子供が指をさして笑った。,"하늘에 뜬 구름이 토끼 모양으로 보인다고, 아이가 손가락을 가리키며 웃었다."
最新の電子ガジェットを試すのが、私の週末のささやかな楽しみだ。,최신 전자 기기를 시험해 보는 것이 내 주말의 소소한 낙이다.
彼はまるで王様のように、尊大に振る舞った。,그는 마치 왕처럼 거만하게 행동했다.
彼は誰に対しても、常にへりくだった態度で接した。,그는 누구에게나 항상 겸손한 태도로 대했다.
湿布を足首に貼付して、痛みが引くのを待った。,파스를 발목에 붙여 통증이 가라앉기를 기다렸다.
猛禽を双眼で追ったら、羽の模様までくっきり見えた。,맹금을 두 눈으로 좇아보니 깃털 무늬까지 선명히 보였다.
傷口にガーゼを当てて、テープで軽く固定した。,상처에 거즈를 대고 테이프로 가볍게 고정했다.
恐竜は、巨大隕石の衝突によって滅びたと言われている。,공룡은 거대 운석의 충돌로 멸망했다고 알려져 있다.
引っ越してから環境が変わって、寝付きが少し悪い。,이사 후 환경이 바뀌어 잠드는 게 조금 어렵다.
キッチンリフォームでは、家事の動線を短くすることが重要だ。,주방 리모델링에서는 가사 동선을 짧게 하는 것이 중요하다.
屋根裏で見つけた古い箱には、亡き祖父の日記が入っていた。,다락방에서 발견한 낡은 상자에는 돌아가신 할아버지의 일기가 들어 있었다.
関西にはおいしい食べ物がたくさんある。,간사이에는 맛있는 먹거리가 많이 있다.
将来は海外で働くのが夢だ。,장래에는 해외에서 일하는 것이 꿈이다.
妻は、約束を破った夫を激しくなじった。,아내는 약속을 어긴 남편을 심하게 힐책했다.
徹宵で仕上げたレポートを、朝一で提出した。,밤새워 완성한 리포트를 아침 일찍 제출했다.
祖父は昔の写真を見せながら、戦後の暮らしを語った。,할아버지는 옛 사진을 보여 주며 전후의 생활을 이야기했다.
選手たちは、決戦の地に決意を新たにして臨んだ。,선수들은 결전의 장소에 결의를 새롭게 다지고 임했다.
少女は髪を綺麗な三編みにして、お気に入りのリボンを結んだ。,"소녀는 머리를 예쁘게 땋아서, 마음에 드는 리본을 묶었다."
祖父は若いころ、農村で暮らしていたそうだ。,할아버지는 젊었을 때 농촌에서 살았다고 한다.
先生は長々とテストの注意事項を説明した。,선생님은 장황하게 시험 주의사항을 설명했다.
宵のうちに帰るつもりが、話が弾んで遅くなった。,초저녁에 돌아갈 생각이었는데 이야기가 흥겨워 늦어졌다.
どうぞ、こちらの席にお座りください。,부디 이쪽 자리에 앉아주세요.
満席なので、しばらくお待ちください。,만석이므로 잠시 기다려주세요.
古文書を紐解き、歴史の謎に迫る。,고문서를 펼쳐 읽고 역사의 수수께끼에 다가간다.
犬が急に逃げるので、リードをしっかり持って。,개가 갑자기 도망가니 리드를 단단히 잡아.
スイッチの横に「消」と書いてあって、迷わず押せた。,스위치 옆에 ‘소(消)’라고 적혀 있어서 망설임 없이 눌렀다.
世界には今も飢える子どもたちが多い。,세계에는 지금도 굶주리는 아이들이 많다.
国を統べる者には、強いリーダーシップと慈悲の心が必要だ。,나라를 다스리는 자에게는 강한 리더십과 자비로운 마음이 필요하다.
古書店で見つけた唐本の匂いが好きだ。,고서점에서 찾은 당본의 냄새가 좋다.
夜の冷え込みで水たまりが凍る。,밤의 추위로 웅덩이가 언다.
甲種や乙種に比べると、丙種の資格試験は比較的難易度が低いとされる。,갑종이나 을종에 비하면 병종 자격시험은 비교적 난이도가 낮다고 여겨진다.
今日はあまり食欲がない。,오늘은 별로 식욕이 없다.
厨房からいい匂いがしてくる。,주방에서 좋은 냄새가 난다.
この地域には湖沼が多く、水鳥の楽園だ。,이 지역에는 호소가 많아 물새의 낙원이다.
玄関に門松を飾って、新年を迎える。,현관에 가도마쓰를 장식해 새해를 맞이한다.
早乙女が田植えをする姿は、初夏の美しい風物詩だ。,사오토메(모내기 처녀)가 모내기를 하는 모습은 초여름의 아름다운 풍물시다.
暖房が壊れて凍え死にしそうだと冗談を言った。,난방이 고장 나 얼어 죽을 뻔하다고 농담했다.
子どもたちは賽子を振って、すごろく遊びに夢中になっている。,아이들은 주사위를 던지며 스고로쿠 놀이에 푹 빠져 있다.
煩悩に振り回されないよう瞑想した。,번뇌에 휘둘리지 않으려 명상했다.
来世代の子どもたちにツケを回さないための財政運営が、今こそ求められている。,다음 세대 아이들에게 부담을 떠넘기지 않는 재정 운용이 지금야말로 요구된다.
新案の費用対効果を検討してから決めよう。,새 안의 비용 대비 효과를 검토한 뒤 결정하자。
お酒はあまり強くありません。,술은 그다지 세지 않습니다.
お水を一杯いただけますか。,물 한 잔 주시겠어요?
私は魚より肉の方が好きです。,저는 생선보다 고기를 더 좋아합니다.
今日の焼き魚定食は何の魚ですか。,오늘의 생선구이 정식은 무슨 생선인가요?
自転車の盗難が相次いでいる。,자전거 도난이 잇따르고 있다。
どの服にするか悩んでいる。,어떤 옷을 입을지 고민 중이다.
最後まで闘志を失わずに走り切った。,끝까지 투지를 잃지 않고 달려냈다.
息が切れても、階段を昇るしかない。,숨이 차도 계단을 올라갈 수밖에 없다.
彼はどんな批判を受けても、自分の信念に対する揺るぎない自信を持っていた。,그는 어떤 비판을 받아도 자신의 신념에 대한 흔들림 없는 자신감을 가지고 있었다.
彼女の瞳には、どこか憂いを帯びた光があった。,그녀의 눈동자에는 어딘가 근심을 띤 빛이 있었다.
大変申し訳ありませんが、その日は定休日となっております。,"정말 죄송합니다만, 그날은 정기 휴일입니다."
お会計をお願いします。,계산 부탁합니다.
接待なので、個室を予約してください。,접대라서 개인실을 예약해주세요.
彼は昇進して、ついに課長になった。,그는 승진해서 마침내 과장이 되었다.
ご注文の内容は承りました。すぐ手配します。,주문 내용은 받았습니다. 바로 준비하겠습니다.
祖父の道具を私が継承して、工房を守っていく。,할아버지의 도구를 내가 계승해 공방을 지켜 나가겠다.
国語の授業で古典の文章を読んだ。,국어 시간에 고전 문장을 읽었다.
あの店員さんを呼んで、注文しましょう。,저 점원 분을 불러서 주문합시다.
今日は客が多くて、とても忙しい。,오늘은 손님이 많아서 아주 바쁘다.
記念日なので、景色のいいレストランを予約した。,기념일이라서 경치 좋은 레스토랑을 예약했다.
世界中の子どもたちが笑って暮らせる日が来ることを心から願う。,전 세계 아이들이 웃으며 살 수 있는 날이 오기를 진심으로 바란다.
今夜7時に2名で予約をしたいのですが。,오늘 밤 7시에 2명으로 예약을 하고 싶은데요.
駅の昇降口で待ち合わせよう。,역 출입구(승강구)에서 만나자.
彼は酒仙気取りで、徳利を片手に語り出した。,그는 술선(주정뱅이 선인) 흉내를 내며 술병을 들고 이야기를 시작했다.
古い写真を見て、楽しかった子供時代の記憶が蘇った。,오래된 사진을 보고 즐거웠던 어린 시절의 기억이 되살아났다.
ウェブサイトから予約したのですが、人数を一人減らしたいです。,"웹사이트에서 예약했는데, 인원을 한 명 줄이고 싶습니다."
ドレスコードはありますか？ サンダルでの入店は可能でしょうか。,드레스 코드는 있나요? 샌들로 입장은 가능할까요.
音楽は、人の心の痛みを和らげる力がある。,음악은 사람 마음의 아픔을 누그러뜨리는 힘이 있다.
病院に通い続けて、ようやく症状が落ち着いた。,병원에 계속 다녀서 마침내 증상이 안정됐다.
顕微鏡で雄しべを観察すると、花粉が粒のように見えた。,현미경으로 수술을 관찰하니 꽃가루가 알갱이처럼 보였다.
この方程を解くには少し工夫が必要だ。,이 방정을 풀려면 약간의 창의력이 필요하다.
駅の構造が複雑で、待ち合わせ場所の東口にたどり着くのに苦労した。,역 구조가 복잡해서 약속 장소인 동쪽 출구에 도착하는 데 고생했다.
春の行事として、町で花祭りが開かれる。,봄 행사로 마을에서 꽃 축제가 열린다.
牧場で雄牛が柵に体をこすりつけ、土埃が舞った。,목장에서 수소가 울타리에 몸을 비비며 흙먼지가 날렸다.
花粉の季節は目の痒みがひどくて、ついこすってしまう。,꽃가루철엔 눈 가려움이 심해서 자꾸 비비게 된다.
長時間のデスクワークで首が痛くなり、マッサージに行きたくなった。,장시간의 데스크 워크로 목이 아파서 마사지를 받으러 가고 싶어졌다.
休憩時間の遊びとして、みんなで簡単なカードゲームをした。,휴식 시간 놀이로 다 같이 간단한 카드 게임을 했다.
世界では今も飢餓に苦しむ子どもたちが大勢いる。,세계에는 지금도 기아로 고통받는 아이들이 많다.
クワガタムシの力強い顎は、子供たちに大人気だ。,사슴벌레의 힘센 턱은 아이들에게 인기가 많다.
肉じゃがには、味がよく染みたホクホクのじゃがいもが入っている。,니쿠자가에는 맛이 잘 밴 포슬포슬한 감자가 들어있다.
招きに応じて、上司の送別会へ顔を出した。,초대에 응해 상사의 송별회에 잠깐 들렀다.
事情は承知していますが、手続きは必要です。,사정은 알고 있지만 절차는 필요합니다.
条件を承諾したので、契約書に署名します。,조건을 승낙했으니 계약서에 서명하겠습니다.
専門家を招請して、安全研修の講演をお願いした。,전문가를 초청해 안전 교육 강연을 부탁했다.
世界的なマエストロが指揮棒を振ると、美しい旋律が流れ出した。,"세계적인 거장(마에스트로)이 지휘봉을 휘두르자, 아름다운 선율이 흘러나왔다."
質問はこの範囲内から出題される。,질문은 이 범위 안에서 출제된다.
焼きたてのパンの香ばしい匂いが店内に広がっている。,갓 구운 빵의 고소한 냄새가 가게 안에 퍼지고 있다.
雄大な山並みが窓いっぱいに広がり、思わず息をのんだ。,웅대한 산맥이 창문 가득 펼쳐져 무심코 숨을 삼켰다.
報道によれば、台風は今夜上陸する見込みだ。,보도에 따르면 태풍은 오늘 밤 상륙할 전망이다.
ズボンのベルトをきつく締めたら、少し苦しくなった。,바지 벨트를 꽉 조였더니 좀 답답해졌다.
浜辺で写真を撮って思い出にした。,해변에서 사진을 찍어 추억으로 남겼다.
ケーキを作るために、小麦粉と卵と砂糖を混ぜ合わせる。,케이크를 만들기 위해 밀가루와 계란과 설탕을 섞는다.
子供たちが自分の名前を書いた名札を胸につけている。,아이들이 자신의 이름을 쓴 명찰을 가슴에 달고 있다.
暗闇で人影を見たのは、ただの錯覚だった。,어둠 속에서 사람 그림자를 본 건 그냥 착각이었다.
カリカリに焼いた豚肉をラーメンの上に乗せると、もっと美味しくなるよ。,바삭하게 구운 돼지고기를 라멘 위에 올리면 더 맛있어져.
天ぷら屋のカウンターで、揚げ立てのエビを塩で食べるのが最高だ。,"튀김 전문점 카운터에서, 갓 튀긴 새우를 소금에 찍어 먹는 것이 최고다."
リュックに服を詰め込んで、夜行バスに乗った。,배낭에 옷을 쑤셔 넣고 야간버스를 탔다.
日本の食卓に欠かせない、つやつやと輝く炊き立ての米は最高だ。,"일본 식탁에 빠질 수 없는, 윤기가 자르르 흐르는 갓 지은 밥은 최고다."
お好み焼きの上で、鰹節がゆらゆらと踊っている。,오코노미야키 위에서 가쓰오부시가 하늘하늘 춤추고 있다.
寿司のご飯は、酢と砂糖と塩を混ぜて作る。,초밥의 밥은 식초와 설탕과 소금을 섞어 만든다.
漁港の市場では、今朝獲れたばかりの新鮮な魚が並んでいる。,어항 시장에는 오늘 아침 막 잡은 신선한 생선이 진열되어 있다.
毎朝、裏庭の鶏舎に入って産みたての新鮮な卵を集めるのが日課だ。,"매일 아침, 뒷마당의 닭장에 들어가 갓 낳은 신선한 달걀을 모으는 것이 일과다."
健康のために、毎日たくさんの種類の野菜を食べるように心がけている。,건강을 위해 매일 많은 종류의 채소를 먹으려고 노력하고 있다.
財布は手元にあるから、心配しなくていいよ。,지갑은 내 손元에 있으니까 걱정 안 해도 돼.
この二つの角度は等しい。,이 두 각도는 같다.
業界紙の旬刊を読むと、動向がつかみやすい。,업계지의 旬刊(열흘 간격 발행)을 읽으면 동향을 파악하기 쉽다.
料理が出来るまで、少々お待ちください。,"요리가 나올 때까지, 잠시만 기다려 주세요."
この店は料理だけでなく、器も美しい。,이 가게는 요리뿐만 아니라 그릇도 아름답다.
今夜はすき焼きだから、スーパーで特上の牛肉を買ってきた。,오늘 밤은 스키야키라서 슈퍼에서 특상급 소고기를 사 왔다.
お腹が空いたね。何か食べに行こう。,배고프네. 뭐 좀 먹으러 가자.
静かな雰囲気のカフェで本を読みたい。,조용한 분위기의 카페에서 책을 읽고 싶다.
みんなで一緒に「いただきます！」と言って食べ始めた。,"다 함께 ""잘 먹겠습니다!""라고 말하고 먹기 시작했다."
平和を訴えていた偉大な指導者が、テロリストの放った凶刃に倒れた。,"평화를 호소하던 위대한 지도자가, 테러리스트가 휘두른 흉기에 쓰러졌다."
招待状を受け取って、週末の結婚式に出席することにした。,초대장을 받고 주말 결혼식에 참석하기로 했다.
富める者が貧しい者に施しを行うことは、古くからの美徳とされる。,"부유한 자가 가난한 자에게 베풂을 행하는 것은, 옛날부터 미덕으로 여겨진다."
雲の切れ間から山の頂が少しだけ見えた。,구름 사이로 산의 정상(꼭대기)이 조금 보였다.
彼女はパリのファッションウィークで発表された春のコレに夢中だ。,그녀는 파리 패션 위크에서 발표된 봄 컬렉션에 푹 빠져 있다.
子どもたちは謎々遊びに夢中だ。,아이들은 수수께끼 놀이에 푹 빠져 있다.
結果を変えられないと知った瞬間、諦念が胸に広がった。,"결과를 바꿀 수 없다는 걸 안 순간, 체념(諦念)이 가슴에 퍼졌다."
この料理は野菜をじっくり煮て作ります。,이 요리는 채소를 푹 끓여서 만듭니다.
このスープは熱いので、気をつけてください。,이 수프는 뜨거우니 조심하세요.
サラダの食感のアクセントとして、砕いたくるみを加える。,샐러드 식감의 악센트로 부순 호두를 더한다.
締め切りが近づくほど焦慮が募って、眠れなくなる。,마감이 다가올수록 초려가 커져 잠을 못 잔다.
フライパンを放置したら、底がすぐ焦げるよ。,프라이팬을 방치하면 바닥이 금방 타.
食べ終わったお皿を片付けましょう。,다 먹은 접시를 치웁시다.
暑い日には冷たいそばが食べたい。,더운 날에는 차가운 소바가 먹고 싶다.
警察は容疑者の交友関係を内偵している。,경찰은 용의자의 교우관계를 내탐(내사)하고 있다.
長い闘病の末、彼は諦観の表情で窓の外を見ていた。,긴 투병 끝에 그는 체관(諦観)의 표정으로 창밖을 보고 있었다.
以前ここに本屋があったよね。,예전에 여기에 서점이 있었지.
子供たちが寝た後の家はとても静かだ。,아이들이 잠든 후의 집은 매우 조용하다.
中華料理の仕上げにごま油を数滴たらすと、香りが豊かになる。,중화요리 마지막에 참기름을 몇 방울 떨어뜨리면 향이 풍부해진다.
鶏肉に片栗粉をまぶしてから揚げると、衣がカリッとする。,닭고기에 감자 전분을 묻힌 후 튀기면 튀김옷이 바삭해진다.
機密書類は焼却して、外部に漏れないようにした。,기밀 서류는 소각해서 외부로 새지 않게 했다.
仕事の後に同僚と居酒屋でお酒を飲むのが楽しみだ。,일이 끝난 후 동료와 이자카야에서 술을 마시는 것이 즐거움이다.
秋に植えたチューリップの球根が、春の暖かさで芽を出し始めた。,"가을에 심은 튤립 구근이, 봄의 따스함에 싹을 틔우기 시작했다."
日本料理のうまみの秘訣は、丁寧にとった出汁にある。,일본 요리 감칠맛의 비결은 정성껏 우려낸 육수에 있다.
台風は勢力を維持したまま北進を続け、明日の朝には上陸する恐れがある。,"태풍은 세력을 유지한 채 북진을 계속해, 내일 아침에는 상륙할 우려가 있다."
壮大な山脈を見て言葉を失った。,장대한 산맥을 보고 말을 잃었다.
雪のような結晶が顕微鏡の下で輝いていた。,눈처럼 생긴 결정이 현미경 아래에서 빛나고 있었다.
車掌さんが「次は京都、京都」と車内を回って案内した。,차장이 “다음은 교토”라고 객차를 돌며 안내했다.
隊は未踏のルートを踏破した。,대원들은 미답의 루트를 완주(답파)했다.
彼は世に出ることを好まず、埋もれ木として静かに生涯を終えた。,"그는 세상에 나가는 것을 좋아하지 않아, 묻힌 나무(재야인사)로서 조용히 생애를 마쳤다."
酢酸のにおいが強くて、鼻がツンとした。,초산 냄새가 강해서 코가 찡했다.
彼は腹を立てて、仕事の書類を机の上に放り出して帰ってしまった。,그는 화가 나서 업무 서류를 책상 위에 내던지고 그냥 돌아가 버렸다.
牧場で食べた搾りたての牛乳で作ったアイスクリームは格別だった。,목장에서 먹은 갓 짠 우유로 만든 아이스크림은 각별했다.
仕事を始める前に、必ず淹れたてのコーヒーを一杯飲む。,일을 시작하기 전에 반드시 갓 내린 커피를 한 잔 마신다.
結論を早まると後で困る。,결론을 성급히 내리면 나중에 곤란해진다.
年越しには、長寿を願って年越しそばを食べる。,섣달 그믐에는 장수를 기원하며 토시코시 소바를 먹는다.
深夜に食べる背脂たっぷりのラーメンは、罪深い味がする。,심야에 먹는 돼지 비계 듬뿍 라멘은 죄책감이 드는 맛이 난다.
食後には、温かい緑茶を飲んで一息つく。,식후에는 따뜻한 녹차를 마시며 한숨 돌린다.
夜明け前の空は、深い群青色から徐々に明るい青へと変化する。,"동트기 전의 하늘은, 깊은 군청색에서 서서히 밝은 파란색으로 변해간다."
国境地帯で紛争が再燃した。,국경 지대에서 분쟁이 재점화됐다.
オフィスの昼時は、エレベーターも近くの食堂も大変混雑する。,"사무실의 점심때는, 엘리베이터도 근처 식당도 매우 붐빈다."
結婚式で壱万円を祝儀として包んだ。,결혼식에서 1만 엔을 축의금으로 넣었다.
遠方からの客人をもてなすため、最高級の茶葉と菓子を用意した。,"멀리서 온 손님을 대접하기 위해, 최고급 찻잎과 과자를 준비했다."
子どもたちが騒いでいたので、父が一喝して部屋の中が急に静かになった。,아이들이 떠들어 대자 아버지가 한 번 호통치자 방 안이 금세 조용해졌다.
ほうれん草のおひたしに、風味付けとして炒りごまを振りかける。,시금치 무침에 풍미를 더하기 위해 볶은 깨를 뿌린다.
鯖の味噌煮は、ご飯によく合う定番のおかずだ。,고등어 된장 조림은 밥과 잘 어울리는 단골 반찬이다.
味噌汁の具には、豆腐とわかめが定番だ。,된장국의 건더기로는 두부와 미역이 기본이다.
彼女は男勝りの性格で、頼りになるリーダーだ。,그녀는 남자 못지않은 성격으로 믿음직한 리더다.
その会社は訴訟になってから、株価が急に下がった。,그 회사는 소송이 된 뒤로 주가가 갑자기 떨어졌다.
レポートは文章が長すぎるから、要点だけに絞って書き直して。,"리포트는 문장이 너무 길어서, 요점만으로 좁혀 다시 써."
正月には、お雑煮やおしるこにしてお餅を食べる。,설날에는 오조니나 오시루코로 만들어 떡을 먹는다.
粗末な小屋だが、登山中に急な雨露をしのぐには十分な場所だった。,"허름한 오두막이지만, 등산 중에 갑작스러운 비바람(비와 이슬)을 피하기에는 충분한 장소였다."
研究室では蚕糸の強度を測って、新素材のヒントを探している。,"연구실에서는 잠사(누에실)의 강도를 재서, 신소재의 힌트를 찾고 있다."
駐車違反で罰金を払う羽目になった。,주차 위반으로 벌금을 내게 됐다.
シーズンの勝敗は五分五分で、最後まで読めなかった。,시즌의 승패는 반반이라 끝까지 예측할 수 없었다.
祭りの屋台で買ったいか焼きは、香ばしくて美味しい。,축제 포장마차에서 산 오징어 구이는 고소하고 맛있다.
殺伐とした会議室で、誰も笑わなかった。,살벌한 회의실에서 아무도 웃지 않았다.
海辺でスイカ割りをしてみんなで楽しんだ。,해변에서 수박 깨기를 하며 모두 함께 즐겼다.
来賓の方々が到着されたので、速やかに会場へご案内した。,"내빈 분들이 도착하셨으므로, 신속하게 회장으로 안내했다."
新しい憲章が採択され、組織の目的が明文化された。,새 헌장이 채택되어 조직의 목적이 문서로 명확해졌다.
若いリーダーを支えるため、経験豊富なベテランたちが羽翼となった。,"젊은 리더를 지탱하기 위해, 경험 풍부한 베테랑들이 날개(보좌)가 되었다."
窓から子どもの歌声が流れてきた。,창문 너머로 아이들의 노랫소리가 흘러왔다.
博物館のガラスケースには、第一次世界大戦当時の軍服が展示されていた。,"박물관의 유리 케이스에는, 제1차 세계 대전 당시의 군복이 전시되어 있었다."
冬の味覚の王様といえば、やっぱり蟹だ。,겨울 미각의 왕이라고 하면 역시 게다.
朝食に塩鮭を焼いて、白いご飯と一緒に食べる。,아침 식사로 소금에 절인 연어를 구워 흰 밥과 함께 먹는다.
祖父の遺品から、古い勲章が出てきて家族が驚いた。,할아버지 유품에서 오래된 훈장이 나와 가족이 놀랐다.
彼は裏表のない性格で、誰に対しても本音で接してくれる好青年だ。,"그는 겉과 속이 다르지 않은 성격으로, 누구에게나 진심으로 대해주는 호청년이다."
子どもたちの騒ぎは雨音とともにすっと収まり、部屋が静かになった。,아이들의 소란이 빗소리와 함께 잦아들며 방이 조용해졌다.
努力と結果の因果関係について議論した。,노력과 결과의 인과 관계에 대해 논의했다.
勇者隊は魔物を討伐するため森へ入った。,용사대는 마물을 토벌하기 위해 숲으로 들어갔다。
納豆にからしと醤油を入れて、よく混ぜてからご飯にかける。,낫토에 겨자와 간장을 넣고 잘 섞어서 밥에 얹는다.
夏には、冷やした胡瓜に味噌をつけて食べるのが最高だ。,여름에는 차게 식힌 오이에 된장을 찍어 먹는 것이 최고다.
ビールのつまみには、塩ゆでした枝豆が一番だ。,맥주 안주로는 소금에 데친 에다마메가 최고다.
新規取引のために渉外担当が先方へ挨拶に行った。,신규 거래를 위해 섭외 담당이 상대 회사에 인사하러 갔다.
条件を少し譲ってもらえれば、交渉はまとまりそうです。,조건을 조금 양보받을 수 있다면 협상은 타결될 것 같습니다.
彼の発言は、会議への干渉だと受け取られかねない。,그의 발언은 회의에 대한 간섭으로 받아들여질 수도 있다.
りんごの皮をうさぎの形に剥いて、お弁当の飾り付けにする。,사과 껍질을 토끼 모양으로 깎아 도시락 장식을 한다.
テントウムシはアブラムシを食べる益虫として知られている。,무당벌레는 진딧물을 먹는 익충으로 알려져 있다.
式典で代表が悼辞を読み上げた。,추도식에서 대표가 추도사를 낭독했다。
母は家の前に小さな花壇を作って、季節の花を植えている。,어머니는 집 앞에 작은 화단을 만들어 계절 꽃을 심고 계신다.
彼は昔の詩を静かに唱えて、気持ちを落ち着かせた。,그는 옛 시를 조용히 읊어 마음을 가라앉혔다.
雨上がりの森では、たくさんの茸が生えていた。,비 온 뒤의 숲에는 많은 버섯이 돋아나 있었다.
盆栽は、小さな鉢の中に大自然を表現する芸術だ。,분재는 작은 화분 속에 대자연을 표현하는 예술이다.
近所の名所を案内しながら、地域の歴史について語り合った。,근처의 명소를 안내하며 지역 역사에 대해 이야기를 나누었다.
ワインを作るために葡萄を収穫する。,와인을 만들기 위해 포도를 수확한다.
この店は地元の野菜を商っていて、朝は特ににぎやかだ。,이 가게는 지역 채소를 취급해서 아침에 특히 붐빈다.
秋の果物といえば、やはり梨がいちばんだ。,가을 과일이라고 하면 역시 배가 최고다.
日陰に停めておいた車は車内がそれほど暑くない。,그늘에 세워 둔 차는 내부가 그렇게 덥지 않다.
秩序を守ることが、自由を守ることにもなる。,질서를 지키는 것이 자유를 지키는 일이기도 하다.
レンガ造りの壁を、蔦が覆い尽くしていた。,벽돌로 된 벽을 담쟁이덩굴이 뒤덮고 있었다.
冬はこたつに入って蜜柑を食べるのが幸せだ。,겨울엔 코타츠에 들어가서 귤을 까먹는 것이 행복이다.
古い石垣には、美しい緑色の苔が生えていた。,오래된 돌담에는 아름다운 녹색 이끼가 껴 있었다.
ピンチの場面で、先輩が助太刀に入った。,위기 상황에서 선배가 조력(거들기)하러 들어왔다.
運動会で赤組が優勝し、子供たちは抱き合って喜んだ。,운동회에서 홍팀이 우승하여 아이들은 서로 껴안고 기뻐했다.
サラダに新鮮な胡瓜をたっぷり入れた。,샐러드에 신선한 오이를 듬뿍 넣었다.
カレーライスに、蒸したじゃが芋を入れると美味しい。,카레라이스에 찐 감자를 넣으면 맛있다.
焼き茄子に醤油をかけて食べるのが好きだ。,군가지에 간장을 뿌려 먹는 것을 좋아한다.
冬になると、おでんに入っている大根が特に美味しく感じる。,겨울이 되면 오뎅에 들어있는 무가 특히 맛있게 느껴진다.
スマホの搭乗券をゲートで提示した。,스마트폰 탑승권을 게이트에서 제시했다。
雨でも屋根付き通路があって、大助かりだ。,비가 와도 지붕 있는 통로가 있어서 정말 큰 도움이 된다.
その言い回しは古い方言から派生したらしい。,그 표현은 오래된 방언에서 파생된 것 같다.
ホテルの朝食ビュッフェで、好きな料理を皿に盛り付ける。,호텔 조식 뷔페에서 좋아하는 요리를 접시에 담는다.
朝食に焼いたパンと林檎を一つ食べた。,아침 식사로 구운 빵과 사과를 하나 먹었다.
健康のために、毎日新鮮な野菜を食べるようにしている。,건강을 위해 매일 신선한 채소를 먹으려고 하고 있다.
哀悼の意を表し、全員で黙とうした。,애도의 뜻을 표하며 모두 묵념했다。
寝る前の読書が習慣だ。,자기 전 독서가 습관이다.
彼女は熟練のタイピストとして、タイプライターを早打ちした。,그녀는 숙련된 타이피스트로서 타자기를 빠르게 쳤다.
理科の実験で作ったスライムに、クラス全員が夢中になった。,과학 실험 시간에 만든 슬라임에 반 아이들 모두가 푹 빠졌다.
川沿いの柳の木が、風にそよいでいる。,강가의 버드나무가 바람에 한들거리고 있다.
助監督が段取りを整えて、撮影がスムーズに進んだ。,조감독이 동선을 정리해 촬영이 순조롭게 진행됐다.
皆の助力で、イベントを無事に終えられた。,모두의 조력으로 이벤트를 무사히 마칠 수 있었다.
証拠は如実に、彼の無実を示していた。,증거는 여실히 그의 무죄를 보여주고 있었다.
祭りの境内は善男善女でにぎわっていた。,축제 신사 경내는 선남선녀로 북적였다.
無意味な破壊では、何も生まれない。,무의미한 파괴로는 아무것도 생기지 않는다.
池に浮かぶ蓮の花は、泥の中からでも清らかに咲く。,연못에 뜬 연꽃은 진흙 속에서도 맑게 핀다.
夏休みの観察日記に、朝顔の成長を記録した。,여름방학 관찰일기에 나팔꽃의 성장을 기록했다.
日本の山には杉の木が多く植えられている。,일본의 산에는 삼나무가 많이 심어져 있다.
消防の救助で、全員が避難できた。,소방의 구조로 모두가 대피할 수 있었다.
この薬で咳が助かって、夜よく眠れた。,이 약 덕분에 기침이 나아(도움이 되어) 밤에 잘 잤다.
重い荷物を助けるよ、と彼が声をかけた。,"무거운 짐, 도와줄게 하고 그가 말을 걸었다."
秋の山は楓の紅葉で燃えるように赤かった。,가을 산은 단풍나무의 단풍으로 불타는 듯이 붉었다.
この神社には由緒ある伝承が残っている。,이 신사에는 유서 깊은 전승이 남아 있다.
風で木の枝が揺れて、窓にコツコツと当たっている。,바람에 나뭇가지가 흔들려 창문에 똑똑 부딪히고 있다.
来年の春のために、チューリップの種を庭に植えた。,내년 봄을 위해 튤립 씨앗(알뿌리)을 정원에 심었다.
尿素は化学の授業で習った。,요소는 화학 수업에서 배웠다.
彼の一言が、議論の端緒になった。,그의 한마디가 논의의 단초가 됐다.
部長の代理として会議に出席した。,부장 대리로서 회의에 참석했다.
緒戦で勝てたことで、チームの士気が上がった。,첫 경기에서 이겨서 팀 사기가 올랐다.
和風の庭には、手入れの行き届いた松の木があった。,일본식 정원에는 잘 손질된 소나무가 있었다.
庭の梅の木に、小さな青い実がなり始めた。,정원의 매화나무에 작은 풋열매가 열리기 시작했다.
仏壇に菊の花を飾った。,불단에 국화꽃을 장식했다.
この曲には、懐かしい情緒が漂っている。,이 곡에는 그리운 정서가 감돈다.
古典には女人の心情を詠んだ歌が多い。,고전에는 여인의 심정을 읊은 노래가 많다.
小児科の待合室には子どもたちがたくさんいた。,소아과 대기실에는 아이들이 가득했다.
こちらのお弁当、温めますか？,"이 도시락, 데워드릴까요?"
いらっしゃいませ！何かお探しですか？,어서 오십시오! 무엇을 찾으시나요?
朝ごはんはいつもおにぎりを二つ買います。,아침밥은 항상 주먹밥을 두 개 삽니다.
落とし物は警察署に届けておきました。,분실물은 경찰서에 맡겨 두었습니다.
お客さんがレジの前に並んでいる。,손님이 계산대 앞에 줄을 서 있다.
雨上がりの草の匂いがして、深呼吸した。,"비가 갠 뒤의 풀냄새가 나서, 심호흡을 했다."
今日はやけに暑いから、水を多めに飲もう。,오늘 유난히 더우니 물을 많이 마시자.
蒸し暑い暑気で、駅のホームがむっとする。,무덥고 습한 더위 기운 때문에 역 플랫폼이 후끈하다.
新発売のお菓子が棚にたくさん並んでいた。,신상품 과자가 선반에 많이 진열되어 있었다.
店員さんが親切に商品の場所を教えてくれた。,점원이 친절하게 상품 위치를 알려주었다.
残暑が厳しくて、秋服に替えられない。,잔서가 심해서 가을옷으로 못 갈아입겠다.
この部屋の暑さは、換気が悪いせいだ。,이 방의 더위는 환기가 나빠서다.
避暑のために高原のペンションへ行った。,피서를 위해 고원의 펜션에 갔다.
腹背に敵を受ける形になり、部隊は苦戦した。,앞뒤에서 적을 맞는 형세가 되어 부대가 고전했다.
春らしい陽気に誘われて、公園へ散歩に出かけた。,봄다운 화창한 날씨에 이끌려 공원으로 산책을 나갔다.
子供たちが、公園で落ち葉を集めて遊んでいた。,아이들이 공원에서 낙엽을 모으며 놀고 있었다.
会場で偶然知人に会って、少し安心した。,행사장에서 우연히 지인을 만나 조금 안심했다.
彼は庶務を担当していて、備品の管理に詳しい。,그는 서무를 맡고 있어 비품 관리에 밝다.
需要と供給の法則を知ると、市場の動きが読みやすい。,수요와 공급의 법칙을 알면 시장의 움직임을 읽기 쉽다.
大工が棟木に印を付けて位置を確認した。,목수가 마룻대에 표시를 해 위치를 확인했다。
夏祭りの屋台で、焼きとうもろこしを買って食べた。,여름 축제 포장마차에서 군옥수수를 사 먹었다.
雨上がりの森は、新緑の匂いで満ちていた。,비가 갠 뒤의 숲은 신록의 내음으로 가득 차 있었다.
険阻な山道を乗り越えて、ようやく山頂にたどり着いた。,험준한 산길을 넘어서 드디어 정상에 도착했다.
背に冷たい雨が当たった。,등에 차가운 비가 닿았다.
失敗談も今では笑い話として、酒の席を盛り上げている。,실수담도 이제는 웃음거리가 되어 술자리를 흥겹게 만들고 있다.
要点はメモに書くより、図にしたほうが早い。,요점은 메모로 쓰기보다 그림으로 하는 게 빠르다.
アロエは、やけどの治療に効果があると言われている。,알로에는 화상 치료에 효과가 있다고 알려져 있다.
汚染された川が、自然の力で少しずつ浄化されている。,오염된 강이 자연의 힘으로 조금씩 정화되고 있다.
部屋のインテリアとして、観葉植物をいくつか置いている。,방 인테리어로 관엽식물을 몇 개 두고 있다.
応募条件に合致しているか、もう一度確認してください。,지원 조건에 부합하는지 다시 확인해 주세요.
研究室の書籍が増えすぎて、棚が足りない。,연구실 책이 너무 늘어서 책장이 부족하다.
締め切りは今月十日です。,마감은 이번 달 10일입니다.
食虫植物が虫を捕らえる瞬間を、初めて見た。,식충식물이 벌레를 잡는 순간을 처음으로 보았다.
多肉植物は、あまり水をやらなくても育つので管理が楽だ。,다육식물은 물을 그다지 주지 않아도 자라서 관리가 편하다.
春になると大陸から黄砂が飛来し、空が霞むことがある。,봄이 되면 대륙에서 황사가 날아와 하늘이 뿌옇게 흐려질 때가 있다.
公園は、目に優しい緑でいっぱいだった。,공원은 눈에 편안한 녹색으로 가득했다.
ラベンダーの畑を通りかかると、いい香りがした。,라벤더 밭을 지나가자 좋은 향기가 났다.
店内を一巡してから、買う物を決めることにした。,매장 안을 한 바퀴 돈 뒤 살 물건을 정하기로 했다.
祖父母は田舎で畑仕事をして暮らしている。,조부모님은 시골에서 밭일을 하며 살고 계신다.
寝る前に少しだけ読書して、頭を落ち着かせる。,자기 전에 조금만 독서해서 마음을 가라앉힌다.
子どもたちに一個ずつお菓子を配った。,아이들에게 과자를 한 개씩 나누어 주었다.
森で大蛇を見たとき、足がすくんだ。,숲에서 큰 뱀을 봤을 때 다리가 굳었다.
写真を消す前に、ストレージ容量を確認した。,사진을 지우기 전에 저장 용량을 확인했다.
あさっての会議の資料はもう準備できましたか。,모레 회의 자료는 이미 준비되었나요?
この歌舞伎役者の演技は、まさに極め付きの名人芸だ。,이 가부키 배우의 연기는 그야말로 공인된 명인기다.
空港の免税店でお土産を買った。,공항 면세점에서 선물을 샀다.
橋の支柱に亀裂がないか、点検員が確認した。,교량의 지주에 균열이 없는지 점검원이 확인했다.
インフルの流行で、学級閉鎖になった。,인플루엔자 유행으로 학급 폐쇄가 됐다.
春になると、杉の花粉でアレルギー症状が出る人が多い。,봄이 되면 삼나무 꽃가루로 알레르기 증상이 나타나는 사람이 많다.
寒い冬を越えて、木の枝に小さな芽が出た。,추운 겨울을 넘어 나뭇가지에 작은 싹이 돋았다.
虫刺されがかゆくて、夜中に目が覚めた。,벌레 물린 곳이 가려워서 한밤중에 깼다.
力士たちは巡業で各地を回り、子どもたちと触れ合った。,스모 선수들은 순업으로 각지를 돌며 아이들과 교류했다.
週末は友人とフットサルのコートを借りて、汗を流す。,주말에는 친구와 풋살 코트를 빌려서 땀을 흘린다.
山奥の村落に小さな診療所がある。,산골 마을(취락)에 작은 진료소가 있다.
胸に宿る不安を隠して、笑顔を作った。,가슴에 깃든 불안을 숨기고 미소를 지었다.
夜間の巡回で、裏口の鍵が開いているのを見つけた。,야간 순찰에서 뒷문 자물쇠가 열려 있는 것을 발견했다.
証明写真を撮ることはできますか？,증명사진을 찍을 수 있나요?
駅前の宿に荷物を置いて、街へ出た。,역 앞의 숙소에 짐을 두고 거리로 나갔다.
金糸で刺繍された豪華な着物は、見る人を圧倒する美しさだ。,금실로 수놓아진 호화로운 기모노는 보는 이를 압도하는 아름다움이다.
花の蜜を吸っている蜂を、そっと観察した。,꽃의 꿀을 빨고 있는 벌을 살며시 관찰했다.
今日は母の料理の手伝いをして、一緒に夕食を作った。,오늘은 엄마 요리를 도와 함께 저녁을 만들었다.
夏の暑い日、木の上で蝉がミンミンと鳴いている。,"여름 더운 날, 나무 위에서 매미가 맴맴 울고 있다."
イヤホンが壊れて急遽購入した。,이어폰이 망가져서 급하게 구입했다.
雑誌を立ち読みする人が多い。,잡지를 서서 읽는 사람이 많다.
新発売のビールを試してみよう。,신발매 맥주를 마셔보자.
今日は僕が晩ご飯を作るよ。,오늘은 내가 저녁을 만들게.
夏祭りで村芝居が上演された。,여름 축제에서 촌극(마을 연극)이 공연됐다.
美醜は見る人の心で変わる、と彼は言った。,미추는 보는 사람의 마음에 따라 달라진다고 그는 말했다.
部品の交換は、必ず純正品を使用してください。故障の原因になります。,부품 교체는 반드시 정품을 사용하십시오. 고장의 원인이 됩니다.
このクーポンを使えば10%割引になります。,이 쿠폰을 사용하면 10% 할인됩니다.
彼女は俊秀として知られ、研究室でも一目置かれている。,그녀는 준수(뛰어난 인물)로 알려져 연구실에서도 인정받고 있다.
家の柱がシロアリの被害にあっていないか、点検が必要だ。,집 기둥이 흰개미 피해를 입지 않았는지 점검이 필요하다.
かつて疫痢は恐ろしい病だったが、衛生環境の改善で激減した。,과거에 이질은 무서운 병이었으나 위생 환경의 개선으로 급감했다.
この芸術祭は、街全体がギャラリーみたいになる。,이 예술제는 도시 전체가 갤러리처럼 된다.
田舎のおばあちゃんの家では、夏になると蚊帳を吊って寝る。,시골 할머니 댁에서는 여름이 되면 모기장을 치고 잔다.
働き蜂は、女王蜂と巣の仲間のために一生懸命働く。,일벌은 여왕벌과 집 동료들을 위해 열심히 일한다.
巣の中心には、卵を産む役割を持つ女王蟻がいる。,개미집 중심에는 알을 낳는 역할을 가진 여왕개미가 있다.
地震の瞬間、部屋の照明が大きく揺れた。,지진 순간 방의 조명이 크게 흔들렸다.
彼は俊敏に動いて、落ちたスマホを受け止めた。,그는 재빠르게 움직여 떨어진 스마트폰을 받아냈다.
彼は映画俳優のようにハンサムで、どこに行っても目立つ。,그는 영화배우처럼 핸섬해서 어디를 가도 눈에 띈다.
彼は趣味で、珍しい昆虫を採集している。,그는 취미로 희귀한 곤충을 채집하고 있다.
彼は地方史を著述し、町の資料館に寄贈した。,그는 지방사를 저술해 마을 자료관에 기증했다.
模型では円柱の体積を計算して、結果を記録した。,모형으로 원기둥의 부피를 계산해 결과를 기록했다.
会議では、まず結論から述べてください。,회의에서는 먼저 결론부터 말해 주세요.
この技術なら、電池の寿命を伸ばせそうだ。,이 기술이라면 배터리 수명을 늘릴 수 있을 것 같다.
研究の手順を叙述する部分は、時系列で書くと分かりやすい。,연구 절차를 서술하는 부분은 시간 순으로 쓰면 이해하기 쉽다.
蝶の美しい羽の模様は、種によって様々だ。,나비의 아름다운 날개 무늬는 종류에 따라 다양하다.
処方された薬は指示通りに服用し、勝手に中断しないでください。,"처방된 약은 지시대로 복용하고, 마음대로 중단하지 마십시오."
虫は触角を使って、匂いや周りの様子を探る。,벌레는 더듬이를 사용해 냄새나 주위의 상황을 살핀다.
裁判で彼は事実関係を陳述し、証拠の提示を求めた。,재판에서 그는 사실관계를 진술하고 증거 제시를 요구했다.
蚕が作った繭から、美しい絹糸が作られる。,누에가 만든 고치에서 아름다운 명주실이 만들어진다.
キャンプで、ブヨに足を刺されて赤く腫れた。,캠프에서 등에에게 다리를 쏘여 빨갛게 부어올랐다.
出窓に小さな観葉植物を並べたら、部屋が明るくなった。,돌출창에 작은 화분을 늘어놓았더니 방이 밝아졌다.
秋になると、様々な虫が美しい声で鳴く。,가을이 되면 다양한 벌레가 아름다운 소리로 운다.
彼女の着物姿は、とても生めかしくて魅力的だった。,그녀의 기모노 차림은 매우 요염하고 매력적이었다.
子どもたちはガイドと一緒に洞窟探検に出かけた。,아이들은 가이드와 함께 동굴 탐험에 나섰다.
人の命は、朝露のようにはかないものだ。,사람의 목숨은 아침 이슬처럼 덧없는 것이다.
あのビルは関係者以外の出入が禁止されている。,그 건물은 관계자 외 출입이 금지되어 있다.
経理は毎朝、出納帳を確認してから業務を始める。,경리는 매일 아침 출납장을 확인한 뒤 업무를 시작한다.
縁側でコオロギの鳴き声を聞きながら、月見をする。,툇마루에서 귀뚜라미 울음소리를 들으며 달구경을 한다.
長年使ってきたカバンは、もうぼろぼろだ。,오랫동안 사용해 온 가방은 이제 너덜너덜하다.
蛹の中で、幼虫は蝶になる準備をしている。,번데기 속에서 유충은 나비가 될 준비를 하고 있다.
ミツバチは集めた花の蜜を巣に持ち帰り、蜂蜜を作る。,꿀벌은 모은 꽃꿀을 집으로 가져가 벌꿀을 만든다.
梅が熟れると、甘い香りが台所に広がる。,매실이 익으면 달콤한 향이 부엌에 퍼진다.
この本は専門用語が少なくて読み易い。,이 책은 전문 용어가 적어서 읽기 쉽다.
急に名前を呼ばれて、思わず声が出た。,갑자기 이름을 불려서 무심코 소리가 나왔다.
この道はなだらかな坂になっているので、初心者でも歩きやすい。,이 길은 완만한 언덕으로 되어 있어서 초심자도 걷기 편하다.
ご不明な点がございましたら、お客様サポートセンターまでお問い合わせください。,궁금한 점이 있으시면 고객 지원 센터로 문의해 주십시오.
契約前に熟慮した結果、条件の見直しを求めた。,계약 전에 숙고한 결과 조건 재검토를 요구했다.
彼はいつもきざなセリフばかり言って、女性に嫌われている。,그는 언제나 아니꼬운 대사만 해서 여자들에게 미움을 받고 있다.
その事件は彼の経歴に大きな汚点を残した。,그 사건은 그의 경력에 큰 오점을 남겼다.
彼女はいつもてきぱきと仕事を片付ける。,그녀는 언제나 시원시원하게 일을 처리한다.
地域の食文化を守るとは、朝の食卓の出し巻き一切れを守ることにも通じる。,지역의 식문화를 지킨다는 것은 아침 식탁의 다시마키 한 조각을 지키는 일과도 통한다.
差別的な旧称をいまだに使い続ける広告は、時代錯誤と言わざるを得ない。,차별적인 옛 이름을 아직도 쓰는 광고는 시대착오라고 하지 않을 수 없다.
トカゲが素早く舌を伸ばして、虫を捕食した。,도마뱀이 재빨리 혀를 뻗어 벌레를 포식했다.
彼女はもう一度だけチャンスをくださいと哀願した。,그녀는 한 번만 더 기회를 달라고 애원했다.
終電に間に合うか心配だったが、かろうじて間に合った。,"막차를 놓칠까 봐 걱정했는데, 간신히 시간을 맞췄다."
初期設定のまま使用せず、環境に合わせて設定を変更することをお勧めします。,"초기 설정 그대로 사용하지 말고, 환경에 맞춰 설정을 변경하는 것을 권장합니다."
カメムシは危険を感じると、強烈な臭いを放つ。,노린재는 위험을 느끼면 강렬한 냄새를 풍긴다.
丁重なメールを送ったのに、返事が来ない。,정중한 메일을 보냈는데도 답장이 안 온다.
恩赦で釈放され、彼は静かに故郷へ戻った。,특사로 석방되어 그는 조용히 고향으로 돌아갔다.
なぜか嫌な予感がする。これが虫の知らせというものだろうか。,왠지 안 좋은 예감이 든다. 이것이 벌레의 알림(육감)이라는 것일까.
自由研究で、公園に落ちているセミの抜け殻を集めた。,자유 연구로 공원에 떨어져 있는 매미 허물을 모았다.
蛇の目の傘は、雨の日でも気分が上がる。,뱀눈 무늬 우산은 비 오는 날에도 기분이 좋아진다.
科学的根拠のないデマに踊らされるのは、冷静に考えれば馬鹿馬鹿しい行為である。,과학적 근거 없는 유언비어에 휘둘리는 것은 냉정히 생각하면 어처구니없는 행위다.
長年の罪を赦免する決定が下された。,오랜 죄를 사면(용서)하는 결정이 내려졌다.
蛇腹のファイルに資料を整理して入れた。,주름식(아코디언) 파일에 자료를 정리해 넣었다.
射撃訓練で、呼吸を整えてから引き金を引いた。,사격 훈련에서 호흡을 가다듬고 방아쇠를 당겼다.
舎監に見回りされると、夜更かしがばれる。,사감(기숙사 감독)에게 순찰받으면 밤샘이 들통난다.
衣替えの際には、服に防虫剤を入れるのを忘れないように。,옷을 갈아입을 때는 옷에 방충제를 넣는 것을 잊지 않도록.
紫外線が強い日は、帽子とサングラスが必須だ。,자외선이 강한 날은 모자와 선글라스가 필수다.
高原の朝の空気はすがすがしい。,고원지대 아침 공기는 상쾌하다.
この問題は、じっくり時間をかけて考える必要がある。,이 문제는 차분히 시간을 들여 생각할 필요가 있다.
彼は素材にこだわって料理を作る。,그는 소재 하나하나에 신경 써서 요리를 만든다.
彼はいつもいやらしい目で女性を見る。,그는 항상 불쾌한 눈으로 여성을 본다.
この痛みにもう少しだけ堪えられますか。,이 통증을 조금만 더 참을 수 있겠습니까?
どうぞ、気兼ねなくお召し上がりください。,"부디, 사양 말고 드세요."
約束の時間の7時きっかりに、彼は現れた。,약속 시간인 7시 정각에 그는 나타났다.
悪い夢を見て、寝汗びっしょりで目が覚めた。,나쁜 꿈을 꾸고 식은땀에 흠뻑 젖어 잠에서 깼다.
休日は一日中家でごろごろしていたい。,휴일에는 하루 종일 집에서 빈둥빈둥하고 싶다.
彼女も来るものだと、てっきり思っていた。,그녀도 오는 것이라고 틀림없이 생각하고 있었다.
宿題をさっさと終わらせて、遊びに行こう。,숙제를 빨리빨리 끝내고 놀러 가자.
赤ちゃんはみるみるうちに大きくなる。,아기는 눈 깜짝할 사이에 커진다.
出かける前に、部屋をちゃんと片付けなさい。,외출하기 전에 방을 제대로 정돈해라.
公園で犬が楽しそうに飼い主と遊んでいる。,공원에서 개가 즐겁게 주인과 놀고 있다.
彼女にとって家族の存在は、つらい日々を支える大きな救いだった。,그녀에게 가족의 존재는 힘든 나날을 버티게 해 주는 큰 구원이 되었다.
夜になると、フクロウの鳴き声が森に響く。,밤이 되면 부엉이의 울음소리가 숲에 울려 퍼진다.
寒い朝、白い息を吐きながら学校へ向かった。,"추운 아침, 하얀 입김을 내쉬며 학교로 향했다."
風邪をひいて、声が出なくなった。,감기에 걸려서 목소리가 나오지 않게 되었다.
努力は裏切らないと信じて、毎朝走っている。,노력은 배신하지 않는다고 믿고 매일 아침 달리고 있다.
電車でつり革を持つと、わきが見えてしまう。,전철에서 손잡이를 잡으면 겨드랑이가 보이게 된다.
恐竜は遥か昔に絶滅したと考えられている。,공룡은 아주 먼 옛날에 멸종했다고 여겨진다.
絶滅の危機に瀕している動物を保護する活動がある。,멸종 위기에 처한 동물을 보호하는 활동이 있다.
動物虐待は決して許されない行為だ。,동물 학대는 결코 용서받을 수 없는 행위이다.
畑にまっすぐな畝を作るのは、思ったよりも難しい作業だ。,밭에 곧은 이랑을 만드는 것은 생각보다 어려운 작업이다.
彼女は年齢の割に色艶がよい。,그녀는 나이에 비해 안색이 좋다.
祖父の写真を新しい額縁に入れ替えた。,할아버지 사진을 새 액자에 갈아 끼웠다.
小鳥のために、庭に鳥かごを設置した。,작은 새를 위해 정원에 새장을 설치했다.
新しい首輪をプレゼントしたら、犬が喜んだ。,새 목걸이를 선물했더니 개가 기뻐했다.
飼っているインコが人の言葉を真似し始めた。,키우는 잉꼬가 사람 말을 흉내 내기 시작했다.
それでは、安全運転でいってらっしゃいませ。,그럼 안전운전 하시고 다녀오세요.
納品された物品に破損や不足がある場合は、直ちにご連絡願います。,"납품된 물품에 파손이나 부족이 있는 경우, 즉시 연락 바랍니다."
明治期の私塾では、若者が議論を重ねて学問を深めた。,메이지 시기의 사숙에서는 젊은이들이 토론을 거듭하며 학문을 깊게 했다.
森で道に迷ったら、鹿の親子に出会った。,"숲에서 길을 잃었을 때, 사슴 모자를 만났다."
危険な毒を持つ蛇には近づかないでください。,위험한 독을 가진 뱀에게는 다가가지 마십시오.
熱を加えると金属は少し縮らすことができる。,열을 가하면 금속은 조금 수축시킬 수 있다.
アフリカのサバンナでライオンの群れが獲物を狙っている。,아프리카의 사바나에서 사자 무리가 사냥감을 노리고 있다.
ペンギンたちが氷の上をよちよち歩いている。,펭귄들이 얼음 위를 아장아장 걷고 있다.
家の壁にヤモリがくっついている。,집 벽에 도마뱀붙이가 붙어 있다.
今日は塾があるから、遊びはまた今度ね。,오늘은 학원이 있으니까 놀이는 다음에 하자.
巨大なクジラが潮を吹く光景は壮観だった。,거대한 고래가 물을 뿜는 광경은 장관이었다.
二人の距離が少しずつ縮まるのを感じた。,두 사람의 거리가 조금씩 가까워지는 것을 느꼈다.
レポートは要点を短縮して、1ページにまとめてください。,리포트는 요점을 줄여 1페이지로 정리해 주세요.
白鳥の優雅な姿は多くの芸術家にインスピレーションを与えた。,백조의 우아한 모습은 많은 예술가에게 영감을 주었다.
寝る前に少しだけ小説を読むのが日課です。,자기 전에 조금 소설을 읽는 것이 일과입니다.
お友達と仲良く遊ぼうね。,친구랑 사이좋게 놀자.
朝、鳥のさえずりで目が覚めた。,아침에 새의 지저귐에 잠이 깼다.
美容師に「縮れ毛は乾燥しやすいので保湿が大事」と言われた。,미용사에게 “곱슬머리는 건조해지기 쉬우니 보습이 중요하다”는 말을 들었다.
豚は泥の中で遊ぶのが好きだ。,돼지는 진흙 속에서 노는 것을 좋아한다.
寒さで指が縮む感じがして、手袋が手放せない。,추위로 손가락이 오그라드는 느낌이 들어 장갑을 놓을 수 없다.
羽ばたく鳥のように、自由に空を飛びたい。,날갯짓하는 새처럼 자유롭게 하늘을 날고 싶다.
茶道は日本の美しい伝統の一つです。,다도는 일본의 아름다운 전통 중 하나입니다.
写真の展覧会で、素晴らしい作品に出会いました。,사진전람회에서 멋진 작품을 만났습니다.
雨に濡れた紙が縮れるほど、強い風が吹いていた。,비에 젖은 종이가 쭈글쭈글해질 정도로 강한 바람이 불었다.
夏になると、近所の神社でお祭りが開かれます。,여름이 되면 근처 신사에서 축제가 열립니다.
日曜日は家でゆっくり休む。,일요일은 집에서 푹 쉰다.
母は私を怒る前に、まず事情を聞いた。,엄마는 나를 혼내기 전에 먼저 사정을 들었다.
友達が落ち込んでいるので、そっと肩を叩いて励ました。,친구가 우울해하고 있어서 살짝 어깨를 두드리며 격려했다.
この町の縮図みたいな商店街だね。,이 동네의 축도 같은 상점가네.
角を曲がると、新しいパン屋のお店がある。,모퉁이를 돌면 새로운 빵 가게가 있다.
図書館は静かに本を読むところです。,도서관은 조용히 책을 읽는 곳입니다.
この漫画はとても面白い。,이 만화는 매우 재미있다.
新幹線はとても速い。,신칸센은 매우 빠르다.
毎日の散歩は犬の健康にとって非常に重要だ。,매일 산책하는 것은 개의 건강에 매우 중요하다.
お年玉を銀行に貯金しに行った。,세뱃돈을 은행에 저금하러 갔다.
魚のきらきら光る鱗が美しい。,물고기의 반짝이는 비늘이 아름답다.
コウモリは超音波を使って暗闇で獲物を見つける。,박쥐는 초음파를 이용해 어둠 속에서 먹이를 찾는다.
遊園地はとても楽しい場所だ。,놀이공원은 매우 즐거운 곳이다.
野球は九人でします。,야구는 아홉 명이서 합니다.
公園に人がたくさんいる。,공원에 사람이 많이 있다.
彼のプロポーズの言葉に、胸がいっぱいになった。,그의 프러포즈 말에 가슴이 벅차올랐다.
彼は何か言いたそうに、唇を噛みしめた。,그는 무언가 말하고 싶은 듯 입술을 깨물었다.
彼は考え事をするとき、顎に手を当てる癖がある。,그는 생각을 할 때 턱에 손을 괴는 버릇이 있다.
朝、洗面台でブラシを使って髪を整えた。,아침에 세면대에서 브러시로 머리를 정리했다.
感染拡大を受けて、今週の飲み会は自粛することにした。,감염 확산을 받아 이번 주 술자리는 자제하기로 했다.
事故の原因究明のために、専門家チームが現場を調査している。,사고 원인 규명을 위해 전문가 팀이 현장을 조사하고 있다.
臼歯に虫歯が見つかり、しばらく歯医者に通うことになった。,어금니에 충치가 생겨 한동안 치과에 다니게 되었다.
緊張すると爪を噛む癖がある。,긴장하면 손톱을 물어뜯는 버릇이 있다.
彼女は美しいブレスレットを手首につけていた。,그녀는 아름다운 팔찌를 손목에 차고 있었다.
週末の予定はまだ決まっていない。,주말 예정은 아직 정해지지 않았다.
明日は休みだから、一日中ゲームをするつもりだ。,내일은 휴일이니까 하루 종일 게임을 할 생각이다.
孫が私の膝の上で気持ちよさそうに眠っている。,손주가 내 무릎 위에서 기분 좋은 듯이 잠들어 있다.
感動的な映画を見て、涙が止まらなかった。,감동적인 영화를 보고 눈물이 멈추지 않았다.
兄弟で些細なことで喧嘩になった。,형제가 사소한 일로 싸웠다.
党内で反対派の粛清が進み、会議室の空気が重くなった。,당내에서 반대파 숙청이 진행되어 회의실 공기가 무거워졌다.
夏休みの宿題がまだたくさん残っている。,여름방학 숙제가 아직 많이 남아있다.
風邪のひき始めか、少し寒気がする。,감기 기운인지 약간 한기가 든다.
お母さんの作る料理は世界一美味しい。,엄마가 만드는 요리는 세상에서 제일 맛있다.
おいしいものを食べて、思わず口元がゆるんだ。,맛있는 것을 먹고 나도 모르게 입가가 풀어졌다.
健康のために、毎日体を動かすことが大切だ。,건강을 위해 매일 몸을 움직이는 것이 중요하다.
今日の晩ご飯は何にしようかな。,오늘 저녁밥은 뭘로 할까?
週末は家でのんびり過ごすのが好きです。,주말은 집에서 한가롭게 보내는 것을 좋아해요.
家族が居間に集まってテレビを見ている。,가족이 거실에 모여 TV를 보고 있다.
祖父は縁側でよくお茶を飲んでいる。,할아버지는 툇마루에서 자주 차를 마신다.
祖母が昔の話をしてくれた。,할머니가 옛날이야기를 해 주셨다.
トイレの電球が切れたので、交換しなければならない。,화장실 전구가 나가서 교체해야 한다.
お父さんが休みの日に公園に連れて行ってくれた。,아빠가 쉬는 날에 공원에 데려가 주셨다.
一日中歩き回って、足が棒のようだ。,하루 종일 걸어 다녔더니 다리가 몽둥이 같다.
朝、家族に「おはよう」と挨拶する。,"아침에 가족에게 ""좋은 아침""이라고 인사한다."
子どもが誘拐される事件が相次ぎ、町に不安が広がっている。,아이들이 유괴되는 사건이 잇따르며 마을에 불안이 커지고 있다.
子供のために、毎日お弁当を作っている。,아이를 위해 매일 도시락을 만들고 있다.
今日の夕飯のおかずは、魚の塩焼きだ。,오늘 저녁 반찬은 생선 소금구이다.
美味しいご飯をありがとう、「ごちそうさまでした」。,"맛있는 밥 고마워요, ""잘 먹었습니다""."
台風で屋根瓦が数枚飛んでしまった。,태풍으로 기와가 몇 장 날아가 버렸다.
乗り物酔いで吐き気がする。,차멀미로 메스꺼움이 난다.
父のいびきがうるさくて、夜眠れないことがある。,아버지의 코골이가 시끄러워서 밤에 잠을 못 이룰 때가 있다.
猫が階段を駆け上がっていった。,고양이가 계단을 뛰어 올라갔다.
静かな所で話そう。,조용한 곳에서 이야기하자.
コーラを一気に飲んだら、大きなげっぷが出た。,콜라를 단숨에 마셨더니 큰 트림이 나왔다.
ジャズを生で聴いて、音楽の楽しさに一気に開眼した。,재즈를 라이브로 듣고 음악의 즐거움에 단번에 눈을 떴다.
滑り台を何度も滑って、楽しそうだ。,미끄럼틀을 몇 번이고 타며 즐거워 보인다.
昔、この町では疫痢が流行して多くの子どもが倒れた。,예전에 이 마을에서는 역리가 유행해 많은 아이들이 쓰러졌다.
彼の目にはどこか狂気が宿っていた。,그의 눈에는 어딘가 광기가 깃들어 있었다.
能と狂言を初めて観劇した。,노와 교겐을 처음으로 관극했다.
コードレス掃除機はとても便利だ。,무선 청소기는 매우 편리하다.
明日は恐らく雨になるだろうから、傘を持っていこう。,내일은 아마 비가 올 테니 우산을 가져가자.
食事が終わったら、食器を洗ってください。,식사가 끝나면 식기를 닦아 주세요.
冬はストーブの前が一番暖かい。,겨울에는 난로 앞이 가장 따뜻하다.
観客の熱狂がスタジアムを揺らした。,관객들의 열광이 스타디움을 뒤흔들었다.
家族と一緒にいる時が一番幸せだ。,가족과 함께 있을 때가 가장 행복하다.
休みの日は家で音楽を聴きながらのんびり過ごす。,쉬는 날은 집에서 음악을 들으며 한가롭게 보낸다.
公園にはたくさんの子供たちが遊んでいた。,공원에는 많은 아이들이 놀고 있었다.
あれ見て！飛行機雲だ。,저거 봐! 비행기구름이야.
彼は教育に生涯を捧げ、多くの子どもたちに影響を与えた。,그는 교육에 생애를 바쳐 많은 아이들에게 영향을 주었다.
容疑者は長時間の取り調べの末、自供した。,용의자는 장시간의 심문 끝에 자백했다.
初々しい二人を見て微笑んだ。,풋풋한 두 사람을 보고 미소 지었다.
机の引き出しには古い銀貨が几帳面に並べられている。,책상 서랍에는 오래된 은화가 가지런히 늘어서 있다.
近所の公園で毎朝走る。,동네 공원에서 매일 아침 뛴다.
もうすぐ一人で歩けるようになりそうだ。,이제 곧 혼자서 걸을 수 있게 될 것 같다.
一人で立てるようになったよ！,혼자서 설 수 있게 됐어!
申し込みの期間は来週の金曜日までです。,신청 기간은 다음 주 금요일까지입니다.
子どもが怪獣の映画に夢中になっている。,아이들이 괴수 영화에 푹 빠져 있다.
せんせいが ほんを よんでくれる。,선생님이 책을 읽어 주신다.
おちゃは ちょっと にがいかな？,차는 조금 쓸까?
こたつでみかんを食べるの、あったかいね。,"코타츠에서 귤 까먹는 거, 따뜻하다."
親の期待が重すぎて息苦しく感じることがある。,부모의 기대가 너무 무거워 숨막히게 느껴질 때가 있다.
おもちゃで いっしょに あそぼう！,장난감으로 같이 놀자!
お出かけするから、靴を履こうね。,외출해야 하니까 신발 신자.
チーム全員が実力を発揮すれば、必ず勝てる。,팀 전원이 실력을 발휘하면 반드시 이길 수 있다.
石鹸で手を洗うと、ぴかぴかになるよ。,비누로 손을 씻으면 반짝반짝해져.
よーいどん！足でいっぱい走ろう。,준비 땅! 발로 힘껏 달리자.
お花のいい匂い、お鼻でかいでみて。,"꽃의 좋은 향기, 코로 맡아봐."
パパの声が耳で聞こえるね。,아빠 목소리가 귀로 들리네.
かぜが つよくて、かみが ぐちゃぐちゃ。,바람이 강해서 머리가 엉망진창.
いすの したに なにが ある？,의자 아래에 뭐가 있어?
初心者でも簡単にできる。,초보자도 쉽게 할 수 있다.
転んで膝に怪我をしてしまった。,넘어져서 무릎을 다쳤다.
「これは何？」と、一日中質問してくる。,이건 뭐야?라고 하루 종일 질문한다.
公園で犬が元気に走っているよ。,공원에서 강아지가 힘차게 달리고 있어.
「ただいま！」と叫びながら、玄関に駆け込んできた。,다녀왔습니다!라고 외치며 현관으로 뛰어 들어왔다.
夜は星がとてもきれいだ。,밤에는 별이 아주 예쁘다.
この絵本が大好きで、毎日読んでいる。,이 그림책을 아주 좋아해서 매일 읽고 있다.
子ども向けの本には、漢字に振り仮名が付いている。,아이들을 위한 책에는 한자에 후리가나가 붙어 있다.
自分の席の椅子に座る。,자기 자리의 의자에 앉는다.
地球の引力があるから私たちは地面に立っていられる。,지구의 인력이 있기 때문에 우리는 땅 위에 서 있을 수 있다.
牛乳をごくごく飲んで、大きくなろうね。,우유를 꿀꺽꿀꺽 마시고 쑥쑥 크자.
ここはとても静かで、心が安らかだ。,이곳은 매우 조용해서 마음이 평온하다.
彼女の笑顔を写真に映しておきたい。,그녀의 웃는 얼굴을 사진에 담아 두고 싶다.
待て待てー！公園をいっぱい走ろう。,기다려! 공원을 힘껏 달리자.
遵法意識を高める教育が必要だ。,준법 의식을 높이는 교육이 필요하다.
雨が田畑を潤した。,비가 논밭을 적셔 주었다.
高熱が出たので病院で診てもらった。,고열이 나서 병원에서 진찰을 받았다.
ちゃんと椅子に座ってご飯を食べよう。,의자에 제대로 앉아서 밥을 먹자.
おやつにクッキーというお菓子を食べた。,간식으로 쿠키라는 과자를 먹었다.
「おはよう」って元気に言ってみよう。,안녕이라고 힘차게 말해보자.
音楽を聞きながら勉強する。,음악을 들으면서 공부한다.
水槽の中で魚がすいすい泳いでる。,수조 안에서 물고기가 뻐끔뻐끔 헤엄치고 있어.
冬は肌の潤いが不足しがちだ。,겨울에는 피부 보습(윤기)이 부족해지기 쉽다.
目を閉じて10数えてください。,눈을 감고 10을 세어 주세요.
図書館に本を返しに行く。,도서관에 책을 반납하러 간다.
ご飯を食べる前に手をきれいに洗う。,밥을 먹기 전에 손을 깨끗이 씻는다.
あの山はとても高い。,저 산은 매우 높다.
転んじゃったの？えーんえーんって泣かないで。,넘어진 거야? 엉엉 울지 마.
彼の処女作が話題になった。,그의 처녀작이 화제가 됐다.
その犬は驚くほど従順だ。,그 개는 놀랄 만큼 온순하고 순종적이다.
お母さんのカレーはとてもおいしい。,엄마의 카레는 정말 맛있다.
新規事業に潤沢な資金が投入された。,신규 사업에 넉넉한 자금이 투입됐다.
旅行の準備を前日に済ませた。,여행 준비를 전날 끝냈다.
公園で犬がボールを追いかけている。,공원에서 개가 공을 쫓고 있다.
鉛筆で字を書く練習をする。,연필로 글씨 쓰기 연습을 한다.
お母さんがお弁当を作ってくれた。,어머니가 도시락을 만들어 주셨다.
駅で電車を待っている。,역에서 전철을 기다리고 있다.
みんなで楽しい歌を歌おう。,다 함께 즐거운 노래를 부르자.
象の絵を上手に描いた。,코끼리 그림을 잘 그렸다.
お小遣いでお金をもらった。,용돈으로 돈을 받았다.
この容器には危険な液体が入っている。,이 용기에는 위험한 액체가 들어 있다.
この地域は一年中湿潤だ。,이 지역은 일 년 내내 습윤하다.
夏は暑いから、水をたくさん飲む。,여름은 더우니까 물을 많이 마신다.
代表者は壇上に上がり、震える声で謝罪の言葉を述べた。,"대표자는 단상에 올라, 떨리는 목소리로 사죄의 말을 진술했다."
冷たい水で喉が潤った。,차가운 물로 목이 촉촉해졌다.
牧場で牛がのんびり草を食べている。,목장에서 소가 한가롭게 풀을 뜯고 있다.
たんじょうびおめでとう！,생일 축하해!
みみで よく きいてね。,귀로 잘 들어봐.
プロジェクトは順調に進んでいる。,프로젝트는 순조롭게 진행되고 있다.
手順の順序を間違えた。,절차의 순서를 잘못했다.
学校まで毎日歩いて行く。,학교까지 매일 걸어간다.
よるに なると ほしが キラキラする。,밤이 되면 별이 반짝반짝한다.
聴衆の心を掴むためには、抑揚をつけて話すことが効果的だ。,"청중의 마음을 사로잡기 위해서는, 억양을 넣어 말하는 것이 효과적이다."
匿名性を利用して他人を攻撃する行為は、決して許されない。,"익명성을 이용해서 타인을 공격하는 행위는, 결코 용서받을 수 없다."
じてんしゃで こうえんまで いこう。,자전거로 공원까지 가자.
公園で友達と遊ぶのが好きだ。,공원에서 친구와 노는 것을 좋아한다.
砂浜を足で歩くと気持ちいい。,모래사장을 발로 걸으면 기분이 좋다.
おばけが でてきそうで こわい。,귀신이 나올 것 같아서 무서워.
君の言っていることは矛盾だらけで、全く筋が通っていない。,"네가 하고 있는 말은 모순 투성이라, 전혀 이치에 맞지 않아."
じぶんの かげと おいかけっこした。,자신의 그림자와 술래잡기했다.
指で星を数える。,손가락으로 별을 센다.
夜空に星がたくさん輝いている。,밤하늘에 별이 많이 빛나고 있다.
彼女には強い後ろ盾がいる。,그녀에게는 든든한 뒷배가 있다.
条約は国会で批准された。,조약은 국회에서 비준되었다.
おまつりで りんごあめを かった。,축제에서 사과 사탕을 샀다.
議論の論点がずれているので、一度本題に戻しましょう。,"논의의 논점이 어긋나 있으니, 일단 본론으로 돌아갑시다."
兵士は盾を掲げて突進した。,병사는 방패를 치켜들고 돌진했다.
はなびが ドーンと あがってきれいだね。,불꽃놀이가 펑 하고 터져서 예쁘네.
家臣が主君に殉死した。,가신이 주군을 따라 순사했다.
不純な動機で近づかないで。,불순한 동기로 다가오지 마.
遭難した登山隊の一人が殉難した。,조난당한 등산대원 한 명이 순난했다.
お前が先に手を出したんだろう、被害者ぶるのはやめろ。,"네가 먼저 손을 댔잖아, 피해자인 척하는 건 그만둬."
純真な笑顔に心がほどけた。,순진한 미소에 마음이 풀렸다.
木に毛虫がたくさんいた。,나무에 송충이가 많이 있었다.
蟻が砂糖を運んでいる。,개미가 설탕을 나르고 있다.
礼儀作法を修めるには、日々の反復が大切だ。,예절을 익히려면 매일의 반복이 중요하다.
子どもはまず文字を読めるようになって、自信がついた。,아이들은 먼저 문자를 읽게 되면서 자신감이 붙었다.
言いたいことがあるなら、影で言わずに直接言ってこいよ。,"하고 싶은 말이 있으면, 뒤에서 말하지 말고 직접 말하러 와."
すぐに宿題を始めなさい。,바로 숙제를 시작하렴.
私の好きな果物はイチゴです。,제가 좋아하는 과일은 딸기입니다.
お皿の上のケーキを全部食べた。,접시 위의 케이크를 전부 먹었다.
火事になったら、すぐに逃げる。,화재가 나면 바로 도망친다.
戦争の悲哀を描いた映画を見て、胸が締め付けられた。,전쟁의 비애를 그린 영화를 보고 가슴이 먹먹해졌다.
家族はとても大切な存在だ。,가족은 매우 소중한 존재다.
山寺で修行して、心を鍛えたい。,산사에서 수행하며 마음을 단련하고 싶다.
池で魚が泳いでいる。,연못에서 물고기가 헤엄치고 있다.
お父さんの背中は大きくて暖かい。,아버지의 등은 크고 따뜻하다.
彼は重い荷物を軽々と持ち上げ、涼しい顔で運んでいった。,"그는 무거운 짐을 가볍게 들어 올려, 시원한 얼굴로 날랐다."
泥遊びをして服が汚くなった。,흙장난을 해서 옷이 더러워졌다.
冬になるとインフルエンザが子どもたちの間で伝染しやすい。,겨울이 되면 독감이 아이들 사이에서 쉽게 전염된다.
このチーズは少し臭いけど、味は濃い。,이 치즈는 조금 냄새 나지만 맛은 진하다.
学校で新しい友達ができた。,학교에서 새로운 친구가 생겼다.
レポートは五千字以内でまとめてください。,레포트는 5천 자 이내로 정리해 주세요.
黄色いひまわりが咲いている。,노란 해바라기가 피어 있다.
青い車が道を走っている。,파란 자동차가 길을 달리고 있다.
事実無根の記事を書かれ、名誉毀損で出版社を訴えた。,"사실무근인 기사가 쓰여, 명예훼손으로 출판사를 고소했다."
毎朝一つ、新しい単語を覚えることにしている。,매일 아침 하나씩 새로운 단어를 외우기로 하고 있다.
香水の俗臭がきつくて、頭が痛くなった。,싸구려 향수의 저속한 냄새가 심해 머리가 아팠다.
その上着、まだ臭い。,"그 겉옷, 아직 냄새 나."
下水の悪臭が強くて、窓を閉めた。,하수구 악취가 심해서 창문을 닫았다.
留学して初めて、一人で衣食住を全て管理する大変さを知った。,"유학을 가서 처음으로, 혼자 의식주를 모두 관리하는 어려움을 알게 되었다."
この花はとてもきれいですね。,이 꽃은 정말 예쁘네요.
大声で怒鳴り合う声が隣の部屋から聞こえてきて、怖かった。,큰 소리로 서로 고함치는 소리가 옆방에서 들려와서 무서웠다.
りんごを三つください。,사과를 세 개 주세요.
夜10時にはベッドで寝ます。,밤 10시에는 침대에서 잡니다.
売り言葉に買い言葉で喧嘩になり、今は口もきいていない。,"홧김에 주고받은 말로 싸움이 되어, 지금은 말도 안 하고 있다."
先生の説明がよく分かった。,선생님의 설명이 잘 이해되었다.
秋季限定のメニューが店に並んだ。,가을 한정 메뉴가 가게에 진열됐다.
粘土で動物を作った。,점토로 동물을 만들었다.
そんな汚い言葉を使うのは、君の品位を下げるだけだよ。,그런 더러운 말을 쓰는 것은 자네의 품위를 떨어뜨릴 뿐이야.
困難に直面した人々に救いの手を差し伸べるのが、私たちの使命です。,"어려움에 직면한 사람들에게 구원의 손길을 내미는 것이, 우리의 사명입니다."
テレビを見ながら食事をするのはよくない。,TV를 보면서 식사하는 것은 좋지 않다.
突然の夕立に遭い、古い民家の軒でしばらく雨宿りをさせてもらった。,"갑작스러운 소나기를 만나, 낡은 민가 처마 밑에서 잠시 비를 피했다."
秋分の日は、日没が早く感じる。,추분 무렵에는 해가 빨리 지는 듯 느껴진다.
寒いから、窓を閉めてください。,추우니 창문을 닫아 주세요.
彼は残念そうな顔をしながらも、結果を受け入れた。,그는 아쉬운 듯한 얼굴을 하면서도 결과를 받아들였다.
異なる意見を持つ人との対話こそが、新しい発想を生む源泉だ。,"다른 의견을 가진 사람과의 대화야말로, 새로운 발상을 낳는 원천이다."
積み木を高く積んで、わざと壊して遊ぶ。,나무 블록을 높이 쌓고 일부러 부수며 논다.
壊れたおもちゃを直してもらった。,부서진 장난감을 고쳐 받았다.
混乱は収拾がつかず、会議は中断した。,혼란이 수습되지 않아 회의가 중단됐다.
彼はゼロから会社を築き上げ、今では地域の顔になった。,그는 무에서 회사를 일으켜 세워 이제는 지역의 얼굴이 되었다.
テストで100点を取って、とても嬉しい。,시험에서 100점을 받아서 매우 기쁘다.
運動の後は、水をたくさん飲む。,운동 후에는 물을 많이 마신다.
財布の拾得届を交番に出した。,지갑 습득 신고서를 파출소에 제출했다.
蚊に刺されて、腕がかゆい。,모기에 물려서 팔이 가렵다.
禁煙ルームを希望していたのですが、喫煙ルームになっていませんか。,"금연 룸을 희망했습니다만, 흡연 룸으로 되어 있지 않나요."
友達と喧嘩して、悲しい気持ちになった。,친구와 싸워서 슬픈 기분이 되었다.
宗匠の一言で、場の空気が引き締まった。,종장의 한마디로 분위기가 단단해졌다.
彼は改宗して、新しい信仰を選んだ。,그는 개종해 새로운 신앙을 선택했다.
彼は義理と人情を何よりも重んじる、まさに漢の中の漢だ。,"그는 의리와 인정을 무엇보다 소중히 여기는, 그야말로 사나이 중의 사나이다."
この道は狭いので、車は通れません。,이 길은 좁아서 차는 다닐 수 없습니다.
ピッチャーの暴投でランナーが三塁へ進んだ。,투수의 폭투로 주자가 3루까지 진루했다.
周りを見渡してから、静かに席を立った。,주위를 둘러본 뒤 조용히 자리를 떴다.
車の中でラジオを聞く。,차 안에서 라디오를 듣는다.
本屋で新しい絵本を買った。,서점에서 새 그림책을 샀다.
その記者会見は台本通りで、まるで茶番劇だった。,그 기자회견은 각본대로라 마치 짜고 치는 연극 같았다.
円周を測るには、直径が分かればいい。,원의 둘레를 재려면 지름을 알면 된다.
彼は数学に秀でるが、言葉は少ない。,그는 수학에 뛰어나지만 말수는 적다.
大事な鍵をなくしてしまった。,소중한 열쇠를 잃어버렸다.
彼女は茶色のコートに、金色のボタンを合わせた。,그녀는 갈색 코트에 금색 단추를 매치했다.
予約の時間に間に合わないので、１０分ほど遅らせてください。,"예약 시간에 늦을 것 같아서, 10분 정도 늦춰 주세요."
おじいちゃんが畑で野菜を育てている。,할아버지가 밭에서 채소를 키우신다.
子どもたちは地図を片手に森の中を冒険した。,아이들은 지도를 손에 들고 숲 속을 모험했다.
夜7時からテレビでアニメを見る。,저녁 7시부터 TV로 애니메이션을 본다.
部屋に入るときはノックしてください。,방에 들어갈 때는 노크해 주세요.
時計の針が動いている。,시곗바늘이 움직이고 있다.
お墓参りは毎年欠かさず行っている。,성묘는 매년 빠뜨리지 않고 가고 있다.
今日はとても暑い日です。,오늘은 매우 더운 날입니다.
出張の帰りに、お土産を買ってきた。,출장 다녀오는 길에 선물을 사 왔다.
このチケットはいかなる場合も再発行できませんのでご注意ください。,이 티켓은 어떠한 경우에도 재발급되지 않으므로 주의해 주십시오.
展示されていた唐織は金糸がきらめいていた。,전시된 가라오리는 금실이 반짝였다.
青いズボンをはいて学校へ行く。,파란 바지를 입고 학교에 간다.
学校の帰りに本屋に寄った。,학교에서 돌아오는 길에 서점에 들렀다.
舟宿で休み、川魚の料理を頼んだ。,뱃사공 숙소에서 쉬며 강물고기 요리를 시켰다.
帰りが遅くなるなら、連絡してください。,귀가가 늦어지면 연락 주세요.
この畑では大豆を無農薬で育てている。,이 밭에서는 콩(대두)을 무농약으로 기르고 있다.
この電車の東京行きの最終は何時ですか？,이 전철의 도쿄행 막차는 몇 시입니까?
やるべきことと気持ちの間で葛藤してしまう。,해야 할 일과 마음 사이에서 갈등하게 된다.
彼女は身投げを考えるほど追い詰められたが、友人に救われた。,그녀는 투신을 생각할 만큼 몰렸지만 친구에게 도움을 받았다.
夏祭りの夜、舟遊びで灯籠を流した。,여름 축제 밤에 배놀이로 등롱을 띄웠다.
音楽を聴きながら勉強する。,음악을 들으면서 공부한다.
彼は今回の戦いで大きな勝利を収めた。,그는 이번 싸움에서 큰 승리를 거두었다.
桜並木の通りは春になるととても美しい。,벚꽃 가로수길은 봄이 되면 매우 아름답다.
自分の意見を最後まで通す。,자신의 의견을 끝까지 관철하다.
この書類に目を通しておいてください。,이 서류를 훑어봐 주세요.
会社は従業員の健康管理に責任を持ち、定期的な健康診断を実施している。,"회사는 종업원의 건강 관리에 책임을 지고, 정기적인 건강 검진을 실시하고 있다."
ドアに「関係者以外立ち入り禁止」の札がかかっていた。,문에 '관계자 외 출입금지'라는 팻말이 걸려 있었다.
霧の中でも舟航を続けるには灯りが必要だ。,안개 속에서도 주항을 계속하려면 등불이 필요하다.
小舟が岸辺に静かに揺れていた。,조그만 배가 강가에서 조용히 흔들리고 있었다.
行きはバスで、帰りは電車にしましょう。,"갈 때는 버스로, 돌아올 때는 전철로 합시다."
救助用の舟艇が港に待機していた。,구조용 선박이 항구에 대기하고 있었다.
税金をきちんと国に収めるのは国民の義務だ。,세금을 제대로 나라에 납부하는 것은 국민의 의무다.
この通りをまっすぐ行くと、駅に着きます。,이 길을 똑바로 가면 역에 도착합니다.
船山という珍しい苗字を持つ彼は、よく名前の由来について尋ねられる。,"후나야마라는 드문 성을 가진 그는, 자주 이름의 유래에 대해 질문을 받는다."
赤ん坊をあやしながら「よいよい」と歌う。,아기를 달래면서 '요이요이'라고 노래하다.
彼は音楽と美酒に浸る悦楽の夜を過ごした。,그는 음악과 좋은 술에 취한 열락의 밤을 보냈다.
遠足に水筒を持って行く。,소풍에 물통을 가져간다.
秋の空をトンボが飛んでいる。,가을 하늘을 잠자리가 날고 있다.
州議会で新しい環境法案が可決された。,주 의회에서 새로운 환경 법안이 통과됐다.
旅行の前に必要な物をリストアップした。,여행 전에 필요한 물건을 리스트업했다.
製品の寿命を延ばすために、過度な負荷をかけないようにご使用ください。,제품의 수명을 늘리기 위해 과도한 부하를 주지 않도록 사용해 주십시오.
蝶々が花の蜜を吸っている。,나비가 꽃의 꿀을 빨고 있다.
ケーキを六人で等分した。,케이크를 여섯 명이 똑같이 나눴다.
円筒形の容器にコーヒー豆を保存した。,원통형 용기에 커피콩을 보관했다.
好きな歌を元気に歌う。,좋아하는 노래를 힘차게 부른다.
友人の結婚のお祝いにプレゼントを贈った。,친구의 결혼 축하 선물로 프레젠토를 보냈다.
夏の夜、カブトムシを探しに行く。,"여름밤, 장수풍뎅이를 찾으러 간다."
洪水で中州が削られ、川の流れが変わった。,홍수로 하중도가 깎여 강물 흐름이 바뀌었다.
州の規制は地域によって細かく違う。,주의 규제는 지역마다 세세하게 다르다.
最終退室者は、窓の施錠と消灯を確認してから退出してください。,마지막 퇴실자는 창문 잠금과 소등을 확인한 후 퇴실해 주십시오.
何処か静かな場所で本が読みたい。,어딘가 조용한 장소에서 책을 읽고 싶다.
おじいちゃんが昔の話を話すのを聞くのが好きだ。,할아버지가 옛날이야기를 하시는 것을 듣는 것을 좋아한다.
空に大きな虹がかかった。,하늘에 커다란 무지개가 걸렸다.
遠足で山に登るのは少し疲れた。,소풍으로 산에 오르는 것은 조금 피곤했다.
副業の収入が増えて、貯金に回せるようになった。,부업 수입이 늘어 저축에 돌릴 수 있게 됐다.
花壇に赤や黄色の花が咲いている。,화단에 빨갛고 노란 꽃이 피어 있다.
川で魚釣りをしている人がいる。,강에서 낚시를 하고 있는 사람이 있다.
授業中に先生の話をよく聞く。,수업 중에 선생님 말씀을 잘 듣는다.
自分の名前を漢字で書く練習をする。,자기 이름을 한자로 쓰는 연습을 한다.
彼の怒りがようやく収まる。,그의 분노가 마침내 가라앉는다.
今年の収穫は豊作で、倉庫がいっぱいだ。,올해 수확은 풍작이라 창고가 가득하다.
空き瓶を回収して、リサイクルに出した。,빈 병을 회수해 재활용으로 내놓았다.
日本語の語彙は、和語、漢語、外来語の三つの要素から成り立っている。,"일본어의 어휘는 와고(고유어), 캉고(한자어), 가이라이고(외래어)의 세 가지 요소로 이루어져 있다."
ラジオ番組にリクエストした曲が流れ、自分のペンネームが読まれた。,"라디오 프로그램에 신청한 곡이 흐르고, 자신의 펜네임이 읽혔다."
お母さんが作ったお弁当を美味しく食べる。,엄마가 만들어주신 도시락을 맛있게 먹는다.
公園で白い犬が元気に走り回っている。,공원에서 하얀 강아지가 힘차게 뛰어다니고 있다.
夏休みには海で泳ぎたいな。,여름방학에는 바다에서 수영하고 싶다.
儒学を学ぶことで、礼の意味を考え直した。,유학을 배우며 예(禮)의 의미를 다시 생각하게 됐다.
新会社の理念を樹立するため、議論を重ねた。,새 회사의 이념을 수립하기 위해 토론을 거듭했다.
矢を筒から静かに抜き取った。,화살통(통)에서 화살을 조용히 꺼냈다.
毎日、友達と学校に行くのが楽しい。,매일 친구와 학교에 가는 것이 즐거워.
彼女の瞳は、星のようにきらきらと光っていた。,그녀의 눈동자는 별처럼 반짝반짝 빛나고 있었다。
彼女は優秀な頭脳で難問を解いた。,그녀는 뛰어난 두뇌로 난제를 풀었다.
儒教の教えは、家族観に影響を与えてきた。,유교의 가르침은 가족관에 영향을 주어 왔다.
なんとなく今日はいろんなことがうまくいきそうな気がする。,왠지 오늘은 여러 가지 일이 잘 풀릴 것 같은 느낌이 든다。
古いアルバムを見て、昔を思い出す。,낡은 앨범을 보며 옛날을 떠올린다.
需給バランスが崩れると、価格が乱高下する。,수급 균형이 무너지면 가격이 크게 출렁인다.
初めて会った時から、ずっと君のことが好きだと思ってた。,처음 만났을 때부터 계속 너를 좋아한다고 생각했어.
予定が重なって、今日は動けない。,일정이 겹쳐서 오늘은 움직일 수 없다.
ここで油断して抜かると、すべて台無しになる。,여기서 방심해서 실수하면 모든 게 망친다.
古池や蛙飛びこむ水の音、という有名な俳句を思い出した。,"오래된 연못에 개구리 뛰어드는 물소리, 라는 유명한 하이쿠가 떠올랐다."
鉛筆が短いので、新しいのが欲しい。,연필이 짧아서 새것을 갖고 싶다.
災害時の必需品は、事前に袋へまとめておく。,재난 시의 필수품은 미리 가방에 모아 둔다.
雑草を根から抜いて、庭がすっきりした。,잡초를 뿌리째 뽑아서 정원이 말끔해졌다.
公園の八重桜が満開だった。,공원의 겹벚꽃이 만개했다.
自分の足で、しっかりと立つ。,자신의 발로 제대로 서다.
お金でお菓子を買う。,돈으로 과자를 산다.
力を合わせて、重い荷物を運ぶ。,힘을 합쳐 무거운 짐을 옮긴다.
ご丁寧なご対応、まことに重畳です。,정중한 대응에 정말 감사드립니다(중첩/과분).
運動会で力いっぱい走る。,운동회에서 힘껏 달린다.
正しい答えに丸をつけましょう。,옳은 답에 동그라미를 칩시다.
山奥では電波が弱くて、通話が途切れる。,산골에서는 전파가 약해서 통화가 끊긴다.
信号が青になるまで、ここで待つ。,신호가 파란불이 될 때까지 여기서 기다린다.
慎重に言葉を選んで話した。,신중하게 말을 골라 말했다.
ペットを連れての入店は、盲導犬および介助犬を除きお断りします。,반려동물을 동반한 입점은 맹인 안내견 및 보조견을 제외하고 사절합니다.
彼は一重で、目つきが涼しい。,그는 홑꺼풀이라 눈매가 시원하다.
林の中を散歩する。,숲속을 산책한다.
薪を十把集めても、夜はまだ寒かった。,장작을 열 묶음 모아도 밤은 여전히 추웠다.
手をつないで、一緒に歩こう。,손을 잡고 같이 걷자.
封筒が二重になっていて開けにくい。,봉투가 이중이라 열기 어렵다.
暗い部屋の電気をつける。,어두운 방의 불을 켠다.
荷物の重量を量ってください。,짐의 중량을 재 주세요.
文学作品の講読ゼミに参加している。,문학 작품 강독 세미나에 참가하고 있다.
朝、時間通りに起きる。,아침에 시간 맞춰 일어난다.
冬は雪だるまを作って遊ぶ。,겨울은 눈사람을 만들며 논다.
靴を履いて、家の中に入る。,신발을 신고 집 안에 들어간다.
会場は厳重な警備が敷かれていた。,행사장은 엄중한 경비가敷어져 있었다.
返事をためらっているうちに、話がずるずると長引いてしまった。,대답을 망설이는 사이에 이야기가 질질 길어지고 말았다.
南の島へ旅行に行きたい。,남쪽 섬으로 여행 가고 싶다.
一万円のお年玉をもらった。,만 엔의 세뱃돈을 받았다.
騒音により近隣住民の迷惑となりますので、夜間の演奏はお控えください。,"소음으로 인해 인근 주민에게 폐가 되므로, 야간 연주는 삼가 주십시오."
前を向いて、しっかり歩く。,앞을 보고 제대로 걷는다.
振り向いて後ろを確認する。,뒤돌아서 뒤를 확인한다.
新聞を読むお父さんの横顔。,신문을 읽는 아빠의 옆모습.
家族みんなでテレビを見る。,온 가족이 함께 텔레비전을 본다.
音楽の授業で、リコーダーを吹く。,음악 시간에 리코더를 분다.
庭の芳しさに誘われて、窓を開けた。,정원의 향기로움에 이끌려 창문을 열었다.
緻密な計画のおかげで、プロジェクトは順調だ。,치밀한 계획 덕분에 프로젝트가 순조롭다.
相手を懐柔する言い回しが逆効果だった。,상대를 회유하는 말투가 오히려 역효과였다.
消しゴムで、間違えた字を消す。,지우개로 틀린 글씨를 지운다.
朝ごはんをしっかり食べて、元気いっぱい。,아침밥을 잘 먹어서 기운이 넘친다.
このパンの生地は柔らかだ。,이 빵 반죽은 부드럽다.
子どもからおもちゃを奪い取るのはだめだ。,아이에게서 장난감을 빼앗아 가면 안 된다.
見た目は柔弱でも芯は強い。,겉보기엔 유약해 보여도 속은 강하다.
ご芳志は復興支援に充てさせていただきます。,여러분의 호의(성금)는 복구 지원에 사용하겠습니다.
赤ちゃんのほっぺは本当に柔らかい。,아기 볼은 정말 부드럽다.
運動会で撮った写真を見る。,운동회에서 찍은 사진을 본다.
遠くに住む友達に手紙を書いた。,멀리 사는 친구에게 편지를 썼다.
道に迷ったので、交番で道を聞いた。,길을 잃어서 파출소에서 길을 물었다.
柔軟に予定を組み替えましょう。,유연하게 일정을 재조정합시다.
彼女の住まいは駅から徒歩五分だ。,그녀의 거처는 역에서 걸어서 5분이다.
病院の先生は、とても親切だ。,병원 선생님은 매우 친절하다.
教室では、静かに勉強します。,교실에서는 조용히 공부합니다.
台所から、いい匂いがしてくる。,부엌에서 좋은 냄새가 난다.
公園の池には、鯉がたくさん泳いでいる。,공원 연못에는 잉어가 많이 헤엄치고 있다.
空港には、いろいろな国の飛行機がある。,공항에는 여러 나라의 비행기가 있다.
窓を開けて、新鮮な空気を入れる。,창문을 열어 신선한 공기를 넣는다.
礼儀はどの国でも通じる普遍の価値だ。,예의는 어느 나라에서나 통하는 보편적 가치다.
説明は一遍で分かったよ。,설명은 한 번에 이해했어.
つらくても涙をこらえてよく堪えたね。,힘들어도 울음을 참고 잘 견뎠구나.
そのうち本気で引っ越しを考えないといけないね。,조만간 진지하게 이사를 생각해야겠네.
あの大きな工場では、何を作っているのだろう。,저 큰 공장에서는 무엇을 만들고 있을까?
毎日、お風呂に入って体をきれいにする。,매일 목욕을 해서 몸을 깨끗이 한다.
午前中は、公園で砂遊びをした。,오전 중에는 공원에서 모래 놀이를 했다.
月曜日は、新しい一週間の始まりだ。,월요일은 새로운 한 주의 시작이다.
予算の一部を教育費に充てる。,예산의 일부를 교육비에 배정한다.
教室はいつも明るい雰囲気だ。,교실은 언제나 밝은 분위기다.
お皿に残ったケーキは、ほんの少ない。,접시에 남은 케이크는 아주 조금이다.
夜道は暗いから、気をつけて帰ろう。,밤길은 어두우니 조심해서 돌아가자.
雨が上がったので洗濯物を外に干した。,비가 그쳐서 세탁물을 밖에 널었다.
朝は新聞を読みながらコーヒーを飲むのが習慣だ。,아침엔 신문을 읽으며 커피를 마시는 게 습관이다.
客は座にきちんと正座して待っていた。,손님은 방석 위에 반듯이 정좌하고 기다리고 있었다.
この町に住むようになって三年だ。,이 마을에 살게 된 지 3년이다.
多い人の中から、友達を見つけた。,많은 사람 속에서 친구를 발견했다.
おじいさんは、縁側で静かにお茶を飲んでいる。,할아버지는 툇마루에서 조용히 차를 마시고 있다.
失礼な発言に腹が立ち、思わず平手が出た。,무례한 발언에 화가 나서 무심코 뺨을 때렸다.
森のそばにひっそりと住まう老人がいた。,숲가에 조용히 거처하는 노인이 있었다.
衣食住の基本が整ってこそ安心できる。,의식주의 기본이 갖춰져야 안심할 수 있다.
月は、地球からとても遠い場所にある。,달은 지구에서 아주 먼 곳에 있다.
形の違う積み木で、お城を作った。,모양이 다른 쌓기나무로 성을 만들었다.
仕事の充実を感じる瞬間がある。,일이 충실하다고 느끼는 순간이 있다.
水を補充してから出発しよう。,물을 보충하고 나서 출발하자.
授業が終わったので、教室を出る。,수업이 끝나서 교실을 나온다.
お菓子をみんなで分けて食べよう。,과자를 다 함께 나눠 먹자.
彼は大盛りカレーを五分で平らげた。,그는 곱빼기 카레를 5분 만에 해치웠다.
警察が奪回したバッグが持ち主に戻った。,경찰이 되찾은 가방이 주인에게 돌아갔다.
声をそろえて、みんなで歌う。,목소리를 맞춰 다 함께 노래한다.
彼は一夜にして国を出奔した。,그는 하룻밤 사이에 나라를 떠나 도망쳤다。
天気予報によると、明日は晴れだ。,일기예보에 따르면 내일은 맑다.
元気な声で、挨拶をしましょう。,활기찬 목소리로 인사를 합시다.
夕方になると、空が赤く染まる。,저녁이 되면 하늘이 붉게 물든다.
磨かれた床がピカピカの光沢を放っている。,닦인 바닥이 번쩍이는 광택을 내고 있다.
スマホを急いで充電しないと。,휴대폰을 급히 충전해야 한다.
十色の個性がこのチームの強みだ。,다채로운(십색) 개성이 이 팀의 강점이다.
この箱は、思ったより重い。,이 상자는 생각보다 무겁다.
嬉しいときは、顔がにこにこになる。,기쁠 때는 얼굴이 싱글벙글해진다.
担当者に直接連絡して、納期の確認をした。,담당자에게 직접 연락해 납기 확인을 했다.
針の穴は、とても細い。,바늘구멍은 아주 가늘다.
テストで良い点をとりたい。,시험에서 좋은 점수를 받고 싶다.
朝は果汁100％を選ぶようにしている。,아침에는 과즙 100%를 고르려고 한다.
赤信号では、必ず止まる。,빨간불에서는 반드시 멈춘다.
人のものを盗むのは、悪いことだ。,남의 물건을 훔치는 것은 나쁜 짓이다.
住民が直訴して、計画の見直しを求めた。,주민이 직소(직접 호소)하여 계획 재검토를 요구했다.
太い木に、セミが止まっている。,굵은 나무에 매미가 앉아 있다.
夜勤の時間になったので同僚と交代した。,야간 근무 시간이 되어 동료와 교대했다.
近い公園まで、散歩に行こう。,가까운 공원까지 산책 가자.
同じ動作を十回も繰り返した。,같은 동작을 열 번이나 반복했다.
教会の壁に十字架が掛かっていた。,교회 벽에 십자가가 걸려 있었다.
植物の成長には適切な肥料が必要だ。,식물 성장에는 적절한 비료가 필요하다.
体を動かして、元気に遊ぼう。,몸을 움직여서 힘차게 놀자.
野菜をたくさん食べると、体にいい。,채소를 많이 먹으면 몸에 좋다.
彼は突然の知らせに、ただ立ち尽くすだけだった。,그는 갑작스러운 소식에 그저 망연히 서 있을 뿐이었다.
彼はその事件の映像を何度も見返した。,그는 그 사건의 영상을 몇 번이고 다시 봤다.
頭を使って、難しい問題を解く。,머리를 써서 어려운 문제를 푼다.
暗い路地で男に襲われそうになった。,어두운 골목에서 남자에게 습격당할 뻔했다.
その県では知事職が世襲になりがちだ。,그 현에서는 지사직이 세습이 되기 쉽다.
食材の安全性を吟味してから購入する。,식재료의 안전성을 꼼꼼히 따져 보고 구입한다.
ご飯をよく噛んで食べましょう。,밥을 잘 씹어서 먹읍시다.
友達を驚かそうと、後ろからそっと近づいた。,친구를 놀라게 하려고 뒤에서 살며시 다가갔다.
国境付近で衝突が勃発した。,국경 부근에서 충돌이 발발했다。
互いの意見を尊重することが大切だ。,서로의 의견을 존중하는 것이 중요하다.
庭の害虫を殺虫スプレーで駆除した。,정원의 해충을 살충 스프레이로 구제했다.
品質を守るために担当者が腐心している。,품질을 지키기 위해 담당자가 심혈을 기울이고 있다.
公園の砂場で遊びます。,공원 모래밭에서 놉니다.
この本の答えは、最後のページに書いてある。,이 책의 정답은 마지막 페이지에 쓰여 있다.
先生が黒板に字を書いています。,선생님이 칠판에 글씨를 쓰고 있습니다.
変わり種の餃子を頼んだら、紫色で驚いた。,별난 종류의 만두를 시켰더니 보라색이라 놀랐다.
暑い日に肉がすぐ腐る。,더운 날엔 고기가 금방 상한다.
家の柱に背をつけて、毎年正月に背比べをするのが子どもの楽しみだった。,집 기둥에 등을 대고 매년 정월에 키 재기를 하는 것이 아이들의 즐거움이었다.
お店で新しいおもちゃを買いました。,가게에서 새 장난감을 샀습니다.
両国の慶祝ムードの中で、首脳が握手した。,양국의 경축 분위기 속에서 정상들이 악수했다.
このおもちゃはもう古いです。,이 장난감은 이제 낡았습니다.
非常出口の場所を確認しておく。,비상구 위치를 확인해 둔다.
この周辺は夜になると人通りが少ない。,이 주변은 밤이 되면 사람 왕래가 적다.
手のひらに小さい虫が乗っています。,손바닥 위에 작은 벌레가 앉아 있습니다.
窓の外で猫が鳴いている。,창밖에서 고양이가 울고 있다.
祝儀袋の表書きを間違えて、慌てて買い直した。,축의금 봉투의 겉글씨를 틀려서 급히 다시 샀다.
紙の縦をそろえて、丁寧に折ってください。,종이의 세로를 맞춰 정성껏 접어 주세요.
女の子は、お花で冠を作った。,여자아이는 꽃으로 화관을 만들었다.
傘を忘れて、雨に濡れてしまった。,우산을 잊어서 비에 젖어버렸다.
お金を貯めて、欲しいものを買うんだ。,돈을 모아서 갖고 싶은 것을 살 거야.
五つの星が、キラキラと輝いている。,다섯 개의 별이 반짝반짝 빛나고 있다.
方針がまだ定まらない。,방침이 아직 정해지지 않았다。
年末は忙しくて、土日も働いている。,연말은 바빠서 주말도 일하고 있다.
この鉛筆は、まだ長くて使いやすい。,이 연필은 아직 길어서 쓰기 편하다.
二つのケーキ、どっちを食べようか迷う。,"두 개의 케이크, 어느 쪽을 먹을까 망설인다."
八つの足を持つタコ。,여덟 개의 다리를 가진 문어.
機長は強風の中で巧みに操縦した。,기장은 강풍 속에서 능숙하게 조종했다.
優勝を祝賀するパレードで街が沸いた。,우승을 축하하는 퍼레이드로 도시가 들썩였다.
椅子に深く座って、良い姿勢を保つ。,의자에 깊숙이 앉아 바른 자세를 유지한다.
日曜日は、家族でお出かけすることが多い。,일요일은 가족과 외출하는 경우가 많다.
日差しが強いので帽子をかぶります。,햇볕이 강해서 모자를 씁니다。
夜は星がとてもきれいに見えます。,밤에는 별이 아주 예쁘게 보입니다。
西の空が、夕焼けで赤く染まっている。,서쪽 하늘이 저녁놀로 붉게 물들어 있다.
御幣担ぎで、試合の日は同じ靴下を履くことにしている。,징크스 때문에 경기 날엔 같은 양말을 신기로 했다.
木曜日の放課後は、ピアノのレッスンに行く。,목요일 방과 후에는 피아노 레슨에 간다.
どうして学校に行かなければなりませんか。,어째서 학교에 가야 합니까?
転んでズボンに穴があいてしまった。,넘어져서 바지에 구멍이 나 버렸다。
彼の言い方は、わざと挑発しているように聞こえた。,그의 말투는 일부러 도발하는 것처럼 들렸다.
新兵の兵隊たちは、雨の中でも黙々と行進した。,신병 병사들은 비 속에서도 묵묵히 행진했다.
薬は苦いけど、我慢して飲みます。,약은 쓰지만 참고 마십니다。
切符売り場で往復の切符を買い、改札を通った。,"매표소에서 왕복 표를 사고, 개찰구를 통과했다."
年寄りには段差がつらい。,노인에게는 단차(턱)가 힘들다.
この町は小さいけれど、祭りの熱気がすごい。,이 마을은 작지만 축제 열기가 대단하다.
スーパーの入口で待っています。,슈퍼마켓 입구에서 기다리고 있습니다.
郵便局で手紙を出します。,우체국에서 편지를 부칩니다.
右に曲がると駅があります。,오른쪽으로 돌면 역이 있습니다.
道がわからないので、交番で聞きます。,길을 모르겠어서 파출소에서 물어봅니다.
山道で道に迷い、古い道標を頼りに引き返した。,산길에서 길을 잃어 오래된 이정표를 의지해 되돌아갔다.
私はいつも朝ごはんを食べます。,저는 항상 아침밥을 먹습니다.
平日は早起きして弁当を作る。,평일에는 일찍 일어나 도시락을 만든다.
銀行でお金を下ろします。,은행에서 돈을 인출합니다。
駅で切符を売っています。,역에서 표를 팔고 있습니다.
獣が闇から現れ、焚き火の光が揺れた。,짐승이 어둠 속에서 나타나 모닥불 빛이 흔들렸다.
この地域では獣類の目撃情報が増えている。,이 지역에서는 짐승류 목격 정보가 늘고 있다.
鳥獣被害で畑の作物が荒らされた。,조수(새와 짐승) 피해로 밭의 작물이 망가졌다.
交差点で自転車と車が衝突した。,교차로에서 자전거와 차가 충돌했다.
週末は映画館でアニメを見ます。,주말에는 영화관에서 애니메이션을 봅니다。
壁に銃弾の痕が残り、事件の激しさを物語っていた。,벽에 총탄 자국이 남아 사건의 격렬함을 말해주고 있었다.
値下げを渋る店主に、客が交渉した。,할인을 망설이는 점주에게 손님이 흥정했다.
お父さんは会社で働いています。,아빠는 회사에서 일하고 있습니다.
家族で旅行に行く計画を立てています。,가족과 여행 갈 계획을 세우고 있습니다.
点描の絵は遠くから見ると柔らかい。,점묘 그림은 멀리서 보면 부드럽다.
鉛筆とノートを持ってきてください。,연필과 노트를 가져오세요.
最後に残る渋みが、この抹茶の魅力だ。,마지막에 남는 떫은맛이 이 말차의 매력이다.
兄は私より背が高いです。,형은 나보다 키가 큽니다.
明日は私の誕生日です。,내일은 제 생일입니다.
海浜公園を散歩して潮風を吸い込んだ。,해변 공원을 산책하며 바닷바람을 들이마셨다.
天候不良により、本日の屋外イベントは中止となりました。,악천후로 인해 오늘의 야외 이벤트는 취소되었습니다.
林の中をさんぽします。,수풀 속을 산책합니다.
もう自分の家に帰ります。,이제 제 집으로 돌아갑니다.
妹と喧嘩をしてしまった。,여동생과 싸워 버렸다.
乳児健診の予約を取った。,영아 검진 예약을 잡았다.
姉と一緒に買い物をします。,누나와 함께 쇼핑을 합니다.
猫が窓辺で日向ぼっこしている。,고양이가 창가에서 햇볕을 쬐고 있다.
入院中の友人を看病に行った。,입원 중인 친구를 간병하러 갔다.
休みの日は公園であそびます。,쉬는 날은 공원에서 놉니다.
外国の言葉を勉強しています。,외국어를 공부하고 있습니다.
夏休みには、海に行ったり、山に登ったりします。,여름방학에는 바다에 가거나 산에 오르거나 합니다.
三びきのこぶたのお話。,아기돼지 삼형제 이야기.
早くおきて、さんぽをします。,일찍 일어나서 산책을 합니다.
片付けは私に任せて、先に休んで。,정리는 나에게 맡기고 먼저 쉬어.
玉のようにきれいな石。,구슬처럼 예쁜 돌.
白い雲がうかんでいます。,흰 구름이 떠 있습니다.
国の旗が風になびいています。,나라의 국기가 바람에 펄럭이고 있습니다.
世界には色々な国があります。,세상에는 여러 나라가 있습니다.
職人は渋紙を貼り、型崩れを防いだ。,장인은 떫은종이를 붙여 형태가 무너지지 않게 했다.
彼は物知りで、どんな質問にも答えてくれる。,그는 박식해서 어떤 질문에도 답해 준다.
大きな声でへんじをします。,큰 소리로 대답합니다.
コンサートの前売り券をネットで買った。,콘서트 예매 티켓을 인터넷으로 샀다.
友人の紹介で見合いをした二人が、めでたく結婚した。,친구의 소개로 맞선을 본 두 사람이 경사스럽게 결혼했다.
髪が長くなったので、切りに行きます。,머리가 길어져서 자르러 갑니다.
同じ服を着ている人がいました。,같은 옷을 입고 있는 사람이 있었습니다.
規則に従うのは面倒でも必要だ。,규칙을 따르는 건 번거로워도 필요하다.
加熱直後は容器が熱くなっておりますので、やけどにご注意ください。,가열 직후에는 용기가 뜨거워져 있으므로 화상에 주의하십시오.
命令に服従するだけでは信頼は得られない。,명령에 복종하기만 해서는 신뢰를 얻을 수 없다.
町にはたくさんのお店があります。,마을에는 많은 가게가 있습니다.
半分こにして、一緒に食べよう。,반으로 나눠서 같이 먹자.
神社の神様にお願い事をします。,신사 신에게 소원을 빕니다.
お寺に参拝に行きました。,절에 참배하러 갔습니다.
形が面白い石を見つけました。,모양이 재미있는 돌을 주웠습니다.
苦渋の決断で店を閉めることにした。,고심 끝에 가게를 닫기로 했다.
伏し拝む人々の列が、寺の門前に続いていた。,엎드려 절하는 사람들의 줄이 절 문 앞에 이어져 있었다.
歴史資料には、進駐軍が街に入った日の写真が残っている。,역사 자료에는 점령군이 도시에 들어온 날의 사진이 남아 있다.
光が部屋の中に差し込んできます。,빛이 방 안으로 들어옵니다.
空を見上げると、きれいな虹が出ていました。,하늘을 올려다보니 예쁜 무지개가 떠 있었습니다.
橋を渡って、向こう岸に行きます。,다리를 건너 반대편으로 갑니다.
友達の声が聞こえて、嬉しくなりました。,친구의 목소리가 들려서 기뻤습니다.
雲の形が犬のように見えます。,구름 모양이 개처럼 보입니다.
夜になると、街の音が静かになります。,밤이 되면 거리의 소리가 조용해집니다.
自動車が速いスピードで走っています。,자동차가 빠른 속도로 달리고 있습니다.
昨夜は遅くまで本を読んでいた。,어제 밤늦게까지 책을 읽고 있었다.
道の向こう側に友達がいます。,길 건너편에 친구가 있습니다.
彼は若手の中でも著名な研究者として紹介された。,그는 젊은 세대 중에서도 저명한 연구자로 소개됐다.
新しい著作を出してから、評価が一段と上がった。,새 저작을 낸 뒤 평가가 한층 올랐다.
重要なデータは、必ず外部ストレージ等にバックアップを取ってください。,중요한 데이터는 반드시 외부 스토리지 등에 백업을 해 두십시오.
鼻で花の香りを嗅ぎます。,코로 꽃향기를 맡습니다.
従順な犬は飼い主の合図だけで座った。,순종적인 개는 주인의 신호만으로 앉았다.
公園の池には鯉が泳いでいます。,공원 연못에는 잉어가 헤엄치고 있습니다.
この料理は少し酸っぱいです。,이 요리는 조금 신맛이 납니다。
砂糖を入れすぎると甘くなります。,설탕을 너무 많이 넣으면 달아집니다。
バッテリーが膨張している場合は、直ちに使用を中止しメーカーへ連絡してください。,"배터리가 부풀어 있는 경우, 즉시 사용을 중지하고 제조업체에 연락하십시오."
机と椅子をきれいに並べます。,책상과 의자를 깨끗하게 정렬합니다.
醤油をつけてお寿司を食べます。,간장을 찍어서 초밥을 먹습니다。
お菓子をみんなで分けましょう。,과자를 다 같이 나눠 먹읍시다.
彼を呪うより、自分の道を進みたい。,그를 저주하기보다 내 길을 가고 싶다.
古い書物に載っていた呪文を、声に出して読んでみた。,낡은 책에 실린 주문을 소리 내어 읽어 보았다.
点滴で薬液を注入して、熱が少し下がった。,수액으로 약액을 주입하자 열이 조금 내렸다.
夏休みは田舎のおばあちゃんの家に行きます。,여름방학에는 시골 할머니 댁에 갑니다.
歌を歌うと、楽しい気持ちになります。,노래를 부르면 즐거운 기분이 됩니다.
父の仇を討つと、彼は静かに誓った。,아버지의 원수를 갚겠다고 그는 조용히 맹세했다。
幸福は遠くではなく、日々の小さな習慣にある。,행복은 멀리 있는 게 아니라 매일의 작은 습관에 있다.
腹案はあるが、まずは皆の意見を聞いてから決める。,"복안은 있지만, 우선 모두의 의견을 듣고 나서 결정한다."
趣味で始めた写真が、いつの間にか仕事になった。,취미로 시작한 사진이 어느새 일이 되었다.
彼はこれまで数箇国を旅してきた。,그는 지금까지 수개국을 여행해 왔다.
彼は心ない言葉で彼女を傷付けた。,그는 무심한 말로 그녀를 상처 입혔다.
熟したミカンの皮をむくと甘い香りが広がる。,잘 익은 귤 껍질을 까면 달콤한 향이 퍼진다.
風船が空を漂い、だんだん見えなくなった。,풍선이 하늘을 떠다니다가 점점 보이지 않게 됐다.
彼の肌は日に焼けて健康的な色だ。,그의 피부는 햇볕에 타서 건강한 색이다.
故あって急に国へ帰ることになりました。,여러 사정이 있어 갑자기 고국으로 돌아가게 되었습니다.
借金を抱えて眠れない夜が続く。,빚을 안고 잠 못 이루는 밤이 계속된다.
海賊が隠した財宝の地図を見つけた。,해적이 숨긴 재보의 지도를 찾았다.
冬は肌の保湿が欠かせない。,겨울에는 피부 보습이 필수적이다.
青銅の剣は博物館のガラスケースに展示されていた。,청동 검이 박물관 유리 진열장에 전시되어 있었다.
祖父は戦後の財宝話を笑って語った。,할아버지는 전후의 재보 이야기를 웃으며 했다.
停電で電灯が消え、灯火の代わりにろうそくを点灯した。,"정전으로 전등이 꺼져, 등불 대신 촛불을 켰다."
古い庭には、どこか懐かしい趣がある。,오래된 정원에는 어딘가 그리운 정취가 있다.
こんなチャンスは本当に稀だから、逃さないほうがいい。,이런 기회는 정말 드물기 때문에 놓치지 않는 게 좋다.
世の中は常に変化している。,세상은 언제나 변화하고 있다.
本日、本社へ参る予定です。,오늘 본사에 갈 예정입니다.
プロジェクトの作業をチームで分担する。,프로젝트 작업을 팀으로 분담한다.
大事な書類は金庫に保管してください。,중요한 서류는 금고에 보관해 주세요.
新しい靴を履いたら、靴擦れができてしまった。,새 신발을 신었더니 신발에 쓸려 상처가 생겨 버렸다.
この古い喫茶には、どうしても愛着がある。,이 오래된 다방에는 어쩐지 애착이 간다.
菜種から搾った油で、天ぷらを揚げる。,유채씨에서 짠 기름으로 튀김을 튀긴다.
腸の調子を整えるためにヨーグルトを食べる。,장의 상태를 정돈하기 위해 요구르트를 먹는다.
棚の上の埃をきれいに掃除した。,선반 위의 먼지를 깨끗하게 청소했다.
川岸には葦がたくさん生えている。,강가에는 갈대가 많이 자라고 있다.
肝臓の健康のために、お酒は控えめにしている。,간 건강을 위해 술은 자제하고 있다.
祖父の長寿を祝って、家族で食事会をした。,할아버지의 장수를 축하하며 가족 식사 모임을 했다.
週末は溜まっていた家事を片付けた。,주말에는 밀려있던 집안일을 처리했다.
その問題が一日中、私を悩ます。,그 문제가 하루 종일 나를 괴롭힌다.
木の板をやすりで磨いて、棚の部品を作った。,나무 판자를 사포로 갈아 선반 부품을 만들었다.
形のちがう石をあつめます。,모양이 다른 돌을 모읍니다.
花見のあとは、みんなで酒盛りになってしまった。,벚꽃놀이 뒤에 다 같이 술판이 벌어져 버렸다.
路地裏の小さな酒場は、いつも常連でにぎわっている。,골목 뒤 작은 술집은 늘 단골로 붐빈다.
丸々太った猫がソファの上で気持ちよさそうに寝ている。,통통하게 살이 오른 고양이가 소파 위에서 기분 좋게 자고 있다.
人種にかかわらず、互いを尊重する社会でありたい。,인종과 상관없이 서로를 존중하는 사회였으면 한다.
春になると、畑一面に種をまく。,봄이 되면 밭 전체에 씨를 뿌린다.
絵の具で色をぬります。,물감으로 색칠합니다.
その島には土着の信仰が今も静かに残っている。,그 섬에는 토착 신앙이 지금도 조용히 남아 있다.
きつい靴を履いたら、足が腫れるほど痛くなった。,딱 맞는 신발을 신었더니 발이 붓도록 아팠다.
ぶつかって頬を腫らしてしまい、冷やした。,부딪혀 뺨을 부어오르게 해 버려서 냉찜질했다.
顔にえがおがうかんでいます。,얼굴에 미소가 떠 있습니다.
私は、私の生涯において、何度も何度も失敗した。それが、私が成功した理由だ。,나는 내 인생에서 몇 번이고 실패를 거듭했다. 그것이 내가 성공한 이유다. - 마이클 조던
半島の先端までドライブして灯台を見た。,반도의 끝까지 드라이브해서 등대를 봤다.
彼の話し方には独特の間がある。,그의 말투에는 독특한 템포가 있다.
過去を変えることはできないし、変えようとも思わない。,"과거를 바꿀 수는 없고, 바꾸려고 생각하지도 않는다. - 사카모토 료마"
彼は数学が得意だ。,그는 수학을 잘한다.
耳鼻科で診てもらったら、軽い炎症だと言われた。,이비인후과에서 진료받았더니 가벼운 염증이라고 했다.
長女は大学で建築を学んでいる。,장녀는 대학에서 건축을 배우고 있다.
彼はまだ独り者だ。,그는 아직 미혼(혼자 사는 사람)이다.
弱い者ほど相手を許すことができない。許すということは、強さの証だ。,약한 자일수록 상대를 용서하지 못한다. 용서라는 것은 강함의 증거다. - 간디
希望は強い勇気であり、新たな意志である。,"희망은 강한 용기이며, 새로운 의지이다. - 마르틴 루터"
人は、忘れることができるから、生きていられる。,"사람은, 잊을 수 있기 때문에, 살아갈 수 있다. - 조르주 상드"
聞くは一時の恥、聞かぬは一生の恥,"묻는 것은 한때의 부끄러움, 묻지 않는 것은 평생의 부끄러움"
冬の朝、温かい甘酒を飲むと体がほっとする。,겨울 아침 따뜻한 감주를 마시면 몸이 포근해진다.
バーの棚に並ぶ洋酒を眺めながら、どれにするか迷った。,바 선반에 늘어선 양주를 보며 무엇을 고를지 망설였다.
酒好きの先輩に、地元の名店を教えてもらった。,술을 좋아하는 선배에게 현지의 맛집을 소개받았다.
このレンズは写りが柔らかい。,이 렌즈는 표현(화질)이 부드럽다.
犯した罪を償う時が来た。,저지른 죄를 갚을 때가 왔다.
取引先を招いて、ささやかな酒宴を開いた。,거래처를 초대해 소박한 주연(술자리 연회)을 열었다.
珠玉の一篇を読み終えたあと、しばらく余韻に浸った。,주옥 같은 한 편을 다 읽고 한동안 여운에 잠겼다.
今日は独りで映画を見に行く。,오늘은 혼자 영화를 보러 간다.
子どもの頃、珠算の授業でそろばんを弾く音が好きだった。,어릴 때 주산 수업에서 주판 소리를 좋아했다.
籠いっぱいに果物を詰めた。,바구니 가득 과일을 채웠다.
この本、面白そうですね。,"이 책, 재미있을 것 같네요."
新聞を十年近く購読している。,신문을 10년 가까이 구독하고 있다.
祖母の真珠のネックレスは、今も大切に保管している。,할머니의 진주 목걸이는 지금도 소중히 보관하고 있다.
虎穴に入らずんば虎子を得ず,호랑이 굴에 들어가지 않으면 호랑이 새끼를 잡을 수 없다 (위험을 감수해야 큰 성과를 얻는다)
使われない機械は錆び付いてしまう。,사용되지 않는 기계는 녹슬어 버린다.
蓼食う虫も好き好き,여뀌 먹는 벌레도 좋아하기 나름 (사람의 취향은 각양각색이다)
急な階段を一気に登った。,가파른 계단을 단숨에 올라갔다.
紅葉の季節も素晴らしいでしょうね。,단풍 시즌도 멋지겠네요.
逆光だと顔が暗く写る。,역광이면 얼굴이 어둡게 찍힌다.
サーバーが応答しないので再起動した。,서버가 응답하지 않아 재부팅했다.
プロジェクトを計画通りに推進するため、チーム一丸となって取り組んでいる。,프로젝트를 계획대로 추진하기 위해 팀이 하나가 되어 임하고 있다.
ネジを締めすぎるとプラスチック部分が破損する恐れがあります。,나사를 너무 세게 조이면 플라스틱 부분이 파손될 우려가 있습니다.
旅行で来ました。,여행으로 왔습니다.
ここに読点を入れると読みやすい。,여기에 쉼표(독점)를 넣으면 읽기 쉽다.
これ、お願いします。,이걸로 부탁합니다.
ベッドのスプリングが古くなったのか、寝心地が悪い。,침대 스프링이 낡았는지 잠자리가 불편하다.
この電車、混んでいますね。,"이 전철, 붐비네요."
被害者の家族の心情を考えると、胸が痛む。,피해자 가족의 심정을 생각하면 가슴이 아프다.
旅行の写真をアルバムにまとめた。,여행 사진을 앨범으로 정리했다.
雨が降りそうですね。,비가 올 것 같네요.
突然の雨に降られて、頭からつま先までずぶ濡れになった。,갑작스러운 비를 만나 머리부터 발끝까지 흠뻑 젖었다.
整髪料を少しだけつけて、前髪をまとめた。,헤어 왁스를 조금만 발라 앞머리를 정리했다.
くぎ抜きで古い釘を抜いたら、板が外れた。,못뽑이로 낡은 못을 뽑았더니 판자가 떨어졌다.
彼は優しい半面、意外と頑固だ。,그는 상냥한 반면 의외로 고집이 세다.
金魚すくいで、破れないようにそっと金魚を掬う。,금붕어 건지기에서 찢어지지 않도록 살며시 금붕어를 떠낸다.
参加者の大半が初参加だった。,참가자의 대부분이 처음 참가였다.
我が社は来年、海外市場への本格的な進出を計画している。,"우리 회사는 내년, 해외 시장으로의 본격적인 진출을 계획하고 있다."
アジアの連盟が共同声明を発表した。,아시아 연맹이 공동 성명을 발표했다.
ギリシャ神話には、多くの神々や英雄が登場する。,그리스 신화에는 많은 신과 영웅이 등장한다.
このケーキ、半分こしよう。,"이 케이크, 반씩 나누자."
このダムは、都市部に水を供給する重要な水源となっている。,이 댐은 도시 지역에 물을 공급하는 중요한 수원이 되고 있다.
古代ギリシャの神殿は、その壮大な建築様式で知られている。,고대 그리스의 신전은 그 웅장한 건축 양식으로 알려져 있다.
漆黒の夜空に流れ星が走った。,칠흑 같은 밤하늘에 유성이 스쳤다.
先生は生徒一人ひとりの学習進度を細かくチェックしている。,선생님은 학생 한 사람 한 사람의 학습 진도를 꼼꼼히 체크하고 있다.
風でスカートの裾がめくれて、慌てて押さえた。,바람에 스커트 자락이 들춰져서 황급히 눌렀다.
博物館で乾漆の仏像を見学した。,박물관에서 건칠 불상을 견학했다.
この町は窯業が盛んで、見学ツアーが毎週ある。,이 마을은 요업이 번성해서 견학 투어가 매주 있다.
本機は防水仕様ではないため、水に濡らさないよう十分ご注意ください。,"본 기기는 방수 사양이 아니므로, 물에 젖지 않도록 충분히 주의하십시오."
我執を捨てて、まず相手の話を聞こう。,아집을 버리고 먼저 상대의 말을 들어보자.
この紙は湿りがあるので、インクがにじむ。,이 종이는 습기가 있어 잉크가 번진다.
大会で弁論を披露した。,대회에서 변론(연설)을 발표했다.
探偵は、わずかな手がかりから事件の真相を推理した。,탐정은 작은 단서로부터 사건의 진상을 추리했다.
友達と競馬場へ行って、初めて馬券を買った。,친구와 경마장에 가서 처음으로 마권을 샀다.
奈良の大仏は、世界最大級の青銅製の仏像として有名だ。,나라의 대불은 세계 최대급 청동 불상으로 유명하다.
渡り鳥が集まる湿地を保護している。,철새가 모이는 습지를 보호하고 있다.
イースターは、イエス・キリストの復活を祝うお祭りだ。,부활절은 예수 그리스도의 부활을 축하하는 축제다.
問題の本質を見誤ると、対策がずれる。,문제의 본질을 잘못 보면 대책이 엇나간다.
このトイレは、ボタンを押すと自動で水洗されるタイプです。,이 화장실은 버튼을 누르면 자동으로 수세되는 타입입니다.
彼女は吹奏楽部で、クラリネットを演奏している。,그녀는 취주악부에서 클라리넷을 연주하고 있다.
冷たいと指先が知覚できなくなる。,차가우면 손끝 감각을 느끼지 못하게 된다.
最近、販売実績が不振で、店の雰囲気が暗い。,최근 판매 실적이 부진해서 가게 분위기가 어둡다.
彼に伝言を言付けるのを忘れてしまった。,그에게 전언을 부탁하는 것을 잊어버렸다.
計画を綿密に立ててから、実験を始めた。,계획을 치밀하게 세운 뒤 실험을 시작했다.
彼はいつもきちんとした服装で、誰にでも礼儀正しい紳士だ。,그는 항상 단정한 복장으로 누구에게나 예의 바른 신사다.
急な雨で靴が濡れた。,갑작스런 비로 신발이 젖었다.
彼は親元を離れ、経済的に自立した生活を送っている。,그는 부모님 곁을 떠나 경제적으로 자립한 생활을 하고 있다.
被災地には、全国から多くの支援物資が届けられた。,재해지에는 전국에서 많은 지원 물자가 도착했다.
庭の木には実がたくさんなっている。,정원 나무에는 열매가 많이 열려 있다.
愛し合う二人が、来世での再会を誓って心中したという悲しい物語だ。,사랑하는 두 사람이 내세에서의 재회를 맹세하고 함께 죽었다는 슬픈 이야기다.
彼女は新作小説を執筆中だ。,그녀는 신작 소설을 집필 중이다.
新しい部屋はとても住み心地がよい。,새 방은 매우 지내기 편안하다.
駅前で友達を待ち続けて一時間が経った。,역 앞에서 친구를 계속 기다리다 보니 한 시간이 지났다.
ゴールへ向かって全力で疾走した。,골을 향해 전력 질주했다.
長年の悪疾が冬に悪化した。,오랜 지병이 겨울에 악화되었다.
警察は事件の真相を解明するため、関係者への聞き込みを続けている。,경찰은 사건의 진상을 규명하기 위해 관계자에 대한 탐문을 계속하고 있다.
年度末で執務に追われ、帰宅が遅くなった。,연말 업무에 쫓겨 귀가가 늦어졌다.
来月から海外支社へ赴任することになり、今その準備で忙しい。,다음 달부터 해외 지사로 부임하게 되어 지금 그 준비로 바쁘다.
政府は地域経済の振興のため、新たな観光プロジェクトを立ち上げた。,정부는 지역 경제 진흥을 위해 새로운 관광 프로젝트를 시작했다.
審判の判定に不服を唱えた選手は、イエローカードを出された。,심판의 판정에 불복을 제기한 선수는 옐로카드를 받았다.
新しい法案について、国会で慎重な審議が行われている。,새로운 법안에 대해 국회에서 신중한 심의가 이루어지고 있다.
公の場で他人を侮辱するような発言は、決して許されない。,공공장소에서 타인을 모욕하는 발언은 결코 용납되지 않는다.
この疾患は早期発見が重要だ。,이 질환은 조기 발견이 중요하다.
駐車場内での事故・盗難につきましては、当方は一切の責任を負いません。,"주차장 내에서의 사고 및 도난에 대해서는, 당측은 일절 책임을 지지 않습니다."
お客様の安全確保のため、入場制限を行う場合がございます。,고객의 안전 확보를 위해 입장 제한을 하는 경우가 있습니다.
結果を見て、彼は深い失望を隠せなかった。,결과를 보고 그는 깊은 실망을 감추지 못했다.
会議中に急に尿意が強くなった。,회의 중에 갑자기 요의가 강해졌다.
この店のケーキは、断然おいしい。,이 가게 케이크는 단연코 맛있다.
こんなに蒸し暑い日は、冷たいビールがいつもより美味しく感じられます。,이렇게 무더운 날에는 시원한 맥주가 평소보다 더 맛있게 느껴집니다.
朝の通勤ラッシュの時間帯は、まるで満員電車がこの駅の名物のようです。,아침 통근 러시아워 시간대는 마치 만원 전철이 이 역의 명물인 것 같습니다.
皇室の行事がテレビで中継された。,황실 행사가 TV로 생중계되었다.
ネットで他人を罵倒しても、何も解決しない。,온라인에서 남을 욕해도 아무것도 해결되지 않는다.
あの店は値段は安いけど、品質が低級だ。,그 가게는 값은 싸지만 품질이 저급하다。
この椅子は座り心地が気に入った。,이 의자는 앉는 느낌이 마음에 들었다.
登山中に吹雪に遭い、遭難してしまった。,등산 중 눈보라를 만나 조난당하고 말았다.
最新の装備を整えた登山家が、エベレストに挑戦する。,최신 장비를 갖춘 등산가가 에베레스트에 도전한다.
忍び足で廊下を進んだ。,살금살금 복도를 나아갔다.
取引先が来ると思ったら、まさかの珍客で驚いた。,거래처가 올 줄 알았는데 뜻밖의 진객이라 놀랐다.
彼は恋人を束縛する傾向がある。,그는 연인을 속박하는 경향이 있다.
この曲の歌詞が心に刺さった。,이 곡의 가사가 마음에 깊이 와닿았다.
門の定紋が見事に彫られている。,문에 새겨진 정문(가문의 문장)이 훌륭하게 조각되어 있다。
我が校は、来年で創立100周年を迎える。,우리 학교는 내년으로 창립 100주년을 맞는다.
日本語の品詞を整理すると、作文が書きやすい。,일본어 품사를 정리하면 작문이 쓰기 쉬워진다.
公園の隅が、不良たちの溜まり場になっている。,공원 구석이 불량배들의 집합소가 되어 있다.
移動時間を短縮するため、新幹線を利用した。,이동 시간을 단축하기 위해 신칸센을 이용했다.
地域経済の活性化を促進するために、イベントが開催された。,지역 경제 활성화를 촉진하기 위해 이벤트가 개최되었다.
彼女が作詞した新曲が配信された。,그녀가 작사한 신곡이 공개(스트리밍)됐다.
マンションの管理組合の総会が、年に一度開かれる。,아파트 관리조합 총회가 일 년에 한 번 열린다.
我が社は、警備体制の増強を図っている。,우리 회사는 경비 체제 증강을 꾀하고 있다.
委員会で最終案を決定した。,위원회에서 최종안을 결정했다。
このようなケースは過去に前例がない。,이러한 케이스는 과거에 전례가 없다.
式典で見た紫紺の袴がとても印象的だった。,식전에서 본 자곤색 하카마가 매우 인상적이었다.
医師がモニターを注視して、数値の変化を追った。,의사가 모니터를 주시하며 수치 변화를 추적했다.
庭に紫色の花が咲いて、朝から気分がいい。,정원에 보라색 꽃이 피어서 아침부터 기분이 좋다.
夕焼けの空が薄い紫に染まった。,노을 진 하늘이 옅은 보라로 물들었다.
新しい兵器の導入により、軍の戦力は大幅に向上した。,신무기 도입으로 군의 전력은 대폭 향상되었다.
視力検査で新しい眼鏡が必要だと言われた。,시력검사에서 새 안경이 필요하다고 들었다.
健康増進のため、毎日30分の運動を心がけている。,건강 증진을 위해 매일 30분 운동을 하려고 노력하고 있다.
初手は定石どおりに打った。,초수는 정석대로 두었다。
雑木林を散歩すると、心が落ち着く。,잡목림을 산책하면 마음이 차분해진다.
喫煙所に紫煙が漂っていて、思わず咳き込んだ。,흡연 구역에 자욱한 담배 연기가 떠돌아 무심코 기침했다.
彼は正直で、誰にでも親切な善良な市民だ。,그는 정직하고 누구에게나 친절한 선량한 시민이다.
彼の前途は、希望に満ちあふれている。,그의 앞길은 희망으로 가득 차 있다.
厚紙でポスターの台紙を作った。,두꺼운 종이로 포스터 받침을 만들었다.
中古でも状態が良ければ、値は落ちにくい。,중고라도 상태가 좋으면 값이 잘 떨어지지 않는다.
書類選考を通過した方のみ、面接のご連絡をいたします。,서류 전형을 통과하신 분에 한해 면접 연락을 드립니다.
スパイは敵の基地に潜入し、機密情報を盗み出した。,스파이는 적의 기지에 잠입하여 기밀 정보를 훔쳐냈다.
失敗が怖いが、話しかける勇気が欲しい。,실패가 두렵지만 말을 걸 용기가 필요하다.
熱病で三日寝込んだ。,열병으로 사흘 동안 앓아누웠다.
このクッキーは油脂が少なくて軽い。,이 쿠키는 유지가 적어서 가볍다.
この街は、戦災から見事に復興を遂げた。,이 도시는 전쟁의 참화로부터 훌륭하게 부흥했다.
樹脂製のケースは軽くて割れにくい。,수지 재질 케이스는 가볍고 잘 깨지지 않는다.
床に紙くずが散らばっていて、片付けた。,바닥에 종잇조각이 흩어져 있어서 치웠다.
真夏の熱さでアスファルトが揺らいだ。,한여름의 더위로 아스팔트가 아른거렸다.
紙に住所を書いて、封筒に入れた。,종이에 주소를 써서 봉투에 넣었다.
視覚だけに頼らず、音にも注意して歩こう。,시각에만 의존하지 말고 소리에도 주의하며 걷자.
彼の音楽的才能は、先天的なものだろう。,그의 음악적 재능은 선천적인 것일 것이다.
その本は人気が高く、すでに絶版になってしまった。,그 책은 인기가 많아 이미 절판되어 버렸다.
名前を呼ばれて立ち上がるのは、ちょっと恥ずかしい。,이름이 불려 일어서는 건 좀 창피하다.
申込用紙に必要事項を記入してください。,신청서 용지에 필요 사항을 기입해 주세요.
彼らは新しい会社を設立するために、資金を集めている。,그들은 새로운 회사를 설립하기 위해 자금을 모으고 있다.
イベントの規模が予想以上に大きかった。,행사의 규모가 예상 이상으로 컸다.
学校では、生命の誕生について学ぶためにセックス教育が行われる。,학교에서는 생명의 탄생에 대해 배우기 위해 성교육이 이루어진다.
アニメのキャラクター設定を、細かく作り込んでいる。,애니메이션 캐릭터 설정을 세세하게 만들어 넣고 있다.
医師の診断で、すぐ検査を受けることになった。,의사의 진단으로 바로 검사를 받게 됐다.
納涼祭で花火が上がった。,납량제에서 불꽃놀이가 올랐다.
彼は「必ず優勝する」と力強く宣言した。,"그는 ""반드시 우승하겠다""고 힘차게 선언했다."
ウイルスは、人との接触によって感染が広がる。,바이러스는 사람과의 접촉을 통해 감염이 확산된다.
長い闘病生活の末、彼はついに全快した。,오랜 투병 생활 끝에 그는 드디어 완쾌했다.
このセーターは、ウールと化学繊維を混ぜて作られている。,이 스웨터는 울과 화학 섬유를 섞어 만들었다.
教師になって初めて、生徒の気持ちが分かった。,교사가 되고 처음으로 학생의 마음을 알게 됐다.
夜道で誰かに追われている気がして、足が速くなった。,밤길에서 누군가에게 쫓기는 것 같아 걸음이 빨라졌다.
子どもたちに偶数と奇数の違いを説明する。,아이들에게 짝수와 홀수의 차이를 설명한다.
壁に防水加工を施して、雨漏りを防いだ。,벽에 방수 처리를 해서 누수를 막았다.
政府は、景気回復に関する公式声明を発表した。,정부는 경기 회복에 관한 공식 성명을 발표했다.
師匠の一言が、今でも胸に残っている。,스승의 한마디가 지금도 가슴에 남아 있다.
あの政治家は、若者からの支持を背景に勢力を拡大している。,저 정치가는 젊은 층의 지지를 배경으로 세력을 확대하고 있다.
医師は傷口に応急処置を施した。,의사는 상처에 응급처치를 했다.
この地方に伝わる伝統的な味噌の製法を学んでいる。,이 지방에 전해지는 전통 된장 제법을 배우고 있다.
警察は防犯カメラの映像で容疑者の足取りを追跡している。,경찰은 방범카메라 영상으로 용의자의 행적을 추적하고 있다.
その国は反体制派を追放し、国外退去を命じた。,그 나라는 반체제 인사를 추방하고 국외 퇴거를 명령했다.
嵐が過ぎると、海の波がようやく鎮まった。,폭풍이 지나가자 바다의 파도가 마침내 잦아들었다.
賞味期限が過ぎた製品は、品質が変わるおそれがあるため食べないでください。,유통기한이 지난 제품은 품질이 변할 우려가 있으므로 드시지 마십시오.
地図アプリで現在位置を共有した。,지도 앱에서 현재 위치를 공유했다.
寒い夜、彼は困っている人に施しをした。,"추운 밤, 그는 곤란한 사람에게 자선을 베풀었다."
光が水の中で屈折して、底が浅く見える。,빛이 물속에서 굴절되어 바닥이 얕아 보인다.
日本の伝統工芸品は、非常に精巧な作りで知られている。,일본의 전통 공예품은 매우 정교한 만듦새로 알려져 있다.
この地域は、古くから製鉄業で栄えてきた。,이 지역은 예로부터 제철업으로 번성해왔다.
市長が来年度の施政方針を発表した。,시장이 내년도 시정 방침을 발표했다.
避難経路図は各階のエレベーターホールに掲示してあります。,피난 경로도는 각 층의 엘리베이터 홀에 게시되어 있습니다.
事故現場では、生死の境をさまよう負傷者が大勢いた。,사고 현장에는 생사의 경계를 헤매는 부상자가 많았다.
アレクサンダー大王は、広大な領土を征服したことで知られている。,알렉산더 대왕은 광대한 영토를 정복한 것으로 알려져 있다.
政府は、少子化対策として新たな政策を打ち出した。,정부는 저출산 대책으로 새로운 정책을 내놓았다.
友人の言葉が胸に刺さって、心痛が消えない。,친구의 말이 가슴에 박혀 마음의 아픔이 사라지지 않는다.
夜空を見上げると、美しいオリオンの星座が見えた。,밤하늘을 올려다보니 아름다운 오리온 별자리가 보였다.
彼が怒るのも正当な理由があってのことだ。,그가 화를 내는 것도 정당한 이유가 있어서다.
難しい本でも毎日少しずつ通読すると力がつく。,어려운 책도 매일 조금씩 통독하면 실력이 는다.
夫婦共働きで、何とか生計を立てている。,부부가 맞벌이로 겨우 생계를 꾸려나가고 있다.
この映画のラストは痛快で、思わず拍手した。,이 영화의 마지막은 통쾌해서 무심코 박수쳤다.
熱でダウンして、一日中寝込んでいた。,열 때문에 쓰러져서 하루 종일 누워 있었다.
道に迷った末、山頂に辿り着いた。,길을 잃은 끝에 산 정상에 겨우 도착했다.
多数決の結果、A案が採択された。,"다수결 결과, A안이 채택되었다."
彼は仕事ができる。他方、人付き合いは苦手だ。,"그는 일을 잘한다. 한편, 사람 사귀는 것은 서툴다."
問題解決のためには、当事者同士の対話が必要だ。,문제 해결을 위해서는 당사자 간의 대화가 필요하다.
困難な目標だったが、チーム全員で力を合わせて達成した。,어려운 목표였지만 팀 전원이 힘을 합쳐 달성했다.
この店は市内でも屈指のラーメン屋だ。,이 가게는 시내에서도 손꼽히는 라멘집이다.
冬の朝、指先がかじかんでスマホが打てない。,"겨울 아침, 손끝이 시려서 스마트폰을 칠 수가 없다."
火事になったビルから、人々が非常口を使って脱出した。,화재가 난 빌딩에서 사람들이 비상구를 이용해 탈출했다.
地図の上で駅の場所を指す。,지도 위에서 역 위치를 가리킨다.
祖父を静かに弔って、線香を手向けた。,할아버지를 조용히 추모하며 향을 올렸다.
この道は工事中で通行止めです。,이 길은 공사 중이라 통행 금지입니다.
コーチの指導のおかげで、フォームが安定した。,코치의 지도 덕분에 자세가 안정됐다.
霧の向こうに人の姿が見えた。,안개 너머로 사람의 모습이 보였다.
逆転満塁ホームランは、まさにタイムリーな一打だった。,역전 만루 홈런은 바로 시의적절한 한 방이었다.
殊更に騒ぐほどのことではない。,굳이 떠들썩하게 할 일은 아니다.
進学か就職か、選択肢が多くて迷ってしまう。,"진학이냐 취업이냐, 선택지가 많아서 망설이게 된다."
渡り鳥が早く飛び立つのは、寒波の前兆だという。,철새가 일찍 떠나는 건 한파의 전조라고 한다.
事故の後、肢体にしびれが残った。,사고 후 몸(사지)에 저림이 남았다.
姿勢を正して座るだけで、呼吸が楽になった。,자세를 바로잡아 앉기만 해도 호흡이 편해졌다.
土産に小さな木彫りの熊を買った。,기념품으로 작은 나무 조각 곰을 샀다.
初めてオンラインで話した人と、実際に対面した。,처음으로 온라인에서 이야기한 사람과 실제로 대면했다.
入学式では、新入生が整列して校長先生の話を聞いた。,입학식에서는 신입생이 정렬하여 교장 선생님의 말씀을 들었다.
人の話を遮ってまで、自分の主張を押し通そうとするのは失礼だ。,남의 이야기를 가로막으면서까지 자기 주장을 관철하려는 것은 무례하다.
この写真には家族への思いが詰まっている。,이 사진에는 가족을 향한 마음이 가득 담겨 있다.
ネット上の悪口にいちいち反応していては、精神が持たないよ。,인터넷상의 욕설에 일일이 반응해서는 정신이 버티질 못해.
東京とソウルの夜景を対比した写真が面白い。,도쿄와 서울의 야경을 대비한 사진이 재미있다.
彼はリーダーとして必要なカリスマ性が備わっている。,그는 리더로서 필요한 카리스마를 갖추고 있다.
英語のメールを書く際、表現に迷って和英辞典を引いた。,"영어 메일을 쓸 때, 표현이 망설여져 일영사전을 찾았다."
我々は、彼らと対等な立場で交渉したい。,우리는 그들과 대등한 입장에서 교섭하고 싶다.
親の期待に背くのは心苦しかったが、自分の夢を追いかけることにした。,"부모님의 기대에 등을 돌리는 것은 마음이 아팠지만, 자신의 꿈을 좇기로 했다."
彼は大概のことには動じない、冷静な人物だ。,그는 대부분의 일에는 동요하지 않는 냉정한 인물이다.
税金を滞納すると、延滞税が課される。,세금을 체납하면 연체세가 부과된다.
歴史の授業で、貨幣の改鋳が物価に与えた影響を学んだ。,역사 수업에서 화폐 개주가 물가에 준 영향을 배웠다.
選挙演説を聞きに来た聴衆は、候補者の言葉に熱心に耳を傾けた。,선거 연설을 들으러 온 청중은 후보자의 말에 열심히 귀를 기울였다.
救助隊は、いつでも出動できる態勢を整えている。,구조대는 언제든지 출동할 수 있는 태세를 갖추고 있다.
多くの困難にもかかわらず、その伝統文化は今も存続している。,많은 어려움에도 불구하고 그 전통 문화는 지금도 존속하고 있다.
彼女は髪を鮮やかな赤色に染めた。,그녀는 머리카락을 선명한 붉은색으로 염색했다.
ファン待望の新作がついにリリースされた。,팬들이 대망하던 신작이 드디어 출시되었다.
この旅館はとても静かで落ち着きますね。,이 료칸은 매우 조용하고 차분해지네요.
殊勝なことを言うじゃないか。,기특한 말을 하는구나.
計画は首尾よく進んでいる。,계획은 순조롭게 진행되고 있다.
この報告書は丁数が多いから、要点だけ先に読もう。,이 보고서는 페이지 수가 많으니 요점만 먼저 읽자.
家庭の事情で、しばらく早退させてください。,가정 사정으로 당분간 조퇴하게 해 주세요.
おかげさまで、プロジェクトは順調に進んでおります。,덕분에 프로젝트는 순조롭게 진행되고 있습니다.
この問題についての意見は人によってまちまちだ。,이 문제에 대한 의견은 사람마다 제각각이다.
次の停車駅は新大阪です。,다음 정차역은 신오사카입니다.
久しぶりに故郷の友人に会えて、ほんに嬉しゅうございます。,"오랜만에 고향 친구를 만나서, 정말로 기쁩니다."
彼は首席で卒業した。,그는 수석으로 졸업했다.
彼は殊の外、酒に弱い。,그는 유난히 술에 약하다.
この薬は特殊な保存が必要だ。,이 약은 특수한 보관이 필요하다.
祖母の首飾りを借りた。,할머니의 목걸이를 빌렸다.
あの監督の作品は、いつも映像美と音楽が素晴らしくて、映画館で観る価値があります。,저 감독의 작품은 항상 영상미와 음악이 훌륭해서 영화관에서 볼 가치가 있습니다.
あの山の頂上まで登るのは大変そうですが、達成感は格別でしょうね。,"저 산 정상까지 올라가는 것은 힘들어 보이지만, 성취감은 각별하겠네요."
灯台守は嵐の夜も灯を絶やさなかった。,등대지기는 폭풍우 밤에도 불빛을 꺼뜨리지 않았다.
署名の後、朱肉をつけて押印した。,서명 후 주묵을 묻혀 도장을 찍었다.
従業員一同、お客様のまたのご来店を心よりお待ちしております。,"종업원 일동, 고객님의 재방문을 진심으로 기다리고 있습니다."
週末に家族でぶどう狩りに行った。,주말에 가족과 포도 따러 갔다.
武家の法度に背けば、処罰は免れない。,무가의 법도에 어기면 처벌을 피할 수 없다.
あの映画のラストシーンは、観る人によって解釈が分かれると思います。,그 영화의 마지막 장면은 보는 사람에 따라 해석이 갈릴 거라고 생각합니다.
料理はあまり得意ではありませんが、レシピ動画を見ながら時々挑戦しています。,"요리는 그다지 잘하지 못하지만, 레시피 동영상을 보면서 가끔 도전하고 있습니다."
警察は関係者から事情を聴取した。,경찰은 관계자에게서 사정을 청취했다.
都会の喧騒から離れて、こうして自然の中にいると心が洗われるようです。,도심의 소음에서 벗어나 이렇게 자연 속에 있으니 마음이 씻겨 나가는 것 같습니다.
この曲を聴くと、学生時代の文化祭でバンド演奏したことを思い出します。,이 노래를 들으면 학창 시절 문화제에서 밴드 연주를 했던 것이 생각납니다.
何気ない日常の風景でも、カメラのファインダーを通して見ると、特別なものに感じられます。,평범한 일상의 풍경도 카메라 파인더를 통해 보면 특별한 것으로 느껴집니다.
あの木の上で丸くなっているのは、この辺りの名物猫なんですよ。,저 나무 위에서 몸을 웅크리고 있는 것은 이 근처의 명물 고양이랍니다.
その城は堅い守りで知られる。,그 성은 견고한 수비로 유명하다.
この席、荷物を置いてもかまいませんか？,이 자리에 짐을 놓아도 괜찮을까요?
この美術館は、建物の建築デザインそのものが芸術作品のようですね。,이 미술관은 건물 건축 디자인 자체가 예술 작품 같네요.
子供の頃、よくこの公園で友達と日が暮れるまで遊んだものです。,어렸을 때 자주 이 공원에서 친구들과 해가 질 때까지 놀곤 했습니다.
この電車は各駅停車なので、目的地までは少し時間がかかります。,이 전철은 완행열차라서 목적지까지는 시간이 좀 걸립니다.
次の特急電車に乗るためには、あと５分で向こうのホームまで行かなければなりません。,다음 특급 열차를 타려면 앞으로 5분 안에 건너편 승강장까지 가야 합니다.
今日は運がいいですね、いつもは満席のこの席がちょうど空いていました。,"오늘 운이 좋네요, 평소에는 만석인 이 자리가 마침 비어 있었어요."
最近はCDを買うよりも、ストリーミングサービスで音楽を聴くことが多くなりました。,요즘은 CD를 사는 것보다 스트리밍 서비스로 음악을 듣는 일이 많아졌습니다.
海外生活を通じて、私の人生観は劇的に変化した。,"해외 생활을 통해, 나의 인생관은 극적으로 변화했다."
というか、まずは自分が何をしたいのかはっきりさせよう。,라기보다 먼저 자신이 무엇을 하고 싶은지 분명히 하자.
主人は今、出張中です。,남편은 지금 출장 중입니다.
休みの日は、特に予定を決めずに気の向くままに散歩するのが好きです。,쉬는 날에는 특별히 계획을 세우지 않고 마음 가는 대로 산책하는 것을 좋아합니다.
理屈ばかり並べていないで、少しは相手の気持ちも考えたらどうだ。,"이치만 늘어놓지 말고, 조금은 상대의 기분도 생각하면 어때."
どんなに効く薬でも、用法用量を守らなければ毒になる。,"아무리 잘 듣는 약이라도, 용법 용량을 지키지 않으면 독이 된다."
すみません、お箸を落としてしまったので、新しいものをいただけますか。,"실례합니다, 젓가락을 떨어뜨려서 새것을 받을 수 있을까요?"
今朝のニュースで、北海道で記録的な大雪が降ったと報道していました。,오늘 아침 뉴스에서 홋카이도에 기록적인 폭설이 내렸다고 보도했습니다.
満開の桜並木の下を歩いていると、まるで夢の中にいるような気分になります。,"만개한 벚꽃길 아래를 걷고 있으면, 마치 꿈속에 있는 듯한 기분이 듭니다."
この展望台からの夜景は、まるで宝石箱をひっくり返したようにきらびやかですね。,이 전망대에서 보는 야경은 마치 보석함을 뒤집어 놓은 것처럼 반짝거리네요.
法主が法要を執り行った。,법주가 법요를 집전했다.
坊主にして心機一転した。,삭발하고 기분을 새로 다잡았다.
最近見た映画の中で、観終わった後も色々と考えさせられる作品がありました。,"최근에 본 영화 중에, 다 본 후에도 여러 가지를 생각하게 만드는 작품이 있었습니다."
金属の硬さを比べる実験で、子どもたちは目を輝かせていた。,금속의 경도를 비교하는 실험에서 아이들은 눈을 반짝이고 있었다.
彼は己の信念を貫き通す、昔ながらの気骨ある漢だ。,"그는 자신의 신념을 끝까지 관철하는, 옛날 스타일의 기개 있는 사나이다."
葉の気孔は昼に開く。,잎의 기공은 낮에 열린다.
透かし模様の入った和紙が名刺に挟まれていた。,워터마크 무늬가 들어간 화지가 명함에 끼워져 있었다。
お仕事の帰りですか？今日も一日お疲れ様でした。,퇴근하시는 길이세요? 오늘도 하루 수고 많으셨습니다.
軒を連ねる古い商店街を歩くと、懐かしい昭和の雰囲気が漂ってくる。,"처마를 나란히 한(집들이 빽빽한) 오래된 상점가를 걷자니, 그리운 쇼와 시대의 분위기가 감돈다."
頂上はもうすぐだ、頑張るぞ！と互いに励まし合いながら山を登った。,"정상은 이제 곧이다, 힘내자! 라고 서로 격려하며 산을 올랐다."
この音楽を聴くと心が休まる。,이 음악을 들으면 마음이 편안해진다.
二つの国を結ぶ巨大な橋が完成し、貿易と交流が活発になった。,"두 나라를 잇는 거대한 다리가 완성되어, 무역과 교류가 활발해졌다."
その島の領有をめぐって対立した。,그 섬의 영유를 두고 대립했다.
白いシャツが汗で少し透けた。,흰 셔츠가 땀으로 조금 비쳤다。
内懐に手を入れて鍵を探した。,안주머니에 손을 넣고 열쇠를 찾았다.
磯で巻き貝を拾った。,갯바위에서 소라 같은 고둥(나선형 조개)을 주웠다.
みんなからは「さっちゃん」って呼ばれています。,다들 '삿짱'이라고 불러요.
近道のつもりで竹やぶに入ったら、靴が泥だらけになった。,지름길이라 생각하고 대숲에 들어갔다가 신발이 진흙투성이가 됐다.
コロナが収束したら、来年こそヨーロッパ旅行に行きたい。,코로나가 진정되면 내년에는 꼭 유럽 여행을 가고 싶다.
ようこそお越しくださいました。お待ちしておりました。,잘 오셨습니다. 기다리고 있었습니다.
以前からお噂はかねがね伺っておりました。,이전부터 말씀은 익히 들어왔습니다.
これは君の手柄だよ。,이건 네 공이야.
日本から世界各国へ車を輸出している。,일본에서 세계 각국으로 자동차를 수출하고 있다.
こちらこそ、よろしくお願いします。,저야말로 잘 부탁드립니다.
お互いの妥協点を見つけるために、粘り強く交渉を続ける。,서로의 타협점을 찾기 위해 끈기 있게 교섭을 계속한다.
〇〇大学で日本語を専攻しています、パクです。,〇〇대학교에서 일본어를 전공하고 있는 박입니다.
素手で触ると危ない。,맨손으로 만지면 위험해.
私は韓国から来た、キムと申します。,저는 한국에서 온 김이라고 합니다.
山の牧畜地帯では、羊の群れがゆっくり移動していた。,산지의 목축 지대에서는 양 떼가 천천히 이동하고 있었다.
冷静さを欠いた議論は、単なる言い争いに過ぎない。,냉정함을 잃은 논의는 단순한 말다툼에 지나지 않는다.
貧しさを言い訳にしたくない。,가난을 변명으로 삼고 싶지 않다.
応援しているチームはありますか？,응원하는 팀이 있나요?
原作の小説も読みました。,원작 소설도 읽었습니다.
貧しいながらも家族は仲が良かった。,가난했지만 가족 사이는 좋았다.
昨日の試合、惜しかったですね。,"어제 시합, 아까웠네요."
来賓として式典に出席した。,내빈으로서 식전에 참석했다.
次の停車駅はどこですか？,다음 정차역은 어디인가요?
終電は何時ですか？,막차는 몇 시인가요?
見事な逆転勝利でしたね。,멋진 역전승이었네요.
質問がある人は挙手してください。,질문이 있는 사람은 손을 들어 주세요.
食事の前に手を洗おう。,식사 전에 손을 씻자.
このお茶、香りがいいですね。,"이 차, 향이 좋네요."
最近、物忘れが増えて少し心配だ。,요즘 건망증이 늘어 조금 걱정이다.
どんな音楽を聴きますか？,어떤 음악을 듣나요?
頻繁に連絡するのは控えよう。,자주 연락하는 건 삼가자.
景色がいいですね。写真を撮ってもいいですか？,경치가 좋네요. 사진을 찍어도 될까요?
彼女は純潔を守ると誓った。,그녀는 순결을 지키겠다고 맹세했다.
研究所の地下深くでは、極秘の化学実験が昼夜を問わず行われている。,"연구소 지하 깊은 곳에서는, 극비 화학 실험이 밤낮을 가리지 않고 행해지고 있다."
彼女は学力が高く、難しい試験にもすぐ合格した。,그녀는 학력이 높아서 어려운 시험도 금방 합격했다.
お会計、お願いします。,계산 부탁합니다.
戦国の豪傑として語られる。,전국시대의 호걸로 전해진다.
台風のニュースを見ました。大丈夫でしたか？,태풍 뉴스를 봤습니다. 괜찮았나요?
根拠のない悪評によって、店の売り上げが激減してしまった。,근거 없는 악평으로 인해 가게 매출이 급감하고 말았다.
犬歯が欠けて歯医者へ行った。,송곳니가 깨져서 치과에 갔다.
頻度を下げて運動を続けた。,빈도를 낮춰 운동을 이어갔다.
司会者は中立な立場を守り、議論を円滑に進める役割がある。,"사회자는 중립적인 입장을 지키며, 논의를 원활하게 진행하는 역할이 있다."
コップの氷が溶けて、水滴が机に落ちた。,컵의 얼음이 녹아 물방울이 책상에 떨어졌다.
太鼓の音が聞こえますね。,북소리가 들리네요.
この料理に使われている珍しい野菜は何ですか？,이 요리에 사용된 신기한 채소는 무엇인가요?
工事は今月の中旬には終わる見込みだ。,공사는 이번 달 중순에는 끝날 전망이다.
日本の社会が、今後どう変わっていくと思いますか？,일본 사회가 앞으로 어떻게 변해갈 것이라고 생각하세요?
つまらない意地の張り合いで、大切な時間を無駄にしてはいけない。,시시한 고집 피우기로 소중한 시간을 낭비해서는 안 된다.
最近、一番感動したことは何ですか？,최근에 가장 감동했던 일은 무엇인가요?
生まれ故郷のこの景色が好きで、ここで人々が集まる場所を作りたかったんだ。,"태어난 고향의 이 풍경을 좋아해서, 여기서 사람들이 모이는 장소를 만들고 싶었어."
子どものころ、よく彼処の川で魚を捕まえて遊んだ。,어렸을 때 자주 저기 있는 강에서 물고기를 잡으며 놀았다.
剣道の基本の構えを習うために、子どもたちが一列に並んだ。,검도의 기본 자세를 배우기 위해 아이들이 한 줄로 섰다.
日本の伝統文化で、何か体験されたことはありますか？,일본의 전통 문화 중에서 무언가 체험해 보신 것이 있나요?
本音と建前を使い分けるところでしょうか。時には、それが難しいと感じることもあります。,속마음(혼네)과 겉으로 드러내는 말(다테마에)을 구분해서 사용하는 점이랄까요. 때로는 그것이 어렵다고 느낄 때도 있습니다.
でも、若い世代の人たちが新しい価値観で未来を作ってくれると信じています。,하지만 젊은 세대 사람들이 새로운 가치관으로 미래를 만들어 줄 것이라고 믿고 있습니다.
紅葉の季節に遊山へ出かけ、山道の茶屋で団子を食べた。,단풍철에 유산(나들이) 가서 산길 찻집에서 경단을 먹었다.
やはり、時間をきっちり守るところでしょうか。電車が秒単位で来ますからね。,역시 시간을 정확하게 지키는 점이랄까요. 전철이 초 단위로 오니까요.
原の向こうに大きな山が見える。,들판 너머로 큰 산이 보인다.
今年のチームは、若手の成長が著しくて見ていて楽しいですよ。,올해 팀은 젊은 선수들의 성장이 눈에 띄어서 보고 있으면 즐거워요.
最近、何か夢中になっていることはありますか？,최근에 무언가 푹 빠져있는 것이 있나요?
荷ほどけないように紐で結わえた。,짐이 풀리지 않게 끈으로 단단히 묶었다.
判定の結果、ビデオアシスタントレフェリーによりゴールは取り消しです。,"판정 결과, 비디오 판독(VAR)에 의해 골은 취소되었습니다."
久しぶりの交遊で、学生時代の友人たちと夜遅くまで語り合った。,오랜만의 교유로 학창 시절 친구들과 밤늦게까지 이야기를 나눴다.
日本の小説が好きで、いつか原文で読んでみたいと思ったのが始まりです。,"일본 소설을 좋아해서, 언젠가 원문으로 읽어보고 싶다고 생각한 것이 시작이었습니다."
彼は迫害を逃れて亡命し、異国で新しい生活を始めた。,그는 박해를 피해 망명해 타국에서 새 삶을 시작했다.
やりがいのある仕事ですが、時にはゆっくり休みたくなりますね。,"보람 있는 일이지만, 때로는 느긋하게 쉬고 싶어질 때가 있네요."
一度はオーロラをこの目で見てみたいと、ずっと思っています。,언젠가 한 번은 오로라를 이 눈으로 직접 보고 싶다고 계속 생각하고 있어요.
苦手な食べ物とか、アレルギーはありますか？,잘 못 먹는 음식이나 알레르기는 있으신가요?
昔と今で、この街もずいぶん変わりましたか？,"옛날과 지금, 이 마을도 많이 변했나요?"
最終コーナーを回って、先頭の二台が激しいデッドヒートを繰り広げている！,"마지막 코너를 돌아, 선두의 두 대가 치열한 접전을 벌이고 있습니다!"
あの失敗を糧にして、次は必ず成功させる。,그 실패를 양분 삼아 다음엔 반드시 성공시키겠다.
旧盆には家族が実家に集まる。,구본(음력 오봉)에는 가족이 본가에 모인다。
それでは、本日はこの辺で失礼します。,"그럼, 오늘은 이만 실례하겠습니다."
点検員が橋桁の下をライトで照らした。,점검원이 교량 거더 아래를 라이트로 비췄다.
道中、お気をつけてお帰りください。,"돌아가시는 길, 조심해서 가십시오."
転職して年収が上がった。,이직해서 연봉이 올랐다.
父がいつもお世話になっております。息子の健太です。,아버지가 항상 신세 지고 있습니다. 아들 켄타입니다.
彼は荷物を軽々と持ち上げた。,그는 짐을 가볍게 들어 올렸다.
高い打点からの強烈なスパイクが、相手コートに突き刺さった！,"높은 타점에서의 강렬한 스파이크가, 상대 코트에 꽂혔습니다!"
スタートダッシュに成功し、そのまま独走態勢に入りました。,"스타트 대시(초반 질주)에 성공하여, 그대로 독주 태세에 들어갔습니다."
彼は呪文「アバダ・ケダブラ」を唱えた。,"그는 주문 ""아바다 케다브라""를 외웠다."
彼は怒りに任せて拳を振り上げた。,그는 분노에 차 주먹을 쳐들었다.
彼の無神経な言葉が、彼女を深く苦しめている。,그의 무신경한 말이 그녀를 깊이 괴롭히고 있다.
彼は緊張で、マイクを強く握り締めていた。,그는 긴장해서 마이크를 세게 움켜쥐고 있었다.
通信が乱れて符号が読み取れない。,통신이 불안정해서 부호를 읽어낼 수 없다.
この工場は来月から生産ラインを増やす予定だ。,이 공장은 다음 달부터 생산 라인을 늘릴 예정이다.
突然の発表に、会場は驚きの声に包まれた。,갑작스러운 발표에 행사장은 놀라움의 목소리로 휩싸였다.
浮薄な噂に振り回されるな。,경박한 소문에 휘둘리지 마라.
救命胴衣の浮力のおかげで波にのまれずに済んだ。,구명조끼의 부력 덕분에 파도에 휩쓸리지 않을 수 있었다.
この靴、歩くと踵が浮くんだ。,이 신발은 걸으면 뒤꿈치가 들뜬다.
王は忠実な臣下たちに囲まれて、国の将来を議論した。,왕은 충실한 신하들에게 둘러싸여 나라의 미래를 논의했다.
彼は若い頃、海で溺れ死ぬところだった経験がある。,그는 젊었을 때 바다에서 익사할 뻔했던 경험이 있다.
彼は金使いが荒く、すぐに給料を使い果たしてしまう。,그는 돈씀씀이가 헤퍼서 금방 월급을 다 써버린다.
楽譜を見ながらギターを練習する。,악보를 보며 기타를 연습한다.
大手チェーンが地元の店を蚕食していくのを見て、胸が痛んだ。,대형 체인이 동네 가게들을 잠식해 가는 걸 보니 마음이 아팠다.
探偵は難事件の謎を一つ一つ解き明かしていった。,탐정은 어려운 사건의 수수께끼를 하나하나 풀어서 밝혀나갔다.
初恋の人は、今どうしているだろうかと時々思い出す。,첫사랑 상대는 지금 어떻게 지내고 있을까 하고 가끔 떠올린다.
審判に抗議を行っていますが、判定は覆りそうにありません。,"심판에게 항의를 하고 있지만, 판정은 뒤집힐 것 같지 않습니다."
床に新聞紙を敷いてからペンキを塗る。,바닥에 신문지를 깔고 나서 페인트를 칠한다.
彼は初恋の相手を忘れられず、恋煩いをしているようだ。,그는 첫사랑 상대를 잊지 못하고 상사병을 앓고 있는 것 같다.
喧嘩で花瓶が床に落ち、ばらばらに割れてしまった。,싸움으로 꽃병이 바닥에 떨어져 산산이 깨져버렸다.
データ改ざんの事実を隠蔽しようとして、さらに問題が大きくなった。,데이터 조작 사실을 은폐하려다 문제가 더 커졌다.
これくらいの傷なら、心配ないよ。,이 정도의 상처라면 걱정 없어.
睡眠不足が病根になりやすい。,수면 부족은 병근이 되기 쉽다.
苗代で育てた苗を田んぼへ運んだ。,모판에서 키운 모를 논으로 옮겼다.
子どもたちが台所で悪さをしている。,아이들이 부엌에서 장난을 치고 있다.
私が欲しいのは、これだけです。,제가 원하는 것은 이것뿐입니다.
王は突然乱心し、臣下を斬りつけようとした。,왕은 갑자기 미쳐서 신하를 베려 했다.
予想外の出来事に、みんな驚きを隠せなかった。,예상 밖의 일에 모두 놀라움을 감추지 못했다.
太鼓の撥を力強く握りしめ、演奏が始まった。,태고(북)의 채를 힘차게 쥐고 연주가 시작되었다.
彼は杖を振り上げ、「アバダ・ケダブラ！」と呪文を唱えた。,"그는 지팡이를 치켜들고 ""아바다 케다브라!""라고 주문을 외웠다."
いやあ、今日はいい天気ですね。旅の始まりには最高だ。,"이야, 오늘 날씨 좋네요. 여행의 시작으로는 최고예요."
本日中にご注文いただければ、全国どこでも送料無料です。,"오늘 중에 주문해 주시면, 전국 어디라도 배송비 무료입니다."
この計画はまだ未の段階だ。,이 계획은 아직 미완의 단계다.
働いた分の報酬は、きちんと受け取った。,일한 만큼의 보수는 제대로 받았다.
桜の下に集う人々の笑い声が弾んでいた。,벚꽃 아래에 모인 사람들의 웃음소리가 경쾌했다.
ご愁傷様です、としか言えなかった。,"삼가 고인의 명복을 빕니다, 그 말밖에 할 수 없었다."
お隣、失礼いたします。よくこちらには？,옆자리에 실례하겠습니다. 여기에는 자주 오세요?
夜の集いで、久しぶりに昔話をした。,밤 모임에서 오랜만에 옛이야기를 했다.
貧富の差が広がっている。,빈부 격차가 커지고 있다.
言葉で当時の空気を描き出した。,말로 당시의 분위기를 그려냈다.
遠い故郷を思って、胸が愁える。,먼 고향을 떠올리며 마음이 저민다.
古い写真には、どこか哀愁が漂う。,오래된 사진에는 어딘가 애수가 감돈다.
彼女はデコが広くて、賢そうに見える。,그녀는 이마가 넓어서 똑똑해 보인다.
貧富について議論する番組を見た。,빈부에 대해 토론하는 방송을 봤다.
この作家の全集を本棚にそろえたい。,이 작가의 전집을 책장에 갖춰두고 싶다.
分かりました。では、健太さんとお呼びしますね。,알겠습니다. 그럼 켄타 씨라고 부를게요.
商品の在庫について問い合わせの電話がたくさん来ている。,상품 재고에 대한 문의 전화가 많이 오고 있다.
イベントの人集めは、SNSが一番効く。,행사의 사람 모으기는 SNS가 제일 효과적이다.
何かございましたら、いつでもこの斎藤をお呼びください。,무슨 일 있으시면 언제든 이 사이토를 불러 주십시오.
そうなんですね。私は出張で来た、山田と申します。,그러시군요. 저는 출장으로 온 야마다라고 합니다.
あの、すみません。東京駅は、次の駅ですか？,"저, 실례합니다. 도쿄역은 다음 역인가요?"
救助隊が現地に集結した。,구조대가 현지에 집결했다.
駅前に人が集まると、急に騒がしくなった。,역 앞에 사람이 모이자 갑자기 소란스러워졌다.
夏の夜は湿気が多くて蒸し暑い。,여름밤은 습기가 많아 무덥다.
ええ、結婚記念日でして。私たちは中村です。,"네, 결혼기념일이라서요. 저희는 나카무라입니다."
一度ハマると病み付きになるゲームだ。,한번 빠지면 중독되는 게임이다.
お名前だけでも伺っておこうかな。,성함만이라도 여쭤봐 둘까나.
彼女が来るかどうかは、勿論まだ分からない。,그녀가 올지 어떨지는 물론 아직 모른다.
衆寡は敵せず、彼らは撤退を選んだ。,다수와 소수는 상대가 되지 않아 그들은 철수를 택했다.
今月の末までにレポートを提出しなければならない。,이달 말까지 리포트를 제출해야 한다.
田中さんですね。私はパクです。はじめまして。,다나카 씨군요. 저는 박입니다. 처음 뵙겠습니다.
空いている席に就けますか。,빈 자리에 앉을 수 있을까요?
旅館で豪華な膳が並べられた。,여관에서 호화로운 (일본식) 상차림이 차려졌다.
祖母に着付けを習うことにした。,할머니에게 기모노 착용법을 배우기로 했다.
彼は医者の道に就いた。,그는 의사의 길에 들어섰다.
いらっしゃいませ。ご予約のお名前を伺ってもよろしいですか？,어서 오십시오. 예약하신 성함을 여쭤봐도 될까요?
美容成分を贅沢に配合し、内側から輝く美しさをサポート。,"미용 성분을 호화롭게 배합하여, 안쪽부터 빛나는 아름다움을 서포트."
誰にでも欠点はあるが、それを認めることが大切だ。,누구에게나 결점은 있지만 그것을 인정하는 것이 중요하다.
発音の練習を録音して、聞き返した。,발음 연습을 녹음해서 다시 들어봤다.
この旅館にはよくいらっしゃるんですか？,이 료칸에는 자주 오시나요?
ダイヤルを回すだけで、お好みの強さに調節可能です。,"다이얼을 돌리는 것만으로, 원하는 강도로 조절 가능합니다."
運動後は全身が汗でびっしょりだ。,운동 후에는 온몸이 땀으로 흠뻑 젖었다.
先日、道で偶然古い友人に会った。,요전에 길에서 우연히 오랜 친구를 만났다.
今日は半袖でも汗ばむほど暑い。,오늘은 반소매만 입어도 땀이 날 만큼 덥다.
映画が終わるころには、涙が止まらなかった。,영화가 끝날 무렵에는 눈물이 멈추지 않았다.
会議は予定より早く終了した。,회의는 예정보다 일찍 종료되었다.
工事現場の騒音がひどくて眠れない。,공사 현장의 소음이 심해서 잠을 잘 수 없다.
警察は、事故原因を推定している。,경찰은 사고 원인을 추정하고 있다.
警報が鳴り、不審者の侵入を知らせた。,경보가 울려 수상한 자의 침입을 알렸다.
数学の公式を覚えるのが苦手だ。,수학 공식을 외우는 것을 잘 못한다.
人造真珠のネックレスをプレゼントされた。,인조 진주 목걸이를 선물받았다.
机が水平になるように、足の下に紙を敷いた。,책상이 수평이 되도록 다리 밑에 종이를 깔았다.
鏡を見たら、白髪が一本生えているのを見つけた。,거울을 보니 흰머리가 한 올 자라 있는 것을 발견했다.
彼はカメラに関しては素人だが、素晴らしい写真を撮る。,그는 카메라에 관해서는 아마추어(초보자)지만 멋진 사진을 찍는다.
そよ風がカーテンを揺らし、部屋に涼しさが入ってきた。,산들바람이 커튼을 흔들며 방 안으로 시원함이 들어왔다.
人前で名前を呼び間違えられて、羞恥心で顔が熱くなった。,사람들 앞에서 이름을 틀리게 불려서 수치심에 얼굴이 달아올랐다.
閑寂な寺で一息つく。,한적한 절에서 한숨 돌린다。
寂滅に至る道を説く。,적멸에 이르는 길을 설한다。
歴史家たちは古代文書の謎を解き明かそうとしている。,역사학자들은 고대 문서의 수수께끼를 풀어서 밝혀내려 하고 있다.
彼女は信仰が篤く、毎週日曜日に教会へ行く。,그녀는 신앙이 두터워 매주 일요일에 교회에 간다.
法を破った者は、罰を受けなければならない。,법을 어긴 자는 벌을 받아야 한다.
あと5分くらい待ってください。,앞으로 5분 정도 기다려 주세요.
地域の繁栄のために、駅前を再開発する計画だ。,지역 번영을 위해 역 앞을 재개발하는 계획이다.
苦労した後のビール一杯が、仕事の醍醐味だ。,고생한 뒤의 맥주 한 잔이 일의 진정한 즐거움(묘미)이다.
山の静寂に耳を澄ませた。,산의 정적에 귀를 기울였다。
商店街は夜になると寂れる。,상점가는 밤이 되면 쇠락(한산)해진다。
順番を守って、最後尾にお並びください。,순서를 지켜 맨 뒤에 줄 서 주세요.
音量を少し弱めてください。,볼륨을 조금 낮춰 주세요。
私は冷え性なので、冬は靴下を二重に履く。,나는 냉증이라 겨울에는 양말을 두 겹으로 껴 신는다.
トマトが順調に生長している。,토마토가 순조롭게 생장하고 있다.
七十でも若々しい笑顔だ。,일흔이 되어도 젊은 미소다。
若年層向けの保険商品を開発する。,젊은 층을 위한 보험 상품을 개발한다。
身分証明書、若しくは学生証をご提示ください。,"신분증, 또는 학생증을 제시해 주세요。"
若い社員の意見を聞こう。,젊은 직원의 의견을 들어 보자。
地域の発展のためには相互の理解が不可欠だ。,지역 발전을 위해서는 상호 이해가 불가결하다.
新製品の発表は来週に延期された。,신제품 발표는 다음 주로 연기되었다.
彼が関与した可能性は、今のところ否めない。,그가 관여했을 가능성은 현재로선 부정할 수 없다.
たまには贅沢をして高級レストランで食事したい。,가끔은 사치를 부려 고급 레스토랑에서 식사하고 싶다.
昔は肥を桶で運んで、畑にまいたという。,옛날에는 거름(肥)을 통에 담아 옮겨 밭에 뿌렸다고 한다.
法律を守ることは国民の義務です。,법률을 지키는 것은 국민의 의무입니다。
自分の弱点を把握して練習する。,자신의 약점을 파악하고 연습한다。
老若男女が集まる祭りだ。,남녀노소가 모이는 축제다。
暑い夏には扇子が欠かせない。,더운 여름에는 부채가 빠질 수 없다.
暑いので扇風機の風を浴びる。,더워서 선풍기 바람을 쐰다.
大学の正門で待ち合わせましょう。,대학 정문에서 만납시다.
この経験が、私の人生の大きな飛躍になった。,이 경험이 내 인생의 큰 도약이 되었다.
空になったグラスに酒を酌んだ。,빈 잔에 술을 따라 주었다。
西暦2025年は、令和7年です。,서기 2025년은 레이와 7년입니다.
この一文の解釈が分かれる。,이 한 문장의 해석이 갈린다。
せめて週末ぐらいはゆっくり休みたい。,적어도 주말만이라도 푹 쉬고 싶다.
記念日のケーキを持ち込みたいのですが、冷蔵庫で預かってもらえますか。,"기념일 케이크를 가져가고 싶은데, 냉장고에 맡아주실 수 있나요."
金に卑しい人とは、距離を置きたい。,돈에 밝히는(비열한) 사람과는 거리를 두고 싶다.
かつてこの地域は石炭の採掘で栄えた。,예전에 이 지역은 석탄 채굴로 번영했다.
初めての利用なのですが、何か持ち物は必要ですか。,"첫 이용인데, 뭔가 준비물이 필요한가요."
その助けは私の借りだ、必ず返す。,"그 도움은 내 빚이야, 반드시 갚을게。"
両親を説得して留学の許可をもらった。,부모님을 설득해서 유학 허락을 받았다.
犬と猫、どちらも好きだが、どちらかと言えば前者だ。,"개와 고양이, 둘 다 좋아하지만, 굳이 말하자면 전자(개)이다."
砂漠での生存は非常に困難だ。,사막에서의 생존은 매우 곤란하다.
借金の返済計画を立て直した。,빚(차금) 상환 계획을 다시 세웠다。
喫煙席と禁煙席、どちらをご希望されますでしょうか。,"흡연석과 금연석, 어느 쪽을 희망하십니까."
この本の題名が思い出せない。,이 책의 제목이 생각나지 않는다.
明日の面接のために新しいスーツを買った。,내일 면접을 위해 새 정장을 샀다.
この商品は若者を対象に開発された。,이 상품은 젊은 층을 대상으로 개발되었다.
無理な運用で現場が疲弊している。,무리한 운영으로 현장이 피폐해지고 있다.
この工場では自動車部品を生産している。,이 공장에서는 자동차 부품을 생산하고 있다.
今月の末に旅行に行く予定です。,이달 말에 여행을 갈 예정입니다.
貸借対照表を今月中に提出してください。,대차대조표를 이번 달 안에 제출해 주세요。
祖父は第二次世界大戦に参加したそうだ。,할아버지는 제2차 세계대전에 참가하셨다고 한다.
路地の白壁が夕日に染まって、写真映えした。,골목의 흰 벽이 석양에 물들어 사진이 잘 나왔다.
夏の夕方、縁側でスイカを食べながら風鈴の音を聞いた。,"여름 저녁, 툇마루에서 수박을 먹으며 풍경 소리를 들었다."
祖父は尺貫法の単位で木材を測った。,할아버지는 척관법 단위로 목재를 쟀다。
図書館で本を借りた。,도서관에서 책을 빌렸다。
冬休みに友達とスケートに行った。,겨울 방학에 친구와 스케이트 타러 갔다.
彼はそそっかしい人で、よく鍵を忘れる。,그는 덜렁대는 사람이라 자주 열쇠를 잊어버린다.
両チームは実力が伯仲していて、延長戦になった。,두 팀은 실력이 백중해서 연장전이 됐다.
温泉旅館で浴衣と草履を借りた。,온천 여관에서 유카타와 조리(짚신)를 빌렸다.
そのメールは脅迫まがいで、保存しておいた。,그 메일은 협박에 가까워서 저장해두었다.
退職する上司のために送別会を開いた。,퇴직하는 상사를 위해 송별회를 열었다.
噂の枝葉に惑わされず、事実だけを追いなさい。,"소문 같은 지엽적 이야기(枝葉)에 휘둘리지 말고, 사실만을 쫓아라."
この企画を評価する尺度が必要だ。,이 기획을 평가할 기준(척도)이 필요하다。
お近くにお越しの際は、是非お立ち寄りください。,근처에 오실 때는 꼭 들러주세요.
病気はもう大分良くなりました。,병은 이제 상당히 좋아졌습니다.
地域の福祉を支えるために、ボランティアに参加した。,"지역 복지를 뒷받침하기 위해, 자원봉사에 참여했다."
庭の枝を一本だけ折ってしまい、慌てて謝った。,"정원의 가지(枝)를 하나 부러뜨려서, 허겁지겁 사과했다."
警察が事件の捜査を開始した。,경찰이 사건 수사를 개시했다.
ボクシングの試合でチャンピオンを倒した。,복싱 시합에서 챔피언을 쓰러뜨렸다.
人気アイドルのコンサートにファンが続々と集まった。,인기 아이돌의 콘서트에 팬들이 속속 모여들었다.
はい、それではお気をつけてお越しくださいませ。失礼いたします。,"네, 그럼 조심히 오십시오. 실례하겠습니다."
皆で一所に集まって、これからの計画を話し合おう。,다 같이 한 곳에 모여 앞으로의 계획을 이야기하자.
雨が降ると試合が始まる気配がなくて、始まりの拍手も起きなかった。,"비가 오자 경기가 시작될 기미가 없어, 시작의 박수도 나오지 않았다."
連泊の場合、部屋の清掃は毎日入りますか。,"연박의 경우, 방 청소는 매일 들어옵니까."
朝食はバイキング形式ですか、それとも定食スタイルですか。,"조식은 뷔페 형식입니까, 아니면 정식 스타일입니까."
新しい総理大臣が任命された。,새로운 총리가 임명되었다.
姉妹で旅に出て、諸姉から教わった店を巡った。,"자매끼리 여행을 떠나, 언니들(여러 누나들)에게 배운 가게를 돌아다녔다."
寒い日は厚手のソックスが欠かせない。,추운 날은 두꺼운 양말이 필수다.
祖母は今でも算盤で家計簿をつけている。,할머니는 지금도 주판으로 가계부를 쓰고 있다.
そろそろ出かける時間です。,슬슬 외출할 시간입니다.
彼はシャツの袖をまくり上げて力仕事をした。,그는 셔츠의 소매를 걷어붙이고 힘든 일을 했다.
運動の後は冷たい水が飲みたい。,운동 후에는 차가운 물이 마시고 싶다.
悪天候だったが、登山隊は予定どおり登山を決行した。,악천후였지만 등반대는 예정대로 등산을 결행했다.
私は私で、静かに距離を取ることにした。,"나는 나대로, 조용히 거리를 두기로 했다."
キャンセル待ちはどのくらいの方が待っていますか。,취소 대기는 어느 정도 분들이 기다리고 있습니까.
貸切は何名から可能ですか。,대관은 몇 명부터 가능합니까.
名刺交換のあと、彼の風刺の効いた一言が妙に刺激になった。,"명함을 교환한 뒤, 그의 풍자 섞인 한마디가 묘하게 자극이 되었다."
公金を私するなんて許されない、と私は会議で言い切った。,"공금을 사적으로 쓰는 건 용납 못 한다고, 나는 회의에서 단언했다."
急ぎの手紙なので速達で送った。,급한 편지라서 속달로 보냈다.
毎のことですが、よろしくお願いします。,"매번 있는 일(신세)입니다만, 잘 부탁드립니다."
国民の政治に対する不信感が増大している。,국민의 정치에 대한 불신감이 증대하고 있다.
今夜の夕食は手作りハンバーグだ。,오늘 밤 저녁 식사는 수제 햄버그 스테이크다.
彼は罪を認めて刑を受け入れた。,그는 죄를 인정하고 형을 받아들였다.
この靴下は左右で一対です。,이 양말은 좌우가 한 쌍입니다.
出席を取るので、名前を呼ばれたら返事してください。,출석을 부를 테니 이름이 불리면 대답하세요.
どんなに迷っても、志だけは手放さない。,"아무리 헤매도, 뜻(志)만은 놓지 않는다."
第一志望の会社に受かり、有志の先輩から寸志まで頂いた。,"제1지망 회사에 합격했고, 뜻있는 선배에게서 작은 성의(봉투)까지 받았다."
長年の努力が蓄積され、ついに実を結んだ。,오랜 세월의 노력이 축적되어 드디어 결실을 맺었다.
向かいの席に座っている男性は、読書に集中している。,맞은편 자리에 앉아 있는 남성은 독서에 집중하고 있다.
祖母の作る味噌汁は、いつも優しい味がする。,할머니가 끓이는 된장국은 언제나 부드러운 맛이 난다.
週末は地域の清掃に奉仕している。,주말에는 지역 청소 봉사를 하고 있다.
餅を食べていたお年寄りが窒息する事故があった。,떡을 먹던 노인이 질식하는 사고가 있었다.
北半球では、季節が南半球と逆になる。,북반구에서는 계절이 남반구와 반대가 된다.
雨が降りそうで、空がどんよりと募る。,"비가 올 것 같아, 하늘이 점점 음울해진다."
年齢と共に気になる目元のシワに、ハリと潤いを与えます。,"나이와 함께 신경 쓰이는 눈가 주름에, 탄력과 윤기를 부여합니다."
雰囲気を変えるために、部屋のレイアウトをチェンジした。,분위기를 바꾸기 위해 방의 레이아웃을 변경했다.
私は駅前の大きな団地に住んでいます。,저는 역 앞의 큰 단지(아파트)에 살고 있습니다.
坂道を登るにつれて、段々息が苦しくなってきた。,비탈길을 오름에 따라 점점 숨이 차기 시작했다.
あの人は機嫌が悪いから近寄るのをやめよう。,저 사람은 기분이 안 좋으니까 가까이 가는 것을 그만두자.
子どもの偏食を直すため、野菜を細かく刻んだ。,아이의 편식을 고치려고 채소를 잘게 다졌다.
昔時の城下町の姿を資料でたどった。,옛 시절 성하 마을의 모습을 자료로 더듬어 보았다.
乾杯の挨拶を席上で頼まれて緊張した。,건배 인사를 자리에서 부탁받아 긴장했다.
短に言えば、彼の計画は失敗だ。,"간단히 말해서, 그의 계획은 실패다."
この製品には、多少の傷がありますが、使用に問題はありません。,"이 제품에는 다소 흠집이 있습니다만, 사용에는 문제가 없습니다."
その青年は将来医者になりたいと言っている。,그 청년은 장래에 의사가 되고 싶다고 말하고 있다.
日本には美味しい食べ物がたくさんあります。例えば、寿司やラーメンです。,"일본에는 맛있는 음식이 많이 있습니다. 예를 들면, 스시나 라멘입니다."
明日は多分、雨が降るでしょう。,내일은 아마 비가 오겠지요.
電車が脱線する事故があり、多くの怪我人が出た。,전차가 탈선하는 사고가 있어 많은 부상자가 나왔다.
座席指定の列車なので早めに切符を買った。,좌석 지정 열차라서 일찍 표를 샀다.
昔年の写真を整理してアルバムにした。,옛 사진들을 정리해서 앨범으로 만들었다.
子どもたちに年長者を敬う心を伝えるのは、가정과 학교의 중요한 역할이다.,아이들에게 연장자를 공경하는 마음을 전하는 것은 가정과 학교의 중요한 역할이다.
昔はこの辺りに田んぼが広がっていた。,옛날에는 이 근처에 논이 펼쳐져 있었다.
彼女は褒められて照れくさそうに頬を赤らめた。,그녀는 칭찬을 받고 쑥스러운 듯 뺨을 붉혔다.
病気といっても、大したことはありません。,병이라고 해도 별것 아닙니다.
彼は短気な性格で、すぐにカッとなる。,그는 성미가 급한 성격이라 금방 욱한다.
アメリカ大使が日本の総理と会談した。,미국 대사가 일본 총리와 회담했다.
彼は短期の語学留学でロンドンに滞在している。,그는 단기 어학연수로 런던에 머무르고 있다.
怪我が治り、明日退院することになった。,상처가 나아 내일 퇴원하게 되었다.
偶々入った喫茶店で、昔の友人に会った。,우연히 들어간 찻집에서 옛 친구를 만났다.
子どもたちの笑顔こそ親にとって最大の幸だ。,아이들의 웃는 얼굴이야말로 부모에게 가장 큰 행복이다.
海より山が好きな山派なので、旅行先はいつも高原になる。,나는 바다보다 산을 좋아하는 산파라 여행지는 언제나 고원이다.
工事のため、明日午前中は断水になります。,공사로 인해 내일 오전 중에는 단수가 됩니다.
昔日の友を思い出して手紙を書いた。,옛날의 친구를 떠올리며 편지를 썼다.
彼女は完全なインドア派で、休日もほとんど家から出ない。,그녀는 완전한 집돌이·집순이파라서 휴일에도 거의 집 밖에 나가지 않는다.
春祭りの賑やかな通りを、浴衣姿で歩くのが楽しみだ。,봄 축제의 활기찬 거리를 유카타 차림으로 걷는 것이 기대된다.
あの猫はこの辺りを縄張りにしている。,저 고양이는 이 근처를 자기 영역으로 삼고 있다.
子どもたちは工場を見学して、ものづくりの現場を学んだ。,아이들은 공장을 견학하며 제조 현장을 배웠다.
江戸時代には村に賦役が課されることもあった。,에도 시대에는 마을에 부역이 부과되기도 했다.
彼は赤を基調にしたポスターを選んだ。,그는 빨강을 기조로 한 포스터를 골랐다.
刑事は、現場から一発の弾を発見した。,형사는 현장에서 한 발의 총알을 발견했다.
完膚なきまでに論破された。,완전히 논파당했다(철저히 깨졌다).
答えが間違っていたので、赤ペンで大きくばってんを書いた。,답이 틀렸기 때문에 빨간 펜으로 크게 가위표(X)를 쳤다.
今年の決算は赤字になりそうだ。,올해 결산은 적자가 될 것 같다.
頬が赤らむほど走って息が上がった。,뺨이 붉어질 만큼 달려서 숨이 찼다.
中年になってから、健康に気をつかうようになった。,중년이 되고 나서부터 건강에 신경 쓰게 되었다.
この冷蔵庫は月賦で払うことにした。,이 냉장고는 할부로 내기로 했다.
この苦しい経験こそが、彼の真価を問う時だ。,이 괴로운 경험이야말로 그의 진가를 묻는(시험하는) 때다.
努力した甲斐があって、試験に合格した。,노력한 보람이 있어서 시험에 합격했다.
狭い隙間を通るために、カニのように横歩きで進んだ。,좁은 틈을 지나가기 위해 게처럼 옆걸음으로 나아갔다.
害虫駆除でゴキブリが全滅した。,해충 구제로 바퀴벌레가 전멸했다.
卒業制作の作品を展示した。,졸업 제작 작품을 전시했다.
今回は少し趣向を変えて、屋外でパーティーを開こう。,"이번에는 조금 색다른 취향으로, 야외에서 파티를 열자."
計画は着々と進んでおり、来月には完成する見込みだ。,"계획은 착착 진행되고 있으며, 다음 달에는 완성될 전망이다."
川原で丸い石を拾って水面へ投げた。,강가에서 둥근 돌을 주워 수면에 던졌다.
あの絵描きは光の表現がうまい。,그 화가는 빛 표현이 뛰어나다.
富士山の中腹にある五合目までバスで行きました。,후지산 중턱에 있는 5부 능선까지 버스로 갔습니다.
母の看病でしばらく実家に戻った。,어머니 간병 때문에 한동안 친정(본가)에 돌아갔다.
この小さな辞書は、旅行先でとても重宝している。,이 작은 사전은 여행지에서 매우 유용하게 쓰이고 있다.
靴に小石が入って歩きにくい。,신발에 작은 돌이 들어가서 걷기 불편하다.
賓客を迎えるため玄関を整えた。,빈객을 맞이하려고 현관을 정돈했다.
大雨のため、野球の試合が一時中断された。,폭우로 인해 야구 경기가 일시 중단되었다.
赤道直下は一年中暑いと聞いた。,적도 바로 아래는 1년 내내 덥다고 들었다.
祖母の指輪には小さな宝石が埋め込まれている。,할머니의 반지에는 작은 보석이 박혀 있다.
彼は交渉の要領がよく、いつも有利な条件を引き出す。,그는 교섭의 요령이 좋아서 항상 유리한 조건을 이끌어낸다.
博物館で千石船の模型を見て航海の規模に驚いた。,박물관에서 천석선 모형을 보고 항해 규모에 놀랐다.
自分の失敗を素直に肯定できる人は成長が早い。,자기 실패를 솔직히 긍정할 수 있는 사람은 빨리 성장한다.
プレゼンでは時間内に要点だけを簡潔に伝えることが求められる。,프레젠테이션에서는 시간 안에 요점만을 간결하게 전달하는 것이 요구된다.
この問題を解くには、いくつかの重要な要素を整理して考える必要がある。,이 문제를 풀려면 몇 가지 중요한 요소를 정리해서 생각할 필요가 있다.
この薬の主な用途は頭痛を和らげることです。,이 약의 주요 용도는 두통을 완화하는 것입니다.
容積の大きな鍋を使えば、一度にたくさんのスープを作ることができる。,용적이 큰 냄비를 쓰면 한 번에 많은 수프를 만들 수 있다.
サッカーの試合がテレビで生中継されている。,축구 시합이 TV로 생중계되고 있다.
街の様相は再開発によってここ数年で大きく変わった。,도시의 양상은 재개발로 인해 지난 몇 년 사이에 크게 변했다.
祖父は古い革の銭入れを大切に使い続けている。,할아버지는 낡은 가죽 동전 지갑을 소중하게 계속 사용하고 계신다.
引っ越しを手伝ってもらって、本当に大助かりだったよ。,이사를 도와줘서 정말 큰 도움이 되었어.
父は黙って背中を押してくれた。,아버지는 말없이 등을 밀어 주셨다.
斥候が先に進み、敵影がないか確かめた。,정찰병이 먼저 나아가 적의 그림자가 없는지 확인했다.
改善の余地がまだ残っている。,개선의 여지가 아직 남아 있다.
余分なコピーがあれば、一部ください。,"여분의 복사본이 있다면, 한 부 주세요."
次の四つ角を右に曲がってください。,다음 사거리에서 우회전하세요.
祖父の古い時計は、今も正確に時を刻む。,할아버지의 오래된 시계는 지금도 정확히 간다.
居酒屋でふわふわの出し巻きをつまみに一杯やった。,선술집에서 폭신한 다시마키를 안주로 한잔 했다.
多様性を尊ぶ社会で排斥は許されない。,다양성을 존중하는 사회에서 배척은 용납되지 않는다.
夕方になって風が弱まった。,저녁이 되어 바람이 약해졌다.
努力の跡が、手のまめに表れる。,노력의 흔적이 손의 굳은살에 나타난다.
無駄遣いは止すことにした。,낭비는 그만두기로 했다.
年を取ると足腰が弱る。,나이를 먹으면 다리와 허리가 약해진다.
ドアを乱暴に閉めないでください。,문을 난폭하게 닫지 마세요.
彼は壁に寄り掛かって立っていた。,그는 벽에 기댄 채 서 있었다.
忘れ物をした人を呼び止めた。,물건을 잊고 간 사람을 불러 세웠다.
我々のチームが試合をリードしている。,우리 팀이 시합을 리드하고 있다.
骨折の疑いでレントゲンを撮った。,골절이 의심되어 엑스레이를 찍었다.
土俵に上がると、会場の歓声が一段と大きくなる。,도효(스모 링)에 오르면 관중의 함성이 한층 커진다.
締め切り前で必死にキーボードを叩いた。,마감 직전에 필사적으로 키보드를 두드렸다.
新しい関税の影響で輸入ワインの値段が上がった。,새 관세의 영향으로 수입 와인 가격이 올랐다.
仕事と家庭を両立させるのは難しい。,일과 가정을 양립시키는 것은 어렵다.
警察は犯人を現行犯で逮捕した。,경찰은 범인을 현행범으로 체포했다.
あのグループには、体育会系の派と文化系の派がはっきり分かれている。,그 그룹에는 체육계 파와 문화계 파가 뚜렷이 나뉘어 있다.
彼は在米日本領事に任命された。,그는 주미 일본 영사로 임명되었다.
焼きたてのパンはとても柔らかい。,갓 구운 빵은 매우 부드럽다.
この店は良質な肉だけを扱っている。,이 가게는 양질의 고기만을 취급한다.
ふっくら焼き上がったパンの匂いが店いっぱいに広がる。,포근하게 구워진 빵 냄새가 가게 가득 퍼진다.
空港で免税手続きをして、化粧品を安く買えた。,공항에서 면세 절차를 해서 화장품을 저렴하게 살 수 있었다.
一般の方は、こちらの入口からお入りください。,일반 관람객은 이쪽 출입구로 들어가 주세요.
今夕は客人を迎えるため、早めに帰宅する。,금일 저녁에 손님을 맞이하려고 일찍 귀가한다.
この電球は60ワットです。,이 전구는 60와트입니다.
兵士たちは村で略奪を働いた。,병사들은 마을에서 약탈을 저질렀다.
新鮮な野菜が全国に流通している。,신선한 야채가 전국으로 유통되고 있다.
税金の支払いを忘れると延滞金が発生する。,세금 납부를 잊으면 연체금이 발생한다.
患者の術後の経過は良好だ。,환자의 수술 후 경과는 양호하다.
この傷はもう治ると思う。,이 상처는 이제 나을 것 같아.
手術後、彼はゆっくり覚醒し、名前を呼ぶと返事した。,"수술 후 그는 천천히 각성했고, 이름을 부르자 대답했다."
彼は自称晴れ男で、彼が旅行に行くと必ず天気が良くなる。,그는 자칭 '맑음 남(날씨 요정)'이라서 그가 여행을 가면 반드시 날씨가 좋아진다.
ここから駅まではかなり遠い。,여기서 역까지는 꽤 멀다.
寝る前に机の上を整えて、明日の準備をする。,자기 전에 책상 위를 정돈하고 내일 준비를 한다.
生徒たちは校庭で静かに整列した。,학생들은 운동장에서 조용히 정렬했다.
健康のために体を鍛えている。,건강을 위해 몸을 단련하고 있다.
彼はレディーに対していつも親切だ。,그는 숙녀(여성)에게 항상 친절하다.
停電したので、蝋燭に火を灯した。,정전이 되어서 양초에 불을 밝혔다.
赤い色から太陽を連想する。,붉은색에서 태양을 연상한다.
俳優が詩を朗読する。,배우가 시를 낭독한다.
二人の学者の間で論争が起きた。,두 학자 사이에서 논쟁이 일어났다.
将来を悲観するネガティブな見方だけでは、若者の可能性を自ら閉ざしてしまう。,미래를 비관하는 부정적인 시각만으로는 청년들의 가능성을 스스로 닫아 버리게 된다.
ロケットが宇宙に向かって打ち上げられた。,로켓이 우주를 향해 발사되었다.
週末はレジャーを楽しむ予定だ。,주말은 레저를 즐길 예정이다.
駅のロッカーに荷物を預けた。,역 로커(물품 보관함)에 짐을 맡겼다.
オリンピックの熱戦が連日続いている。,올림픽 열전이 연일 계속되고 있다.
部屋がぐちゃぐちゃに散らかっている。,방이 엉망진창으로 어질러져 있다.
面倒な仕事は一気に遣っ付けるに限る。,번거로운 일은 한 번에 해치우는 게 최고다.
ユウは人見知りだが、仲良くなると急におしゃべりになる。,유는 낯을 많이 가리지만 친해지면 갑자기 말이 많아진다.
新商品の販売は、来週月曜日から開始します。,신상품 판매는 다음 주 월요일부터 시작합니다.
役人の対応が遅くて、手続きがなかなか進まない。,관료의 대응이 느려서 절차가 좀처럼 진행되지 않는다.
分かりにくい表現を、平易な日本語に訳して説明した。,이해하기 어려운 표현을 쉬운 일본어로 번역해 설명했다.
今日は仕事が山積みで帰れそうにない。,오늘은 일이 산더미라 집에 못 갈 것 같다.
今夜の宿は、駅から歩いて五分の小さな旅館に決めた。,오늘 밤 숙소는 역에서 도보 5분 거리에 있는 작은 여관으로 정했다.
ユウは迷っている友人の背中を、そっと押してあげた。,유는 망설이는 친구의 등을 살며시 밀어 주었다.
国会では与党と野党の激しい論戦が続いている。,국회에서는 여당과 야당의 치열한 논전이 이어지고 있다.
漁師町では、大漁祈願のために海の神様を祀る行事がある。,어촌에서는 풍어를 빌기 위해 바다의 신을 모시는 행사가 있다.
森の中にひっそりと建つ古い屋敷が、月明かりに浮かび上がっていた。,숲 속에 조용히 서 있는 오래된 저택이 달빛에 떠올라 보였다.
この部屋は洋と和のテイストがうまく調和している。,이 방은 서양과 일본식 분위기가 잘 조화를 이루고 있다.
時間がたっても、悲しみは簡単に消えない。,시간이 지나도 슬픔은 쉽게 사라지지 않는다.
諸問題を整理してから、優先順位を決めて対処していこう。,제문제를 정리한 뒤 우선순위를 정해 대응해 나가자.
同じ質問が続いて、少し煩う気持ちになった。,같은 질문이 계속돼서 조금 성가신 마음이 들었다.
養護施設で働く人たちは、子どもたち一人一人に寄り添っている。,양호 시설에서 일하는 사람들은 아이들 한 명 한 명에게 다가가 보살핀다.
仕事に文句ばかり言っても、状況は何も変わらない。,일에 불평만 해서는 상황이 전혀 변하지 않는다.
週末に友人たちと野外でバーベキューをする予定だ。,주말에 친구들과 야외에서 바비큐를 할 예정이다.
噴火から流れ出た溶岩が、山の斜面をゆっくりと下っていった。,분화구에서 흘러나온 용암이 산비탈을 천천히 내려갔다.
倉庫の隅に俵が積まれていた。,창고 구석에 가마니(짚단)가 쌓여 있었다.
ライブが始まると、会場の雰囲気は一気に盛り上がった。,라이브가 시작되자 공연장의 분위기는 단숨에 달아올랐다.
雨の多い季節には、山の繁茂がいっそう進む。,비가 많은 계절엔 산의 번무가 더욱 진행된다.
重い箱を持ち上げるとき、「よいしょ」と声が思わず漏れた。,무거운 상자를 들어 올릴 때 ‘요이쇼’라는 소리가 저절로 나왔다.
樹皮の模様を観察すると、木の種類が分かる。,나무껍질 무늬를 관찰하면 나무 종류를 알 수 있다.
条件を満たす書類をそろえて提出した。,조건을 충족하는 서류를 갖춰 제출했다.
大量出血のため、緊急で輸血が行われた。,대량 출혈로 인해 긴급히 수혈이 시행되었다.
部屋にコーヒーの香りが充満して、眠気が消えた。,방 안에 커피 향이 가득 차서 졸음이 사라졌다.
電車で漫画を読んでいたら、乗り過ごした。,전철에서 만화를 읽다가 지나쳐서 내렸다.
事故の主な要因を特定するため、専門家が詳しく調査している。,사고의 주요 요인을 밝히기 위해 전문가들이 자세히 조사하고 있다.
この坂道は思ったより傾斜が緩いので、歩きやすい。,이 비탈길은 생각보다 경사가 완만해서 걷기 쉽다.
入院中の祖母の安否を、毎晩連絡で確かめた。,입원 중인 할머니의 안부를 매일 밤 연락으로 확인했다.
皮まで食べられるぶどうを買ってきた。,껍질째 먹을 수 있는 포도를 사 왔다.
アイドルの熱愛報道が、ファンたちの間で大きな騒動になっている。,아이돌의 열애 보도가 팬들 사이에서 큰 소동이 되고 있다.
このクーポンは今月末まで有効です。,이 쿠폰은 이달 말까지 유효합니다.
昨夜は雷がひどくて、なかなか寝つけなかった。,어젯밤에는 천둥이 심해서 좀처럼 잠들지 못했다.
遊牧民は季節に合わせて家畜と共に移動して暮らしている。,유목민은 계절에 맞추어 가축과 함께 이동하며 살아간다.
必要書類をそろえて、事務所まで郵送してください。,필요 서류를 준비해서 사무실로 우송해 주십시오.
彼のユーモアのおかげで、会議の雰囲気が一気に和んだ。,그의 유머 덕분에 회의 분위기가 단번에 누그러졌다.
彼女は研究者として将来がとても有望だと評価されている。,그녀는 연구자로서 장래가 매우 유망하다고 평가받고 있다.
彼は厚顔にも、自分の失敗を人のせいにした。,그는 후안무치하게도 자신의 실패를 남 탓으로 돌렸다.
大統領が演説で新政策を発表した。,대통령이 연설에서 새 정책을 발표했다.
僚友と久々に会い、昔話で夜更かしした。,동료 친구를 오랜만에 만나 옛이야기로 밤을 새웠다.
明瞭な説明のおかげで、誤解がすぐ解けた。,명료한 설명 덕분에 오해가 금방 풀렸다.
子どものころ、本気で幽霊を信じていて夜が怖かった。,어릴 때는 정말로 유령을 믿어서 밤이 무서웠다.
子どものころ過ごした郷を、久しぶりに訪ねた。,어릴 적을 보냈던 고향 고장을 오랜만에 찾았다.
後半に入ってから、ホームチームが一気に優勢になった。,후반전에 들어서자 홈팀이 단숨에 우세해졌다.
新工場で量産が始まり、供給が安定した。,새 공장에서 양산이 시작되어 공급이 안정됐다.
彼は度量が大きく、失敗しても人を責めない。,그는 도량이 커서 실패해도 남을 탓하지 않는다.
その作家の小説には、現実には存在しない桃源郷がいくつも描かれている。,그 작가의 소설에는 현실에는 존재하지 않는 도원경이 여럿 그려져 있다.
子どものころから海外生活に憧れていた。,어렸을 때부터 해외 생활을 동경해 왔다.
計画通りに物事が生ずるとは限らない。,일이 계획대로 생겨나거나 진행된다는 보장은 없다.
毎月少しずつ預金を増やして、将来の留学資金を貯めている。,매달 조금씩 예금을 늘려서 미래의 유학 자금을 모으고 있다.
これも天命だと受け入れるしかない。,이것도 천명이라 받아들일 수밖에 없다.
霧の切れ間から、ようやく遠くの山並みが姿を現した。,안개가 잠시 걷힌 틈 사이로 멀리 산줄기가 마침내 모습을 드러냈다.
心を病む人が、安心して相談できる場所を増やしたい。,마음의 병을 앓는 사람이 안심하고 상담할 수 있는 장소를 늘리고 싶다。
カレーは甘口派と辛口派にきれいに分かれて、テーブルがにぎやかになった。,카레는 단맛파와 매운맛파로 딱 갈려서 테이블이 떠들썩해졌다.
結婚式の余興として友人たちがダンスを披露した。,결혼식 여흥으로 친구들이 춤을 선보였다.
祖父は白髪が増えても、背筋だけはまっすぐだ。,할아버지는 백발이 늘어도 자세만은 꼿꼿하다.
補欠で入った部員だが、練習は誰よりも真剣だ。,"보결로 들어간 부원이지만, 연습은 누구보다 진지하다."
自由な発想が新しい企画を生む。,자유로운 발상이 새로운 기획을 낳는다.
この編では、人間関係の難しさが中心テーマとして描かれている。,이 편에서는 인간관계의 어려움이 중심 테마로 그려진다.
小さな誤解から、二人の間に大きな争いが生まれてしまった。,작은 오해에서 둘 사이에 큰 다툼이 벌어지고 말았다.
新しい年を迎えて、生活習慣を一から改めることにした。,새해를 맞아 생활 습관을 처음부터 고치기로 했다.
夏は冷房の効いた部屋から出たくなくなる。,여름에는 냉방이 잘 된 방에서 나가기 싫어진다.
コートのポケットの膨らみで、鍵の位置がわかった。,코트 주머니의 불룩함으로 열쇠 위치를 알았다.
週末の余暇には読書をしたり映画を見たりして過ごしている。,주말 여가에는 독서를 하거나 영화를 보면서 지낸다.
彼は話の途中で「で、それからどうなったの？」と身を乗り出してきた。,"그는 이야기 도중에 “그래서, 그다음엔 어떻게 됐어?”라며 몸을 앞으로 내밀었다."
敵方の陣地が山の向こうに見える。,적군의 진지가 산 너머로 보인다.
彼の言葉には飾り気がなく、素の優しさがにじみ出ている。,"그의 말에는 꾸밈이 없고, 날것 그대로의 다정함이 배어 나온다."
仕事と家庭、両とも大切にできる生き方を模索している。,"일과 가정, 둘 다 소중히 할 수 있는 삶의 방식을 모색하고 있다."
食道の検査を受けるために、朝から飲食を控えている。,식도 검사를 받기 위해 아침부터 아무것도 먹지 않고 있다.
街頭で募金をしていた学生に、小銭を渡した。,길거리에서 모금하던 학생에게 잔돈을 건넸다.
赤ちゃんの頬は驚くほど柔らかくて、思わず触りたくなる。,아기의 볼은 놀랄 만큼 말랑말랑해서 절로 만지고 싶어진다.
彼は全国大会に出場することになった。,그는 전국 대회에 출전하게 되었다.
人の失敗を指さして嘲笑うような態度は、本当にみっともない。,남의 실패를 손가락질하며 비웃는 태도는 정말 볼썽사납다.
部屋の照明を少し暗く調節したら、一気に落ち着いた雰囲気になった。,방 조명을 조금 어둡게 조절하니 단숨에 차분한 분위기가 되었다.
彼はフリーのライターとして、様々な雑誌に記事を書いている。,그는 프리랜서 라이터로 여러 잡지에 기사를 쓰고 있다.
アルバイトを募集している店を見つけた。,아르바이트를 모집하는 가게를 찾았다.
春の彼岸には、祖父の墓参りに行く。,봄 피안 무렵에는 할아버지 성묘를 간다.
早起き派の同僚は、出社前にすでにジョギングを終えている。,아침형파인 동료는 출근 전에 이미 조깅을 끝내 버린다.
余程疲れていたのか、電車の中で立ったまま眠ってしまった。,상당히 피곤했는지 전철 안에서 선 채로 잠이 들어 버렸다.
天気の予測が外れて、一日中快晴だった。,날씨 예측이 빗나가서 하루 종일 쾌청했다.
この末寺は本山の方針に従って行事を行う。,이 말사는 본산의 방침에 따라 행사를 진행한다.
今晩は冷えるから、上着を持って行きなさい。,오늘 밤은 추우니 겉옷을 챙겨 가렴.
横綱の堂々とした土俵入りに、観客から大きな歓声が上がった。,요코즈나의 당당한 도효이리에 관객들의 큰 환성이 터졌다.
海浜で拾った貝殻を瓶に入れた。,해변에서 주운 조개껍데기를 병에 넣었다.
彼の字は小さいけれど、丁寧で読みやすい。,그의 글씨는 작지만 정갈해서 읽기 쉽다.
グラフは売上の伸びをはっきり示している。,그래프는 매출 증가를 분명히 보여 준다.
この会議の主導権を握るために、周到な準備をしてきた。,이 회의의 주도권을 쥐기 위해 주도면밀한 준비를 해 왔다.
諸の事情を考えると、今回は計画を延期したほうがよさそうだ。,여러 가지 사정을 고려하면 이번에는 계획을 미루는 편이 좋겠다.
次回は必ず勝つと誓って、練習に励んでいる。,다음 회에는 반드시 이기겠다고 맹세하고 연습에 힘쓰고 있다.
静かなピアノのメロディーが、疲れた心をそっと癒してくれる。,잔잔한 피아노 멜로디가 지친 마음을 살며시 치유해 준다.
明日は入院している祖父に面会に行く予定だ。,내일은 입원해 있는 할아버지를 면회하러 갈 예정이다.
昨夜は久しぶりに星空がよく見えて、つい長居をしてしまった。,어젯밤에는 오랜만에 별이 잘 보여서 그만 오래 머물러 버렸다.
一日八時間の睡眠を目安に、生活リズムを整えている。,하루 여덟 시간 수면을 기준으로 생활 리듬을 맞추고 있다.
危険な道はできるだけ避けて通るようにしている。,위험한 길은 될 수 있으면 피해서 다니도록 하고 있다.
この漢字は字画が多くて、書くのに時間がかかる。,이 한자는 획이 많아 쓰는 데 시간이 걸린다.
昔の活字は味があって、眺めているだけで楽しい。,옛 활자는 멋이 있어서 보기만 해도 즐겁다.
この箱には、子どものころから大切にしてきた物が詰まっている。,이 상자에는 어릴 때부터 소중히 해 온 물건들이 가득 들어 있다.
古い写真は、その時代の空気を静かに物語っている。,오래된 사진은 그 시대의 공기를 조용히 말해 준다.
上司の指示どおりに手順を整理して提出した。,상사의 지시대로 절차를 정리해 제출했다.
どうぞ風邪などお召しになりませんよう、ご自愛ください。,"부디 감기 따위 걸리지 않으시길, 몸조심하십시오."
彼の発言は、新たな解決策を示唆していた。,그의 발언은 새로운 해결책을 시사하고 있었다.
目下の課題は、人手不足をどう解消するかという点だ。,당면 과제는 인력 부족을 어떻게 해소하느냐 하는 점이다.
示威行進が始まり、警察が交通を規制した。,시위 행진이 시작되어 경찰이 교통을 통제했다.
雌の猫が子どもたちを守るように、そっと体を丸めて寄り添っている。,암컷 고양이가 새끼들을 지키듯이 몸을 동그랗게 말고 꼭 끌어안고 있다.
モニターの明るさを下げたら、目の疲れが少し楽になった。,모니터 밝기를 낮추었더니 눈의 피로가 조금 줄었다.
母は道で困っている人を見ると、さりげなく小銭を恵む。,엄마는 길에서 곤란해 보이는 사람을 보면 슬그머니 동전을 베풀곤 한다.
工事の終了におおよその目処が立ち、住民もほっとしている。,공사 종료에 대략적인 가닥이 잡혀 주민들도 한숨 돌리고 있다.
彼女はプレゼントに赤いリボンを丁寧に結んだ。,그녀는 선물에 빨간 리본을 정성스럽게 묶었다.
スケートリンクをすいーっと滑る感覚は、何とも言えず爽快だ。,스케이트장을 스으윽 미끄러지는 감각은 뭐라 말할 수 없이 상쾌하다.
電話がつながったので、「もしもし」と声をかけた。,전화를 받자 ‘모시모시’ 하고 인사를 건넸다.
モダンなデザインのカフェは、若者たちの人気スポットになっている。,모던한 디자인의 카페는 젊은이들의 인기 장소가 되고 있다.
平素より格別のご高配を賜り、厚く御礼申し上げます。,평소 각별한 배려를 베풀어 주심에 깊이 감사드립니다.
委員会は専門家に諮問し、報告書をまとめた。,위원회는 전문가에게 자문하고 보고서를 정리했다.
療養のため賜暇を願い出たが、すぐ許可が下りた。,요양을 위해 사가(賜暇)를 청했더니 곧 허가가 났다.
必要なものとして、ペン、ノート、辞書等を持ってきてください。,"필요한 물품으로 펜, 공책, 사전 등은 가져오세요."
飾り気のない素の自分でいられる友だちが一人いる。,꾸밈없는 본연의 나로 있을 수 있는 친구가 한 명 있다.
雌花が先に咲いたので、受粉の時期を調整した。,암꽃이 먼저 피어서 수분 시기를 조절했다.
雌は子を守るため、警戒して周りを見回した。,암컷은 새끼를 지키려고 경계하며 주위를 둘러봤다.
雌犬が子犬を連れて公園を歩いていた。,암캐가 강아지들을 데리고 공원을 걷고 있었다.
間違えて消したファイルを、バックアップから元に戻した。,잘못 지운 파일을 백업에서 원래대로 되돌렸다.
例文を用いて、新しい文法の使い方を説明した。,예문을 사용해서 새로운 문법의 쓰임을 설명했다.
この理論の基となる考え方を、最初に説明しておきます。,이 이론의 바탕이 되는 생각을 먼저 설명해 두겠습니다.
リビングに新しいカーペットを敷いた。,거실에 새 카펫을 깔았다.
精巧な鉄道模型を眺めていると、時間が経つのを忘れてしまう。,정교한 철도 모형을 보고 있으면 시간 가는 줄 모른다.
彼は若くして大きな財を築き上げた。,그는 젊은 나이에 큰 재산을 쌓았다.
彼女はピアノがとても上手だ。,그녀는 피아노를 아주 잘 친다.
ちょっと用事ができたので、先に失礼します。,급한 볼일이 생겨서 먼저 실례하겠습니다.
会議用に資料を三十部コピーした。,회의용 자료를 30부 복사했다.
空港の免税店で、お土産用にお酒を買った。,공항 면세점에서 선물용 술을 샀다.
長距離ドライブの途中で、道路沿いのモーテルに泊まることにした。,장거리 드라이브 도중 도로변 모텔에서 묵기로 했다.
この勝負は雌雄が決するまで、まだ時間がかかる。,이 승부는 자웅이 가려지기까지 아직 시간이 걸린다.
飼料の配合を変えたら、体重が安定した。,사료 배합을 바꾸니 체중이 안정됐다.
この公園の面積は、東京ドーム二個分に相当する。,이 공원의 면적은 도쿄돔 두 개 분량에 해당한다.
図書館で小説を三冊借りてきた。,도서관에서 소설 세 권을 빌려왔다.
この部屋は大通りに面しているので、窓を開けると車の音がよく聞こえる。,이 방은 큰길에 면해 있어서 창문을 열면 차 소리가 잘 들린다.
余計な一言を言ってしまい、場の空気を壊してしまった。,쓸데없는 한마디를 해 버려 분위기를 망쳐 버렸다.
彼は家族への愛を、言葉より行動で示している。,그는 가족에 대한 사랑을 말보다 행동으로 보여 주고 있다.
この仕事には国家資格が求められる。,이 일에는 국가 자격이 요구된다.
この地域は工業が盛んで、大きな工場がいくつも建っている。,이 지역은 공업이 활발해서 큰 공장이 여러 개 지어져 있다.
彼は独学でここまでの学を身につけた。,그는 독학으로 여기까지의 학식을 쌓았다.
来年から英語教育をさらに強化する方針だ。,내년부터 영어 교육을 더욱 강화할 방침이다.
まずは一口だけ、試しに飲んでみて。,"일단 한 모금만, 시험 삼아 마셔 봐."
警察は防犯カメラの映像をもとに、容疑者の足取りを追跡した。,경찰은 방범 카메라 영상을 토대로 용의자의 행적을 추적했다.
悪天候が原因で旅客機が墜落するという悲しい事故が起きた。,악천후로 여객기가 추락하는 안타까운 사고가 있었다.
古い詩歌を読み返すと、季節の匂いが蘇る。,옛 시가를 다시 읽으면 계절의 냄새가 되살아난다.
子供の頃に憧れていた漫画を、全巻まとめて大人買いした。,어린 시절 동경하던 만화책을 전권 한꺼번에 '어른의 구매'를 했다.
雨上がりの路地に、妙な詩情が漂っていた。,비 갠 골목에 묘한 시정이 감돌고 있었다.
船の沈没事故から、長い年月を経て遺留品が引き上げられた。,선박 침몰 사고 후 오랜 세월이 지나 유품들이 인양되었다.
台風で飛んでしまった屋根瓦を修理するために、業者が屋根に上る。,태풍에 날아가 버린 지붕 기와를 수리하기 위해 업자가 지붕에 올라간다.
バーテンダーがシェイカーをしゃかしゃかと振り、カクテルを作る。,바텐더가 쉐이커를 '샤카샤카' 흔들어 칵테일을 만든다.
市民会館で地元の音楽イベントが開かれる。,시민회관에서 지역 음악 행사가 열린다.
昔ながらの塵紙は、今ではほとんど見かけなくなった。,예전 스타일의 휴지는 이제 거의 볼 수 없게 되었다.
子どものいたずらで、部屋がすっかり散らかされてしまった。,아이들의 장난에 방이 완전히 어질러져 버렸다.
彼はアイドルに夢中になり、給料のほとんどを貢いでしまった。,그는 아이돌에 빠져 월급의 대부분을 바쳐 버렸다.
この企画には是非とも参加したいので、資料を送ってください。,이 기획에는 꼭 참여하고 싶으니 자료를 보내 주세요.
町おこしの試みとして、夜市を毎週開くことにした。,마을 활성화의 시도로 매주 야시장을 열기로 했다.
薬を飲み始めてから、大分咳が楽になってきた。,약을 먹기 시작한 뒤로 꽤 기침이 누그러졌다.
海で遊んだ後は、砂だらけの足をよく濯いでから車に乗ろう。,바다에서 논 뒤에는 모래가 잔뜩 묻은 발을 잘 헹구고 차에 타자.
部屋の隅には、細かい塵がうっすら積もっていた。,방 구석에는 고운 먼지가 옅게 쌓여 있었다.
最低賃金が上がり、生活が少し楽になったという声もある。,최저임금이 올라 생활이 조금 나아졌다는 목소리도 있다.
地理の授業で、世界の気候帯について学んだ。,지리 시간에 세계의 기후대에 대해 배웠다.
家の跡を継ぐ嗣子を立てるか、親族で話し合った。,가업을 이을 양자를 들일지 친족끼리 상의했다.
駅前に新しい店舗がオープンした。,역 앞에 새 매장이 오픈했다.
道路工事の看板を散らしてしまわないよう、風対策をしておく。,도로 공사 표지판이 흩어지지 않도록 바람 대비를 해 둔다.
彼の性格は明朗で、一緒にいるとこちらも前向きになれる。,그의 성격은 명랑해서 같이 있으면 나까지 긍정적이 된다.
昨夜の嵐が嘘のように、今日は空が澄み切っている。,어젯밤 폭풍우가 거짓말처럼 오늘은 하늘이 완전히 맑다.
彼の話し方は飾り気がなく、素の人柄がよく伝わってくる。,그의 말투는 꾸밈이 없어서 있는 그대로의 인품이 잘 전해진다.
政治家の失言がメディアで取り上げられ、激しい非難を浴びた。,"정치인의 실언이 미디어에서 다루어져, 거센 비난을 받았다."
引っ越しを機に、いらない用品を思い切って処分した。,이사를 계기로 필요 없는 용품들을 과감히 정리했다.
車のメーターを見たら、ちょうど一万キロを突破していた。,차 계기판을 보니 마침 만 킬로를 막 돌파한 참이었다.
捨てられずに残してきた物には、それぞれ小さな思い出がある。,버리지 못하고 남겨 둔 물건들에는 저마다 작은 추억이 담겨 있다.
ダイエットを始めて七月目で停滞した。,다이어트를 시작한 지 7개월째에 정체됐다.
荷物を乱暴に扱われて、箱がへこんだ。,짐을 거칠게 다뤄서 상자가 찌그러졌다.
彼は嘆息して、机に肘をついた。,그는 한숨을 쉬며 책상에 팔꿈치를 올렸다.
新商品の正式名称は、来週の会議で決定される。,신제품의 정식 명칭은 다음 주 회의에서 결정된다.
今回の失敗の原因を、もっと明確にしておく必要がある。,이번 실패의 원인을 좀 더 명확히 해 둘 필요가 있다.
そんな無茶な頼みごとをされても、さすがに引き受けられない。,그런 무리한 부탁을 받아도 도저히 들어 줄 수는 없다.
問題の原因は明白で、誰の目にも明らかだった。,문제의 원인은 명백해서 누구의 눈에도 뚜렷했다.
日が沈み、街に夜の帳が下りると、建物の明かりが灯り始めた。,"해가 지고 거리에 밤의 장막이 내려앉자, 건물의 불빛이 켜지기 시작했다."
工房では、鍛冶職人が真っ赤に焼けた鉄をハンマーで叩いている。,공방에서는 대장장이가 새빨갛게 달궈진 쇠를 망치로 두드리고 있다.
飲みすぎて部屋を無茶苦茶にしてしまい、翌朝ひどく後悔した。,술을 너무 마셔 방을 엉망진창으로 만들어 버려 다음 날 크게 후회했다.
これは一点物の代物で、同じものはない。,이건 단 하나뿐인 물건이라 같은 건 없다.
文法的にはこの単語は名詞として使われている。,문법적으로 이 단어는 명사로 쓰이고 있다.
あと一歩のところで負けてしまい、無念の表情を隠せなかった。,한 발자국 남기고 져 버려서 통한의 표정을 감추지 못했다.
これは単なる偶然だという人もいれば、迷信だと笑う人もいる。,이걸 단순한 우연이라 하는 사람도 있고 미신이라며 웃어넘기는 사람도 있다.
夏になると庭の木が茂って、日陰ができる。,여름이 되면 정원의 나무가 우거져 그늘이 생긴다.
最初に浮かんだ直感を、あとでデータで確かめてみる。,처음 떠오른 직감을 나중에 데이터로 확인해 본다.
この結びが緩むと荷物がほどけてしまうので、もう一度しっかり締めておこう。,이 매듭이 풀리면 짐이 흩어지니 한 번 더 꽉 묶어 두자.
友人の家に無断で押しかけるのは、さすがに失礼だ。,친구 집에 무단으로 들이닥치는 건 아무래도 실례다.
拙速な法改正案に世論の反発が高まるのは、十分な説明が尽くされていないからだ。,졸속 법 개정안에 여론의 반발이 높아지는 것은 충분한 설명이 이루어지지 않았기 때문이다.
この値段でこの味なら、十分満足だ。,이 가격에 이 맛이면 충분히 만족이다.
今夜は満月だから、川面が銀色に光っている。,오늘은 보름달이라 강물 표면이 은빛으로 빛난다.
春になると、各メーカーからニューモデルの家電が続々と発売される。,봄이 되면 각 제조사에서 신형 가전제품이 잇달아 발매된다.
真綿に包まれるような静けさの部屋だった。,진솜에 감싸인 듯한 고요한 방이었다.
休日は家で映画を見たり、本を読んだりしてリラックスする。,"휴일은 집에서 영화를 보거나, 책을 읽거나 하며 휴식한다."
うそを重ねて、結局自分で墓穴を掘った。,거짓말을 거듭하다 결국 스스로 무덤을 팠다(자멸했다).
今の仕事を辞めるか迷っている。,지금 일을 그만둘지 고민하고 있다.
著者はあとがきで、この物語を書いたきっかけを語っている。,저자는 맺음말에서 이 이야기를 쓰게 된 계기를 말하고 있다.
将来のために少しずつ貯蓄を増やしておくことが大切だ。,미래를 위해 조금씩 저축을 늘려 두는 것이 중요하다.
地震の直後は、エレベーターを使わず階段で避難してください。,지진 직후에는 엘리베이터를 쓰지 말고 계단으로 대피해 주세요.
この充電器は交流も直流も両方に対応している。,이 충전기는 교류와 직류 둘 다에 대응한다.
この倉庫には非常用の食料が長期貯蔵されている。,이 창고에는 비상용 식량이 장기 저장되어 있다.
困っている人への慈悲を忘れない。,곤란한 사람에 대한 자비를 잊지 않는다.
この道路は、町の中心部を一直線に貫く直線だ。,이 도로는 마을 중심부를 일직선으로 관통하는 직선이다.
試験の直前になって、ようやく本気で勉強し始めた。,시험 바로 직전에야 비로소 제대로 공부를 시작했다.
そのアイドルは若者から絶大な支持を得ており、影響力は計り知れない。,"그 아이돌은 젊은이들에게 절대적인 지지를 얻고 있어, 영향력은 헤아릴 수 없다."
実験では分銅を使って、はかりの誤差を確認した。,실험에서는 분동을 사용해 저울의 오차를 확인했다.
城の周囲には、かつてこの国王の領地が広がっていた。,성 주변에는 한때 이 국왕의 영지가 넓게 펼쳐져 있었다.
この店は祖父の代から続く老舗の和菓子屋だ。,이 가게는 할아버지 대부터 이어져 온 노포 화과자점이다.
仕事のストレスが溜まったときは、意識して体を動かすようにしている。,업무 스트레스가 쌓일 때는 일부러 몸을 움직이려 한다.
大人としての分別をわきまえて発言したい。,어른으로서의 분별을 갖추고 발언하고 싶다.
冬の朝、山の向こうから透き通るような青空が広がっていった。,"겨울 아침, 산 너머로 투명할 듯한 푸른 하늘이 펼쳐졌다."
朝の清掃の時間に、生徒たちが教室を手分けしてきれいにした。,아침 청소 시간에 학생들이 교실을 나누어 맡아 깨끗이 치웠다.
その団体は慈善活動を続けている。,그 단체는 자선 활동을 계속하고 있다.
台風の暴風圏に入ったため、外は猛烈な雨と風が吹き荒れている。,"태풍의 폭풍 권역에 들어갔기 때문에, 밖은 맹렬한 비바람이 몰아치고 있다."
運動後は水分をこまめに補給してください。,운동 후에는 수분을 자주 보충하세요.
家臣は夜明けに城へ出仕した。,가신은 새벽에 성으로 출근(출사)했다.
給仕が料理を静かに運んできた。,급사가 요리를 조용히 가져왔다.
採点は公平に行われるべきだ。,채점은 공평하게 이루어져야 한다.
相手の立場を考えれば、その発言が良識を欠いていると分かるはずだ。,상대 입장을 생각해 보면 그 발언이 상식을 벗어난 것임을 알 수 있을 것이다.
今夜は友達の家に泊まるから、連絡しておくね。,오늘 밤은 친구 집에서 잘 거라서 연락해둘게.
大学一年のとき、友だちと同じ寮で暮らしていた。,대학교 1학년 때 친구와 같은 기숙사에서 지냈다.
この習慣を持続できたら自信になる。,이 습관을 지속할 수 있다면 자신감이 생긴다.
人手不足によるサービス低下が、店の評判を下げている。,인력 부족으로 인한 서비스 저하가 가게 평판을 떨어뜨리고 있다.
この国には多くの移民が暮らしている。,이 나라에는 많은 이민자들이 살고 있다.
争いが終わり、町に平和が戻った。,다툼이 끝나고 마을에 평화가 돌아왔다.
吉報が届くのを待ちわびて、家族全員が電話の前に集まっていた。,희소식이 닿기를 애타게 기다리며 가족 전원이 전화기 앞에 모여 있었다.
カレンダーには七曜が記され、日々のリズムを作っている。,달력에는 칠요(월화수목금토일)가 적혀 있어 하루하루의 리듬을 만들고 있다.
重い荷物を持つと肩がこる。,무거운 짐을 들면 어깨가 뭉친다.
推しのライブ映像を見て、思わず興奮して声が出た。,최애 라이브 영상을 보고 무심코 흥분해서 소리가 나왔다.
泥だらけになった靴を、ホースの水でよく濯いだ。,진흙투성이가 된 신발을 호스로 잘 헹궜다.
この図は平面で考えると簡単に説明できる。,이 도식은 평면으로 생각하면 쉽게 설명할 수 있다.
彼は研究を続ける一方で、大学で教鞭もとっている。,그는 연구를 계속하는 한편 대학에서 강의도 하고 있다.
今日は仕事が山ほどある。,오늘은 일이 산더미다.
このシリーズは全編を通して、家族の絆が描かれている。,이 시리즈는 전편에 걸쳐 가족의 유대가 그려져 있다.
人気アイドルの登場により、駅前にはあっという間に巨大な人垣ができた。,"인기 아이돌의 등장으로 인해, 역 앞에는 순식간에 거대한 인파(사람 담장)가 생겼다."
寝惚けて歯磨き粉と洗顔料を間違えてしまい、朝から大騒ぎになった。,잠이 덜 깨서 치약과 세안제를 착각하는 바람에 아침부터 난리가 났다.
稲妻が夜空を真っ白に照らした。,번개가 밤하늘을 하얗게 비췄다.
すべての人が平等に扱われる社会を目指す。,모든 사람이 평등하게 대우받는 사회를 지향한다.
大雨のあとで、町の景色が一変してしまった。,큰비가 내린 뒤로 마을 풍경이 완전히 달라져 버렸다.
祖父の家には、今でも昔ながらの井戸が残っている。,할아버지 집에는 지금도 예전 그대로의 우물이 남아 있다.
正月に氏神へ参拝した。,설(정월)에 마을 수호신(씨가미)에게 참배했다.
映画の粗筋だけ聞いても、あまり面白さは伝わってこない。,영화의 줄거리만 들어서는 그다지 재미가 전해지지 않는다.
祭りの夜、占いの屋台に行列ができていた。,축제 밤에 점집 포장마차에 줄이 섰다.
小さな歩みを積み重ねれば夢に近づく。,작은 걸음을 쌓아가면 꿈에 가까워진다.
資料には姓氏だけが残っていた。,자료에는 성씨만 남아 있었다.
窓から差し込む光に、クモの網がきらきらと輝いていた。,창으로 들어온 빛에 거미줄이 반짝반짝 빛나고 있었다.
老舗旅館の跡継ぎとして、彼は小さいころから育てられてきた。,노포 여관의 후계자로서 그는 어릴 때부터 길러져 왔다.
希少動物を保護する施設を訪ねた。,희귀 동물을 보호하는 시설을 방문했다.
燕尾服を着た指揮者が、タクトを振ってオーケストラを導く。,"연미복을 입은 지휘자가, 지휘봉을 휘둘러 오케스트라를 이끈다."
このカレーは甘口なので、辛い物が苦手な人でも食べやすい。,이 카레는 단맛 위주라 매운 걸 못 먹는 사람도 먹기 쉽다.
梅雨の時期には、折りたたみ傘などの雨具を常に持ち歩いている。,장마철에는 접이식 우산 같은 우비를 늘 가지고 다닌다.
関係者によると、某氏が仲介したという。,"관계자에 따르면, 모 씨가 중개했다고 한다."
彼は父の背中を追って同じ道を歩む。,그는 아버지의 등을 따라 같은 길을 걷는다.
この道は行き止まりなので戻ろう。,이 길은 막다른 길이니 돌아가자.
彼は酔うとすぐ暴れだすので、一緒に飲みに行きたくない。,그는 술만 마시면 금방 날뛰어서 같이 술 마시고 싶지 않다.
自分の未熟さを痛感した瞬間が、成長のきっかけになる。,자신의 미숙함을 뼈저리게 느낀 순간이 성장의 계기가 된다.
会葬のお礼状を一通ずつ丁寧に書いた。,조문 답례 편지를 한 통 한 통 정성껏 썼다.
通常はメールで連絡しますが、急ぎの用件は電話をしてください。,보통은 메일로 연락하지만 급한 용무는 전화로 해 주세요.
無理なスケジュールのせいで、体調がどんどん悪化していった。,무리한 일정 때문에 몸 상태가 점점 악화되었다.
舞台化粧で眉墨を濃く引いた。,무대 분장으로 눈썹먹을 진하게 그렸다。
高校時代は、毎日電車で通学していた。,고등학생 때는 매일 전철로 통학했다.
急に電車が止まってしまった。,갑자기 전철이 멈춰 버렸다.
明け方の空が少しずつ白んでいき、鳥のさえずりが聞こえ始めた。,새벽녘 하늘이 서서히 희어지며 새소리가 들리기 시작했다.
強風のためイベントは中止となった。,강풍 때문에 행사는 중지(취소)되었다.
人の失敗を指さして嘲笑うような態度は、決して褒められたものではない。,남의 실패를 손가락질하며 비웃는 태도는 결코 칭찬받을 만한 것이 아니다.
子は親の背中を見て育つ。,아이(자식)는 부모의 등을 보고 자란다.
年子の兄弟は服のサイズがすぐ変わる。,연년생 형제는 옷 사이즈가 금방 바뀐다.
彼女に上目でじっと見つめられて、思わず目をそらしてしまった。,그녀에게 눈을 치켜뜬 채 뚫어지게 바라보여서 무심코 눈을 피하고 말았다.
子供には道徳を教える必要がある。,아이에게는 도덕을 가르칠 필요가 있다.
此の世には、理屈では説明できないことも少なくない。,이 세상에는 이치로 설명할 수 없는 일도 적지 않다.
この政策は若者の支持を集めた。,이 정책은 젊은 층의 지지를 모았다.
捕虜の扱いは国際法で定められている。,포로의 처우는 국제법으로 정해져 있다.
先ほどの発言については、某から正式な謝罪があるはずだ。,아까 발언에 대해서는 모 씨로부터 정식 사과가 있을 것이다.
動画を静止してナンバーを確認した。,영상을 정지해 번호를 확인했다.
あと一歩で溺れ死にするところを、通りがかった人に助けられた。,한 발만 더 잘못했으면 익사할 뻔했는데 지나가던 사람에게 구조되었다.
細面の女優が、静かに微笑んだ。,갸름한 얼굴의 여배우가 조용히 미소 지었다.
アジア各国を巡るバックパッカーの旅に出たいと考えている。,아시아 여러 나라를 도는 배낭여행을 떠나고 싶다고 생각하고 있다.
神の遣いだと言われる白い狐の像が、神社の入り口に並んでいる。,신의 사자라 불리는 흰 여우 석상이 신사 입구에 줄지어 서 있다.
今夜は港町の小さな宿に止宿する。,오늘 밤은 항구 마을의 작은 숙소에 묵는다.
週末は海で潛水の練習をした。,주말에 바다에서 잠수 연습을 했다.
紳士的な態度で対応した。,신사적인 태도로 대응했다.
彼には潜在的なリーダーシップがある。,그에게는 잠재적인 리더십이 있다.
出張の宿泊費は、申請すれば免除される。,출장 숙박비는 신청하면 면제된다.
日差しが強いので帽子をかぶった。,햇볕이 강해서 모자를 썼다.
写真を見たら、懐かしい面影がふっとよみがえった。,사진을 보니 그리운 모습이 문득 떠올랐다.
月曜日の朝会では、校長先生が全校生徒に向けて挨拶をした。,월요일 아침 조회에서는 교장 선생님이 전교생을 향해 인사를 했다.
丘の上に広がる色とりどりの花畑は、まるで絵画のような美しさだ。,언덕 위에 펼쳐진 형형색색의 꽃밭은 마치 그림 같은 아름다움이다.
巣の中で待つ雛たちのために、親鳥が餌を運んで戻ってきた。,둥지에서 기다리는 새끼들을 위해 어미 새가 먹이를 날라 돌아왔다.
軽いけがで済んで、重傷は免れた。,가벼운 부상으로 끝나 중상은 면했다.
夏祭りで扇子をあおいだ。,여름 축제에서 부채질을 했다.
子孫にこの家を残したい。,자손에게 이 집을 남기고 싶다.
久しぶりに先生と面会して、近況を報告した。,오랜만에 선생님을 면회하고 근황을 보고했다.
彼は面長で、眼鏡がよく似合う。,그는 얼굴이 길어서 안경이 잘 어울린다.
三味線の撥を握る手に、長年の稽古の跡が刻まれている。,샤미센의 채를 쥔 손에는 오랜 연습의 흔적이 새겨져 있다.
士官候補生として訓練を受ける。,장교 후보생으로서 훈련을 받는다.
家庭の所得によって子どもの学の機会が左右される社会であってはならない。,가정의 소득에 따라 아이의 배움의 기회가 좌우되는 사회여서는 안 된다.
今日の締め切りは大変だから、手伝ってくれる？,오늘 마감은 힘드니까 도와줄래?
この情報は極秘扱いなので、決して外部に漏らしてはならない。,이 정보는 극비 취급이므로 절대 외부로 새어나가면 안 된다.
プロジェクトの進捗状況を共有するため、週次のミーティングを行っている。,프로젝트 진척 상황을 공유하기 위해 주간 회의를 진행하고 있다.
武士は名誉を重んじた。,무사는 명예를 중시했다.
熱が高いので、おでこに冷えピタを貼って様子を見ることにした。,열이 높아서 이마에 히에피타를 붙이고 경과를 보기로 했다.
転んででこをぶつけたが、大きなたんこぶだけで済んだ。,넘어져서 이마를 부딪혔지만 큰 혹만 생기고 말았다.
昔のモデムは、数千ボー程度の低速で通信していた。,옛날 모뎀은 수천 보 정도의 저속으로 통신하고 있었다.
季節が変わると、空の色まで変わる気がする。,계절이 바뀌면 하늘색까지 바뀌는 것 같다.
伊豆の踊り子は、旅芸人の一行と共に天城峠を越えていった。,이즈의 무희는 유랑 극단 일행과 함께 아마기 고개를 넘어가고 있었다.
神の遣いのような不思議な鳥が、屋根の上にとまっていた。,신의 사자 같은 신비한 새가 지붕 위에 내려앉아 있었다.
化繊のジャケットは雨でも乾きやすい。,화섬 재킷은 비가 와도 잘 마른다.
雨が降り止むのを待ってから、外に買い物に出かけた。,비가 그치기를 기다렸다가 밖으로 장을 보러 나갔다.
暫時お待ちください。,잠시만 기다려 주세요.
来週の予定を確認するために、手帳のカレンダーをめくった。,다음 주 일정을 확인하기 위해 수첩의 달력을 넘겼다.
手順を守れば再現は完全にできる。,절차를 지키면 재현을 완전히 할 수 있다.
荷物の嵩が増えてしまったので、大きな旅行鞄を買い足すことにした。,짐의 부피가 늘어나 버려서 큰 여행용 가방을 추가로 사기로 했다.
暫定の予算案が国会で審議された。,잠정 예산안이 국회에서 심의되었다.
転んだ拍子に骨を強く打ってしまい、しばらく立ち上がれなかった。,넘어지는 바람에 뼈를 심하게 부딪혀 한동안 일어나지 못했다.
寒い夜には、屋台のおでんが恋しくなる。,추운 밤이면 포장마차 오뎅이 그리워진다.
庭で飼っている猫が三匹、一列になって日向ぼっこをしている。,마당에서 기르는 고양이 세 마리가 한 줄로 햇볕을 쬐고 있다.
銀座四丁目の交差点は、日本で最も地価が高い場所の一つだ。,긴자 4초메 교차로는 일본에서 가장 땅값이 비싼 장소 중 하나다.
彼女は雨の中、約束の場所へ赴いた。,그녀는 비 오는 가운데 약속 장소로 향했다.
一太刀で竹を斬った。,한 번의 베기로 대나무를 베었다.
新しいカメラは発色が鮮明だ。,새 카메라는 색 표현이 선명하다.
留年が決まり、彼はもう一年同じ授業を受けることになった。,유급이 결정되어 그는 한 해 더 같은 수업을 듣게 되었다.
ちょっとしたことで苛立ちが募り、自分でも嫌になる。,사소한 일에도 짜증이 쌓여서 스스로도 싫어진다.
子どもの好き嫌いをなくすのは大変だ。,아이의 편식(좋고 싫음)을 없애는 것은 힘들다.
彼は婉曲な言い方で反対の意思を伝えた。,그는 완곡한 표현으로 반대 의사를 전했다.
小さな変化に気づける人は、仕事が早い。,작은 변화를 알아차리는 사람은 일이 빠르다.
多くの市民が声明に賛同した。,많은 시민이 성명에 동의했다.
先輩に倣って、毎朝ストレッチを続けている。,선배를 본받아 매일 아침 스트레칭을 계속하고 있다.
この地域一帯は、春になると菜の花で真っ黄色に染まる。,이 지역 일대는 봄이 되면 유채꽃으로 노랗게 물든다.
検査で野菜の残留農薬が基準値を下回った。,검사에서 채소의 잔류 농약이 기준치 미만이었다.
沿線の住民から騒音の苦情が出ている。,선로 주변 주민들로부터 소음 민원이 나오고 있다.
弱い者を蔑むような態度は、どこでも嫌われる。,약한 사람을 업신여기는 태도는 어디서나 미움받는다.
あの時の仕返しをするより、距離を置いた方がいい。,그때의 복수(되갚음)를 하기보다 거리를 두는 게 낫다.
失敗を笑うのは軽蔑ではなく、励ましにしたい。,실패를 웃는 건 경멸이 아니라 격려로 하고 싶다.
猫が素早い動きで獲物を捕まえた。,고양이가 재빠른 움직임으로 먹잇감을 잡았다.
この事件には、一連の不審な出来事が関係している。,이 사건에는 일련의 수상한 사건들이 얽혀 있다.
彼は若くして、一流レストランのシェフになった。,그는 젊은 나이에 일류 레스토랑의 셰프가 되었다.
餅屋の勧める道具は、やっぱり使いやすい。,떡집(전문가)이 권하는 도구는 역시 쓰기 편하다.
チーム内の摩擦を減らすため、役割分担を見直した。,팀 내 마찰을 줄이기 위해 역할 분담을 재검토했다.
一々人の言葉に腹を立てていては、心が持たない。,일일이 남의 말에 화를 내다 보면 마음이 지치고 만다.
雨で道路は一面銀色に光っていた。,비 때문에 도로 전체가 은빛으로 반짝이고 있었다.
包丁の柄が滑って、指を切りそうになった。,칼자루가 미끄러져 손가락을 베일 뻔했다.
寒い冬の日には、薄手のシャツを何枚も重ね着して寒さを防ぐ。,"추운 겨울날에는, 얇은 셔츠를 몇 장이고 겹쳐 입어 추위를 막는다."
家の横に車庫を増築することにした。,집 옆에 차고를 증축하기로 했다.
彼は一心にピアノの鍵盤を見つめ、ミスなく弾き切った。,그는 일심으로 피아노 건반을 바라보며 한 치의 실수도 없이 끝까지 연주했다.
都会から地方へ移住する若い家族が増えている。,도시에서 지방으로 이주하는 젊은 가족이 늘고 있다.
この道は駅から会社までに至る一番近いルートだ。,이 길은 역에서 회사에 이르는 가장 가까운 길이다.
機械に異常が出た場合は、すぐに運転を停止してください。,기계에 이상이 생기면 즉시 운전을 정지해 주세요.
縁側で日向ぼっこをしながら、祖父と碁を打つのが日課だ。,"툇마루에서 볕을 쬐며, 조부와 바둑을 두는 것이 일과다."
花畑で蜜蜂が羽音を立て、花粉を集めていた。,꽃밭에서 꿀벌이 날갯짓 소리를 내며 꽃가루를 모으고 있었다.
不満が爆発し、若者たちが蜂起したというニュースが流れた。,불만이 폭발해 젊은이들이 봉기했다는 뉴스가 흘러나왔다.
季節に合った衣を選ぶことは、体調管理にもつながる。,계절에 맞는 옷을 고르는 것은 건강 관리에도 이어진다.
山の中から湧き出る泉の水は、驚くほど冷たくて澄んでいた。,산속에서 솟아나는 샘물은 놀랄 만큼 차고 맑았다.
山の向こうで雷鳴がとどろき、空が光った。,산 너머에서 천둥이 울리고 하늘이 번쩍였다.
如何に優れた計画でも、実行されなければ意味がない。,아무리 뛰어난 계획이라도 실행되지 않으면 의미가 없다.
幾多の失敗を乗り越えて、ようやく夢を叶えることができた。,수많은 실패를 넘어 마침내 꿈을 이룰 수 있었다.
弱い立場の人を苛めるようなことは絶対にしてはいけない。,약한 사람을 괴롭히는 행동은 절대로 해서는 안 된다.
森で聞いた鳴き声が、図鑑のページと一致した。,숲에서 들은 울음소리가 도감의 페이지와 일치했다.
角を曲がった瞬間が死角で、自転車が見えなかった。,모퉁이를 도는 순간이 사각지대라 자전거가 보이지 않았다.
運転免許を更新するために、写真を撮った。,운전면허를 갱신하려고 사진을 찍었다.
留学するかどうかは、本人の意思を最優先にして決めるべきだ。,유학 여부는 본인의 의사를 최우선으로 두고 정해야 한다.
朝方に鳥が鳴く声で目が覚めた。,새가 우는 소리에 새벽에 깼다.
彼らの演奏は観客を魅了した。,그들의 연주는 관객을 매료시켰다.
古い町並みが滅びる前に、写真で記録しておこう。,오래된 거리 풍경이 사라지기 전에 사진으로 남기자.
舞台袖で深呼吸して、照明の合図を待った。,무대 옆에서 심호흡하며 조명의 신호를 기다렸다.
彼の言葉には、これからの展開を暗示するような含みがあった。,그의 말에는 앞으로 전개를 암시하는 듯한 뉘앙스가 있었다.
対象者には一時金が給付される見込みだ。,대상자에게 일시금이 지급될 전망이다.
アンケートに答えてくれた人に、粗品をプレゼントしている。,설문에 응답한 사람에게는 작은 답례품을 드리고 있다.
今回の提案の趣旨は、現場の負担を減らすことだ。,이번 제안의 취지는 현장의 부담을 줄이는 것이다.
夫婦で家計を見直して、無理のない予算にした。,부부가 함께 가계를 다시 점검해 무리 없는 예산으로 했다.
凡夫の私には、その境地はまだ遠い。,평범한 나로서는 그 경지에 아직 멀다.
港の競り市では、威勢のいい声が飛び交っていた。,항구 경매시장에서는 기세 좋은 목소리가 오가고 있었다.
要人の暗殺を企てたグループが、未然に逮捕された。,요인의 암살을 꾀한 집단이 사전에 검거되었다.
矢印の方向に進めば、出口に着きます。,화살표 방향으로 가면 출구에 도착합니다.
負けっぱなしは悔しいから、次こそ一矢を報いる。,"계속 지기만 하는 건 분해서, 다음엔 꼭 한 방 되갚겠다."
工夫次第で、狭い部屋でも広く見せられる。,궁리하기에 따라 좁은 방도 넓어 보이게 할 수 있다.
約束を破った負い目があって、連絡しづらい。,약속을 어긴 죄책감이 있어 연락하기 어렵다.
舞踏会の招待状が届き、彼女はドレス選びに胸を躍らせた。,무도회 초대장이 도착하자 그녀는 드레스 고르기에 설렜다.
乾燥した風で肌が荒れる季節には、こまめな保湿が欠かせない。,건조한 바람에 피부가 거칠어지는 계절엔 자주 보습을 해줘야 한다.
グラスの中で泡がはじける音が、静かな夜に心地よく響いた。,잔 속에서 거품이 터지는 소리가 고요한 밤에 기분 좋게 울렸다.
クッキーは一人四つまでだよ。,쿠키는 1인당 네 개까지야.
駅でエスカレーターを乗り継いでホームに向かった。,역에서 에스컬레이터를 갈아타며 승강장으로 향했다.
この都市は夜景が有名で、橋からの眺めが最高だ。,이 도시는 야경이 유명해서 다리에서 보는 경치가 최고다.
被災地へ寄附するために、募金箱に入れた。,피해 지역에 기부하려고 모금함에 넣었다.
彼女はいつもエレガントな服装をしている。,그녀는 항상 우아한 옷차림을 하고 있다.
この新聞は英字だけで書かれている。,이 신문은 영문자로만 쓰여 있다.
彼は英文を辞書なしで読める。,그는 영어 문장을 사전 없이 읽을 수 있다.
この建物は外観は古いが中はとても現代的だ。,이 건물은 외관은 오래됐지만 안은 매우 현대적이다.
浮気が原因で二人は別れてしまった。,바람피운 것이 원인이 되어 둘은 헤어지고 말았다.
会議は四人だけで、短時間で結論が出た。,"회의는 네 명만 해서, 짧은 시간에 결론이 났다."
四十七士の物語を読むと、忠義の重さに息をのむ。,사십칠사의 이야기를 읽으면 충의의 무게에 숨이 막힌다.
上質な絹糸で織られた着物は、光沢があり肌触りも滑らかだ。,"상질의 명주실로 짜인 기모노는, 광택이 있고 감촉도 매끄럽다."
古代の天皇の陵は、静かな森の中に厳かに佇んでいる。,"고대 천황의 능은, 조용한 숲속에 엄숙하게 자리 잡고 있다."
風邪の予防のために、帰宅後は必ず嗽薬を使う。,"감기 예방을 위해, 귀가 후에는 반드시 가글 약을 사용한다."
この店の一番の売りは自家製ケーキだ。,이 가게의 가장 큰 강점은 수제 케이크다.
急な夕立で、コンビニで雨傘を買った。,"갑작스런 소나기 때문에, 편의점에서 비우산을 샀다."
感染の分布を地図で確認すると、地域差が見える。,감염 분포를 지도에서 확인하면 지역 차이가 보인다.
このカメラは定評のあるモデルで、初心者にも使いやすい。,이 카메라는 정평 있는 모델이라 초보자도 쓰기 쉽다.
四季の移ろいが感じられる庭は、何度見ても飽きない。,사계절의 변화를 느낄 수 있는 정원은 몇 번 봐도 질리지 않는다.
地域のボランティアがこの図書館を運営している。,지역 자원봉사자들이 이 도서관을 운영하고 있다.
古い町並みには独特の風情があり、写真を撮りたくなる。,오래된 거리에는 독특한 풍취가 있어 사진을 찍고 싶어진다.
経費の内訳を詳しく説明してください。,경비 내역을 자세히 설명해 주세요.
彼は裏口からそっと出て行った。,그는 뒷문으로 살짝 나갔다.
占い師に明日の運勢を占ってもらった。,점쟁이에게 내일 운세를 봐 달라고 했다.
彼は大阪支社に移ることになった。,그는 오사카 지사로 옮기게 되었다.
彼はその噂をすぐに打ち消した。,그는 그 소문을 바로 부인했다.
出張の準備にはパスポートが必要だ。,출장 준비에는 여권이 필요하다.
彼は静かに頷いて賛成の意思を示した。,그는 조용히 고개를 끄덕이며 찬성 의사를 밝혔다.
貧乏でも、笑って夕飯を作れる家が好きだ。,가난해도 웃으며 저녁을 만들 수 있는 집이 좋다.
ジュースが甘すぎるので、水で薄めて飲んだ。,주스가 너무 달아서 물을 타서 마셨다.
案内が早まり、すぐに搭乗した。,안내가 빨라져 바로 탑승했다。
彼は一年生のクラスを受け持つことになった。,그는 1학년 반을 맡게 되었다.
必ず連絡すると言ったのに、返事がない。,반드시 연락하겠다고 했는데 답이 없다.
その写真にはみんなの笑顔がきれいに写っている。,그 사진에는 모두의 웃는 얼굴이 잘 찍혀 있다.
叱られて彼は黙って俯いた。,혼나고 그는 말없이 고개를 숙였다.
子どもの才能を伸ばすには、失敗できる環境が必要だ。,아이의 재능을 키우려면 실패할 수 있는 환경이 필요하다.
出航30分前までに乗船手続きを済ませてください。,출항 30분 전까지 승선 절차를 마쳐 주세요.
相手を負かすより、自分に勝ちたい。,상대를 이기는 것보다 자신을 이기고 싶다.
彼はちょっと皮肉なインテリという感じだ。,그는 약간 비꼬는 느낌의 인텔리 같다.
この窓口で書類を受け付けています。,이 창구에서 서류를 접수하고 있습니다.
大船に乗ったつもりで任せてください。,큰 배를 탄 것처럼 안심하고 맡겨 주세요.
この城跡の歴史を知ると、景色の見え方が変わる。,이 성터의 역사를 알면 풍경이 달라 보인다.
史学の入門ゼミで、史料の読み方から鍛えられた。,사학 입문 세미나에서 사료 읽는 법부터 단련받았다.
ベランダの菜園で、バジルが育っている。,베란다 텃밭에서 바질이 자라고 있다.
最近は菜食にして、体が軽い。,요즘은 채식으로 해서 몸이 가볍다.
小さな船が川をゆっくり下っていく。,작은 배가 강을 천천히 내려간다.
毎日練習したおかげでピアノがかなり上達した。,매일 연습한 덕분에 피아노가 꽤 많이 늘었다.
彼はインターナショナルな大会に出場する。,그는 국제 대회에 출전한다.
零細企業でも、工夫次第で伸びる。,영세기업도 궁리하기에 따라 성장한다.
条件付きで契約を承諾した。,조건부로 계약을 승낙했다.
彼は細かだが、約束は必ず守る。,그는 꼼꼼하지만 약속은 반드시 지킨다.
方針に背いて独断で進めるのは危ない。,방침을 어기고 독단으로 진행하는 건 위험하다.
申込方法の詳細は、公式サイトにあります。,신청 방법의 상세는 공식 사이트에 있습니다.
語彙の乏しさを痛感して、毎日読書を始めた。,어휘의 빈약함을 절감하고 매일 독서를 시작했다.
今日は特別に早く店を閉めます。,오늘은 특별히 일찍 가게를 닫습니다.
教会に響くオルガンの音が心にしみた。,교회에 울려 퍼지는 오르간 소리가 마음에 와 닿았다.
母は料理が細かいところまで丁寧だ。,엄마는 요리가 세세한 데까지 정성스럽다.
仕事帰りに一杯だけ飲んで帰ろう。,퇴근길에 한 잔만 마시고 가자.
今日の負けは悔しいが、学びも多い。,오늘의 패배는 분하지만 배운 것도 많다.
彼には一生かけても返しきれない恩がある。,그에게는 평생 갚아도 다 못 갚을 은혜가 있다.
三つの山頂を一日で制覇した。,세 개의 정상 정복을 하루 만에 해냈다.
夜道は心細いから、一緒に帰ろう。,밤길은 불안하니까 같이 가자.
板の反りを直すために重しを乗せた。,판자의 휨(반리)을 고치려고 무게추를 올렸다.
この地域は一年中気候が温暖だ。,이 지역은 일 년 내내 기후가 온난하다.
夏の祭りで、浴衣姿が並んだ。,여름 축제에서 유카타 차림이 늘어섰다.
神事の前に潔斎を済ませ、心を整えた。,신사 의식 전에 결재를 마치고 마음을 가다듬었다.
この街には古い趣のある建物が多い。,이 도시에는 옛 정취가 있는 건물이 많다.
童話の中の王子はいつも勇敢で優しい。,동화 속 왕자는 언제나 용감하고 상냥하다.
道端の草花を一輪だけ摘んで、花瓶に挿した。,길가의 들꽃을 한 송이만 꺾어 꽃병에 꽂았다.
彼の集中力は無比で、周りが驚いた。,그의 집중력은 비할 데 없어 주변이 놀랐다.
睡眠不足は健康に悪い影響を及ぼす。,수면 부족은 건강에 나쁜 영향을 미친다.
彼は自分は才能がないと勝手に思い込んでいる。,그는 자신에게 재능이 없다고 제멋대로 믿고 있다.
思い掛けるところで昔の友人に出会った。,뜻밖의 곳에서 옛 친구를 만났다.
この調査は主に若者を対象として行われた。,이 조사는 주로 젊은 층을 대상으로 실시되었다.
祖父の写真を仏壇に祭る。,할아버지 사진을 불단에 모신다.
玄関に小さな盆栽を飾った。,현관에 작은 분재를 장식했다.
斎場で静かに焼香の列に並んだ。,장례식장(재장)에서 조용히 분향 줄에 섰다.
思い掛けるところから連絡が来て驚いた。,뜻밖의 곳에서 연락이 와서 놀랐다.
そのアイデアはベリーグッドだね、早速プロジェクトに取り入れよう。,"그 아이디어는 아주 좋은데, 당장 프로젝트에 반영하자."
彼は拳を振り上げて相手を脅した。,그는 주먹을 치켜들고 상대를 위협했다.
今日は五目飯にして、具だくさんにした。,오늘은 오목밥으로 해서 재료를 듬뿍 넣었다.
彼は面接でおどおどしてうまく話せなかった。,그는 면접에서 주눅이 들어 제대로 말하지 못했다.
経済が冷え込むと、外食が減る。,경제가 얼어붙으면 외식이 줄어든다.
御飯が冷めないうちに、いただきましょう。,밥이 식기 전에 먹읍시다.
祖父は庭でトマトを栽培している。,할아버지는 마당에서 토마토를 재배하고 있다.
駅で落とし物の財布が届けられた。,역에 분실된 지갑이 접수되었다.
道路工事で砕石を敷き詰めていた。,도로 공사에서 쇄석을 깔고 있었다.
文化祭の準備で教室が忙しい。,문화제 준비로 교실이 분주하다.
駄菓子屋でお菓子を買ったら御負けをくれた。,불량식품 가게에서 과자를 샀더니 덤을 줬다.
裁判所での聴聞に備えて、証拠を整理した。,법원 심리에 대비해 증거를 정리했다.
一昨年、この町に引っ越してきた。,재작년에 이 마을로 이사 왔다.
落としたグラスが床で砕けて、皆が黙った。,떨어뜨린 유리잔이 바닥에서 산산이 깨져 모두가 조용해졌다.
窓辺の彩りが、部屋の雰囲気を変えた。,창가의 색감이 방 분위기를 바꿨다.
母は一晩中、熱を出した子どもを看病した。,어머니는 밤새 열이 난 아이를 간호했다.
褒めすぎると子どもを煽てるだけになる。,너무 칭찬하면 아이를 부추기기만 하게 된다.
静かな墓地を歩くと、心が落ち着く。,조용한 묘지를 걸으면 마음이 차분해진다.
彼はパンを頬張って、急いで駅へ向かった。,그는 빵을 한입 가득 베어 물고 서둘러 역으로 향했다.
渋滞を避けるために出発時間を少し遅らせた。,정체를 피하기 위해 출발 시간을 조금 늦췄다.
その噂は風聞にすぎず、確かな根拠がなかった。,그 소문은 풍문에 불과했고 확실한 근거가 없었다.
真夜中の地震は本当に恐ろしかった。,한밤중의 지진은 정말 무서웠다.
高波が一斉に岸に押し寄せてきた。,큰 파도가 일제히 해안으로 밀려왔다.
頬に当たる風が、冬の始まりを告げた。,뺨에 닿는 바람이 겨울의 시작을 알렸다.
母の日に造花のブーケを贈ったら、母が笑った。,어머니날에 조화를 선물했더니 엄마가 웃었다.
潮だまりの藻が波に揺れて、緑の影を作っていた。,조수 웅덩이의 김(해초)이 파도에 흔들려 초록 그림자를 만들고 있었다.
あの先生はちょっとおっかない。,저 선생님은 좀 무섭다.
彼は勉学に励み、奨学金を得た。,그는 학업에 힘써 장학금을 받았다.
年に一度、家族で墓参するのが習慣だ。,"1년에 한 번, 가족이 함께 성묘하는 것이 습관이다."
新作発表に会場は喝采に包まれた。,신작 발표에 회장은 갈채로 가득 찼다.
祖母は近所で「良妻」と評判だった。,할머니는 동네에서 ‘현모양처’로 평판이 좋았다.
彼の雄弁なスピーチに会場が沸いた。,그의 웅변적인 연설에 회장이 들끓었다.
新システムを来月から導入します。,새 시스템을 다음 달부터 도입합니다.
父から土地の贈与を受け、名義変更の手続きをした。,아버지에게서 토지 증여를 받아 명의 변경 절차를 했다.
妻に相談せずに家を買うのは怖い。,아내와 상의 없이 집을 사는 건 무섭다.
彼はとても臆病で暗い道を一人で歩けない。,그는 매우 겁이 많아서 어두운 길을 혼자 걷지 못한다.
再来月の健診に備えて、食生活を見直す。,다다음 달 건강검진을 대비해 식생활을 되돌아본다.
監督の采配が当たり、逆転勝ちした。,감독의 지휘가 적중해 역전승했다.
大地震の災害で、体育館が避難所になった。,큰 지진 재해로 체육관이 대피소가 되었다.
今日は天気がいいので屋外で昼食を食べた。,오늘은 날씨가 좋아서 실외에서 점심을 먹었다.
沖には大きな船が何隻も見える。,먼바다에는 큰 배가 여러 척 보인다.
少し話をオーバーに盛りすぎたかもしれない。,조금 이야기를 과장해서 보탰을지도 모른다.
地図を見ながら旅を想像すると、胸が少し軽くなる。,지도를 보며 여행을 상상하면 가슴이 조금 가벼워진다.
この道具は軽くて簡便だ。,이 도구는 가볍고 간편하다.
彼女の才能は舞台でいっそう輝く。,그녀의 재능은 무대에서 더욱 빛난다.
「それでオーケーです」と上司が言った。,“그렇게 하면 오케이야”라고 상사가 말했다.
予想は大方当たっていた。,예상은 대체로 맞았다.
彼の仕事ぶりは大雑把すぎる。,그의 일하는 방식은 너무 대충이다.
今日の仕事は予定通り終えることができた。,오늘 일은 예정대로 마칠 수 있었다.
毎日、会社まで電車で往復している。,매일 회사까지 전철로 왕복하고 있다.
座席が通路側だと、立ちやすくて助かる。,좌석이 통로 쪽이면 일어나기 쉬워서 편하다.
今夜は台風の接近により、天気は大荒れになると予報されている。,오늘 밤은 태풍의 접근으로 날씨가 크게 거칠어질 것으로 예보되고 있다.
このドアはオートマチックで開閉する。,이 문은 자동으로 열리고 닫힌다.
挫折しても、また練習を重ねればいい。,"좌절해도, 다시 연습을 쌓으면 된다."
非常食を保存しておく。,비상식을 보존해 둔다.
彼の話し方は少し大袈裟だ。,그의 말투는 조금 과장되어 있다.
空気の濁りで遠くの山が霞んで見えた。,공기의 탁함 때문에 먼 산이 흐릿하게 보였다.
彼は突然、会社を辞めて農業に身を転ずる決意をした。,그는 돌연 회사를 그만두고 농업으로 몸을 전환하기로 결심했다.
鎖国が日本の貿易に与えた影響を学んだ。,쇄국이 일본의 무역에 미친 영향을 배웠다.
編集者との座談で、作品の裏話を語った。,편집자와의 좌담에서 작품의 뒷이야기를 했다.
資本を集めて新会社を立ち上げた。,자본을 모아 새 회사를 세웠다。
博物館で古碑の拓本を見比べた。,박물관에서 옛 비문의 탁본을 비교해 보았다.
上司の意見を正確に部下に伝達する。,상사의 의견을 정확히 부하들에게 전달한다.
天体観測のために山頂にある天文台を訪れた。,천체 관측을 위해 산 정상의 천문대를 찾았다.
怪しいSMSのリンクは詐欺かもしれない。,수상한 SMS 링크는 사기일지도 모른다.
雷が落ちた瞬間、電流が一気に流れた。,벼락이 치는 순간 전류가 한꺼번에 흘렀다.
この地域の電力はほとんど水力発電でまかなわれている。,이 지역의 전력은 대부분 수력 발전으로 충당된다.
星座アプリで、今見えている星の名前を確認した。,별자리 앱으로 지금 보이는 별의 이름을 확인했다.
足を滑らせて階段から転落してしまった。,발을 헛디뎌 계단에서 굴러 떨어지고 말았다.
この問いに対して自分なりの答えを考えてみてください。,이 물음에 대해 자신만의 답을 생각해 보세요.
雲が切れて、道に日が差した。,구름이 걷히고 길에 햇빛이 비쳤다.
牧師は静かに祈りの言葉を唱えた。,목사는 조용히 기도의 말을 읊었다。
彼女に伝言を残しておいてもらえますか。,그녀에게 전언을 남겨 주시겠어요?
差別をなくすために、言葉の選び方に気をつけている。,차별을 없애기 위해 말 선택에 신경 쓰고 있다.
パソコンの電源を切り忘れないでください。,컴퓨터 전원을 끄는 것을 잊지 마세요.
彼女の純朴な笑顔に救われた。,그녀의 순박한 미소에 위로받았다。
初めての海外旅行で、つい浮かれて買い過ぎた。,첫 해외여행에 들떠서 그만 너무 많이 샀다.
国による食文化の差異を知るのは面白い。,나라별 음식 문화의 차이를 아는 건 재미있다.
天災はいつ起こるか分からない。,천재지변은 언제 일어날지 모른다.
犯行を教唆したとして、男が逮捕された。,범행을 교사한 혐의로 남자가 체포됐다.
遊牧民は季節に合わせて移動する。,유목민은 계절에 맞춰 이동한다。
暑いので木陰で少し休もう。,더우니 나무 그늘에서 잠깐 쉬자。
彼は子どもの頃から天才と呼ばれていた。,그는 어릴 때부터 천재라고 불렸다.
地図の凡例を見て記号の意味を確認した。,지도의 범례를 보고 기호 뜻을 확인했다。
遅くなってごめん、ってすぐ返事が来た。,"늦어서 미안해, 라고 바로 답장이 왔다."
週末は田園を散歩してリフレッシュした。,주말에는 전원을 산책하며 기분 전환을 했다.
温泉から上がって柄物の手拭いで髪を拭いた。,온천에서 나오며 무늬 있는 수건으로 머리를 닦았다.
新しい企画を提案したが、まだ検討中だ。,새로운 기획을 제안했지만 아직 검토 중이다.
初心者向けのガイドとして簡単な手引きを作成した。,초보자를 위한 가이드로 간단한 안내서를 만들었다.
彼は佐幕の立場を取り、新政府軍と戦った。,그는 막부를 지지하는(佐幕) 입장을 택해 신정부군과 싸웠다.
先生は雨が強くなる前に生徒たちを早めに家へ帰した。,선생님은 비가 더 세지기 전에 학생들을 서둘러 집으로 돌려보냈다.
大佐は地図を指しながら作戦を説明した。,대령은 지도를 가리키며 작전을 설명했다.
左翼の記者として、彼は政権を厳しく批判している。,좌파 기자로서 그는 정권을 강하게 비판하고 있다.
鼻の詰まりがひどくてよく眠れない。,코가 심하게 막혀서 잘 잠들지 못한다.
駅を出て左に曲がると、すぐカフェが見えます。,역을 나와서 왼쪽으로 돌면 바로 카페가 보여요.
古い家の壁土がぽろぽろ落ちて、修理が必要だった。,오래된 집의 벽흙이 부스러져 떨어져 수리가 필요했다.
ガラスの破片に触れないよう、手袋をして片づけた。,유리 파편을 만지지 않게 장갑을 끼고 치웠다.
夕暮れの砂丘に足跡が長く伸びていた。,해질 무렵의 사구에는 발자국이 길게 늘어져 있었다.
絵本には怖そうな顔をした赤鬼が描かれていた。,그림책에는 무서워 보이는 얼굴의 붉은 도깨비가 그려져 있었다.
父の会社を継ぐかどうか悩んでいる。,아버지의 회사를 잇느냐 마느냐로 고민하고 있다.
何が起こるか分からないからこそ、人生はおもしろい。,무슨 일이 일어날지 알 수 없기에 인생은 재미있다.
今日は帰りが遅くなるから夕食はいらない。,오늘은 귀가가 늦을 거라 저녁은 필요 없어.
勤め先の上司に結婚の報告をした。,직장 상사에게 결혼 소식을 보고했다.
棚の上に古い壺が一つ置かれている。,선반 위에 오래된 항아리 하나가 놓여 있다.
多様な民族が共存する都市だ。,다양한 민족이 공존하는 도시다.
話をしているときに唾が飛んでしまった。,이야기하다가 침이 튀어 버렸다.
ズボンの裾の継ぎが目立ってしまった。,바지 단의 기운 자국이 눈에 띄고 말았다.
テーマが尽きるまで夜遅くまで語り合った。,이야깃거리가 다 떨어질 때까지 밤늦게까지 이야기했다.
雨で敷石が滑りやすくなっている。,비 때문에 포석이 미끄러워져 있다.
道が途中から急に窄んで歩きにくい。,길이 중간부터 갑자기 좁아져서 걷기 불편하다.
角を曲がると大きなビルに突き当たった。,모퉁이를 돌자 큰 빌딩과 마주치게 되었다.
彼は突然テーブルを拳で突いた。,그는 갑자기 주먹으로 탁자를 쿵 치었다.
一人暮らしの寂しさを染み染みと感じた夜だった。,혼자 사는 쓸쓸함을 절실히 느낀 밤이었다.
このグラフは売上の推移を統して表している。,이 그래프는 매출 추이를 통틀어 나타내고 있다.
日本には四季がはっきりとあると言われる。,일본에는 사계가 뚜렷하다고들 말한다.
偉人の伝記を読むと勇気づけられる。,위인의 전기를 읽으면 용기가 난다.
彼の一言でチーム全員が奮起した。,그의 한 마디에 팀 전원이 분기했다.
地図の記号の意味を覚えるのに時間がかかった。,지도 기호의 의미를 외우는 데 시간이 많이 걸렸다.
この肉は百グラムいくらですか。,이 고기는 100그램에 얼마인가요?
犯人は現場から車で逃走した。,범인은 현장에서 차를 타고 도주했다.
渋滞を避けるために少し遠回りの道を選んだ。,정체를 피하려고 조금 돌아가는 길을 선택했다.
この財布には一万だけ入っている。,이 지갑에는 만 엔만 들어 있다.
妹は自分で作った人形を大事にしている。,여동생은 자신이 만든 인형을 소중히 간직하고 있다.
この店は安くておいしい品物が多い。,이 가게는 싸고 맛있는 물건이 많다.
エレベーターが故障して階段を使うしかない。,엘리베이터가 고장 나서 계단을 쓸 수밖에 없다.
そろそろ出掛ける支度をしなさい。,슬슬 나갈 준비를 하렴.
ゲームで敵陣に奇襲を仕掛けて一気に形勢を逆転した。,게임에서 적진에 기습을 걸어 단번에 형세를 뒤집었다.
彼は不正を何よりも忌む人だ。,그는 부정을 무엇보다도 꺼리는 사람이다.
仕事の区切りがついたので休憩にしよう。,일이 한 고비 나서 이제 쉬자.
二つの会社が統合されて新しい社名になった。,두 회사가 통합되어 새 사명이 되었다.
この作品は作者の長年の苦心の結晶だ。,이 작품은 작가의 오랜 고심의 결정체다.
夜明けの港に汽笛の音が響き渡った。,동이 트는 항구에 기적 소리가 울려 퍼졌다.
親はいつまでも子供の将来を案ずるものだ。,부모는 언제까지나 자식의 장래를 걱정하는 법이다.
合格祈願のために神社へお参りに行った。,합격 기원을 위해 신사에 참배하러 갔다.
情報の流れを統制しようとする動きがある。,정보 흐름을 통제하려는 움직임이 있다.
虹が空に大きなアーチを描き、雨上がりの街を彩った。,"무지개가 하늘에 큰 아치를 그리며, 비 갠 뒤의 거리를 수놓았다."
部屋に変な臭いがこもっている。,방 안에 이상한 냄새가 가득하다.
この地域では季節ごとに大きな祭りが開かれる。,이 지역에서는 계절마다 큰 축제가 열린다.
新聞の投書欄に意見を載せてもらった。,신문 투고란에 의견이 실렸다.
彼の動作はゆっくりしていて落ち着いている。,그의 동작은 느리고 침착하다.
祖母の櫛を借りて髪をとかした。,할머니 빗을 빌려 머리를 빗었다.
彼はプールの底まで一気に潜った。,그는 수영장 바닥까지 한 번에 잠수했다.
賊軍と呼ばれた隊が山へ退いた。,‘적군/역적군’이라 불린 부대가 산으로 물러났다.
二社が業務提携して新製品を開発する。,두 회사가 제휴하여 신제품을 개발한다.
その意見には私も全く同感だ。,그 의견에는 나도 전적으로 동감한다.
申込書には氏名および住所を漏れなく記入してください。,신청서에는 성명 및 주소를 빠짐없이 기입해 주십시오.
予算について関係者で討議が行われた。,예산에 대해 관계자들이 토의했다.
橋の工事中は車が空中の仮設道路を通る。,다리 공사 중에는 차가 공중에 난 가설 도로를 지나간다.
記者たちは事故の原因について、関係者に徹底的な追及の質問を浴びせた。,기자들은 사고 원인에 대해 관계자들에게 집요하게 책임을 캐묻는 질문을 퍼부었다.
久々の雨で、乾ききっていた街路樹の葉が生き返ったように濃い緑になった。,모처럼 내린 비 덕분에 바싹 말라 있던 가로수 잎이 되살아난 듯 진한 초록색이 되었다.
じゃ、先に行ってくね。,"그럼, 먼저 가 있을게."
大会を成功させるために多くのボランティアが動員された。,대회를 성공시키기 위해 많은 자원봉사자가 동원되었다.
彼の話は出鱈目ばかりで信用できない。,그의 말은 엉터리뿐이라 믿을 수 없다.
人生について哲学的に考える時間も必要だ。,인생에 대해 철학적으로 생각하는 시간도 필요하다.
この仕事には体力のある人が適している。,이 일에는 체력이 좋은 사람이 적합하다.
このビルは昼も夜も人の出入りが多い。,이 빌딩은 낮밤 가릴 것 없이 드나드는 사람이 많다.
父は来年定年を迎える。,아버지는 내년에 정년을 맞는다.
必要に応じて適宜、設定を変更してください。,필요에 따라 수시로 적절히 설정을 변경해 주세요.
川に架かる鉄橋を電車が渡っていく。,강 위에 놓인 철교를 전철이 건너간다.
料理の手順をよく読んでから始めてください。,요리 순서를 잘 읽고 나서 시작하세요.
次の停留所で降ります。,다음 정류장에서 내립니다.
古い体制に抵抗しようとする若者が増えている。,낡은 체제에 저항하려는 젊은이들이 늘고 있다.
大雨で堤防が決壊するおそれがある。,폭우로 제방이 붕괴될 우려가 있다.
夏の夜、耳元で「プーン」と鳴る蚊の音が不快で眠れない。,"여름 밤, 귓가에서 '윙' 하고 우는 모기 소리가 불쾌해서 잠들 수 없다."
レポートの誤字を訂正してから提出した。,레포트의 오타를 정정한 뒤 제출했다.
彼女は語学の適性が高い。,그녀는 어학 적성이 뛰어나다.
持久力をつけるために、毎朝三十分ずつゆっくり走るようにしている。,지구력을 기르기 위해 매일 아침 30분씩 천천히 뛰도록 하고 있다.
店員さんの親切なおかげで、迷わず買えた。,점원의 친절 덕분에 헤매지 않고 살 수 있었다.
データの喪失を防ぐため、毎晩バックアップを取る。,데이터 손실을 막기 위해 매일 밤 백업을 한다.
会議の最後に質疑応答の時間を設けた。,회의 마지막에 질의응답 시간을 마련했다.
その企業は市場を独占し、価格が下がりにくい。,그 기업은 시장을 독점해 가격이 잘 내려가지 않는다.
このチャンスを逃すのは惜しい。,이 기회를 놓치는 건 아깝다.
事前に予約しておいたのでスムーズに入場できた。,사전에 예약해 두어서 순조롭게 입장할 수 있었다.
血縁関係のない子どもを養子に迎えた。,혈연관계가 없는 아이를 입양했다.
朝の光線がカーテンの隙間から差し込む。,아침 햇빛이 커튼 틈으로 비쳐 들어온다.
紅葉が鮮やかで息をのんだ。,단풍이 선명하게 아름다워 숨이 멎는 듯했다.
新しい制度が来月から実施される。,새 제도가 다음 달부터 실시된다.
彼は瓶をそっと湖に沈めた。,그는 병을 살짝 호수 속으로 가라앉혔다.
外国に来て初めて日本の良さを実感した。,외국에 와서 처음으로 일본의 장점을 실감했다.
彼らの生活はとても質素だが幸せそうだ。,그들의 생활은 매우 소박하지만 행복해 보인다.
思い出の写真は、捨てるのを惜しんだ。,추억의 사진은 버리기 아까워했다.
この席は予約席として指定されている。,이 자리는 예약석으로 지정되어 있다.
週末は子守で一日が終わった。,주말은 아이 돌보느라 하루가 다 갔다.
この出会いは必然だったのかもしれない。,이 만남은 필연이었을지도 모른다.
父は貿易の仕事でよく海外へ行く。,아버지는 무역 일을 해서 해외에 자주 나간다.
会議の内容をテープに録音しておいた。,회의 내용을 테이프에 녹음해 두었다.
この町は自動車工業が盛んだ。,이 도시는 자동차 공업이 활발하다.
新しい規則を遡及して適用するのは公平ではない。,새 규칙을 소급 적용하는 것은 공평하지 않다.
入学式は学校の講堂で行われる。,입학식은 학교 강당에서 열린다.
遷都の是非が国会で議論された。,천도(수도 이전)의 옳고 그름이 국회에서 논의됐다.
風邪が流行っているのでマスクをして出掛ける。,감기가 유행이라 마스크를 쓰고 나간다.
お飲み物は何方になさいますか。,마실 것은 어느 쪽으로 하시겠습니까?
寝る前に本を一冊読むのが日課だ。,자기 전에 책을 한 권 읽는 것이 일과다.
家内は毎朝早く起きて朝ご飯を作ってくれる。,아내는 매일 아침 일찍 일어나 아침을 차려 준다.
電車が止まってしまったのは仕方無い。,전철이 멈춰 버린 건 어쩔 수 없다.
この時間はバスがとても込む。,이 시간에는 버스가 매우 붐빈다.
この化粧水は天然由来の香りがする。,이 토너는 천연 유래 향이 난다.
近頃、髭を伸ばす男性が増えている。,요즘 수염을 기르는 남자가 늘고 있다.
休みの日には小さな島へ釣りに出掛ける。,쉬는 날에는 작은 섬으로 낚시를 떠난다.
腎臓の数値を確認するため、血液検査を受けた。,신장 수치를 확인하려고 혈액검사를 받았다。
明日は新しいネクタイをして出勤しよう。,내일은 새 넥타이를 매고 출근해야겠다.
写真を撮るから、少しポーズを取って。,사진 찍을 거니까 포즈 좀 취해봐.
風邪で鼻が詰まって息がしにくい。,감기 때문에 코가 막혀 숨쉬기 힘들다.
国際的な批判を受けて捕鯨が問題になっている。,국제적인 비판을 받으며 포경이 문제가 되고 있다.
前の車が徐行しているので、安全に追い越した。,앞차가 서행하고 있어서 안전하게 추월했다.
ヘリが上空で大きく旋回している。,헬기가 상공에서 크게 선회하고 있다.
地震に備えて橋を補強する工事が行われている。,지진에 대비해 다리를 보강하는 공사가 진행되고 있다.
この地域では昔から牧畜が盛んだ。,이 지역에서는 예전부터 목축이 활발하다.
お気に入りのセーターの袖が綻びてしまった。,아끼는 스웨터 소매가 터져 버렸다.
勉強しているから話し掛けるのは邪魔だよ。,공부하고 있으니까 말 거는 건 방해야.
引っ越しの荷がようやく全部届いた。,이삿짐이 드디어 전부 도착했다.
イベントの参加者には記念の賞品が贈られた。,이벤트 참가자들에게 기념 상품이 증정되었다.
台風は今朝、九州に上陸した。,태풍이 오늘 아침 규슈에 상륙했다.
説明が長いので、細かい部分は省略します。,설명이 길어서 세부적인 부분은 생략하겠습니다。
部長が陣頭に立ち、現場の混乱を収めた。,부장이 선두에 서서 현장의 혼란을 수습했다。
この工場ではウイスキーを蒸留している。,이 공장에서는 위스키를 증류하고 있다.
男は黙って背中で語る、と祖父は言った。,"남자는 말없이 등으로 말한다, 라고 할아버지는 말했다."
この缶詰の正味は三百グラムです。,이 통조림의 정미 중량은 300그램이다.
戸棚を開けたら、奥にしまった茶葉が出てきた。,찬장을 열었더니 안쪽에 넣어 둔 찻잎이 나왔다.
小便は必ずトイレでしなさい。,소변은 반드시 화장실에서 보렴.
彼はチームの勝利のために力を尽くした。,그는 팀의 승리를 위해 힘을 다했다。
雨上がりに道路の水たまりがすぐに蒸発した。,비가 그친 뒤 길 위의 웅덩이 물이 금방 증발했다.
彼女はいつも私の気持ちに添って話を聞いてくれる。,그녀는 언제나 내 마음에 맞춰 이야기를 들어준다.
陵墓の石段を上ると、古代の風が吹き抜けた気がした。,능묘의 돌계단을 오르니 고대의 바람이 스쳐 가는 듯했다.
このクラスは初級レベルの日本語を学ぶ。,이 반은 초급 수준의 일본어를 배운다.
孫と一緒に公園で凧を揚げた。,손자(손녀)와 함께 공원에서 연을 날렸다.
旦那が急に早く帰ってきて、子どもが大喜びした。,남편이 갑자기 일찍 돌아와서 아이가 크게 기뻐했다.
半端な知識で断言すると、あとで恥をかく。,어설픈 지식으로 단정하면 나중에 창피해진다.
今朝の新聞の社説はとても読み応えがある。,오늘 아침 신문의 사설은 읽을 만했다.
彼の唯一の弱点はプレッシャーに弱いことだ。,그의 유일한 약점은 압박에 약하다는 것이다.
私はその提案に反対だ。,나는 그 제안에 반대다.
まだ英会話は初歩の段階だが、少しずつ上達している。,아직 영어 회화는 초보 단계지만 조금씩 실력이 늘고 있다.
基礎体力を鍛えるには、無理のない継続が大切だ。,기초 체력을 기르려면 무리 없는 지속이 중요하다.
古い車は家の横の車庫にしまってある。,헌 차는 집 옆 차고에 넣어 두었다.
坂道でボールが転がって、あっという間に見えなくなった。,비탈길에서 공이 굴러 금세 보이지 않게 됐다.
遅刻の弁解ばかりしていないで、まず謝りなさい。,지각 변명만 하지 말고 먼저 사과해라.
応募書類は所定の用紙に記入してください。,지원 서류는 소정 양식에 기입해 주십시오.
市民は不買運動でその企業をボイコットした。,시민들은 불매 운동으로 그 기업을 보이콧했다.
メールの返答がなかなか来なくて不安になる。,메일 답장이 좀처럼 오지 않아 불안하다.
新人に大きな期待が集まっている。,신입에게 큰 기대가 모이고 있다.
奨学金の返済がやっと終わった。,장학금 상환을 드디어 끝냈다.
この町の景観は時代とともに大きく変遷してきた。,이 town의 경관은 시대와 함께 크게 변천해 왔다.
彼女は大学で法学を専攻している。,그녀는 대학에서 법학을 전공하고 있다.
国の防衛について国会で議論が続いている。,국방에 대해 국회에서 논의가 이어지고 있다.
土地の返還を求める訴えが起こされた。,토지 반환을 요구하는 소송이 제기되었다.
そのニュースを聞いて、彼はしばらく言葉も出ないほどショックを受けた。,그 소식을 듣고 그는 한동안 말도 나오지 않을 정도로 충격을 받았다.
母の傍らで、子どもは安心して眠った。,어머니 곁에서 아이는 안심하고 잠들었다.
水分子は酸素原子一つと水素原子二つから成っている。,물 분자는 산소 원자 하나와 수소 원자 두 개로 이루어져 있다.
この小説は文語体で書かれていて少し読みづらい。,이 소설은 문어체로 쓰여 있어서 조금 읽기 어렵다.
彼は家族のために毎日仕事で奮闘している。,그는 가족을 위해 매일 일터에서 분투하고 있다.
データの分散を求めて、ばらつきを確認した。,데이터의 분산을 구해 산포를 확인했다.
このプロジェクトでは分業体制がよく機能している。,이 프로젝트에서는 분업 체계가 잘 작동하고 있다.
アンケート結果を詳細に分析した。,설문 결과를 자세히 분석했다.
利益はメンバー全員に公平に分配された。,이익은 모든 구성원에게 공평하게 분배되었다.
小学生のころ分数の計算が苦手だった。,초등학생 때 분수 계산을 잘 못했다.
まず先行研究の文献を徹底的に調べなさい。,먼저 선행 연구 문헌을 철저히 조사해라.
パンを紙袋に入れて持ち帰った。,빵을 종이봉투에 담아 가져갔다.
牛乳の代替としてオーツミルクを選ぶ人が増えた。,우유 대체로 오트밀크를 고르는 사람이 늘었다.
雨の日は視界が悪いから、運転は慎重にね。,비 오는 날은 시야가 나쁘니 운전은 조심해.
冬は日が短いので、夕方になるとすぐ暗くなる。,겨울엔 해가 짧아서 저녁이 되면 금방 어두워진다.
彼女はいつも淑やかな物腰で人と接する。,그녀는 항상 단정하고 정숙한 태도로 사람을 대한다.
彼は別れのあいさつに手を振った。,그는 이별 인사를 하며 손을 흔들었다.
この証拠は彼にとって不利に働くだろう。,이 증거는 그에게 불리하게 작용할 것이다.
留学のために渡航手続きを済ませ、パスポートを握りしめた。,유학을 위해 도항(해외여행) 수속을 마치고 여권을 꼭 쥐었다.
この方法なら成功する可能性がより確実だ。,이 방법이라면 성공 가능성이 한층 더 확실하다.
映画のシナリオを書いてみたいと思っている。,영화 시나리오를 써 보고 싶다고 생각한다.
東京の仕事を辞めて故郷に戻るなんて、都落ちだと笑われた。,도쿄 일을 그만두고 고향으로 돌아간다니 ‘도락치’라고 웃음당했다.
第一希望の大学に合格した。,"1지망 대학에 합격했다."
手術で脊髄を傷つけないよう、医師たちは細心の注意を払った。,수술에서 척수를 다치지 않게 하려고 의사들은 세심한 주의를 기울였다.
冷蔵庫のレタスが萎びてしまった。,냉장고 속 상추가 시들어 버렸다.
水の浮力のおかげで重い船も沈まない。,물의 부력 덕분에 무거운 배도 가라앉지 않는다.
彼の言葉はどこか品がない。,그의 말투는 어딘가 품위가 없다.
ロープで荷物をしっかり縛っておいた。,밧줄로 짐을 단단히 묶어 두었다.
彼は学芸発表会でピアノを演奏した。,그는 학예 발표회에서 피아노를 연주했다.
この公園は夜になると門を開放していない。,이 공원은 밤이 되면 문을 개방하지 않는다.
これは完全に架空の物語だ。,이것은 완전히 가공의 이야기이다.
アンケートに回答してくださりありがとうございます。,설문에 응답해 주셔서 감사합니다.
この仕事は今日中に終わらせたい、何としてもそれまでに限りがある。,"이 일은 오늘 안에 끝내고 싶다, 어쨌든 그때까지가 한계다."
彼は斯くして長い闘病生活を乗り越えた。,그는 이렇게 해서 긴 투병 생활을 극복했다.
この病院には外来の患者が多い。,이 병원에는 외래 환자가 많다.
昔この街道は多くの旅人でにぎわっていた。,예전 이 가도는 많은 여행자로 붐볐다.
回覧板をとなりの家に回しておいてください。,회람판을 옆집에 돌려 놓아 주세요.
政府の介入で株価の急落は一時的に止まった。,정부의 개입으로 주가 급락이 일시적으로 멈췄다.
捕虜を解放するための交渉が続いている。,포로를 석방하기 위한 교섭이 이어지고 있다.
街頭で募金活動を行った。,길거리에서 모금 활동을 했다.
この回路に異常がないか調べてください。,이 회로에 이상이 없는지 확인해 주세요.
「自由」という概念を一言で説明するのは難しい。,‘자유’라는 개념을 한마디로 설명하는 것은 어렵다.
箱に本を積んで、運びやすくした。,상자에 책을 쌓아 옮기기 쉽게 했다.
この山の山頂は海抜三千メートルを超える。,이 산의 정상은 해발 3000미터를 넘는다.
社会の階層によって教育機会に差が出ている。,사회의 계층에 따라 교육 기회에 차이가 나고 있다.
捨て子だった彼は、里親に大切に育てられた。,버려진 아이였던 그는 위탁부모에게 소중히 길러졌다.
いたずらをしたのに、猫は澄まし顔で知らんぷりをしている。,장난을 쳤는데도 고양이는 새침한 얼굴로 시치미를 떼고 있다.
彼は三拝九拝して社長に頭を下げ、なんとか解雇だけは免れた。,그는 사장에게 수없이 허리를 굽혀 절을 하며 간청해 겨우 해고만은 면했다.
市立図書館には郷土資料の文庫がある。,시립 도서관에는 향토 자료 문고가 있다.
九月の高い空の下、学校の校庭では運動会の準備が着々と進んでいた。,"9월의 높고 맑은 하늘 아래 학교 운동장에서는 운동회 준비가 착착 진행되고 있었다."
彼は一年でフランス語の日常会話をマスターした。,그는 1년 만에 프랑스어 일상 회화를 마스터했다.
その森の奥には、人が足を踏み入れない幽境が広がっている。,그 숲 깊은 곳에는 사람이 발을 들여놓지 않는 그윽한 경지가 펼쳐져 있다.
他人を傷つける発言は人間関係を大きく害する。,타인을 상처 입히는 발언은 인간관계를 크게 해친다.
このバスは車庫まで回送中なので乗ることはできない。,이 버스는 차고까지 회송 중이라 탈 수 없다.
彼は幼いころから貧しい家庭で育った。,그는 어린 시절부터 가난한 가정에서 자랐다.
ちょうど彼の真下に財布が落ちていた。,마침 그의 바로 아래에 지갑이 떨어져 있었다.
二本の線がここで直角に交わっている。,두 직선이 여기서 직각으로 교차하고 있다.
外国人観光客が地元の人々に交じって祭りを楽しんでいた。,외국인 관광객이 현지인들과 섞여 축제를 즐기고 있었다.
東洋の文化に興味を持つ学生が増えている。,동양 문화에 관심을 갖는 학생이 늘고 있다.
山伏が法螺貝を吹き、山々にその低い音が響き渡った。,산중 수행자가 소라 고둥을 불자 산들에 그 낮은 소리가 울려 퍼졌다.
マスコミは連日その事件を大きく報道した。,언론은 그 사건을 연일 크게 보도했다.
軍はこれ以上の犠牲を避けるため、日没前に前線からの退却を決定した。,군은 더 이상의 희생을 막기 위해 해 지기 전에 전선에서의 퇴각을 결정했다.
このエンジンは少ない燃料で大きな動力を生み出す。,이 엔진은 적은 연료로 큰 동력을 만들어 낸다.
和風の客間には、床の間と掛け軸、それに季節の花が静かに飾られていた。,"일식 객실에는 도코노마와 족자, 그리고 제철 꽃이 고요하게 장식되어 있었다."
終盤の一手で王が逃げ場を失い、「これで詰みだ」と観客からため息が漏れた。,종반의 한 수로 왕에게 도망갈 곳이 사라지자 '이걸로 체크메이트다'라는 탄식이 관중석에서 흘러나왔다.
親は帰宅した息子を玄関で待ち構え、無断外泊の件についてじっくり面詰した。,부모는 귀가한 아들을 현관에서 기다렸다가 무단 외박에 대해 차근차근 따져 물었다.
試験に合格した褒美として旅行に連れていってもらった。,시험에 합격한 보상으로 여행을 가게 되었다.
語学の勉強には根気強さが何より大事だ。,어학 공부에는 무엇보다 끈기가 중요하다.
このジュースは添加物や混じり物が少なくて安心だ。,이 주스는 첨가물이나 섞인 불순물이 적어서 안심된다.
彼は両親からの教えを尊ぶ心を持っている。,그는 부모의 가르침을 소중히 여기는 마음을 가지고 있다.
この沿線は住宅地やオフィス街など、いろいろな方面に発展している。,이 노선은 주택가와 오피스가 등 여러 방면으로 발전하고 있다.
このガラスはとても透明で向こう側がはっきり見える。,이 유리는 매우 투명해서 건너편이 똑똑히 보인다.
冬になると灯油ストーブが欠かせない。,겨울이 되면 등유 난로가 빠질 수 없다.
週末には祖父母の家を訪問する予定だ。,주말에 할아버지 할머니 댁을 방문할 예정이다.
引っ越しの前日に、二人で黙々と段ボール箱に本をぎっしり詰めた。,이사 전날 우리는 말없이 함께 책을 골판지 상자에 가득 채워 넣었다.
二人は秋に婚約を発表する予定だ。,두 사람은 가을에 약혼을 발표할 예정이다.
友人が来月結婚するので、スピーチを頼まれた。,"친구가 다음 달에 결혼해서, 내가 축사를 부탁받았다."
遠くから悲鳴が聞こえて、思わず走り出した。,멀리서 비명이 들려 무심코 달려갔다.
木陰で少し涼むだけで、頭がすっきりした。,나무 그늘에서 잠깐 더위를 식히기만 해도 머리가 개운해졌다.
政府は少子化対策として新たな方策を検討している。,정부는 저출산 대책으로 새로운 방책을 검토하고 있다.
海岸にはチドリの群れが走り回り、可愛い足跡を残している。,해안에는 물떼새 무리가 뛰어다니며 귀여운 발자국을 남기고 있다.
マスクの着用は感染拡大の防止に役立つ。,마스크 착용은 감염 확산을 방지하는 데 도움이 된다.
ダムは大雨の影響で一部の水を放出した。,댐은 폭우의 영향으로 일부 물을 방출했다.
被告は法廷で静かに判決を待っていた。,피고는 법정에서 조용히 판결을 기다리고 있었다.
本震の数日前に発生した前震が、避難のきっかけとなった。,본진 며칠 전에 발생한 전진이 피난의 계기가 되었다.
支払い方式は現金かクレジットカードから選べます。,지불 방식은 현금이나 신용카드 중에서 선택할 수 있습니다.
壊れた自転車が道端に放置されている。,고장 난 자전거가 길가에 방치되어 있다.
誤ってボールを崖下に落としてしまい、取りに行くのを諦めた。,실수로 공을 절벽 아래로 떨어뜨려 버려서 가지러 가는 것을 포기했다.
この部屋は日陰になるから、昼でも涼しい。,이 방은 그늘이라서 낮에도 시원하다.
夕方の涼しさに誘われて、ベランダで本を開いた。,저녁의 선선함에 이끌려 베란다에서 책을 폈다.
縁側で夕涼みしながら、遠くの祭り太鼓を聞いた。,툇마루에서 저녁 더위를 식히며 멀리서 들리는 축제 북소리를 들었다.
その店員さんはいつも可愛らしい笑顔で迎えてくれる。,그 점원은 항상 사랑스러운 미소로 맞아 준다.
父は庭の芝生を刈っている。,아버지는 정원의 잔디를 깎고 있다.
今回は勘を頼りに道を選んだ。,이번에는 직감을 믿고 길을 골랐다.
富士山の中腹までは車で行けるが、そこからは徒歩で登る必要がある。,"후지산 중턱(5합목)까지는 차로 갈 수 있지만, 거기서부터는 걸어서 올라가야 한다."
若い頃の判断を今でも悔恨している。,젊었을 때의 판단을 지금도 후회하고 있다.
昭和の歌謡が流れるバーで父は懐かしそうだった。,쇼와 가요가 흐르는 바에서 아버지는 추억에 잠겨 있었다.
ガレージには古い車が二台置いてある。,차고에는 오래된 차가 두 대 놓여 있다.
固い肉を前歯で噛み切った。,질긴 고기를 앞니로 잘라 물었다.
冷蔵庫の中は空っぽだった。,냉장고 안은 텅 비어 있었다.
涼しい風が吹き始め、街行く人々も少しずつ秋服に変わっていく。,시원한 바람이 불기 시작해 거리를 오가는 사람들도 조금씩 가을 옷으로 바뀌어 간다.
彼はスポーツ選手のようながっしりした体付きだ。,그는 스포츠 선수 같은 탄탄한 체격이다.
日頃の練習の成果が試合でしっかり出た。,평소 연습의 성과가 경기에서 제대로 나타났다.
細いネックレスが髪に絡んでしまった。,가는 목걸이가 머리카락에 엉켜 버렸다.
失敗を他人のせいにしても、誰も恨むだけで何も変わらない。,실패를 남 탓만 해 봐야 누구를 원망할 뿐 아무것도 바뀌지 않는다.
山登りのために大きなリュックを担いで出かけた。,산에 오르려고 큰 배낭을 메고 나갔다.
彼の突然の死を多くの人が悲しんでいる。,그의 갑작스러운 죽음을 많은 사람이 슬퍼하고 있다.
祖父は昔ながらの方法で稲を脱穀してみせてくれた。,할아버지는 옛날 방식으로 벼를 탈곡하는 모습을 보여 주셨다.
がっちりした体付きの警備員が入口に立っている。,다부진 체격의 경비원이 입구에 서 있다.
株式の価格が急に下落した。,주식 가격이 급격히 하락했다.
この商品はどのカテゴリーに入りますか。,이 상품은 어느 카테고리에 들어가나요?
公園で転んだ子どもが、大きな声で泣いていた。,공원에서 넘어진 아이가 큰 소리로 울고 있었다.
代々続く陶芸を生業とし、伝統の技を守り続けている。,대대로 이어지는 도예를 생업으로 삼아 전통 기술을 계속 지키고 있다.
学んだ文法を会話で活用してみましょう。,배운 문법을 회화에서 활용해 봅시다.
レポートの仮名遣いのミスを直してください。,레포트의 가나 사용 오류를 고쳐 주세요.
彼の記憶力にはとても敵わない。,그의 기억력에는 도저히 당해낼 수 없다.
パンが黴びて食べられなくなった。,빵에 곰팡이가 피어서 먹을 수 없게 되었다.
戦争の残酷な現実を前に、言葉を失った。,전쟁의 잔혹한 현실을 눈앞에서 보고 말문을 잃었다.
この金属に触れると肌が気触れてしまう。,이 금속에 닿으면 피부가 빨갛게 짓무른다.
母は仕事の傍ら夜に大学で勉強している。,어머니는 일하는 한편 밤에는 대학에서 공부하고 있다.
会社まで片道一時間かかる。,회사까지 편도 한 시간이 걸린다.
三社合同の研究プロジェクトでは、予算の合計額と技術の結合効果が成功の鍵になる。,세 회사 합동 연구 프로젝트에서는 예산 총액과 기술 결합 효과가 성공의 열쇠가 된다.
友人からの励ましの言の葉が、辛い時の支えになった。,친구가 해준 격려의 말(언엽)이 힘들 때 버팀목이 되었다.
これは医療の歴史に画期をなす発見だ。,이것은 의료 역사에 획기를 이루는 발견이다.
地震で家が少し傾いてしまった。,지진으로 집이 조금 기울어 버렸다.
子どものころから楽器を一つ習っておくといい。,어릴 때부터 악기를 하나 배워 두는 게 좋다.
ギターで一定のリズムを刻むうちに、時計の秒針の刻みさえ聞こえなくなった。,"기타로 일정한 리듬을 새기듯 연주하는 동안, 시계 초침의 박동조차 들리지 않게 되었다."
映画のクライマックスで、悪役が必死に命乞いを乞う場面に観客は息をのんだ。,영화 클라이맥스에서 악역이 필사적으로 목숨을 구걸하는 장면에 관객들은 숨을 죽였다.
このプロジェクトはまだ完成への途上にある。,이 프로젝트는 아직 완성으로 가는 도중에 있다.
新技術の特許を出願する準備を進めている。,새 기술의 특허를 출원할 준비를 하고 있다.
経済の均衡と国際貿易の平衡を議論する前に、まず度量衡の統一について説明した。,"경제의 균형과 국제 무역의 평형을 논의하기 전에, 먼저 도량형의 통일에 대해 설명했다."
秋の森でアラタケを見つけ、炊き込みご飯の具にすることにした。,가을 숲에서 야생 버섯(아라타케/나라타케)을 발견해 솥밥의 재료로 쓰기로 했다.
少年は草むらをかき分け、大きなトノサマバッタを追いかけた。,소년은 풀숲을 헤치며 커다란 풀무치를 뒤쫓았다.
兎も角、健康第一ということだけは忘れないでほしい。,하여간 건강이 최우선이라는 것만은 잊지 말았으면 한다.
大工さんが一枚の板から、美しい棚を作り上げた。,목수님이 한 장의 판자로 아름다운 선반을 만들어 냈다.
前回と同じ失敗を繰り返したくない。,지난번과 같은 실수를 반복하고 싶지 않다.
記念式典に合わせて天皇の行幸があった。,기념식전에 맞춰 천황의 행차가 있었다.
突然の事故という不幸が彼らを襲った。,갑작스러운 사고라는 불행이 그들을 덮쳤다.
暦の上ではもう春だが、まだまだ寒い日が続いている。,달력상으로는 벌써 봄이지만 아직 추운 날이 계속되고 있다.
この薬は肩こりによく効く。,이 약은 어깨 결림에 잘 듣는다.
薬の効き目が出るまで少し時間がかかる。,약의 효과가 나타나기까지 조금 시간이 걸린다.
彼と再会できたのは本当に幸いな事だった。,그와 다시 만날 수 있었던 것은 정말 다행한 일이었다.
このタオルは手に取ったときの感触が柔らかくて気持ちいい。,이 수건은 손에 잡히는 촉감이 부드러워서 기분이 좋다.
吉報を待つ家族のために、電話の前から離れられなかった。,기쁜 소식(길보)을 기다리는 가족을 위해 전화기 앞에서 떠날 수 없었다.
親の過度な干渉に彼女はうんざりしている。,부모의 지나친 간섭에 그녀는 진저리가 나 있다.
庭では花が甘く匂っている。,마당에서는 꽃이 달콤한 향기를 풍기고 있다.
先輩のやり方に倣って資料を作った。,선배의 방식에 본떠 자료를 만들었다.
冬の味覚といえば、殻付きのまま焼く熱々の焼き牡蠣だ。,겨울의 미각이라고 하면 껍질째 굽는 뜨끈뜨끈한 굴 구이다.
部屋の中が魚のように生臭い。,방 안에서 생선 비린내 같은 비린내가 난다.
山岳修行では、「六根清浄」と唱えながら険しい山道を登る。,산악 수행에서는 '육근청정'을 외치며 험한 산길을 오른다.
事件は時効を迎え、真相は闇に包まれた。,사건은 공소시효를 맞이해 진상이 어둠 속에 묻혔다.
この国は南北に長く伸びている。,이 나라는 남북으로 길게 뻗어 있다.
毎日少しずつ走って体を慣らしている。,매일 조금씩 달리면서 몸을 단련하고 있다.
このクリームを塗ると肌が滑らかになる。,이 크림을 바르면 피부가 매끄러워진다。
話し込んでいるうちに夜が更けていった。,이야기를 나누는 사이에 밤이 깊어 갔다.
夜更けの駅にはほとんど人がいなかった。,심야의 역에는 거의 사람이 없었다.
ショーウィンドウに写り込む自分の姿を見て、姿勢を正した。,쇼윈도에 비치는 자신의 모습을 보고 자세를 바로잡았다.
彼の名前を度忘れしてしまって、挨拶できなかった。,그의 이름이 순간 생각이 안 나서 인사하지 못했다.
値下げでライバル店に対抗した。,가격 인하로 경쟁 가게에 맞섰다.
小さな努力の積み重ねが大きな成果を成す。,작은 노력이 쌓여 큰 성과를 이룬다.
労使の抗争が長期化している。,노사 간의 항쟁이 장기화되고 있다.
あんな負け方をして本当に情けない。,저런 식으로 져서 정말 한심하다.
その頃のことはとんと思い出せない。,그때 일은 전혀 떠오르지 않는다.
市役所の前で住民が再開発に抗議している。,시청 앞에서 주민들이 재개발에 항의하고 있다.
サイバー攻撃への対策が急がれている。,사이버 공격에 대한 대책이 시급하다.
本日のお召し物は、春らしい淡いピンク色の着物ですね。,오늘 입으신 옷은 봄 느낌이 나는 연분홍색 기모노군요.
今更そんなことを言っても遅い。,이제 와서 그런 말을 해도 늦었다.
夕食の後、流し台に食器が山積みになっていた。,저녁 식사 후 개수대에 그릇이 산더미처럼 쌓여 있었다.
彼は終盤で一気に攻めるタイプの棋士だ。,그는 종반에 한꺼번에 몰아붙이는 타입의 기사다.
昔は親戚が仲人をして見合いをまとめた。,예전에는 친척이 중매를 서서 선을 보게 했다.
憧れのマイホームは、広い庭のある一戸建てが良い。,"동경하는 내 집은, 넓은 정원이 있는 단독주택이 좋다."
彼は人の気持ちに本当に鈍感だ。,그는 남의 마음에 정말 둔감하다.
古い木の戸がきしむ音がした。,오래된 나무문이 삐걱거리는 소리를 냈다。
彼女の笑顔が強く記憶に留められている。,그녀의 미소가 강하게 기억에 남아 있다.
彼の心には今も故郷の景色が留まっている。,그의 마음에는 지금도 고향 풍경이 남아 있다.
彼はITビジネスで大きな富を築いた。,그는 IT 비즈니스로 큰 부를 쌓았다.
古代の文明についての展示を見に行った。,고대 문명에 대한 전시를 보러 갔다。
彼は全国の城跡を行脚して写真を撮っている。,그는 전국의 성터를 순례하며 사진을 찍고 있다.
大事なところだからノートにしっかりとるんだよ。,중요한 부분이니까 노트에 제대로 받아 적으렴.
穴を開けるために電動ドリルを使った。,구멍을 뚫기 위해 전동 드릴을 사용했다.
革のカバンがいい感じに古びてきた。,가죽 가방이 멋지게 낡아 가고 있다。
珍しい本を出版社から取り寄せた。,희귀한 책을 출판사에서 주문해 받아 두었다.
授業で日本の古典文学を読む。,수업에서 일본 고전 문학을 읽는다。
和室の襖を開けると、そこには手入れの行き届いた美しい庭が広がっていた。,"다실의 장지문을 여니, 그곳에는 손질이 잘 된 아름다운 정원이 펼쳐져 있었다."
お気に入りの靴を使い古して、底に穴が開いてしまった。,마음에 드는 신발을 너무 오래 신어서 밑창에 구멍이 나 버렸다。
元日には家族そろって初詣に行く。,원단에는 가족이 다 같이 첫참배를 간다.
国によって結婚の慣習は大きく異なる。,나라마다 결혼 관습은 크게 다르다.
遠くから子どもを呼ぶ母親の呼び声が聞こえた。,멀리서 아이를 부르는 어머니의 부르는 소리가 들렸다.
子どもが母を寂しがって泣いた。,아이가 엄마를 그리워하며 울었다。
監視カメラが入口を常に記録している。,감시 카메라가 입구를 항상 기록하고 있다.
委員会は政府に改善を勧告した。,위원회는 정부에 개선을 권고했다.
来年の干支は辰なので、龍をモチーフにした年賀状が人気を集めている。,"내년 간지는 용이라서, 용을 모티프로 한 연하장이 인기를 끌고 있다."
材料の産地を表示している店は信頼しやすい。,재료의 산지를 표시하는 가게는 믿기 쉽다.
新しい雑誌が創刊号として刊行された。,새 잡지가 창간호로 발행되었다.
被災地には簡易のトイレが設置された。,재해 지역에 간이 화장실이 설치되었다.
目がかすむので眼科に行って検査を受けた。,눈이 흐려져서 안과에 가 검사를 받았다.
鼻づまりには清涼剤を少し塗ると楽になる。,코막힘에는 청량제를 조금 바르면 편해진다.
部屋の窓を開けてしっかり換気しましょう。,방 창문을 열고 잘 환기합시다.
この部屋、なんだか臭いね。,"이 방, 왠지 냄새나네."
玄関に千両を飾ると、冬の家がぱっと明るくなった。,현관에 센료(천냥나무)를 장식하니 겨울 집이 확 밝아졌다.
変動費と固定費を正確に把握することは、利益計画を立てる上での基本だ。,변동비와 고정비를 정확하게 파악하는 것은 이익 계획을 세우는 데 있어 기본이다.
内部統制システムを強化し、コンプライアンス違反のリスクを未然に防ぐ。,"내부 통제 시스템을 강화하여, 컴플라이언스(법규 준수) 위반 리스크를 미연에 방지한다."
手続きは完了しましたので、確認メールをご覧ください。,절차는 완료되었으니 확인 메일을 봐 주세요.
会社が存続できるかどうかの瀬戸際で、社長は大きな決断を迫られた。,회사가 존속할 수 있을지 어떨지의 갈림길에서 사장은 큰 결단을 강요받았다.
辞書で用例を確認してから、文章を書いた。,사전에서 용례를 확인한 뒤 문장을 썼다.
重要事項については、メールの最後に留意点をまとめた。,중요 사항은 메일 끝에 유의점을 정리했다.
仕事と育児の両立は簡単じゃないが、工夫すれば続けられる。,일과 육아의 양립은 쉽지 않지만 궁리하면 계속할 수 있다.
規模の経済が働くため、生産量を増やすことで単位あたりのコストが下がる。,"규모의 경제가 작용하기 때문에, 생산량을 늘림으로써 단위당 비용이 내려간다."
雑誌の特集は今夜で校了、編集部が一斉に拍手した。,"잡지 특집은 오늘 밤 교정 완료, 편집부가 일제히 박수쳤다."
電車が到着するベルが鳴り、二番線のホームにアナウンスが流れた。,"전철이 도착하는 벨이 울리고, 2번 승강장에 안내 방송이 흘러나왔다."
減価償却費の計上方法を定額法から定率法に変更し、節税効果を狙う。,"감가상각비 계상 방법을 정액법에서 정률법으로 변경하여, 절세 효과를 노린다."
状況を了解しました、こちらで手配を進めます。,"상황을 이해했습니다, 여기서 준비를 진행하겠습니다."
捕虜の扱いについて、国際法に沿った説明があった。,포로의 처우에 대해 국제법에 따른 설명이 있었다.
手元流動性を確保するため、銀行と当座借越契約を締結しておいた。,"수중에 유동성을 확보하기 위해, 은행과 당좌차월 계약을 체결해 두었다."
官能的なジャズの旋律が、薄暗いバーの雰囲気をより一層引き立てていた。,관능적인 재즈 선율이 어둑한 바의 분위기를 한층 더 돋보이게 하고 있었다.
結果は無慮に受け止め、次の一手に集中した。,결과를 걱정 없이 받아들이고 다음 수에 집중했다.
薄明かりの中で本を読み続けると、視力が低下する原因になる。,희미한 불빛 속에서 책을 계속 읽으면 시력이 저하되는 원인이 된다.
この勝負は、最後まで諦めなかったチームに勝ちが転がり込んだ。,이 승부는 마지막까지 포기하지 않은 팀에게 승리가 굴러들어 왔다.
解約率を改善しない限り、サブスクリプション事業の持続的な成長は望めない。,"해약률(Churn rate)을 개선하지 않는 한, 구독 사업의 지속적인 성장은 바랄 수 없다."
安易な公的資金注入は、金融機関のモラルハザードを招く恐れがある。,안이한 공적 자금 주입은 금융 기관의 도덕적 해이(모럴 해저드)를 초래할 우려가 있다.
彼は後輩を愚弄する発言をして、場が凍りついた。,그는 후배를 우롱하는 발언을 해 분위기가 싸늘해졌다.
虜囚となった兵士は、鉄格子の向こうで黙って水を待っていた。,포로가 된 병사는 철창 너머에서 말없이 물을 기다리고 있었다.
カフェのバリスタが、ラテの表面に美しい葉の模様を描いてくれた。,"카페 바리스타가, 라떼 표면에 아름다운 잎사귀 모양을 그려 주었다."
遠慮せずに言ってください、今は率直な意見が欲しい。,"사양하지 말고 말해 주세요, 지금은 솔직한 의견이 필요해요."
最良の防ぎは攻撃である、という言葉を戦術に応用する。,"최선의 방어는 공격이다, 라는 말을 전술에 응용한다."
労働時間の見直しで、残業は月20時間までに抑えた。,근로 시간 재검토로 잔업을 월 20시간까지로 줄였다.
費用も時間も考慮して、今回はオンライン開催にしよう。,비용과 시간도 고려해서 이번에는 온라인 개최로 하자.
長老が静かに語り始めると、皆が息をのんだ。,장로가 조용히 이야기를 시작하자 모두가 숨을 죽였다.
彼は舞台で老け役を演じ、声色まで変えていた。,그는 무대에서 노인 역을 맡아 목소리까지 바꾸고 있었다.
彼女は自分の老いを受け入れ、写真を撮り続けている。,그녀는 자신의 노화를 받아들이고 계속 사진을 찍고 있다.
ＤＮＡポリメラーゼは、複製フォークで新たな鎖を合成している。,DNA 중합효소는 복제 분기점에서 새로운 사슬을 합성하고 있다.
細胞膜の受容体がシグナルを受け取り、核内へ情報を伝達する。,"세포막의 수용체가 신호를 받아, 핵 안으로 정보를 전달한다."
住宅ローンの契約者に保険商品をクロスセルし、顧客単価を高める戦略だ。,"주택 담보 대출 계약자에게 보험 상품을 교차 판매(크로스 셀)하여, 객단가를 높이는 전략이다."
ファンタジー小説に登場する巨大な王蟻は、兵士たちを次々と襲った。,"판타지 소설에 등장하는 거대한 왕개미는, 병사들을 차례차례 습격했다."
彼の自信に満ちた口振りを聞いていると、こちらも勇気が湧いてくる。,"그의 자신감 넘치는 말투를 듣고 있으면, 이쪽도 용기가 솟아난다."
電車に乗って、おばあちゃんの家へ行く。,전철을 타고 할머니 댁에 간다.
不良債権の処理が進まなければ、銀行の貸し渋りは解消されないだろう。,"부실 채권 처리가 진행되지 않으면, 은행의 대출 기피 현상은 해소되지 않을 것이다."
細い山路を抜けると、湖が突然ひらけた。,좁은 산길을 지나자 호수가 갑자기 탁 트였다.
京都の古い町並みには、魅力的な細道が多い。,교토의 오래된 거리에는 매력적인 좁은 길이 많다.
雨の中でも露店はにぎわい、焼きとうもろこしの匂いが漂った。,비 오는 날에도 노점은 붐볐고 구운 옥수수 냄새가 퍼졌다.
情報を小出しにするティザー広告で、発売前の期待感を最大限に煽る。,"정보를 조금씩 내보내는 티저 광고로, 발매 전의 기대감을 최대한 부추긴다."
ピラミッドの壮大な景色に、誰もが圧倒された。,피라미드의 웅장한 경치에 모두가 압도되었다.
原子炉の安全点検が予定通り実施された。,원자로 안전 점검이 예정대로 실시되었다.
来春の就職に向けて、面接練習を重ねている。,내년 봄 취업을 위해 면접 연습을 거듭하고 있다.
プラスミドベクターに目的遺伝子を組み込み、大腸菌を形質転換する。,"플라스미드 벡터에 목적 유전자를 삽입하여, 대장균을 형질 전환한다."
毎朝の鍛練で、息が上がってもフォームは崩さない。,매일 아침 단련으로 숨이 차도 폼은 무너지지 않는다.
山の稜線に沿って、松の木が連なる景色が見えた。,산 능선을 따라 소나무가 이어진 풍경이 보였다.
高速液体クロマトグラフィーを用いて、微量成分を高感度に検出した。,고속 액체 크로마토그래피(HPLC)를 이용하여 미량 성분을 고감도로 검출했다.
旅先でできた連れと、屋台で熱いおでんを食べた。,여행지에서 사귄 동행과 포장마차에서 뜨거운 오뎅을 먹었다.
ベテランの熟練工が、刃物の角度を微調整していた。,베테랑 숙련공이 칼날 각도를 미세 조정하고 있었다.
古い家の暖炉に火を入れると、部屋が一気に明るくなった。,오래된 집 벽난로에 불을 지피자 방이 단번에 밝아졌다.
精錬所の煙突から白い蒸気が立ちのぼっていた。,정련소 굴뚝에서 흰 수증기가 피어오르고 있었다.
チーム案を練ってから、提案書の構成を決めよう。,팀 안을 다듬어 짠 뒤 제안서 구성을 정하자.
路上で落とした鍵を、街灯の下で必死に探した。,길거리에서 떨어뜨린 열쇠를 가로등 아래에서 필사적으로 찾았다.
大失敗という試練を乗り越えて、彼は強くなった。,큰 실패라는 시련을 넘어서 그는 강해졌다.
大人になってから、家族のありがたみが分かった。,어른이 되고 나서 가족의 소중함을 알게 됐다.
迷子センターから、母親を呼ぶ子供の激しい泣き声が聞こえてくる。,미아 보호소에서 어머니를 부르는 아이의 격렬한 울음소리가 들려온다.
この案件は前のプロジェクトと関連が深いので、資料を合わせて読んでください。,이 안건은 이전 프로젝트와 관련이 깊으니 자료를 함께 읽어 주세요.
好中球は炎症部位に遊走し、細菌を貪食して殺菌作用を示す。,"호중구는 염증 부위로 유주(이동)하여, 세균을 탐식하고 살균 작용을 보인다."
叔母は手作りの漬物を、いつも持たせてくれる。,숙모가 늘 수제 절임을 챙겨 준다.
プライマーの設計ミスは、ＰＣＲ実験における非特異的増幅を招く。,프라이머 설계 실수는 PCR 실험에서 비특이적 증폭을 초래한다.
雨の日が三日連続で続き、洗濯物が乾かない。,비 오는 날이 3일 연속으로 이어져 세탁물이 마르지 않는다.
労使交渉の場で、会社側と労働組合の連合が発表された。,노사 교섭 자리에서 회사 측과 노동조합의 연합이 발표되었다.
中秋の名月を眺めながら団子を食べるのは、日本の風流な習慣だ。,중추의 명월을 바라보며 경단을 먹는 것은 일본의 풍류 있는 관습이다.
アゴニストは受容体を刺激し、生体内でシグナル伝達を引き起こす。,아고니스트(작용제)는 수용체를 자극하여 생체 내에서 신호 전달을 일으킨다.
トランスポゾンは、ゲノム上を移動して遺伝的多様性を生み出す。,트랜스포존(전이 인자)은 게놈 상을 이동하여 유전적 다양성을 만들어낸다.
核内受容体は、リガンドと結合した後にＤＮＡへ直接作用する。,핵내 수용체는 리간드와 결합한 후에 DNA에 직접 작용한다.
海原の彼方に、白い灯台が小さく見えた。,드넓은 바다 저편에 하얀 등대가 작게 보였다.
ＤＮＡメチル化は、遺伝子のスイッチをオフにする主要な機構だ。,DNA 메틸화는 유전자의 스위치를 끄는 주요한 기구이다.
半透膜を用いた透析により、試料から低分子の不純物を除去した。,반투막을 이용한 투석을 통해 시료에서 저분자 불순물을 제거했다.
浮気がばれて、彼は言い訳もできなかった。,바람이 들킨 그는 변명조차 할 수 없었다.
海女が磯笛を鳴らしながら、浜へ戻ってきた。,해녀가 이소부에(바다에서 부는 피리 소리)를 울리며 해변으로 돌아왔다.
半減期が短いため、この薬剤は頻回投与が必要とされている。,반감기가 짧기 때문에 이 약제는 빈번한 투여가 필요하다고 여겨진다.
キラーＴ細胞は、ウイルスに感染した細胞を直接攻撃して排除する。,킬러 T세포는 바이러스에 감염된 세포를 직접 공격하여 제거한다.
畑に硫安をまくときは、手袋を忘れない。,밭에 황산암모늄 비료를 뿌릴 때는 장갑을 잊지 않는다.
硫酸は危険だから、必ず保護メガネを着ける。,황산은 위험하니 반드시 보호안경을 착용한다.
銀の表面に硫化銀ができて、黒ずんで見える。,은 표면에 황화은이 생겨 검게 보인다.
赤血球はヘモグロビンを含み、全身の組織へ酸素を運搬している。,"적혈구는 헤모글로빈을 포함하며, 전신 조직으로 산소를 운반하고 있다."
迷子の子供が母親を見つけて大泣きする。,미아가 된 아이가 엄마를 발견하고 크게 운다.
この町は観光業の隆盛で、夜も明るい。,이 마을은 관광업의 융성으로 밤에도 밝다.
船旅の朝、甲板で潮風を吸い込んだ。,"배 여행의 아침, 갑판에서 바닷바람을 들이마셨다."
メンデルの遺伝法則に従い、優性形質と劣性形質が発現する。,멘델의 유전 법칙에 따라 우성 형질과 열성 형질이 발현된다.
"不活性化ワクチンは,びょうげん性を失わせたウイルスや細菌を用いる。",불활성화 백신은 병원성을 잃게 한 바이러스나 세균을 이용한다.
旅情に浸って、知らない街を夜に歩いた。,여행의 정취에 잠겨 낯선 도시를 밤에 걸었다.
旅先で食べた屋台の麺が忘れられない。,여행지에서 먹은 노점의 면 요리가 잊히지 않는다.
米を一粒も残さず食べなさい。,쌀 한 톨도 남기지 말고 먹어라.
子供がおもちゃを自分で片付けた。,아이가 장난감을 스스로 정리했다.
トランスジェニックマウスは、特定の遺伝子機能を研究するために作られる。,형질 전환 마우스(Transgenic mouse)는 특정 유전자 기능을 연구하기 위해 만들어진다.
ヘモグロビンの酸素解離曲線は、ｐＨ低下により右方へシフトする。,헤모글로빈의 산소 해리 곡선은 pH 저하에 의해 우측으로 이동(Shift)한다.
雨が弱まるまで、駅の軒下に留まった。,비가 약해질 때까지 역 처마 밑에 머물렀다.
前髪をピンで留めると、表情が明るく見える。,앞머리를 핀으로 고정하면 표정이 밝아 보인다.
次世代シーケンサーの登場で、ゲノム解析のコストが劇的に下がった。,차세대 시퀀서(NGS)의 등장으로 게놈 해석 비용이 극적으로 낮아졌다.
今日は留守にしていますので、またお電話ください。,오늘은 집을 비워서 다시 전화 주세요.
明日は早起きして、駅で友達と待ち合わせる。,내일은 일찍 일어나서 역에서 친구와 만나기로 한다.
成功の裏には、粒々辛苦の積み重ねがある。,성공 뒤에는 온갖 고생의 축적이 있다.
会議の流れを変える一言が必要だ。,회의의 흐름을 바꿀 한마디가 필요하다.
社内ではこの新製品を「XR」と略称している。,사내에서는 이 신제품을 ‘XR’이라고 약칭한다.
敵将は退路を断つ計略を巡らせていた。,적장은 퇴로를 끊는 계략을 꾸미고 있었다.
バイオマーカーの探索は、個別化医療の実現に向けた第一歩だ。,바이오마커 탐색은 개별화 의료(정밀 의료) 실현을 향한 첫걸음이다.
その噂はSNSで一気に流布した。,그 소문은 SNS에서 단숨에 유포됐다.
電流が強すぎると、回路が焼ける。,전류가 너무 강하면 회로가 탄다.
このフィルターは微小な粒子まで捕集できる。,이 필터는 미세한 입자까지 포집할 수 있다.
今年の流行は淡い色のコートらしい。,올해 유행은 옅은 색 코트인 듯하다.
核酸医薬は、遺伝子発現プロセスに直接介入する新しい治療法だ。,핵산 의약은 유전자 발현 프로세스에 직접 개입하는 새로운 치료법이다.
テロメラーゼ活性を持つがん細胞は、無限に増殖する能力を得る。,텔로머라아제 활성을 가진 암세포는 무한히 증식하는 능력을 얻는다.
作業中は集中できるように、静かな音楽を流す。,작업 중에는 집중할 수 있게 조용한 음악을 튼다.
川沿いの柳が風に揺れて、影がゆらゆらした。,강가의 버드나무가 바람에 흔들려 그림자가 일렁였다.
彼は約束に律儀で、雨でも必ず来る。,그는 약속에 성실해서 비가 와도 반드시 온다.
線形代数学における固有値と固有ベクトルは、行列の性質を理解する鍵だ。,선형대수학에서의 고유값과 고유벡터는 행렬의 성질을 이해하는 열쇠다.
子供がおもちゃを買ってくれと店先で喚く。,아이가 장난감을 사달라고 가게 앞에서 소리치며 운다(악을 쓴다).
机の上の鈴が、ちりんと小さく鳴った。,책상 위의 방울이 찰랑 하고 작게 울렸다.
背後で鍵が回る音がして、私は慄然とした。,등 뒤에서 열쇠가 돌아가는 소리가 나서 나는 몸이 오싹했다.
事象の地平線を超えた光は、二度と観測者の元へは戻らない。,사건의 지평선을 넘은 빛은 두 번 다시 관측자에게 돌아오지 않는다.
量子もつれにある粒子対は、距離に関係なく瞬時に状態が相関する。,양자 얽힘에 있는 입자 쌍은 거리에 관계없이 즉시 상태가 상관관계를 갖는다.
子供が床にお茶をこぼしてしまった。,아이가 바닥에 차를 엎질러 버렸다.
玄関の呼び鈴が鳴って、宅配便だと分かった。,현관 초인종이 울려 택배인 줄 알았다.
花柳界のしきたりを知らずに、彼は失言した。,화류계의 관습을 모른 채 그는 실언했다.
縁側に風鈴を吊るすと、夏が来た気がする。,툇마루에 풍경을 달면 여름이 온 느낌이 든다.
制限酵素は、ＤＮＡの特定の塩基配列を認識して切断するハサミだ。,제한 효소는 DNA의 특정 염기 서열을 인식하여 절단하는 가위다.
ナッシュ均衡においては、どのプレイヤーも単独で戦略を変更する動機を持たない。,내쉬 균형에서는 어떤 플레이어도 단독으로 전략을 변경할 동기를 갖지 않는다.
彼の低い声を聞いた瞬間、全身に戦慄が走った。,"그의 낮은 목소리를 들은 순간, 온몸에 전율이 흘렀다."
成功しても一寸先で失敗することがある。,성공해도 바로 다음 순간에 실패할 때가 있다.
マキャヴェッリは『君主論』で、政治的安定のためには冷徹な権力行使も必要だと論じた。,마키아벨리는 『군주론』에서 정치적 안정을 위해서는 냉철한 권력 행사도 필요하다고 논했다.
例えば、明日の午後なら空いています。,"예를 들어, 내일 오후라면 비어 있어요."
初めまして、山田と申します。,"처음 뵙겠습니다, 야마다라고 합니다."
授業の予鈴が鳴ったので、急いで教室に入った。,수업 예비종이 울려서 서둘러 교실에 들어갔다.
フーリエ変換を用いれば、複雑な波形も単純な正弦波の合成に分解できる。,푸리에 변환을 이용하면 복잡한 파형도 단순한 정현파의 합성을 분해할 수 있다.
この規則には例外がある。未成年は不可だ。,이 규칙에는 예외가 있다. 미성년자는 불가다.
一般相対性理論では、重力とは時空の幾何学的な歪みそのものである。,일반상대성이론에서 중력은 시공간의 기하학적 왜곡 그 자체이다.
例年より早く桜が咲いた。,예년보다 벚꽃이 일찍 폈다.
母の励ましの言葉で、もう一度立ち上がれた。,어머니의 격려의 말로 다시 일어설 수 있었다.
落ち込むな、みんなで励ますから。,"기죽지 마, 우리 모두가 격려해 줄게."
この受賞は、努力の励みになります。,이 수상은 노력의 힘이 됩니다.
彼は冷ややかだが、仕事はきっちりしている。,그는 차갑게 굴지만 일은 빈틈없이 한다.
研究者として精励を重ね、論文を仕上げた。,연구자로서 정진을 거듭해 논문을 완성했다.
観光地で冷やかすだけで、結局何も買わなかった。,관광지에서 구경만 하고 결국 아무것도 사지 않았다.
彼の働き方をマラソンに例えると、粘り強さが光る。,그의 일하는 방식을 마라톤에 비유하면 끈기가 돋보인다.
待ち行列理論は、銀行の窓口や通信ネットワークの混雑解消に応用されている数学理論だ。,대기행렬이론은 은행 창구나 통신 네트워크의 혼잡 해소에 응용되는 수학 이론이다.
彼は毎朝ランニングに励んでいる。,그는 매일 아침 달리기에 힘쓰고 있다.
モンテカルロ法は、乱数を用いたシミュレーションを繰り返すことで近似解を求める手法だ。,몬테카를로 방법은 난수를 이용한 시뮬레이션을 반복함으로써 근사해를 구하는 기법이다.
熱があるなら、首の後ろを冷やして休んで。,열이 있으면 목 뒤를 차게 해서 쉬어.
遺伝的アルゴリズムは、生物の進化論的メカニズムを工学的最適化問題に応用したものだ。,유전 알고리즘은 생물의 진화론적 메커니즘을 공학적 최적화 문제에 응용한 것이다.
夜になると急に冷えて、息が白くなった。,밤이 되자 갑자기 추워져서 숨이 하얘졌다.
別れ際の冷たさが、今でも胸に残っている。,헤어질 때의 냉정함이 지금도 가슴에 남아 있다.
キルケゴールは、絶望を「死に至る病」と呼び、信仰による自己回復を模索した。,키르케고르는 절망을 '죽음에 이르는 병'이라 부르며 신앙을 통한 자기 회복을 모색했다.
フィードバック制御は、出力結果を入力側に還流させることで目標値への追従性を高める。,피드백 제어는 출력 결과를 입력 측으로 환류시킴으로써 목표값에 대한 추종성을 높인다.
ラプラス変換は、時間領域の微分方程式を複素周波数領域の代数方程式に変換して解く手法だ。,라플라스 변환은 시간 영역의 미분방정식을 복소 주파수 영역의 대수방정식으로 변환하여 푸는 기법이다.
今日の賄いはカレーで、香りだけで元気が出た。,오늘의 마카나이는 카레라서 향만으로도 힘이 났다.
寿司屋では最初に冷やを一合、頼むことが多い。,초밥집에서는 처음에 차게 마시는 술(히야)을 한 잔(1고) 주문하는 경우가 많다.
トンネル効果は、粒子がエネルギー障壁を確率的に通り抜ける量子力学的現象だ。,터널 효과는 입자가 에너지 장벽을 확률적으로 통과하는 양자역학적 현상이다.
選択公理を認めると、球を分解して元の球と同じ体積の球を二つ作れるというパラドックスが生じる。,"선택공리를 인정하면, 구를 분해하여 원래 구와 같은 부피의 구를 두 개 만들 수 있다는 역설(바나흐-타르스키)이 생긴다."
道に迷って惑い、同じ角を何度も曲がってしまった。,길을 잃어 헤매며 같은 모퉁이를 몇 번이나 돌아 버렸다.
その惑いが消えるまで、答えを急がないことにした。,그 망설임이 사라질 때까지 답을 서두르지 않기로 했다.
船は霧の中へ湾入し、灯台の光だけが頼りだった。,배는 안개 속으로 만 안쪽으로 들어가 등대 불빛만이 의지였다.
彼は先人の功績を礼賛し、スピーチを締めくくった。,그는 선인의 공적을 찬양하며 연설을 마무리했다.
姉さんは頼りになるけど、たまに抜けている。,누나는 믿음직하지만 가끔 덤벙대기도 한다.
微小電気機械システム技術は、微細なセンサやアクチュエータをシリコン基板上に集積する。,미세전기기계시스템 기술은 미세한 센서나 액추에이터를 실리콘 기판 위에 집적한다.
夏祭りで友達が和服を着て現れ、屋台の明かりに映えていた。,여름 축제에서 친구가 기모노를 입고 나타나 포장마차 불빛에 돋보였다.
日曜の朝、家族で教会に行き礼拝に参加した。,"일요일 아침, 가족과 교회에 가서 예배에 참여했다."
市議が収賄の疑いで捜査を受け、記者会見が開かれた。,시의원이 수뢰 혐의로 수사를 받으며 기자회견이 열렸다.
計算量理論におけるビッグオー記法は、アルゴリズムの実行時間やメモリ使用量の増加率を表現する。,계산 복잡도 이론의 빅오(Big-O) 표기법은 알고리즘의 실행 시간이나 메모리 사용량의 증가율을 표현한다.
湾内は波が穏やかで、小舟が静かに揺れていた。,만 안은 파도가 잔잔해 작은 배가 조용히 흔들리고 있었다.
腕力に自信があっても、無理な持ち上げは危険だ。,팔힘에 자신이 있어도 무리한 들어올리기는 위험하다.
照明を和らげるために、スタンドの明るさを一段落とした。,조명을 부드럽게 하려고 스탠드 밝기를 한 단계 낮췄다.
祭りの名残が町に残り、提灯だけが揺れていた。,축제의 여운이 마을에 남아 등롱만 흔들리고 있었다.
別れ際に、名残惜しくて何度も振り返った。,헤어질 때 아쉬움이 남아 몇 번이나 뒤돌아봤다.
祖母の昔話には、知らない町の匂いまで感じるような力がある。,할머니의 옛이야기에는 모르는 마을의 냄새까지 느껴질 만큼의 힘이 있다.
ショーペンハウアーは、世界の本質を盲目的な「生への意志」と捉え、芸術による解脱を説いた。,쇼펜하우어는 세계의 본질을 맹목적인 '삶에의 의지'로 파악하고 예술을 통한 해탈을 설파했다.
コンクリートは圧縮には極めて強いが、引張力に対しては脆いため、鉄筋で補強される。,콘크리트는 압축에는 극히 강하지만 인장력에 대해서는 취약하기 때문에 철근으로 보강된다.
春先の雪崩で道路が塞がれ、復旧に時間がかかった。,초봄에 난 눈사태로 도로가 막혀 복구에 시간이 걸렸다.
夏の名残の暑さが続いて、秋が遠い。,여름의 여운 같은 더위가 계속되어 가을이 멀게 느껴진다.
昔は仲人を立てる結婚が一般的だったと聞いた。,예전에는 중매인을 세우는 결혼이 일반적이었다고 들었다.
P対NP問題は、解を見つける難易度と、解を検証する難易度の関係を問う未解決問題だ。,P 대 NP 문제는 해를 찾는 난이도와 해를 검증하는 난이도의 관계를 묻는 미해결 문제다.
その話は少し長いけど、最後まで聞いてほしい。,그 이야기는 좀 길지만 끝까지 들어줬으면 해.
カミュは『シーシュポスの神話』で、岩を運び続ける不条理な運命への反抗を描いた。,카뮈는 『시지프 신화』에서 바위를 계속 나르는 부조리한 운명에 대한 반항을 그렸다.
初めての投網は難しくて、うまく開かなかった。,처음 해 본 투망은 어려워서 잘 펼쳐지지 않았다.
雪崩の音は遠雷のように低く響いた。,눈사태 소리가 먼 천둥처럼 낮게 울렸다.
兄さんの背中を追いかけて、同じ道を選んだ。,형의 등을 따라 같은 길을 선택했다.
子どもが円らな瞳でこちらを見上げている。,아이가 동그랗고 맑은 눈으로 이쪽을 올려다보고 있다.
父さんが黙って背中を押してくれた気がした。,아빠가 말없이 등을 밀어 준 것 같았다.
仲人を頼まれて、身が引き締まる思いがした。,중매인을 맡아 달라는 부탁을 받아 마음이 다잡아졌다.
姉さん、その髪型すごく似合ってる。,"누나, 그 머리 스타일 정말 잘 어울려."
慣性の法則により、外力が働かない限り、物体は静止または等速直線運動を続ける。,관성의 법칙에 의해 외력이 작용하지 않는 한 물체는 정지 또는 등속 직선 운동을 계속한다.
中心極限定理は、標本サイズが大きくなれば、その平均の分布は正規分布に近づくことを示す。,중심극한정리는 표본 크기가 커지면 그 평균의 분포는 정규분포에 가까워짐을 보여준다.
引っ越しを手伝ってくれた友達に、後でお礼をした。,이사를 도와준 친구에게 나중에 감사 인사를 했다.
一日でこの本を読み切るのはさすがに無理だ。,하루 만에 이 책을 다 읽는 건 아무래도 무리다.
競合他社との差別化を図るため、ニッチ市場への集中戦略を採用する。,"경쟁 타사와의 차별화를 꾀하기 위해, 틈새시장 집중 전략을 채택한다."
夜の読経を録音して、発音の練習に使った。,밤에 독경을 녹음해 발음 연습에 사용했다.
会議室の時計を見ながら、発表の時間配分を調整した。,회의실 시계를 보며 발표 시간 배분을 조정했다.
レンツの法則は、誘導電流は磁束の変化を妨げる方向に流れるという電磁気学の基本法則だ。,렌츠의 법칙은 유도 전류는 자속의 변화를 방해하는 방향으로 흐른다는 전자기학의 기본 법칙이다.
夕飯の準備を手伝うよ、何をすればいい？,"저녁 준비를 도와줄게, 뭐 하면 돼?"
読経の声が本堂に響き、心が落ち着いた。,독경 소리가 본당에 울려 마음이 차분해졌다.
マクロ経済の先行指標としての役割を持つ銅価格が、下落傾向にある。,거시 경제의 선행 지표로서의 역할을 하는 구리 가격이 하락 추세에 있다.
葬儀で読経が始まると、皆が静かに手を合わせた。,장례식에서 독경이 시작되자 모두 조용히 두 손을 모았다.
ダイクストラ法は、グラフ上の2頂点間の最短経路を効率的に探索するアルゴリズムだ。,다익스트라 알고리즘은 그래프 상의 두 정점 간의 최단 경로를 효율적으로 탐색하는 알고리즘이다.
企業の社会的責任を果たすことは、ブランド価値の向上に繋がる。,기업의 사회적 책임(CSR)을 다하는 것은 브랜드 가치 향상으로 이어진다.
海外でできた友達と、日本語と韓国語を教え合っている。,해외에서 사귄 친구와 일본어와 한국어를 서로 가르쳐 주고 있다.
債務不履行のリスクを避けるため、与信管理を厳格に行う。,"디폴트(채무 불이행) 리스크를 피하기 위해, 여신 관리를 엄격하게 수행한다."
一日は二十四時間しかないから、優先順位を決めよう。,하루는 스물네 시간뿐이니 우선순위를 정하자.
職人が築山の土を締めて、形を整えていた。,장인이 인공 언덕의 흙을 다져 형태를 다듬고 있었다.
舞台の裏で役者が足袋の紐を結び直した。,무대 뒤에서 배우가 다비 끈을 다시 묶었다.
七夕の夜、短冊に願い事を書いて笹に結んだ。,칠석 밤에 소원을 적은 종이를 대나무 가지에 묶었다.
インフレ抑制のため、中央銀行は政策金利の引き上げを慎重に決定した。,인플레이션 억제를 위해 중앙은행은 정책 금리 인상을 신중하게 결정했다.
エッジコンピューティングは、端末の近くでデータ処理を行うことで、遅延を減らし通信量を抑える。,에지 컴퓨팅은 단말기 근처에서 데이터 처리를 수행함으로써 지연을 줄이고 통신량을 억제한다.
騒ぎが大きくなり、警備員に立ち退くよう促された。,소란이 커져 경비원에게 물러나 달라는 안내를 받았다.
量子テレポーテーションは、量子もつれを利用して、粒子の量子状態を離れた場所に転送する。,양자 텔레포테이션은 양자 얽힘을 이용하여 입자의 양자 상태를 떨어진 장소로 전송한다.
旅の一日目は雨で、予定を変更した。,여행 첫날은 비가 와서 일정을 바꿨다.
祖母は白い足袋を丁寧にたたんで、引き出しにしまった。,할머니는 흰 다비를 정성껏 접어 서랍에 넣었다.
足袋を履くと、草履が歩きやすくなる。,다비(일본 전통 버선)를 신으면 조리가 걷기 편해진다.
製品ライフサイクルの成熟期においては、シェア維持とコスト削減が重要だ。,제품 수명 주기의 성숙기에는 점유율 유지와 비용 절감이 중요하다.
バランススコアカードを用いて、財務以外の視点からも経営戦略を評価する。,"균형성과표(BSC)를 이용하여, 재무 이외의 관점에서도 경영 전략을 평가한다."
彼は古い太刀を手に取り、刃文の美しさに見入った。,그는 오래된 타치를 집어 들고 칼날 무늬의 아름다움에 넋을 잃었다.
大和の古道を歩くと、歴史の気配が足元に残っていた。,야마토의 옛길을 걸으면 역사의 기운이 발밑에 남아 있었다。
コンバージョン率を改善するために、ランディングページを最適化する。,"전환율(CVR)을 개선하기 위해, 랜딩 페이지를 최적화(LPO)한다."
のれん代の減損処理が巨額となり、当期純利益が赤字に転落した。,"영업권(굿윌)의 손상 처리가 거액이 되어, 당기순이익이 적자로 전락했다."
老朽化のため、この建物は来月までに立ち退くことになった。,노후화 때문에 이 건물은 다음 달까지 퇴거하게 되었다.
アンカー効果を利用して、提示価格に対する顧客の心理的な基準を操作する。,"앵커링 효과를 이용하여, 제시 가격에 대한 고객의 심리적 기준을 조작한다."
ジャストインタイム方式の導入で、在庫保管コストを大幅に削減できた。,적시 생산 방식(JIT)의 도입으로 재고 보관 비용을 큰 폭으로 절감할 수 있었다.
市場のボラティリティが高まっているため、リスク管理を徹底する必要がある。,"시장의 변동성(볼러틸리티)이 높아지고 있어, 리스크 관리를 철저히 할 필요가 있다."
彼女は真面目に準備して、発表を一度も噛まなかった。,그녀는 성실하게 준비해서 발표를 한 번도 더듬지 않았다。
朝の八百屋には、旬の果物が山積みになっていた。,아침 채소가게에는 제철 과일이 산더미처럼 쌓여 있었다。
突然の停電で、彼の顔が真っ青になった。,갑작스런 정전으로 그의 얼굴이 새파래졌다。
弥生の空気はまだ冷たく、桜のつぼみが固かった。,야요이 무렵의 공기는 아직 차가워 벚꽃 봉오리가 단단했다。
この大会には各地の猛者が集まり、空気が張りつめた。,이 대회에는 각지의 강자들이 모여 분위기가 팽팽했다。
花見日和で、川沿いの桜がいっせいに咲いた。,꽃놀이하기 좋은 날씨라 강가의 벚꽃이 한꺼번에 피었다。
紅葉が見頃で、山道が赤と金に染まっていた。,단풍이 절정이라 산길이 빨강과 금빛으로 물들어 있었다。
寄席で名人の落語を聞き、涙が出るほど笑った。,요세에서 명인의 라쿠고를 듣고 눈물이 날 만큼 웃었다。
範囲の経済を活かし、複数の事業で共通の経営資源を有効活用する。,"범위의 경제를 살려, 복수의 사업에서 공통된 경영 자원을 유효 활용한다."
敵塁に迫る前、偵察班が慎重に動いた。,적진에 다가가기 전 정찰반이 신중히 움직였다.
塁審の判定に観客がざわつき、球場が揺れた。,루심의 판정에 관중이 술렁이며 구장이 들썩였다.
資料を分類しておくと、後で探すのが早い。,자료를 분류해 두면 나중에 찾기가 빠르다.
イールドカーブコントロールにより、長期金利を低水準に抑え込む政策をとる。,"수익률 곡선 통제(YCC)를 통해, 장기 금리를 낮은 수준으로 억제하는 정책을 취한다."
ドラッグデリバリーシステムにより、患部へ薬剤を効率よく届ける。,약물 전달 시스템(DDS)을 통해 환부에 약제를 효율적으로 전달한다.
今日は一人で喫茶店に入り、ゆっくり本を読んだ。,오늘은 혼자 카페에 들어가 느긋하게 책을 읽었다。
次の締め切りは二十日だから、今週中に下書きを出してね。,다음 마감은 20일이니까 이번 주 안에 초안을 내줘。
彼は係累のことを思い、危険な任務を断った。,그는 부양 가족을 생각해 위험한 임무를 거절했다.
神社で神主が祝詞を奏上し、参拝者は静かに頭を下げた。,신사에서 신관이 축문을 낭송하자 참배객들이 조용히 머리를 숙였다。
上司の命令には従ったが、納得はしていない。,상사의 명령에는 따랐지만 납득하진 않았다.
人気商品に行列ができるのは、バンドワゴン効果による心理的影響も大きい。,인기 상품에 줄을 서는 것은 편승 효과(밴드왜건 효과)에 의한 심리적 영향도 크다.
近隣の人たちと挨拶を交わすだけで、安心感が増す。,근린 사람들과 인사만 나눠도 안도감이 커진다.
二重らせん構造の解明は、生命科学に革命をもたらした出来事だ。,이중 나선 구조의 규명은 생명 과학에 혁명을 가져온 사건이다.
祖父の遺墨を額に入れて飾った。,할아버지의 유묵을 액자에 넣어 장식했다。
涙を拭いて笑った彼女の強さが、忘れられない。,눈물을 닦고 웃던 그녀의 강인함이 잊히지 않는다.
オプジーボのような免疫チェックポイント阻害剤が奏功している。,옵디보와 같은 면역 관문 억제제가 효과를 보고 있다.
新しい法令が施行され、表示義務が増えた。,새 법령이 시행되어 표시 의무가 늘었다.
疎水性相互作用が、タンパク質の三次構造形成に寄与している。,소수성 상호작용이 단백질의 3차 구조 형성에 기여하고 있다.
犬の首輪を新しくしたら、散歩中に嬉しそうだった。,강아지 목줄을 새로 해주니 산책 중에 기뻐 보였다.
今年の売上は累計で、すでに昨年を上回った。,올해 매출은 누계로 이미 작년을 넘어섰다.
Ｘ線結晶構造解析によって、未知の受容体の形状が明らかになった。,X선 결정 구조 해석을 통해 미지 수용체의 형상이 밝혀졌다.
シャペロン分子が結合して、タンパク質の異常な凝集を防いでいる。,샤페론 분자가 결합하여 단백질의 이상 응집을 막고 있다.
令嬢は丁寧な言葉遣いで、場を上品に整えた。,영애는 정중한 말투로 자리를 우아하게 정돈했다.
彼は嘘の類いを一切つかないことで信頼されている。,그는 거짓말 같은 부류를 일절 하지 않는 것으로 신뢰받는다.
二人は隣り合う席に座って、同じノートを覗き込んだ。,두 사람은 나란히 앉아 같은 노트를 들여다봤다.
子どもが不満そうにほっぺたを膨れる。,아이가 불만스러워 볼을 잔뜩 부풀린다.
隣の家から漂うカレーの匂いで、お腹が鳴った。,옆집에서 풍기는 카레 냄새에 배가 꼬르륵했다.
手紙を読み終えた瞬間、感涙がこぼれた。,편지를 다 읽는 순간 감격의 눈물이 흘렀다.
可逆的な阻害剤は、濃度勾配に応じて酵素から解離することができる。,가역적 억제제는 농도 구배에 따라 효소로부터 해리될 수 있다.
彼は絶倫の体力で、連日の訓練にも耐え抜いた。,그는 비범한 체력으로 연일 훈련도 견뎌냈다.
休日は輪番で当直に入り、現場を回している。,휴일엔 돌아가며 당직에 들어 현장을 굴린다.
自転車の車輪が歪んで、走るたびにガタつく。,자전거 바퀴가 휘어 달릴 때마다 덜컹거린다.
一分一厘も妥協せず、品質にこだわった。,일분일리도 타협하지 않고 품질을 고집했다.
子どもが服を汚して帰ってきた。,아이가 옷을 더럽혀서 돌아왔다.
花瓶に一輪だけ挿したら、部屋が引き締まった。,화병에 한 송이만 꽂으니 방이 단정해졌다.
タイトジャンクションは、細胞間の物質の漏出を防ぐバリアとなる。,밀착 연접(Tight junction)은 세포 간 물질의 누출을 막는 장벽이 된다.
アンチセンス核酸は、ｍＲＮＡに結合してタンパク質の合成を阻害する。,안티센스 핵산은 mRNA에 결합하여 단백질 합성을 저해한다.
腫瘍微小環境においては、免疫抑制的な細胞ががんの生存を助けている。,종양 미세 환경에서는 면역 억제적인 세포가 암의 생존을 돕고 있다.
臨時の会議が入って、予定が全部ずれた。,임시 회의가 잡혀 일정이 전부 밀렸다.
ＲＮＡ干渉を利用して、標的遺伝子の発現をノックダウンさせる。,RNA 간섭(RNAi)을 이용하여 표적 유전자의 발현을 억제(Knock-down)시킨다.
フローサイトメトリーで、細胞表面のマーカー発現を解析した。,유세포 분석기(Flow cytometry)로 세포 표면의 마커 발현을 해석했다.
血漿タンパク質との結合率は、薬物の体内分布容積に影響を与える。,혈장 단백질과의 결합률은 약물의 체내 분포 용적에 영향을 준다.
アレルゲンに対するＩｇＥ抗体の産生が、即時型アレルギーの原因だ。,알레르겐에 대한 IgE 항체 생산이 즉시형 알레르기의 원인이다.
山林を守るために、地元で植樹活動が続けられている。,산림을 지키기 위해 지역에서 식수 활동이 이어지고 있다.
古い銅像に緑青が浮いて、時の流れを物語っていた。,오래된 동상에 녹청이 떠올라 세월을 말해 주었다.
半透膜を介した浸透圧の差が、細胞の体積変化を引き起こす。,반투막을 통한 삼투압의 차이가 세포의 부피 변화를 일으킨다.
核磁気共鳴装置を用いて、有機化合物の詳細な構造決定を行った。,핵자기 공명 장치(NMR)를 이용하여 유기 화합물의 상세한 구조 결정을 수행했다.
フィードバック阻害により、代謝経路の最終産物が初期反応を止める。,피드백 저해에 의해 대사 경로의 최종 산물이 초기 반응을 멈춘다.
力を抜いて深呼吸すると、肩のこりが少し和らいだ。,힘을 빼고 심호흡하니 어깨 결림이 조금 누그러졌다.
薄緑のカーテンに替えたら、部屋が明るくなった。,연두색 커튼으로 바꾸니 방이 밝아졌다.
雨上がりの庭の緑が、いつもより濃く見えた。,비가 갠 뒤 정원의 초록이 평소보다 짙어 보였다.
引っ越し当日は力仕事が多くて、腕がパンパンになった。,이사 당일은 힘쓰는 일이 많아 팔이 빵빵해졌다.
フローサイトメーターは、個々の細胞の蛍光強度を高速で測定する。,유세포 분석기(Flow cytometer)는 개별 세포의 형광 강도를 고속으로 측정한다.
この小説は作者の力作で、読み終えた後もしばらく余韻が残る。,이 소설은 작가의 역작이라 다 읽고도 한동안 여운이 남는다.
五月の風が窓から入り、カーテンがふわりと揺れた。,"5월 바람이 창문으로 들어와 커튼이 살랑 흔들렸다."
田んぼに早苗を植える手が、泥で黒く染まっていた。,논에 모를 심는 손이 진흙으로 까맣게 물들어 있었다.
この車は馬力があるのに、燃費も意外と悪くない。,이 차는 마력이 있는데도 연비도 의외로 나쁘지 않다.
フェーズワン試験では、少数の健常者を対象に薬の安全性を確認する。,임상 1상 시험(Phase 1)에서는 소수의 건강한 사람을 대상으로 약의 안전성을 확인한다.
この老舗の羊羹は、包装紙まで品がある。,이 노포의 양갱은 포장지까지 품격이 있다.
桟敷席から花火大会を見上げた。,잔치용 관람석(사쿠지키석)에서 불꽃놀이를 올려다봤다.
待ち合わせは銀座の数奇屋橋で、と言われた。,“만남은 긴자의 스키야바시에서”라고 들었다.
京都で数寄屋造りの宿に泊まり、庭を眺めてお茶を飲んだ。,교토에서 스키야 양식의 숙소에 묵고 정원을 보며 차를 마셨다.
葬儀の前に、数珠を鞄に入れたか確かめた。,장례식 전에 염주를 가방에 넣었는지 확인했다.
コドンの縮重により、塩基が変異してもアミノ酸が変わらないことがある。,"코돈의 축퇴(Degeneracy)로 인해, 염기가 변이해도 아미노산이 변하지 않을 수 있다."
竹刀を握ると、自然と背筋が伸びる。,죽도를 쥐면 자연스럽게 자세가 곧아진다.
オイラーの等式は、数学史上最も美しい数式として知られている。,오일러의 등식은 수학 역사상 가장 아름다운 수식으로 알려져 있다.
テイラー展開を用いれば、複雑な関数を無限の多項式の和として近似表現できる。,테일러 전개를 이용하면 복잡한 함수를 무한한 다항식의 합으로 근사 표현할 수 있다.
獲得免疫系は、特定の抗原を記憶し二度目の侵入に強く反応する。,획득 면역계는 특정 항원을 기억하여 두 번째 침입에 강하게 반응한다.
筆墨を尽くして彼の功績を記した。,있는 힘을 다해 그의 공적을 기록했다。
そんな雑魚に負けると思うなよ。,그런 잡어한테 질 거라고 생각하지 마.
ニーチェは永劫回帰の思想を通じて、生の絶対的肯定を説いた。,니체는 영겁회귀 사상을 통해 삶의 절대적 긍정을 역설했다.
彼の話は論理が通っていて、反論しにくい。,그의 말은 논리가 일관되어 반박하기 어렵다.
価格改定について、社内で議論が続いている。,가격 개정에 대해 사내에서 논의가 계속되고 있다.
流体力学におけるナビエストークス方程式の一般解は未だ不明だ。,유체역학에서 나비에-스토크스 방정식의 일반해는 아직 불명이다.
人工知能の深層学習は、人間の神経回路網を模倣して設計された。,인공지능의 딥러닝은 인간의 신경 회로망을 모방하여 설계되었다.
駅前で時雨に遭い、軒下で雨宿りした。,역 앞에서 소나기(시구레)를 만나 처마 밑에서 비를 피했다.
寺には丈六の仏像があり、圧倒される大きさだった。,절에는 장육(丈六) 불상이 있어 압도되는 크기였다.
その事件の実録を読むと、現実の重さが伝わる。,그 사건의 실록을 읽으면 현실의 무게가 전해진다.
来週の予定を立てて、無理のない順に並べよう。,다음 주 일정을 세워 무리 없는 순서로 배치하자.
デカルトの心身二元論は、精神と物質を独立した実体として捉える立場だ。,데카르트의 심신이원론은 정신과 물질을 독립된 실체로 파악하는 입장이다.
ポパーの反証可能性は、科学と非科学を分かつ境界設定の基準として提案された。,포퍼의 반증 가능성은 과학과 비과학을 나누는 구획 설정의 기준으로 제안되었다.
今年の走行距離をアプリに記録している。,올해의 주행 거리를 앱에 기록하고 있다.
トランジスタのスイッチング作用は、現代のデジタル論理回路の物理的基盤だ。,트랜지스터의 스위칭 작용은 현대 디지털 논리 회로의 물리적 기반이다.
リンゴを六つに切って、みんなに配った。,사과를 여섯 조각으로 잘라 모두에게 나눠줬다.
六月は湿気が多くて、洗濯物が乾きにくい。,"6월은 습기가 많아 빨래가 잘 마르지 않는다."
川の麓で休んでから、山道を登り始めた。,강 아래쪽(기슭)에서 쉬고 나서 산길을 오르기 시작했다.
メビウスの帯は、表と裏の区別がない単側曲面という幾何学的特性を持つ。,뫼비우스의 띠는 안팎의 구별이 없는 단측 곡면이라는 기하학적 특성을 가진다.
卒業写真を六つ切りでプリントして、額に入れた。,졸업사진을 6절(육절) 크기로 인화해 액자에 넣었다.
城が籠城に備えて、食料を地下に蓄えた。,성은 농성(농성전)에 대비해 식량을 지하에 비축했다.
契約を履行しない場合、違約金が発生します。,계약을 이행하지 않으면 위약금이 발생합니다.
漏電が疑われたので、ブレーカーを落として業者を呼んだ。,누전이 의심되어 차단기를 내리고 업체를 불렀다.
修道院の回廊を歩くと、時間がゆっくり流れる気がした。,수도원의 회랑을 걷자 시간이 천천히 흐르는 느낌이 들었다.
彼女の朗らかさに救われて、緊張がほどけた。,그녀의 명랑함에 위로받아 긴장이 풀렸다.
彼は安堵して、小さくため息を漏らした。,그는 안도하며 작게 한숨을 내쉬었다.
受付の女性は朗らかだが、仕事はきっちりしている。,접수 여성은 밝고 상냥하지만 일은 빈틈없이 한다.
機密が外に漏るような話し方はやめてくれ。,기밀이 밖으로 새어 나갈 듯한 말투는 그만해 줘.
式典で校長が朗々と挨拶を述べ、会場が静まり返った。,기념식에서 교장이 낭랑하게 인사말을 하자 회장이 조용해졌다.
新しい画廊で若手作家の個展を見た。,새 갤러리에서 젊은 작가의 개인전을 봤다.
古い屋根のせいで雨漏りがひどく、天井に染みができた。,낡은 지붕 때문에 빗물이 새서 천장에 얼룩이 생겼다.
突然の夕立で、駅前の広場が一気に濡れた。,갑작스런 소나기로 역 앞 광장이 순식간에 젖었다.
理科の実験で、酸とアルカリの反応を確かめた。,이과(과학) 실험에서 산과 알칼리의 반응을 확인했다.
チューリングテストは、機械が人間と区別できないほどの知的振る舞いができるかを判定する。,튜링 테스트는 기계가 인간과 구별할 수 없을 정도의 지적 행동을 할 수 있는가를 판정한다.
中立の立場で意見をまとめるのは難しい。,중립적인 입장에서 의견을 정리하는 것은 어렵다.
式が始まったら、全員起立して礼をした。,식이 시작되자 모두 기립하여 인사했다.
会議の途中で席を離れるときは、一言断ってください。,회의 도중 자리를 뜰 때는 한마디 말해 주세요.
コアコンピタンスを明確にし、他社が模倣できない独自の価値を提供する。,"핵심 역량(코어 컴피턴스)을 명확히 하여, 타사가 모방할 수 없는 독자적인 가치를 제공한다."
長旅で草鞋が弊履となり、足裏が痛んだ。,긴 여행으로 짚신이 해져 누더기가 되었고 발바닥이 아팠다.
TCP/IPの3ウェイハンドシェイクは、信頼性の高い通信接続を確立するための手順だ。,TCP/IP의 3-way 핸드셰이크는 신뢰성 높은 통신 접속을 확립하기 위한 절차다.
店に入る前に履物を脱ぐよう、看板に書いてある。,가게에 들어가기 전에 신발을 벗으라고 간판에 쓰여 있다.
朝の牧場で牛の乳しぼりを体験した。,아침 목장에서 소 젖 짜기를 체험했다。
駅前の陸橋を渡ると、バス停がすぐ見える。,역 앞 육교를 건너면 버스 정류장이 바로 보인다.
子猫が乳離れして、カリカリも食べられるようになった。,새끼고양이가 젖을 떼고 사료도 먹을 수 있게 됐다.
家の裏に回ると、小さな菜園があった。,집 뒤로 돌아가니 작은 텃밭이 있었다.
子どもがボールをぶつけて窓ガラスを壊してしまった。,아이가 공을 던지다 창문 유리를 깨 버렸다.
値上げしても利益が出ないなら、原価を見直そう。,가격을 올려도 이익이 나지 않는다면 원가를 재검토하자.
アンケートの空欄が多くて、集計に時間がかかった。,설문지의 빈칸이 많아서 집계에 시간이 걸렸다.
トランスヒューマニズムは、科学技術を用いて人間の身体的・認知的能力を拡張することを肯定する。,트랜스휴머니즘은 과학 기술을 이용하여 인간의 신체적·인지적 능력을 확장하는 것을 긍정한다.
市役所の吏員が窓口で丁寧に案内してくれた。,시청의 관리가 창구에서 친절하게 안내해 주었다.
展覧会のポスターが駅の壁一面に貼られていた。,전람회 포스터가 역 벽 한 면에 가득 붙어 있었다.
弟子が師を超えたのは、まさに出藍の誉れだ。,제자가 스승을 넘어선 것은 바로 청출어람의 영예다.
山あいの村里に、夕方の炊煙が立ちのぼった。,산골 마을에 저녁 밥짓는 연기가 피어올랐다.
ソニックブームは、物体が音速を超えた際に発生する衝撃波が作り出す爆音だ。,소닉 붐은 물체가 음속을 넘었을 때 발생하는 충격파가 만들어내는 폭음이다.
リスクヘッジのために、デリバティブ商品を組み込んでポートフォリオを組む。,위험 회피(헤지)를 위해 파생상품을 편입하여 포트폴리오를 구성한다.
彼は左利きだから、ハサミは左用を使っている。,그는 왼손잡이라 가위는 왼손용을 사용한다.
藍色の浴衣が夕暮れの街灯に映えていた。,남색 유카타가 해질녘 가로등 아래서 돋보였다.
祖母の藍染めの手ぬぐいは、使うほど風合いが増す。,할머니의 쪽염색 수건은 사용할수록 멋이 더해진다.
失恋しても、朝はちゃんと来ると自分に言い聞かせた。,실연해도 아침은 온다고 스스로에게 말했다.
暖房をつけているのに、子どもがまだ寒がっている。,난방을 켜 두었는데도 아이가 아직 춥다고 한다.
機会費用を考慮すると、このプロジェクトへの投資は最善とは言えない。,"기회비용을 고려하면, 이 프로젝트에 대한 투자는 최선이라고 말할 수 없다."
ペルソナを設定することで、顧客のニーズや行動パターンを具体的にイメージする。,"페르소나를 설정함으로써, 고객의 니즈나 행동 패턴을 구체적으로 이미지화한다."
初恋の人の名前を、ふとした瞬間に思い出した。,첫사랑의 이름을 문득 떠올렸다.
恋すると、同じ景色まで違って見える。,사랑을 하면 같은 풍경도 다르게 보인다.
母が恋しい夜は、昔の声を録音で聞く。,엄마가 그리운 밤에는 옛 목소리를 녹음으로 듣는다.
海岸の砂地でウミガメが産卵しているのを遠くから見守った。,해안의 모래밭에서 바다거북이 산란하는 모습을 멀리서 지켜보았다.
卵が割れて、黄身が流しに落ちてしまった。,달걀이 깨져 노른자가 싱크대로 떨어져 버렸다.
都会で暮らしても、故郷を恋い慕う気持ちは消えない。,도시에 살아도 고향을 그리워하는 마음은 사라지지 않는다.
細胞周期のチェックポイントで異常が見つかり、分裂が停止した。,세포 주기의 체크포인트에서 이상이 발견되어 분열이 정지했다.
当初の仮説が外れたため、事業の方向性を大きくピボットすることを決めた。,"당초의 가설이 빗나갔기 때문에, 사업의 방향성을 크게 전환(피봇)하기로 결정했다."
賃上げ交渉は決裂し、双方は会見を開いた。,임금 인상 협상은 결렬되어 양측이 기자회견을 열었다.
電気泳動の結果、目的とするＤＮＡ断片のバンドが確認された。,"전기영동 결과, 목적하는 DNA 단편의 밴드가 확인되었다."
あの時の怒りで、写真を八つ裂きにしたい衝動に駆られた。,그때의 분노로 사진을 찢어버리고 싶은 충동에 사로잡혔다.
遠い恋慕の情を胸に、彼は手紙を書き続けた。,먼 사랑의 그리움(연모)의 정을 품고 그는 편지를 계속 썼다.
自己免疫疾患では、免疫系が自己の組織を異物と誤認してしまう。,자가면역질환에서는 면역계가 자기 조직을 이물질로 오인해 버린다.
私は早朝の公園でジョギングをするのが日課だ,나는 이른 아침 공원에서 조깅을 하는 것이 일과다
保護貿易主義の台頭は、グローバルサプライチェーンの分断を招く恐れがある。,보호무역주의의 대두는 글로벌 공급망의 분단을 초래할 우려가 있다.
活性化エネルギーを超えることで、反応は遷移状態を経て進行する。,"활성화 에너지를 넘어서면, 반응은 전이 상태를 거쳐 진행된다."
古い配管が破裂して、廊下が水びたしになった。,낡은 배관이 파열되어 복도가 물바다가 됐다.
恋愛の相談なら、まず相手の気持ちを聞こう。,연애 상담이라면 먼저 상대의 마음을 들어보자.
ズボンが裂けてしまい、駅のトイレで応急処置した。,바지가 찢어져 역 화장실에서 임시로 수선했다.
ヒストン修飾は、遺伝子の発現を制御するエピジェネティックな機構だ。,히스톤 수식은 유전자 발현을 제어하는 후성유전학적 기구다.
彼は壮烈な最期を遂げた、と記録に残っている。,그는 장렬한 최후를 맞았다고 기록에 남아 있다.
首相は各国を歴訪し、共同声明を発表した。,총리는 각국을 순방해 공동 성명을 발표했다.
その件は例外ではなく、あくまで列外として処理します。,그 건은 예외가 아니라 ‘열외’로 처리합니다.
ＰＣＲ増幅産物をアガロースゲルで展開し、バンドの長さを確認する。,"PCR 증폭 산물을 아가로스 겔에서 전개하여, 밴드의 길이를 확인한다."
この城の歴史を知ると、景色の見え方が変わる。,이 성의 역사를 알면 풍경이 다르게 보인다.
分子標的薬の副作用として、皮膚障害や間質性肺炎が報告されている。,표적 치료제의 부작용으로 피부 장애나 간질성 폐렴이 보고되고 있다.
解糖系は酸素を必要とせず、グルコースをピルビン酸に分解する。,"해당과정은 산소를 필요로 하지 않으며, 포도당을 피루브산으로 분해한다."
酸化的リン酸化の阻害は、細胞内のエネルギー供給を断つことになる。,산화적 인산화의 저해는 세포 내 에너지 공급을 끊는 것이 된다.
劣等感を刺激されて、つい強がってしまった。,열등감이 자극돼 괜히 센 척해버렸다.
リポソーム製剤化することで、薬物の体内安定性と標的指向性を高めた。,리포솜 제제화함으로써 약물의 체내 안정성과 표적 지향성을 높였다.
ファーマコフォアを特定することは、新規医薬品開発の鍵となる。,파마코포어(약물 작용기)를 특정하는 것은 신규 의약품 개발의 열쇠가 된다.
宮殿の天井画は美麗で、見上げたまま動けなかった。,궁전의 천장화는 화려하고 아름다워 올려다본 채 움직일 수 없었다.
ゲルろ過クロマトグラフィーは、分子の大きさの違いを利用して分離する。,겔 여과 크로마토그래피는 분자 크기의 차이를 이용하여 분리한다.
プラスミドの薬剤耐性遺伝子は、形質転換体の選別に利用される。,플라스미드의 약제 내성 유전자는 형질 전환체의 선별에 이용된다.
上司は烈火のごとく怒り、会議室が凍りついた。,상사는 격렬히 화를 내 회의실 분위기가 얼어붙었다.
歴史の授業で奴隷制度を学び、胸が重くなった。,역사 수업에서 노예 제도를 배우고 마음이 무거워졌다.
遅刻した理由を正直に話したら、意外と許された。,지각한 이유를 솔직히 말했더니 의외로 용서받았다.
儀式の夜、死霊の気配がして灯りが揺れた。,"의식의 밤, 사령의 기척이 나서 불빛이 흔들렸다."
この祭りの由来は、昔の豊作祈願にさかのぼる。,이 축제의 유래는 옛날의 풍작 기원으로 거슬러 올라간다.
競合的阻害剤は、基質濃度を高めることで阻害効果を打ち消せる。,경쟁적 억제제는 기질 농도를 높임으로써 저해 효과를 상쇄할 수 있다.
同位体標識した化合物を追跡し、代謝経路の詳細を明らかにする。,동위원소 표지된 화합물을 추적하여 대사 경로의 상세를 밝힌다.
年齢を聞くのは失礼かと思い、話題を変えた。,나이를 묻는 건 실례일까 싶어 화제를 바꿨다.
留学をきっかけに、彼の視野は大きく飛躍した。,유학을 계기로 그의 시야는 크게 비약했다.
血液培養検査を行い、敗血症の原因菌を特定する必要がある。,혈액 배양 검사를 실시하여 패혈증의 원인균을 특정할 필요가 있다.
パーティーに麗人が現れ、会場の空気が変わった。,파티에 미인이 나타나 행사장 분위기가 달라졌다.
先輩から任された役目は、チームの空気を整えることだった。,선배에게 맡겨진 역할은 팀 분위기를 다듬는 것이었다.
参加者は約半分しか集まらず、会場が妙に広く感じた。,참가자는 대략 절반만 모여서 회장이 이상하게 넓게 느껴졌다.
彼女は翻訳の仕事で、言葉の裏側まで読み取っている。,그녀는 번역 일로 말의 이면까지 읽어낸다.
新人を野放しにせず、最初の一週間は必ず横に付く。,신입을 방치하지 말고 첫 일주일은 반드시 곁에 붙어준다.
住所変更の手続きで、役所の窓口に長い列ができていた。,주소 변경 절차로 구청 창구에 긴 줄이 서 있었다.
新しい薬剤の副作用は、長期データを見ないと判断できない。,새 약제의 부작용은 장기 데이터를 보지 않으면 판단할 수 없다.
新チームの躍動が、観客の空気まで変えていく。,새 팀의 약동이 관객의 분위기까지 바꿔 간다.
厄年だからといって怯えず、体調管理を丁寧にした。,액운이 드는 해라고 겁먹지 않고 건강 관리를 꼼꼼히 했다.
外食を減らして節約した分、週末に少しだけ旅行した。,외식을 줄여 절약한 만큼 주말에 조금만 여행했다.
マイクロアレイ解析で、数千の遺伝子の発現を一網打尽に調べた。,마이크로어레이 해석으로 수천 개 유전자의 발현을 일망타진으로(한꺼번에) 조사했다.
天気予報の予想が外れて午後は大雨になった,일기 예보의 예상이 빗나가 오후에는 폭우가 쏟아졌다
子どもがボールを思いきり蹴る。,아이가 공을 힘껏 찬다.
夜が明ける前に港へ着くよう、出発を一時間早めた。,날이 밝기 전에 항구에 도착하려고 출발을 한 시간 앞당겼다.
小説家は豊かな想像力で架空の世界を構築する,소설가는 풍부한 상상력으로 가상의 세계를 구축하다
野性の勘で危険を察して、彼は一歩引いた。,야성의 감각으로 위험을 알아차리고 그는 한 걸음 물러섰다.
人間が空を飛ぶなんてかつては不可能と思われた,인간이 하늘을 나는 건 예전에는 불가능하다고 여겨졌다
逃げる犯人を刑事が必死に追いかける,도망치는 범인을 형사가 필사적으로 뒤쫓다
久しぶりに再会した友人とカフェで会う,오랜만에 재회한 친구와 카페에서 만나다
森の木漏れ日が苔むした岩に限りなく降り注ぐ,숲의 나뭇잎 사이로 비치는 햇살이 이끼 낀 바위에 끝없이 쏟아지다
台風が過ぎ去り空が嘘のように晴れる,태풍이 지나가고 하늘이 거짓말처럼 개다
夜風が強くて、駅前で待つ間に肩が冷えた。,밤바람이 세서 역 앞에서 기다리는 동안 어깨가 식었다.
遠く離れた恋人に手紙で想いを伝える,멀리 떨어진 연인에게 편지로 마음을 전하다
カメラに向かって家族全員が幸せそうに笑う,카메라를 향해 가족 전원이 행복한 듯 웃다
冶金の研究室では、炉の温度を一度でも間違えると合金の性質が変わる。,야금 연구실에서는 용광로 온도를 한 번만 잘못 맞춰도 합금의 성질이 달라진다.
その美しい風景は私の瞳に強く焼き付いた,그 아름다운 풍경은 내 눈동자에 강하게 새겨졌다
話に脈絡がないと、聞き手はすぐ疲れてしまう。,이야기에 맥락이 없으면 듣는 사람은 금방 지친다.
読書は心を陶冶し、人の言葉遣いまで穏やかにする。,독서는 마음을 도야하여 말투까지 온화하게 만든다.
計算結果が予想と違う原因を詳しく調べる,계산 결과가 예상과 다른 원인을 자세히 조사하다
寄席で落語を聞いて、久しぶりに腹から笑った。,요세에서 라쿠고를 듣고 오랜만에 배꼽 잡고 웃었다.
洗濯物が太陽の下ですぐに乾く暑い日だ,빨래가 태양 아래서 금방 마르는 더운 날이다
瓦礫の中から咲く花に復興への希望を見出す,잔해 속에서 피어난 꽃에서 부흥에 대한 희망을 찾아내다
終盤は乱戦になって、どちらが勝つか分からなかった。,후반은 난전이 되어 어느 쪽이 이길지 몰랐다.
蔦がフェンスに絡み付いて、緑の壁みたいになっている。,담쟁이가 울타리에 휘감겨 초록 벽처럼 되어 있다.
風でカーテンが乱れて、部屋に影が揺れた。,바람에 커튼이 흐트러져 방에 그림자가 흔들렸다.
イヤホンのコードがバッグの中で絡まってしまった。,이어폰 줄이 가방 안에서 엉켜 버렸다.
映画のラストで落涙して、しばらく席を立てなかった。,영화 마지막에 눈물이 떨어져 한동안 자리에서 일어나지 못했다.
明日開催される会議の資料を徹夜で作成する,내일 개최되는 회의 자료를 밤새워 작성하다
祖父は酪農を営んでいて、朝は牛の世話から始まる。,할아버지는 낙농을 해서 아침은 소 돌보기부터 시작된다.
魔女が鍋をかき混ぜて不思議な魔法をかける,마녀가 냄비를 저어 신비한 마법을 걸다
一度失った信頼を取り戻すのは、想像以上に難しい。,한번 잃은 신뢰를 되찾는 건 생각보다 훨씬 어렵다.
この通りは車の往来が激しいから、横断に注意して。,이 거리는 차량 왕래가 심하니 횡단에 주의해.
能面は角度によって様々な表情を見せる,노 가면은 각도에 따라 다양한 표정을 보여준다
明日、友達がうちに来るから、部屋を片付けよう。,내일 친구가 우리 집에 오니까 방을 치우자.
同じ毎日が繰り返される時間のループに陥る,똑같은 매일이 반복되는 시간의 루프에 빠지다
取引先から修正の依頼が来たので、すぐ対応します。,거래처에서 수정 의뢰가 와서 바로 대응하겠습니다.
会計で小銭を落とすと、床で音が派手に響いた。,계산대에서 동전을 떨어뜨리자 바닥에서 요란하게 울렸다.
ブラックホールを通って異次元へ移動する,블랙홀을 통과하여 이차원으로 이동하다
この薬は眠気を来すことがあるので、運転は控えてください。,이 약은 졸음을 유발할 수 있으니 운전은 삼가 주세요.
クリスマスツリーに華やかなオーナメントを飾る,크리스마스 트리에 화려한 장식을 꾸미다
努力を重ねてついにオリンピック出場の夢を叶える,노력을 거듭하여 마침내 올림픽 출전의 꿈을 이루다
資料館で魚雷の断面模型を見て、構造に驚いた。,자료관에서 어뢰 단면 모형을 보고 구조에 놀랐다.
上司は部下に責任を浴びせるような言い方をしなかった。,상사는 부하에게 책임을 뒤집어씌우는 듯한 말투를 쓰지 않았다.
週末は暖炉の前で読書をして静かに過ごす,주말은 벽난로 앞에서 독서를 하며 조용히 보내다
翌春に引っ越し、翌年には開店し、翌々日は内覧会だ。,"이듬해 봄에 이사하고, 다음 해에는 개업하며, 모레(이틀 뒤)에는 내람회다."
彼は名誉を欲するより、静かな暮らしを選んだ。,그는 명예를 바라는 것보다 조용한 삶을 선택했다.
鳥は翼を広げて、風に乗った。,새는 날개를 펼쳐 바람을 탔다.
言論の抑圧が強まると、自己抑制が習慣になり、声の抑揚まで失われる。,"언론 탄압이 강해지면 자기 억제가 습관이 되고, 목소리의 억양까지 사라진다."
毒性の物質が水に遊離して、環境への影響が心配された。,독성 물질이 물에 유리되어 환경에 미칠 영향이 걱정되었다.
新しい靴が欲しいのに、妹はさらに高い物を欲しがる。,"새 신발이 갖고 싶은데, 여동생은 더 비싼 것을 갖고 싶어 한다."
遠くで雷が鳴った瞬間、窓ガラスが小さく震えた。,멀리서 천둥이 치는 순간 창유리가 살짝 떨렸다.
曜日を覚えるため、七曜表を壁に貼り、日曜に復習した。,요일을 외우기 위해 칠요일표를 벽에 붙이고 일요일에 복습했다.
稽古では謡と素謡の違いを先生が丁寧に説明した。,연습에서는 ‘謡’와 ‘素謡’의 차이를 선생님이 정성껏 설명했다.
名を呼ばれて、思わず振り向いた。,이름이 불려서 무심코 돌아봤다.
薄明かりのバーで、静かに話した。,희미한 조명 바에서 조용히 이야기했다.
年が明くと同時に、新しい目標を立てた。,해가 바뀌자마자 새 목표를 세웠다.
大名の屋敷跡を歩くと、歴史が近い。,다이묘 저택 터를 걸으면 역사가 가깝다.
駅で迷路みたいな地下通路に入り、出口が見つからなかった。,역에서 미로같은 지하 통로에 들어가 출구를 못 찾았다.
庭でハーブを養うには、日当たりと水が大事だ。,정원에서 허브를 기르려면 햇빛과 물이 중요하다.
生命の兆しが戻ったと医師が告げた。,생명의 징후가 돌아왔다고 의사가 말했다.
祖父の寿命を思うと、胸が締めつけられる。,할아버지의 수명을 생각하면 가슴이 조여 온다.
彼女はいつも明るい声で挨拶する。,그녀는 늘 밝은 목소리로 인사한다.
最後に種明かしを聞いて、みんな笑った。,마지막에 비밀을 밝히자 모두 웃었다.
明日は早起きだから、もう寝るね。,내일은 일찍 일어나야 해서 이제 잘게.
夜が明らむまで、語り明かした。,밤이 밝아올 때까지 이야기꽃을 피웠다.
暗い時期にも光明はあると信じたい。,어두운 시기에도 광명은 있다고 믿고 싶다.
夜明けの海は、息をのむほど美しい。,새벽 바다는 숨이 멎을 만큼 아름답다.
人気の新作はどこも品薄で、予約が必要だった。,인기 신작은 어디든 품귀라서 예약이 필요했다.
夕焼けが薄らぐころ、港に灯りがともった。,"노을이 희미해질 무렵, 항구에 불빛이 켜졌다."
式典で来賓として陪席し、挨拶を控えた。,식전에서 내빈으로 배석해 인사말을 삼갔다.
このたびは薄謝ながら心ばかりの品をお送りします。,이번에는 박례이지만 성의의 물품을 보냅니다.
芸名じゃなくて本名で登録した。,예명이 아니라 본명으로 등록했다.
精麦工場では、粒の大きさをそろえて出荷する。,정맥 공장에서는 알갱이 크기를 맞춰 출하한다.
蚊が病気を媒介する地域では、虫よけが必須だ。,모기가 질병을 매개하는 지역에서는 벌레 퇴치가 필수다.
雨で絵の具が薄まって、色がにじんだ。,비로 물감이 옅어져서 색이 번졌다.
朝霧の中を走ると、肺が冷える。,아침 안개 속을 달리면 폐가 차가워진다.
新聞だけでなくSNSも主要な媒体になった。,신문뿐 아니라 SNS도 주요 매체가 되었다.
軽薄なうわさ話に乗らず、事実だけを確認しよう。,경박한 소문에 휩쓸리지 말고 사실만 확인하자.
この金属は反応の触媒として働くらしい。,이 금속은 반응의 촉매로 작용하는 것 같다.
名字が同じでも、親戚とは限らない。,성이 같아도 친척이라고는 할 수 없어.
ジュースを薄めて、子どもに飲ませた。,주스를 희석해서 아이에게 마시게 했다.
彼女は若いが、話し方には十分な威厳がある。,그녀는 젊지만 말투에는 충분한 위엄이 있다。
子どもの好奇心を培うには、体験が大切だ。,아이의 호기심을 기르려면 체험이 중요하다.
式典の雰囲気は実に厳かだ。,식전의 분위기는 정말 엄숙하다。
彼は仕事の厳しさを新人に正直に伝えた。,그는 일의 엄격함을 신입에게 솔직하게 전했다。
彼の行動には利己の面と利他の面がある。,그의 행동에는 이기적인 면과 이타적인 면이 있다。
コスト削減のための人減らしが進んでいる。,비용 절감을 위한 인원 줄이기가 진행되고 있다。
研究室で細胞を培養し、顕微鏡で観察した。,연구실에서 세포를 배양하고 현미경으로 관찰했다.
最近、残業が少し減った。,최근에 야근이 조금 줄었다。
子どもが笛を吹いて、犬を呼び戻した。,아이가 피리를 불어 개를 불러돌렸다.
彼は規則に厳格な校長として知られている。,그는 규칙에 엄격한 교장으로 알려져 있다。
自家製の梅酒を瓶に詰めて、寝かせた。,직접 만든 매실주를 병에 담아 숙성시켰다.
再生可能エネルギー資源の利用が進んでいる。,재생 가능 에너지 자원의 이용이 진행되고 있다。
久しぶりに学生時代の知己と再会した。,오랜만에 학생 시절의 지기와 다시 만났다。
結婚後、戸籍の本籍地を変更した。,결혼 후에 호적의 본적지를 변경했다。
祖父は畑で野菜を栽培している。,할아버지는 밭에서 채소를 재배하고 있다.
子どもが床に飯粒をこぼしてしまった。,아이가 바닥에 밥알을 흘려버렸다.
彼の文章は感情表現が豊かだ。,그의 글은 감정 표현이 풍부하다。
村のはずれに一面の原が広がっている。,마을 끝자락에 끝없이 펼쳐진 들판이 있다。
努力する限り、可能性は広がる。,"노력하는 한, 가능성은 넓어져 간다。"
訴訟になれば時間も費用もかかる。,소송으로 가면 시간도 비용도 든다.
速度制限を守らないと危険だ。,속도 제한을 지키지 않으면 위험하다。
乗客が舷側に寄り過ぎないよう、係員が注意した。,승객들이 선측으로 너무 몰리지 않도록 직원이 주의를 주었다。
事故の原因はブレーキの故障だった。,사고의 원인은 브레이크 고장이었다。
少子化で人口の減少が続いている。,저출산으로 인구 감소가 계속되고 있다。
オーロラは高緯度地方で見られる美しい自然現象だ。,오로라는 고위도 지방에서 볼 수 있는 아름다운 자연 현상이다。
健康のために甘い物を控えている。,건강을 위해 단 것을 줄이고 있다.
飲酒にも限度というものがある。,술을 마시는 것도 한도라는 게 있다。
その行動は彼の優しさの現れだと思う。,그 행동은 그의 다정함이 드러난 모습이라고 생각한다。
トラックから荷物を降ろすのを手伝った。,트럭에서 짐을 내리는 일을 도왔다.
子どもたちは学校が終わると校庭で遊び始めた。,아이들은 학교가 끝나자 운동장에서 놀기 시작했다.
この地域では、新しい産業が次々と興りつつある。,이 지역에서는 새로운 산업이 잇따라 일어나고 있다.
この店の売上高は年々伸びている。,이 가게의 매출액은 해마다 늘고 있다.
彼は仲間とともに小さな会社を興し、地域の課題解決に取り組んでいる。,그는 동료들과 함께 작은 회사를 일으켜 지역 문제 해결에 힘쓰고 있다.
高級レストランでフルコースのディナーを楽しんだ。,고급 레스토랑에서 풀 코스 디너를 즐겼다.
この庭園は、四季折々の変化に興趣が尽きない。,이 정원은 사계절의 변화가 흥취가 끊이지 않는다.
高台から街の夜景を一望できる。,언덕 위 높은 곳에서 도시의 야경을 한눈에 바라볼 수 있다.
景気の下降が長期化し、失業率が上昇している。,경기 하강이 장기화되며 실업률이 상승하고 있다.
このバス停は乗り降りする人が少ない。,이 버스 정류장은 타고 내리는 사람이 적다.
午後から雪が激しく降り始めた。,오후부터 눈이 거세게 내리기 시작했다.
父は日の出前から畑を耕している。,아버지는 해 뜨기 전부터 밭을 갈고 있다.
披露宴の余興として、友人たちがダンスを披露した。,피로연의 여흥으로 친구들이 춤을 선보였다.
音程の高低を意識して歌うと、表現が豊かになる。,음정의 고저를 의식하고 노래하면 표현이 풍부해진다.
この言い回しはもう廃っていて、若い人はあまり使わない。,이 표현은 이미 유행이 지나서 젊은 사람들은 잘 쓰지 않는다.
彼らの間には、簡単には埋まらない深い溝ができてしまった。,그들 사이에는 쉽게 메워지지 않을 깊은 골이 생겨 버렸다.
来年からその制度は廃止される予定だ。,내년부터 그 제도는 폐지될 예정이다.
不動産の売買契約を結ぶ前に、重要事項説明を受けた。,부동산 매매 계약을 맺기 전에 중요사항 설명을 들었다.
アンケートの各項目に、五段階評価で答えてください。,설문지의 각 항목에 대해 5단계 평가로 답해 주세요.
改革の大綱が示され、今後の詳細な議論が始まった。,개혁의 대강이 제시되어 앞으로의 세부 논의가 시작되었다.
週末の売れ行きが予想以上で、追加発注した。,주말 판매 추이가 예상 이상이라 추가 발주했다.
戦後の街は荒廃し、瓦礫の中で人々が黙々と歩いた。,전후의 도시는 황폐해져 잔해 속을 사람들이 묵묵히 걸었다.
その国では長い間、重罪に対して絞首刑が執行されてきた。,그 나라에서는 오랫동안 중범죄에 대해 교수형이 집행되어 왔다.
大雨で下水溝が詰まり、道路に水たまりができていた。,큰비로 하수구가 막혀 도로에 물웅덩이가 생겼다.
被災地の復興に向けて、多くのボランティアが活動を続けている。,피해 지역의 복구를 위해 많은 자원봉사자들이 활동을 이어가고 있다.
彼はカメラをしっかり構えて、決定的な瞬間を待っていた。,그는 카메라를 단단히 들고 결정적인 순간을 기다리고 있었다.
登山者は安全のために太い綱を岩にしっかり結びつけた。,등산객은 안전을 위해 굵은 밧줄을 바위에 단단히 묶었다.
暗室で乾板を扱い、昔の写真を現像した。,암실에서 건판을 다루며 옛 사진을 현상했다.
雨の坂道で自転車が滑りそうになった。,비 오는 비탈길에서 자전거가 미끄러질 뻔했다.
下り坂でブレーキを握り、慎重に速度を落とした。,내리막길에서 브레이크를 잡고 조심히 속도를 줄였다.
鉄板の上でお好み焼きがジュウジュウ音を立てていた。,철판 위에서 오코노미야키가 지글지글 소리를 내고 있었다.
この道は急坂で、荷物が重いときはきつい。,이 길은 급경사라 짐이 무거우면 힘들다.
工房で版画を刷り、インクの香りが広がった。,공방에서 판화를 찍어 잉크 향이 퍼졌다.
最後は一点差で敗れ、悔しさがこみ上げた。,마지막에 1점 차로 패해 분함이 북받쳤다.
坂の上まで走ったら、息が切れた。,비탈길 위까지 달렸더니 숨이 찼다.
朝の公園で俳句を一句ひねった。,아침 공원에서 하이쿠를 한 수 지었다.
駅の掲示板に、落とし物の案内が貼られていた。,역 게시판에 분실물 안내가 붙어 있었다.
先生が黒板に大きく公式を書いた。,선생님이 칠판에 크게 공식을 썼다.
班長が点呼を取り、全員の名前を確認した。,반장이 점호를 하며 전원의 이름을 확인했다.
舞台挨拶で俳優が役作りの苦労を語った。,무대인사에서 배우가 배역 준비의 고생을 말했다.
一瞬の欲に負けて罪を犯し、家族まで傷つけてしまった。,"순간의 욕망에 져서 죄를 저질러, 가족까지 상처 입히고 말았다."
A判の用紙を切らしていて、資料を印刷できなかった。,A판 용지를 다 써서 자료를 인쇄할 수 없었다.
研修初日は部長と伴食し、緊張で味がしなかった。,연수 첫날은 부장과 함께 식사(伴食)해 긴장해서 맛도 느껴지지 않았다.
港には白い帆船が並び、観光客が写真を撮っていた。,항구에는 하얀 범선이 늘어서 관광객들이 사진을 찍고 있었다.
駅前で犯罪が起きたらしく、警察の規制線が張られていた。,역 앞에서 범죄가 일어난 듯 경찰 통제선이 쳐져 있었다.
領空の侵犯が確認され、緊急会見が開かれた。,영공 침범이 확인되어 긴급 기자회견이 열렸다.
大雨で川が氾濫し、住宅街が一晩で水に沈んだ。,폭우로 강이 범람해 주택가가 하룻밤 사이에 물에 잠겼다.
映像判定の結果、ゴールは取り消しになった。,"영상 판정 결과, 골은 취소됐다."
鼻が詰まって、味がよく分からない。,코가 막혀서 맛을 잘 모르겠다.
転んだ拍子に鼻血が出て、すぐにティッシュを当てた。,넘어지는 바람에 코피가 나서 바로 티슈를 댔다.
写真だと小鼻の赤みが目立つから、保湿しておこう。,사진에서는 콧방울의 붉은기가 도드라지니 보습해 두자.
成功には痛みを伴うと、先輩が言った。,성공에는 고통이 따른다고 선배가 말했다.
彼は眉目秀麗で、初対面でも印象に残る。,그는 용모가 수려해서 첫 만남에도 인상에 남는다.
彼女は微笑して、「大丈夫」とだけ言った。,그녀는 미소 지으며 “괜찮아”라고만 말했다.
微細な傷でも、光が当たると目立つ。,아주 미세한 흠집도 빛이 닿으면 눈에 띈다.
彼女は眉間にしわを寄せて、黙って資料を読んでいた。,그녀는 미간에 주름을 잡고 말없이 자료를 읽고 있었다.
締め切りは不可避だから、今日中に方針を決めよう。,마감은 피할 수 없으니 오늘 안에 방침을 정하자.
計画は首尾よく進んでいるが、油断は禁物だ。,계획은 순조롭게 진행되지만 방심은 금물이다.
祝いの席には尾頭付きの鯛が欠かせない。,축하 자리에는 꼬리와 머리가 붙은 도미 요리가 빠질 수 없다.
今朝は氷点下で、車の窓が凍っていた。,오늘 아침은 영하라 차 창문이 얼어 있었다.
町の商店街は衰微が進み、シャッターが増えた。,동네 상점가는 쇠퇴가 진행되어 셔터가 늘었다.
備考欄にアレルギーの有無を書いてください。,비고란에 알레르기 유무를 적어 주세요.
鼻孔に冷たい空気が入り、頭が冴えた。,콧구멍으로 차가운 공기가 들어와 정신이 맑아졌다.
この椅子は座面が広くて、安定感が備わっている。,이 의자는 좌면이 넓고 안정감이 갖춰져 있다.
鼻音が強いせいで、録音の声がこもって聞こえる。,비음이 강해서 녹음 목소리가 먹먹하게 들린다.
遠くに氷山が浮かんでいて、海が青く光る。,멀리 빙산이 떠 있고 바다가 푸르게 빛난다.
必ずしも高い物が良いとは限らない。,비싸다고 해서 반드시 좋은 것은 아니다.
会議の内容を筆記して、共有フォルダに保存した。,회의 내용을 필기해 공유 폴더에 저장했다.
新人が育って私の手が放れた。,신입이 자라 내 손이 덜 가게 됐다.
法律に従って手続きを進めます。,법률에 따라 절차를 진행합니다.
庭の姫松に雪が積もって、白く輝いた。,정원의 히메마쓰(왜소한 소나무)에 눈이 쌓여 하얗게 빛났다.
花火が夜空に光を放った。,불꽃놀이가 밤하늘에 빛을 뿜었다.
この文法は例文で覚えると早い。,이 문법은 예문으로 외우면 빠르다.
階段で膝を打って、しばらく動けなかった。,계단에서 무릎을 부딪쳐 한동안 움직일 수 없었다.
川で数匹の魚が跳ねるのが見えた。,강에서 몇 마리의 물고기가 뛰는 게 보였다.
新しい椅子には肘掛けが付いていて楽だ。,새 의자에는 팔걸이가 달려 있어서 편하다.
その筆は祖父の形見で、今も大切にしている。,그 붓은 할아버지의 유품이라 지금도 소중히 한다.
祖父は土地を手放さず守り続けた。,할아버지는 땅을 손에서 놓지 않고 지켜 왔다.
目が放れない試合だった。,눈을 뗄 수 없는 경기였다.
肘をついて話すのは行儀が悪いよ。,팔꿈치를 괴고 말하는 건 예의가 안 좋아.
そんな約束は放るなよ。,그런 약속은 내팽개치지 마.
彼は怒りを言葉にして放った。,그는 분노를 말로 내뱉었다.
国を追放された王子の物語。,나라에서 추방된 왕자의 이야기.
その案には不賛成だが、理由は冷静に説明したい。,"그 안에는 찬성하지 않지만, 이유는 차분히 설명하고 싶다."
その解雇は不当だとして、会社に抗議した。,그 해고는 부당하다며 회사에 항의했다.
彼は大きな野望を抱いている。,그는 큰 야망을 품고 있다.
書類を敏速に処理して、締め切りに間に合わせた。,서류를 신속하게 처리해서 마감에 맞췄다.
食事中に帽子を取らないのは不作法だと思う。,식사 중에 모자를 벗지 않는 건 예의에 어긋난다고 생각한다.
平和への願いを抱いて集会に参加した。,평화에 대한 바람을 품고 집회에 참가했다.
一抱えの薪を腕に抱えて運ぶ。,한 아름의 장작을 팔에 안고 나른다.
初対面なのに親しみを抱いた。,첫 만남인데도 친근함을 느꼈다.
一抱えの草を刈って袋に詰めた。,한 아름의 풀을 베어 자루에 담았다.
薬は小さな瓶に入れて、冷暗所に保管する。,약은 작은 병에 넣어 서늘하고 어두운 곳에 보관한다.
鋭敏な嗅覚で、わずかな焦げの匂いに気付いた。,예민한 후각으로 아주 약한 탄 냄새를 알아챘다.
一抱えもある花束をもらって驚いた。,한 아름이나 되는 꽃다발을 받아 놀랐다.
その言葉に疑念を抱いた。,그 말에 의심을 품었다.
最後まで放棄せず挑み続けた。,끝까지 포기하지 않고 계속 도전했다.
授業で素描を練習した。,수업에서 소묘를 연습했다.
品物が届いたら連絡します。,물건이 도착하면 연락할게요.
来賓の席が前方に用意されている。,내빈석이 앞쪽에 준비돼 있다.
会議中、秒針の音がやけに大きく聞こえた。,회의 중 초침 소리가 유난히 크게 들렸다.
設備が貧弱で作業が進まない。,설비가 빈약해 작업이 진행되지 않는다.
寸秒を争う場面で判断を誤った。,일각을 다투는 상황에서 판단을 그르쳤다.
事件の経緯を描き出すドキュメンタリー。,사건의 경위를 그려내는 다큐멘터리.
最近、地震が頻繁に起きている気がする。,요즘 지진이 자주 일어나는 것 같다.
流星は秒速数十キロで大気に突入する。,유성은 초속 수십 킬로미터로 대기에 돌입한다.
体が貧弱で長距離が苦手だ。,몸이 허약해서 장거리가 서툴다.
浜で焚き火をして温まった。,해변에서 모닥불을 피워 따뜻해졌다.
地図にルートを描き込んだ。,지도에 루트를 그려 넣었다.
渋滞が頻発する交差点だ。,정체가 빈발하는 교차로다.
彼の心情描写に胸が痛んだ。,그의 심정 묘사에 가슴이 아팠다.
小説の描写が細かくて情景が浮かぶ。,소설의 묘사가 섬세해서 장면이 떠오른다.
今年は豊作で、豊満な果実が並び、品揃えも豊富だ。,"올해는 풍작이라 탐스러운 과일이 늘어서고, 품목도 풍부하다."
横幅が足りなくて、写真がうまく収まらない。,가로폭이 부족해서 사진이 잘 들어가지 않는다.
傷口の縫合を終えた後、工房では縫製と裁縫の音が響いていた。,"상처 봉합을 마친 뒤, 작업실에서는 봉제와 바느질 소리가 울려 퍼졌다."
苗木を植えて庭の景色を整えた。,묘목을 심어 정원의 풍경을 다듬었다.
毎朝の往復が長くて、通勤だけで疲れてしまう。,매일 아침 왕복이 길어서 통근만으로도 지쳐 버린다.
山腹に霧がかかり、登山道が白くぼやけた。,산허리에 안개가 끼어 등산로가 하얗게 흐려졌다.
全幅の橋が完成し、渋滞がかなり緩和された。,전폭(전체 폭)의 다리가 완성되어 정체가 꽤 완화됐다.
昆虫の標本が展示ケースに並んでいる。,곤충 표본이 전시 케이스에 늘어서 있다.
体温の標準値は人によって少し違う。,체온의 표준값은 사람마다 조금 다르다.
助けてくれた友に報いるため、結果で報いを示した。,도와준 친구에게 보답하기 위해 결과로 보답을 보여 주었다.
空腹のまま買い物に行くと、余計な物まで買ってしまう。,공복으로 장 보러 가면 불필요한 것까지 사게 된다.
母はボタンを縫う手を止めず、縫い目の揃い方にこだわった。,"어머니는 단추를 다는 손을 멈추지 않고, 바느질 땀의 고름에 신경 썼다."
チームは敗戦から復活し、次の試合で勝利した。,팀은 패배에서 부활해 다음 경기에서 승리했다.
彼の封建的な考え方は、今の職場では通用しない。,그의 봉건적인 사고방식은 지금 직장에서는 통하지 않는다.
草むらに身を伏せると、敵の足音が近づいてきた。,풀숲에 몸을 낮추자 적의 발소리가 가까워졌다.
素封家の邸宅には、代々の美術品が静かに並んでいた。,부유한 가문의 저택에는 대대로 내려온 미술품이 조용히 놓여 있었다.
書類を密封してから、担当者に手渡してください。,서류를 밀봉한 뒤 담당자에게 직접 전달해 주세요.
規則に服従するだけでは、改善は生まれない。,규칙에 복종하기만 해서는 개선이 생기지 않는다.
道路の幅員が狭く、バスがすれ違えない区間がある。,도로의 폭원이 좁아 버스가 엇갈려 지나갈 수 없는 구간이 있다.
風力発電の風車が並ぶ海岸線を、車で走り抜けた。,풍력 발전 풍차가 늘어선 해안선을 차로 달려 지나갔다.
山道の起伏を越えるたびに、息が上がった。,산길의 기복을 넘을 때마다 숨이 찼다.
国境が封鎖され、救援物資の輸送が遅れている。,국경이 봉쇄되어 구호 물자의 수송이 지연되고 있다.
強風で看板が揺れ、通行人が足を止めた。,강풍으로 간판이 흔들려 지나가던 사람들이 발걸음을 멈췄다.
風上に立って煙の流れを確かめ、火元を探した。,바람을 등지고(바람 위쪽에 서서) 연기의 흐름을 확인하며 발화 지점을 찾았다.
丘の上の風車が、ゆっくりと羽を回していた。,언덕 위 풍차가 천천히 날개를 돌리고 있었다.
洋服のサイズが合わず、別の色も試してみた。,양복(서양식 옷) 사이즈가 맞지 않아 다른 색도 입어봤다.
荒武者が雪原を駆け抜ける噂が、宿場町に広がっていた。,난폭한 무사가 설원을 달린다는 소문이 역참마을에 퍼져 있었다.
武力で村を支配しようとする者には、警備隊が即座に対処した。,무력으로 마을을 지배하려는 자에게는 경비대가 즉시 대응했다.
彼は武士の家に生まれ、礼儀と誇りを厳しく教えられた。,그는 무사의 집안에서 태어나 예의와 자부심을 엄하게 배웠다.
文武に秀でた人材を求めると、社内の期待が一気に高まった。,문무를 겸비한 인재를 찾자 사내의 기대가 단숨에 높아졌다.
全部確認したつもりでも、肝心な一行を見落としていた。,"전부 확인했다고 생각했는데, 정작 중요한 한 줄을 놓쳤다."
彼の絵は名画の模倣だと批判された。,그의 그림은 명화의 모방이라고 비판받았다.
会社の旧弊を断ち切るには、時間がかかる。,회사의 구폐를 끊어내려면 시간이 걸린다.
熱い煎餅をかじったら、口の中をやけどした。,뜨거운 센베이를 베어 물었다가 입안을 데었다.
斜面が崩れて山崩れとなり、道路をふさいだ。,비탈이 무너져 산사태가 되어 도로를 막았다.
舞扇をそっと開くと、金箔が灯りにきらめいた。,무용 부채를 살짝 펼치자 금박이 불빛에 반짝였다.
祭りのポスターには大きく「舞」の一字が書かれていた。,축제 포스터에는 크게 ‘舞’ 한 글자가 쓰여 있었다.
庭で舞う桜の花びらが、春の終わりを静かに告げていた。,정원에서 흩날리는 벚꽃 잎이 봄의 끝을 조용히 알리고 있었다.
この店は日曜だと、夕方にはもう閉まる。,이 가게는 일요일이면 저녁엔 이미 닫는다.
花柄のワンピースが店頭に並び、春らしくなった。,꽃무늬 원피스가 매장에 진열되어 봄 느낌이 났다.
彼は過去を語らず、心を閉ざしてしまった。,그는 과거를 말하지 않고 마음을 닫아 버렸다.
責任は私が取ります、と彼はきっぱり言った。,"책임은 내가 지겠습니다, 그는 단호하게 말했다."
香りが逃げないように、豆は密閉容器に入れている。,향이 날아가지 않게 원두는 밀폐 용기에 넣어 둔다.
このカフェは今日で閉店だと聞いて、急いで来た。,이 카페가 오늘로 폐점이라 들어서 급히 왔다.
同じ説明を何度も求められて、さすがに閉口した。,"같은 설명을 몇 번이나 요구받아, 정말 말문이 막혔다."
便利さの追求にも、プライバシー侵害という弊害がある。,편리함을 추구하는 데도 프라이버시 침해라는 폐해가 있다.
容疑者の身柄はすでに確保された。,용의자의 신병은 이미 확보되었다.
陛下のご訪問に合わせ、沿道には多くの人が集まった。,폐하의 방문에 맞춰 길가에 많은 사람이 모였다.
目を閉じると、波の音だけが聞こえた。,눈을 감으면 파도 소리만 들렸다.
家柄よりも、本人の努力を見たい。,가문보다 본인의 노력을 보고 싶다.
庭に高い塀があって、外からは中が見えない。,정원에 높은 담이 있어 밖에서는 안이 보이지 않는다.
出るときは必ずドアを閉めてください。,나갈 때는 반드시 문을 닫아 주세요.
普通に考えれば、それは危ないよ。,상식적으로 생각하면 그건 위험해.
値段と品質を併せると、この商品が一番だと思う。,가격과 품질을 함께 고려하면 이 상품이 최고라고 생각한다.
申込書には氏名、住所、電話番号、並びにメールアドレスを記入してください。,"신청서에는 성명, 주소, 전화번호, 그리고 이메일 주소를 기입해 주세요."
開発とテストを並行して進め、納期を守った。,개발과 테스트를 병행해 납기를 지켰다.
寺の普請が終わるまで立ち入り禁止だ。,절의 공사가 끝날 때까지 출입 금지다.
富よりも自由を選びたい。,부(돈)보다 자유를 선택하고 싶다.
彼女には天賦の才能がある。,그녀에게는 타고난 재능이 있다.
包囲が長引き、兵糧の不足が深刻になった。,포위가 길어지며 병량 부족이 심각해졌다.
その地域は数十年前に隣国へ併合された。,그 지역은 수십 년 전 이웃 나라에 병합되었다.
このアプリは地図と翻訳を併用すると便利だ。,이 앱은 지도와 번역을 병용하면 편리하다.
その流派の系譜をたどると江戸に行き着く。,그 유파의 계보를 따라가면 에도에 닿는다.
港町は交易で富み栄えた。,항구 도시는 교역으로 부유해지고 번영했다.
雑兵まで動員され、城下は騒然となった。,잡병까지 동원되어 성 아래는 소란스러워졌다.
愛は普遍のテーマだ。,사랑은 보편적인 주제다.
婦人服売り場は二階です。,여성복 매장은 2층입니다.
貧富の差が教育にも影響する。,빈부 격차가 교육에도 영향을 미친다.
彼は昔を思い出して微笑みを浮かべた。,그는 옛일을 떠올리며 미소를 지었다.
借りたペンは、明日必ず返すよ。,빌린 펜은 내일 꼭 돌려줄게.
四月から大阪支社に赴任することになった。,"4월부터 오사카 지사로 부임하게 되었다."
富貴を求めて心を失ってはならない。,부귀를 좇다가 마음을 잃어서는 안 된다.
近代化で国を富強にしようとした。,근대화로 나라를 부강하게 만들려고 했다.
海辺のカフェで潮風を浴びながらコーヒーを飲んだ。,바닷가 카페에서 바닷바람을 맞으며 커피를 마셨다.
その夫婦は毎朝一緒に犬の散歩をする。,그 부부는 매일 아침 함께 개 산책을 한다.
終電を逃しても、タクシーで返るしかなかった。,막차를 놓쳐도 택시로 돌아갈 수밖에 없었다.
お祝いをもらったので、返礼の品を選びに行った。,축하를 받아서 답례품을 고르러 갔다.
岸辺に打ち上げられた貝殻を拾って、ポケットに入れた。,물가에 떠밀려온 조개껍데기를 주워 주머니에 넣었다.
新年の初便りに近況を書いた。,새해 첫 소식 편지에 근황을 썼다.
この辺りは桜が多くて、春がいちばん綺麗だ。,이 근처는 벚나무가 많아 봄이 가장 예쁘다.
新米が入荷しました、と店の札に書いてあった。,"신곡이 입고되었습니다, 라고 가게 표지에 적혀 있었다."
その説明は完璧で、質問する隙がなかった。,그 설명은 완벽해서 질문할 틈이 없었다.
卒業の日、みんなと別れるのが思った以上につらかった。,"졸업 날, 모두와 헤어지는 것이 생각보다 힘들었다."
別れを切り出す言葉が見つからず、沈黙が長くなった。,이별을 꺼낼 말을 찾지 못해 침묵이 길어졌다.
会議室の壁面に大きなモニターを設置した。,회의실 벽면에 큰 모니터를 설치했다.
彼と彼女は業界の双璧と呼ばれている。,그와 그녀는 업계의 쌍벽이라 불린다.
壁にポスターを貼る前に、位置を何度も測った。,벽에 포스터를 붙이기 전에 위치를 여러 번 재었다.
白米にするか玄米にするか、栄養のことを考えて迷う。,"백미로 할지 현미로 할지, 영양을 생각하며 고민한다."
米を研いでいると、指先が少し冷たくなる。,쌀을 씻고 있으면 손끝이 조금 차가워진다.
その辺にある椅子に、ちょっと座って待ってて。,그 근처에 있는 의자에 잠깐 앉아서 기다려.
港の岸壁に打ちつける波の音が、夜まで続いた。,항구의 안벽에 부딪히는 파도 소리가 밤까지 계속됐다.
辺境の村まで行くのに、バスを二回乗り換えた。,변경의 마을까지 가려면 버스를 두 번 갈아타야 했다.
古い写真の紙片が引き出しの奥から出てきた。,오래된 사진의 종이 조각이 서랍 깊숙한 곳에서 나왔다.
自分の癖に気づくと、少しだけ直せる気がする。,자기 버릇을 알아차리면 조금은 고칠 수 있을 것 같다.
夜回りの拍子木の音が遠くに響いた。,야간 순찰의 박자목 소리가 멀리 울렸다。
樹木の年輪で気候の変化がわかる。,수목의 나이테로 기후 변화를 알 수 있다。
この小説を韓国語に翻訳している。,이 소설을 한국어로 번역하고 있다。
手のひらを翻して急に反対した。,손바닥 뒤집듯 갑자기 반대했다。
本来の目的を思い出そう。,본래의 목적을 떠올리자。
米食中心だと聞いていたけど、彼は朝からパンも食べる。,"쌀 중심 식생활이라고 들었지만, 그는 아침부터 빵도 먹는다."
精米したての香りがして、炊く前から食欲が湧いた。,"갓 도정한 향이 나서, 밥을 짓기 전부터 식욕이 났다."
最近、この公園にイノシシが出没するらしい。,요즘 이 공원에 멧돼지가 출몰한대。
土木工事で道路がしばらく通行止めだ。,토목 공사로 도로가 한동안 통행 금지다。
彼は被災地支援のために奔走した。,그는 재난 지역 지원을 위해 동분서주했다。
旗が強風で翻っている。,깃발이 강풍에 펄럭이고 있다。
今年は米作の収量が伸びて、村の倉庫がいっぱいになった。,올해는 쌀 생산량이 늘어서 마을 창고가 가득 찼다.
凡人でも毎日続ければ変われる。,평범한 사람도 매일 계속하면 달라질 수 있다。
新しい音楽シーンが各地で勃興している。,새로운 음악 신이 곳곳에서 일어나고 있다。
猫がネズミを捕らえた。,고양이가 쥐를 붙잡았다.
川で魚を捕る道具を揃えた。,강에서 물고기를 잡는 도구를 갖췄다.
イベントの編成を見直して、時間を短縮した。,이벤트 편성을 재검토해 시간을 단축했다.
このローンは日歩で利息が増える。,이 대출은 일보(일일 이자율)로 이자가 늘어난다.
契約の担保として不動産を差し入れた。,계약의 담보로 부동산을 제공했다.
彼は木石のように感情を見せない。,그는 목석처럼 감정을 드러내지 않는다。
今日は山の花便りを聞いて出かけた。,오늘은 산의 꽃 소식을 듣고 나섰다.
練習の成果で演奏が進歩した。,연습의 성과로 연주가 발전했다.
容疑者はその場で逮捕された。,용의자는 현장에서 체포됐다.
歩道を広げて、通学路を安全にした。,보도를 넓혀 통학로를 안전하게 했다.
公園の大木が夏の日差しを遮ってくれる。,공원의 큰 나무가 여름 햇빛을 가려 준다。
祖母の手編みのマフラーはとても暖かい。,할머니의 손뜨개 목도리는 정말 따뜻하다.
駅まで徒歩で十五分だ。,역까지 도보로 15분이다.
時代劇で派手な捕り物が始まった。,시대극에서 화려한 체포 장면이 시작됐다.
明日の試験に向けて勉強する。,내일 시험을 위해 공부한다.
喜びも苦しみも、仲間と分かち合うのが支えになる。,기쁨도 고통도 동료와 나누는 것이 버팀목이 된다.
待ち時間は三十分ほどです。,대기 시간은 30분 정도입니다.
責任の所在を分かつため、役割を明文化した。,책임 소재를 나누기 위해 역할을 문서화했다.
危険物取扱者の丙種に合格して、自信がついた。,위험물 취급자 병종에 합격해 자신감이 생겼다.
評価は甲乙丙で付けるけど、今は甲を狙いたい。,평가는 갑을병으로 매기지만 지금은 ‘갑’을 노리고 싶다.
このフォントは文字が読みやすくて助かる。,이 폰트는 글자가 읽기 쉬워서 도움이 된다.
地図を見れば、駅までの道がすぐ分かる。,지도를 보면 역까지의 길을 금방 알 수 있다.
天文学の授業で、土星の環の成り立ちを学んだ。,천문학 수업에서 토성의 고리 형성을 배웠다.
引っ越しの荷物から昔の恋文が出てきて、赤面した。,이사 짐에서 옛 연애편지가 나와 얼굴이 붉어졌다.
このパンは平たいけど、噛むほど甘みが出る。,이 빵은 납작하지만 씹을수록 단맛이 난다.
遠くでサイレンの聞こえがして、胸騒ぎがした。,멀리서 사이렌 소리가 들려서 불안감이 들었다.
卒業を機に、みんな別々の道へ分かれる。,졸업을 계기로 모두 각자의 길로 갈라진다.
今日は自分にご褒美として、早めに寝ることにした。,오늘은 자신에게 보상으로 일찍 자기로 했다.
この曲、もっと大きい音で聞く？,"이 노래, 더 크게 들을래?"
神前に酒を奉る。,신 앞에 술을 올리다.
その丘には古い墳墓が点在し、草の間に石碑が埋もれていた。,그 언덕에는 오래된 분묘가 흩어져 있고 풀 사이에 비석이 묻혀 있었다.
祭りの後、神社に奉納された絵馬が並んだ。,축제 뒤 신사에 봉납된 에마가 늘어섰다.
失敗しても、もう一度奮い立つしかない。,실패해도 다시 한 번 분기할 수밖에 없다.
問い合わせが続出して電話が鳴りやまない。,문의가 속출해서 전화가 끊이지 않는다.
彼は自由と平等を信奉している。,그는 자유와 평등을 신봉한다.
奮発して高級な寿司をごちそうした。,큰맘 먹고 고급 스시를 한턱냈다.
差別的な発言を聞き、胸の奥に義憤が燃え上がった。,차별적인 발언을 듣고 가슴 속에 의분이 치밀어 올랐다.
彼女は芳紀十八で、夢に向かって走っている。,그녀는 꽃다운 나이 열여덟으로 꿈을 향해 달리고 있다.
約束を破られて、彼は黙って憤った。,약속을 어겨서 그는 말없이 분노했다.
プレゼントを丁寧に包む。,선물을 정성껏 포장하다.
小包が届いたので、玄関で受け取った。,소포가 도착해서 현관에서 받았다.
奉行は町人の訴えを静かに聞いた。,봉행(관리)은 마을 사람의 하소연을 조용히 들었다.
新メンバーの加入を機に、チームが奮起して練習量を増やした。,새 멤버 합류를 계기로 팀이 분기하여 연습량을 늘렸다.
雨上がりの庭に芳香が漂う。,비 갠 뒤 정원에 향기가 감돈다.
子どもが公園で大暴れして、親が追いかけた。,아이가 공원에서 크게 날뛰어 부모가 쫓아갔다.
お乗りの方は、足元にご注意ください。,승차하시는 분은 발밑을 주의해 주세요.
宮廷では謀略が渦巻き、誰も信用できない。,궁정에는 모략이 소용돌이쳐 누구도 믿을 수 없다.
問題解決の方法を三つ提案します。,문제 해결 방법을 세 가지 제안합니다.
膨大なデータを整理するだけで一日かかった。,방대한 데이터를 정리하는 데만 하루가 걸렸다.
無謀な計画だとわかっていても、止められなかった。,무모한 계획인 줄 알면서도 멈출 수 없었다.
不足分は来週の納品で補う予定です。,부족분은 다음 주 납품으로 보충할 예정입니다.
北風が吹いて、湖の水面が細かく波立った。,북풍이 불어 호수 수면이 잔잔하게 물결쳤다.
その概念は複数の意味を内包している。,그 개념은 여러 의미를 내포하고 있다.
クッキーを一個だけ食べて我慢した。,쿠키를 한 개만 먹고 참았다.
方角を間違えて、逆方向の電車に乗ってしまった。,방향을 착각해 반대 방향 전철을 타 버렸다.
地図で北を確かめてから、森へ入った。,지도에서 북쪽을 확인한 뒤 숲으로 들어갔다.
道路の舗装工事のため、今夜は通行止めです。,도로 포장 공사 때문에 오늘 밤은 통행금지입니다.
慕情を誘うメロディーが、夜更けに響いた。,그리움을 자아내는 멜로디가 한밤중에 울려 퍼졌다.
その人柄が慕わしいと思えるのは、誠実さゆえだ。,그 인품이 사랑스럽고 따르고 싶게 느껴지는 건 성실함 때문이다.
若い頃から大望を抱き、海外で起業した。,젊을 때부터 큰 포부를 품고 해외에서 창업했다.
春の陽気に誘われて、新しい帽子を買った。,봄날씨에 이끌려 새 모자를 샀다.
お客様が所望の色は、こちらの在庫にございます。,고객님이 원하시는 색은 이쪽 재고에 있습니다.
新人が台本を棒読みして、場が冷えた。,신입이 대본을 로봇처럼 읽어서 분위기가 싸늘해졌다.
その観察力には脱帽するしかない。,그 관찰력에는 감탄(탈모)할 수밖에 없다.
彼は現場で汗をかき、人望が自然と集まった。,"그는 현장에서 땀 흘려 일했고, 자연스레 인망이 모였다."
医師に感冒だと言われ、薬を出してもらった。,의사에게 감기라고 진단받고 약을 받았다.
彼は酔うと店内で暴れるので、出禁になった。,그는 술에 취하면 가게 안에서 난동을 부려 출입금지 당했다.
災害の後でも、人々は希望をつないで復興に動いた。,재해 이후에도 사람들은 희망을 이어가며 복구에 나섰다.
あなたの笑顔が見られるなら、それが私の本望です。,"당신의 미소를 볼 수 있다면, 그것이 제 바람(본망)입니다."
危険を冒してまで、彼は真実を届けようとした。,위험을 무릅쓰고 그는 진실을 전하려 했다.
このシャツは綿とポリエステルの混紡で、乾きやすい。,이 셔츠는 면과 폴리에스터 혼방이라 잘 마른다.
重要な箇所に赤で傍線を引いておいた。,중요한 부분에 빨간색으로 밑줄을 그어 두었다.
放課後、鉄棒で逆上がりを練習した。,방과 후 철봉에서 뒤돌아오기를 연습했다.
私は静かな部屋で、ただ平穏を望んでいる。,나는 조용한 방에서 그저 평온을 바라고 있다.
市場の馬を扱う博労は、目利きが鋭い。,시장 말 장수(박로)는 안목이 날카롭다.
会社の存亡がかかった会議で、皆の表情が硬かった。,회사의 존망이 걸린 회의에서 모두의 표정이 굳어 있었다.
祖父は昨夜、眠るように亡くなったと聞いた。,할아버지는 어젯밤 잠든 듯 돌아가셨다고 들었다.
忙しさにかまけて、家族の話を聞けていなかった。,바쁨에 핑계 대며 가족 이야기를 못 듣고 있었다.
某国との交渉が難航し、期限が延期された。,모 국가와의 협상이 난항을 겪어 기한이 연기됐다.
魚の皮を剥ぐのが下手で、身まで削ってしまった。,생선 껍질 벗기는 걸 못해서 살까지 깎아버렸다.
朝寝坊して、始業ベルに間に合わなかった。,늦잠을 자서 수업 시작 종에 못 맞췄다.
祖母はもう亡いが、声だけは今も耳に残っている。,할머니는 이미 돌아가셨지만 목소리만은 아직도 귀에 남아 있다.
某氏の発言が波紋を呼び、会見が開かれた。,모 씨의 발언이 파문을 일으켜 기자회견이 열렸다.
事件は某所で発生したが、詳細は公表されていない。,사건은 모처에서 발생했지만 자세한 내용은 공개되지 않았다.
亡き人を思い出すたび、桜の匂いがする気がする。,고인을 떠올릴 때마다 벚꽃 향이 나는 것 같다.
一人旅で冒険してみたら、世界が広がった。,혼자 여행하며 모험해 보니 세상이 넓어졌다.
堤防の上から、増水した川を見下ろした。,제방 위에서 불어난 강을 내려다보았다.
彼女は慈悲深く、困っている人を放っておけない。,그녀는 자비로워 곤란한 사람을 그냥 두지 못한다.
事故の賠償について、保険会社と金額を詰めている。,사고 배상에 대해 보험사와 금액을 조율하고 있다.
心拍が一拍遅れて聞こえるほど、緊張した。,심박이 한 박자 늦게 들릴 정도로 긴장했다.
連泊が続いて、スーツケースの中がぐちゃぐちゃだ。,연박이 이어져서 캐리어 안이 엉망이다.
乾杯の後に政治の話をしたら、場が白けた。,건배 후에 정치 얘기를 했더니 분위기가 싸해졌다.
火の粉が飛び火して、隣の木にも燃え移った。,불똥이 옮겨 붙어 옆 나무에도 불이 번졌다.
台風で家が壊れ、甚大な被害が出た。,태풍으로 집이 부서져 막대한 피해가 났다.
その話は黒白つけようとして、余計にこじれた。,그 일은 흑백을 가리려다 더 꼬였다.
悲しい知らせを聞いて、胸が締めつけられた。,슬픈 소식을 듣고 가슴이 조여 왔다.
駅のホームで、足音の拍子が揃っていく。,역 플랫폼에서 발소리 박자가 맞아간다.
夜明け前、空が少し白むのを見て出発した。,"새벽, 하늘이 조금 희어지는 걸 보고 출발했다."
冬は被服を重ねて、体温を逃がさない。,겨울에는 의복을 겹쳐 입어 체온을 놓치지 않는다.
帽子を被って外に出たら、急に雨が降った。,모자를 쓰고 나가자 갑자기 비가 내렸다.
テープを剥がすと、下の塗装も一緒に取れた。,테이프를 떼니 아래 페인트까지 함께 벗겨졌다.
静かな港に、夕焼けが水面に長く映っていた。,고요한 항구에 석양빛이 물 위에 길게 비치고 있었다.
検査の結果、リンパ節の肥大が見つかった。,검사 결과 림프절 비대가 발견됐다.
失敗も経験の肥やしになると信じている。,실패도 경험의 자양분(肥やし)이 된다고 믿는다.
卑近な例で説明すると、もっと分かりやすい。,통속적인 예로 설명하면 더 이해하기 쉽다.
彼のスピーチは内容は良いが、表現がやや生硬で聞きづらかった。,그의 연설은 내용은 좋았지만 표현이 다소 생경해서 듣기 어려웠다.
人を卑しむような言葉は、決して口にしない。,남을 업신여기는 말은 절대 입에 담지 않는다.
畑には有機肥料を入れて、土を整える。,밭에는 유기 비료를 넣어 흙을 정돈한다.
初めての海外飛行で、少し緊張した。,첫 해외 비행이라 조금 긴장했다.
是非、今夜の食事会に来てください。,부디(꼭) 오늘 밤 식사 모임에 와 주세요.
「文化」という言葉は、広義には人間のあらゆる活動を含む概念だ。,‘문화’라는 단어는 광의로는 인간의 모든 활동을 포함하는 개념이다。
窓から海が見える広いリビングに、みんなが自然と集まってくる。,창문으로 바다가 보이는 넓은 거실에 모두가 자연스레 모여든다.
自動販売機が硬貨を受け付けず、何度入れても戻ってきてしまう。,자판기가 동전을 인식하지 않아 몇 번 넣어도 계속 나오고 만다.
作物の様子を見ながら、施肥の量を調整した。,작물 상태를 보며 시비(비료 주기) 양을 조절했다.
古い文学全集の口絵には、当時の作家たちの肖像写真が並んでいる。,옛 문학 전집의 구두삽화에는 당시 작가들의 초상 사진이 쭉 실려 있다.
厳しい口調で叱られたが、その言葉には優しさも感じられた。,"엄한 말투로 혼나긴 했지만, 그 말 속에서 따뜻함도 느껴졌다."
彼の長年의功績が認められ、名誉ある賞が贈られた。,그의 오랜 공적이 인정되어 명예로운 상이 수여되었다.
この映画は派手な技巧よりも、静かな演技で観客を引き込む。,이 영화는 화려한 기교보다 잔잔한 연기로 관객을 끌어들인다.
一国の政治を担う者は、公としての責任の重さを自覚しなければならない。,한 나라의 정치를 맡은 사람은 공적인 존재로서 책임의 무거움을 자각해야 한다.
冷たい空気が鼻孔を通り抜け、冬の朝だと実感した。,차가운 공기가 콧구멍을 스쳐 지나가자 겨울 아침임을 실감했다.
なんとか旅費を工面して、念願のヨーロッパ旅行に出かけた。,어떻게든 여행 경비를 마련해 드디어 꿈꾸던 유럽 여행을 떠났다.
この祭りの由来は文書ではなく、村の長老たちによる口伝で伝えられてきた。,이 축제의 유래는 문서가 아니라 마을 장로들의 구전으로 전해져 내려왔다.
祖父は町で評判の大工で、古い寺の修復も任されていた。,할아버지는 마을에서 소문난 목수라 오래된 절의 보수도 맡곤 했다.
しばらく黙っていた彼が、ようやく開口一番「ごめん」と言った。,한동안 말이 없던 그가 드디어 입을 열며 첫마디로 “미안”이라고 말했다.
審判は最後まで公平な立場を守り、どちらのチームにも肩入れしなかった。,심판은 끝까지 공평한 입장을 지켜 어느 팀에도 치우치지 않았다.
指導者の言行が一致していなければ信頼は得られない。,지도자의 언행이 일치하지 않으면 신뢰를 얻을 수 없다.
言うべきことはその場で正直に伝えたほうがいい。,할 말은 그 자리에서 솔직하게 전하는 편이 좋다.
この件は一度部長に言上したほうがよい。,이 건은 한 번 부장에게 보고하는 편이 좋겠다.
体育の時間に鉄棒で懸垂を十回連続でできた。,체육 시간에 철봉에서 턱걸이를 연속으로 열 번 했다.
週末には友人と囲碁の大会に出場するため、会社帰りに道場で練習している。,"주말에 친구와 바둑 대회에 나가기 위해, 퇴근 후 도장에서 연습하고 있다."
試験のあと、先生が黒板で答案の正誤を丁寧に解説してくれた。,시험이 끝난 뒤 선생님이 칠판에서 답안의 정오를 자세히 설명해 주었다.
人間の記憶は錯誤を起こしやすく、同じ出来事でも人によって証言が異なる。,"인간의 기억은 착오를 일으키기 쉬워서, 같은 사건도 사람마다 증언이 다르다."
語学留学のために、彼女は毎日ニュース記事を音読して発音を矯正している。,어학 연수를 위해 그녀는 매일 뉴스 기사를 소리 내어 읽으며 발음을 교정하고 있다.
SNSから生まれた新語が、いつの間にかテレビのニュースでも普通に使われるようになった。,SNS에서 생겨난 신조어가 어느새 TV 뉴스에서도 당연히 쓰이게 되었다.
彼は皆の前で禁煙することを宣言した。,그는 모두 앞에서 금연을 하겠다고 선언했다.
食後の語らいの時間が、この家族にとって一番の楽しみだ。,식사 후 담소를 나누는 시간이 이 가족에게 가장 큰 즐거움이다.
窓際に置かれた大きな碁盤の上では、毎晩熱い勝負が繰り広げられる。,창가에 놓인 큰 바둑판 위에서는 매일 밤 치열한 승부가 펼쳐진다.
このお守りはよく当たると評判で、なかなか験があるらしい。,이 부적은 잘 맞는다고 소문나서 꽤 영험하다고 한다.
ここは一度引き下がるのが賢明な判断だろう。,여기서는 일단 물러서는 것이 현명한 판단일 것이다.
彼は成功しても常に謙虚な態度を崩さない。,그는 성공하고도 늘 겸손한 태도를 잃지 않는다.
会議の後、上司に呼び止められて詳しい説明を求められた。,회의가 끝난 뒤 상사에게 불려가 자세한 설명을 요구받았다.
山での静かな修行を通じて、悟りに近づこうとする僧の姿が描かれている。,산에서의 고요한 수행을 통해 깨달음에 다가가려는 승려의 모습이 그려져 있다.
ダンスのとき、結んだ髪からこぼれた後れ毛がふわりと揺れた。,댄스를 출 때 묶은 머리에서 흘러나온 잔머리가 살랑살랑 흔들렸다.
父は母を亡くした後、しばらくして後添いを迎えた。,아버지는 어머니를 잃은 뒤 한참 후에 새어머니를 맞이했다.
先賢の業績を振り返りながら研究計画を練る。,선현들의 업적을 돌아보며 연구 계획을 세운다.
明日の期末試験に向けて一晩中勉強した。,내일 기말시험을 위해 밤새 공부했다.
憲法改正について国民投票が行われた。,헌법 개정에 대해 국민투표가 실시되었다.
官憲の弾圧に抗議して市民がデモを行った。,관헌의 탄압에 항의하여 시민들이 시위를 벌였다.
彼は退職した後、地方に移り住んだ。,그는 퇴직 후 지방으로 이사를 갔다.
結末が救いのない映画で、見終わった後味が悪かった。,결말이 구원 없는 영화라 보고 난 뒤 뒷맛이 씁쓸했다.
互いの立場を理解しようとする姿勢が大切だ。,서로의 입장을 이해하려는 자세가 중요하다.
互いに助け合えば、どんな困難も乗り越えられる。,서로 도우면 어떤 어려움도 이겨 낼 수 있다.
彼は長年、この会社の法律顧問を務めている。,그는 오랫동안 이 회사의 법률 고문을 맡아 왔다.
忙しさに追われて、自分の健康を顧みる余裕がない。,바쁜 일상에 쫓겨 자신의 건강을 돌아볼 여유가 없다.
あの時もっと勉強しておけばよかったと、今でも後悔している。,그때 더 열심히 공부해 둘 걸 하고 지금도 후회하고 있다.
両国は相互理解を深めるために交流を続けている。,양국은 상호 이해를 깊게 하기 위해 교류를 계속하고 있다。
電車の到着時刻が予定より数分前後した。,열차 도착 시간이 예정보다 몇 분 정도 앞뒤로 흔들렸다.
後続の車両に注意して、安全に車線変更を行ってください。,후속 차량에 유의하여 안전하게 차선 변경을 하시기 바랍니다.
互い違いの模様の靴下を面白がって履いている。,엇갈린 무늬의 양말을 재미있다며 신고 다닌다.
祖母の残した呉服を仕立て直して、成人式の振袖にした。,할머니가 남겨 주신 포목을 다시 지어 성년식 후리소데로 만들었다.
飲み会の席で、後輩の相談にじっくり耳を傾けた。,술자리에서 후배의 고민을 진지하게 들어 주었다.
この町は日本標準時の子午線が通ることで知られている。,이 도시는 일본 표준시 자오선이 지나가는 곳으로 알려져 있다.
夏祭りで太鼓の音が夜空に響き渡った。,여름축제에서 북소리가 밤하늘에 울려 퍼졌다.
面接では好ましい印象を与えることが大切だ。,면접에서는 바람직한 인상을 주는 것이 중요하다.
両国の関係は現在も良好だ。,양국의 관계는 현재도 양호하다.
湖面が夕日を受けて光り輝いていた。,호수 표면이 석양을 받아 눈부시게 빛나고 있었다.
子どもの成長した姿を見て、親として誇らしい気持ちになった。,아이의 성장한 모습을 보고 부모로서 뿌듯한 마음이 들었다.
将来について真剣に考える時間が必要だ。,미래에 대해 진지하게 생각할 시간이 필요하다.
彼の武勇伝はいつも少し誇張されている。,그의 무용담은 언제나 조금씩 과장되어 있다.
若者の読書離れの傾向が指摘されている。,젊은이들의 독서 이탈 경향이 지적되고 있다.
彼は長年の好敵手であり、同時に良き友人でもある。,그는 오랜 호적수이자 동시에 좋은 친구이기도 하다.
その噂はたちまち江湖に広まり、誰もが知るところとなった。,그 소문은 순식간에 강호(세상)에 퍼져 모두가 알게 되었다.
服の好みが兄とはまったく違う。,옷 취향이 형과는 전혀 다르다.
リビングには父の好きな絵が飾ってある。,거실에는 아버지가 좋아하는 그림이 걸려 있다.
小鼓の繊細な音色が舞いの雰囲気を一層引き立てた。,소고의 섬세한 음색이 춤의 분위기를 한층 더 살려 주었다.
休日には家族で観光に出かけることが多い。,휴일에는 가족과 함께 관광을 나가는 일이 많다.
軍の装甲車がゆっくりと街中を走っていった。,군의 장갑차가 천천히 시내를 지나갔다.
新しい制度について、社内でさまざまな意見が飛び交っている。,새 제도에 대해 사내에서 다양한 의견이 오가고 있다.
契約書には甲乙両者の責任が明記されている。,계약서에는 갑을 쌍방의 책임이 명시되어 있다.
不遜な態度で謝罪しても逆効果だ。,불손한 태도로 사과해도 역효과다.
彼女の甲高い笑い声が教室中に響いた。,그녀의 새된 웃음소리가 교실 전체에 울려 퍼졌다.
チューリップの球茎やススキの地下茎は、どちらも翌年の芽吹きのために養分を蓄えている。,튤립의 구경과 억새의 지하경은 모두 이듬해 새싹을 틔우기 위해 양분을 저장하고 있다.
ご飯に雑穀を交ぜて炊くと、香りがよくなる。,밥에 잡곡을 섞어 지으면 향이 좋아진다.
バラの茎に刺が刺さった拍子に、彼は驚いて歯茎を固く噛みしめた。,장미 줄기에 가시가 박히는 순간 그는 놀라서 잇몸을 꽉 물어 물었다.
この道路は少し先で国道と交わっている。,이 도로는 조금 앞에서 국도와 교차한다.
羊の群れが夕焼けの草原をゆっくりと横切っていった。,양 떼가 석양 빛 초원을 천천히 가로질러 갔다.
交ぜ織りのストールは素朴な風合いが魅力だ。,혼합 직조 스톨은 소박한 질감이 매력적이다.
彼はオリンピックで栄光を手にした。,그는 올림픽에서 영광을 거머쥐었다.
砂に小さな貝殻が交じっている。,모래 속에 작은 조개껍질이 섞여 있다.
そんな魂胆があるとは思わず、彼の提案を信じてしまった。,그런 속셈이 있을 거라고는 생각 못 하고 그의 제안을 믿어 버렸다.
戦争の傷痕は今も街のあちこちに残っている。,전쟁의 상흔은 지금도 도시 곳곳에 남아 있다.
安定した雇用を守る政策が求められている。,안정적인 고용을 지키는 정책이 요구되고 있다.
彼は長年この会社の雇員として働いてきた。,그는 오랜 세월 이 회사의 고원으로 일해 왔다.
濃紺のスーツならビジネスの場でも落ち着いた印象を与えられる。,진곤색 정장은 비즈니스 자리에서도 차분한 인상을 줄 수 있다.
新人にも分かるよう懇切丁寧に説明してくれた。,신입도 이해할 수 있도록 매우 친절하고 자세하게 설명해 주었다.
祖父は小さな紺屋を営み、藍染めの仕事一筋に生きてきた。,할아버지는 작은 염색공방을 운영하며 쪽염 하나로 평생을 살아오셨다.
紺青の空が海と溶け合う夕暮れの景色をスケッチした。,짙푸른 하늘이 바다와 하나가 되는 석양 풍경을 스케치했다.
毎日の厳しい訓練から得た教訓を、漢字の音訓を教える授業で生徒たちに伝えた。,"매일의 혹독한 훈련에서 얻은 교훈을, 한자의 음훈을 가르치는 수업에서 학생들에게 전했다."
私たちは湖畔のカフェでコーヒーを飲んだ。,우리는 호반의 카페에서 커피를 마셨다.
彼は日雇いの仕事で生活費を稼いでいる。,그는 일용직으로 생활비를 벌고 있다.
現地には分遣隊が先に到着し、拠点の設営を進めていた。,현지에는 분견대가 먼저 도착해 거점 설치를 진행하고 있었다.
静かな湖をボートでゆっくり横切った。,고요한 호수를 보트로 천천히 가로질렀다.
看護師たちの献身的な看護に、家族は何度も感謝の言葉を伝えた。,간호사들의 헌신적인 간호에 가족들은 여러 번 감사 인사를 전했다.
彼は派手さよりも堅実な貯金と投資を大切にしている。,그는 화려함보다 견실한 저축과 투자를 중시한다.
明日までに全部終わらせろなんて、そんなの本当に嫌だ。,"내일까지 전부 끝내라니, 그런 건 정말 싫다."
ご提案の件は社内で検討の上、改めてご連絡いたします。,제안해 주신 건은 사내에서 검토한 뒤 다시 연락드리겠습니다.
中堅企業に就職して、営業職として全国を飛び回っている。,중견기업에 취직해서 영업직으로 전국을 돌아다니고 있다.
地元の農家が収穫した新米を宮中に献上する儀式が行われた。,지역 농가가 수확한 햅쌀을 궁중에 헌상하는 의식이 거행되었다.
論文を書く前に、関連する文献を図書館で徹底的に調べた。,논문을 쓰기 전에 관련 문헌을 도서관에서 철저히 조사했다.
私は納豆が嫌いだが、体にいいとは思っている。,나는 낫토를 싫어하지만 건강에는 좋다고 생각한다.
彼には事件への関与の嫌疑がかけられているが、まだ証拠は不十分だ。,그에게는 사건 연루 혐의가 걸려 있지만 아직 증거는 불충분하다.
出発前に必ず車のブレーキを点検してから高速道路に乗る。,출발 전에 반드시 차의 브레이크를 점검한 뒤 고속도로에 오른다.
城の堅固な石垣が、何百年もの歴史を今に伝えている。,성의 견고한 돌담이 수백 년의 역사를 지금까지 전해 주고 있다.
ここは落石の危険があるので、ロープの内側から出ないでください。,이곳은 낙석의 위험이 있으니 로프 안쪽으로 나오지 말아 주십시오.
健康のために毎日三十分ほど散歩するようにしている。,건강을 위해 매일 30분 정도 산책하려고 하고 있다.
一言余計なことを言ったせいで、場の空気が一気に険悪になった。,한마디 쓸데없는 말을 한 탓에 분위기가 한순간에 험악해졌다.
王は豪華な玉座に腰掛け、床に転がる玉石の中から一つの宝玉を拾い上げた。,"왕은 호화로운 옥좌에 걸터앉아, 바닥에 굴러다니는 옥석들 가운데에서 한 개의 보옥을 집어 들었다."
警察官が拳銃の扱い方について厳しく訓練を受けている。,경찰관이 권총 취급 방법에 대해 엄격한 훈련을 받고 있다.
怒りを抑えきれず、彼は握り拳をぎゅっと握りしめた。,분노를 참지 못해 그는 주먹을 꽉 쥐었다.
老舗旅館で極上の料理と極秘のレシピを教わるというのは、料理人にとって至極の喜びだ。,노포 여관에서 극상의 요리와 극비 레시피를 전수받는다는 것은 요리사에게 지극한 기쁨이다.
赤ん坊が健やかだと聞いて両親はほっと胸をなで下ろした。,아기가 건강하다고 듣고 부모는 안도했다.
この道は途中で急に曲がるので、夜に運転するときは特に注意が必要だ。,"이 길은 중간에서 급하게 꺾이기 때문에, 밤에 운전할 때는 특히 주의가 필요하다."
祖母は頭巾をきっちりかぶり、手にした雑巾で廊下を丁寧に拭いていた。,"할머니는 두건을 단단히 쓰고, 손에 든 걸레로 복도를 정성스럽게 닦고 있었다."
彼は針金をペンチで曲げて、即席のフックを作った。,그는 펜치로 철사를 구부려서 즉석에서 훅을 만들었다.
このレースでは、馬ごとに斤量が違うため、ハンデをどう読むかが勝敗の鍵になる。,"이 경주에서는 말마다 부담 중량이 다르기 때문에, 그 핸디캡을 어떻게 해석하느냐가 승패의 관건이 된다."
彼は昔から質素と節倹を信条に暮らしてきた。,그는 예전부터 검소와 절검을 신조로 살아왔다.
父の考え方は今でもかなり封建的で、家事は母の役目だと思っている。,아버지의 사고방식은 지금도 꽤 봉건적이라 집안일은 엄마 몫이라고 생각한다.
会社の発展は、社員一人ひとりの勤倹な働きによって支えられている。,회사의 발전은 사원 한 사람 한 사람의 근검한 노력이 뒷받침하고 있다.
郊外に家を建てるために、土地探しを始めた。,교외에 집을 짓기 위해 땅을 찾기 시작했다.
生活費を稼ぐために、彼は夜は飲食店で兼職している。,생활비를 벌기 위해 그는 밤에는 음식점에서 겸직하고 있다.
舞台の上で剣舞が始まると、会場は一気に張りつめた空気に包まれた。,무대 위에서 검무가 시작되자 회장은 순식간에 팽팽한 공기로 가득 찼다.
包丁をよく研いでから刺身を引くと、切り口がきれいになる。,칼을 잘 갈고 나서 사시미를 뜨면 단면이 깨끗해진다.
駅の近くに新しい図書館が建つことになり、住民が喜んでいる。,역 근처에 새 도서관이 세워지게 되어 주민들이 기뻐하고 있다.
彼は宇宙物理学の研究で世界的に高い評価を受けている。,그는 우주 물리학 연구로 세계적으로 높은 평가를 받고 있다.
長時間パソコンに向かっていたせいで、右の肩がこって痛い。,오랫동안 컴퓨터를 해서 오른쪽 어깨가 뭉쳐 아프다.
彼は大学で建築を学び、歴史的建造物の保存に携わっている。,그는 대학에서 건축을 공부해 역사적 건축물의 보존에 관여하고 있다.
放課後、体育館で剣道の練習が行われている。,방과 후에는 체육관에서 검도 연습이 이루어진다.
会議で自分の意見をはっきり述べるのは大切だ。,회의에서 자신의 의견을 분명히 말하는 것은 중요하다.
長い審査期間を経て、ようやく新製品の発売が決まった。,긴 심사 기간을 거쳐 드디어 신제품 발매가 결정되었다.
金利が上がると債券の価格が下がる仕組みをグラフで説明した。,금리가 오르면 채권 가격이 내려가는 구조를 그래프로 설명했다.
環境問題については、長期的な見地から考えなければならない。,환경 문제에 대해서는 장기적인 견지에서 생각해야 한다.
空港で旅券を提示したあと、ようやく旅行気分になってきた。,공항에서 여권을 제시하고 나니 비로소 여행하는 기분이 났다.
軽快な口調は魅力的だが、人を傷つける軽薄な冗談や軽率な発言には気をつけるべきだ。,"경쾌한 말투는 매력적이지만, 사람을 상처 입히는 경박한 농담이나 경솔한 발언은 조심해야 한다."
この町のラーメンは、全国にも比肩する味だと自慢している。,이 마을의 라멘은 전국에도 견줄 만한 맛이라고 자랑한다.
寝る前にスマホでニュース動画を見るのが日課になっている。,자기 전에 스마트폰으로 뉴스 영상을 보는 것이 일상이 되었다.
天井の蛍光灯が消えても、蛍光塗料で描かれた避難経路の矢印がぼんやりと浮かび上がった。,천장의 형광등이 꺼져도 형광 도료로 그려진 대피 경로 화살표가 희미하게 떠올랐다.
彼女のピアノの音色は春風のように軽やかで、聴く人の心をふわりと解きほぐす。,"그녀의 피아노 음색은 봄바람처럼 가벼워, 듣는 이의 마음을 살랑살랑 풀어 준다."
その路地は昔、闇商人の巣窟として恐れられていた。,그 골목은 예전에 암거래 상인들의 소굴로 두려움의 대상이었다.
初対面の人にも礼儀正しく遇するべきだ。,첫 대면인 사람에게도 예의 바르게 대해야 한다.
来週の会議のために水曜日の午後を空けておいてください。,다음 주 회의를 위해 수요일 오후를 비워 두세요.
彼は作業中によく宇宙旅行の空想にふける。,그는 작업 중에 종종 우주 여행 공상에 잠긴다.
「諸君、これが最後のチャンスだ」と講師は学生に語りかけた。,"“제군, 이것이 마지막 기회다.”라고 강사는 학생들에게 말했다."
ゴールデンウィーク明けはいつも電車が少し空く。,골든위크가 끝난 뒤에는 언제나 전철이 조금 한산해진다.
彼女は空色のワンピースを旅行用に選んだ。,그녀는 여행용으로 하늘색 원피스를 골랐다.
彼女は本のページを静かに繰った。,그녀는 책 페이지를 조용히 넘겼다。
偶然入った喫茶店で昔の友人に再会した。,우연히 들어간 다방에서 옛 친구를 다시 만났다.
心の片隅でずっと彼のことを気にかけていた。,마음 한구석에서 줄곧 그를 신경 쓰고 있었다.
夏でも雪渓が残る渓谷を、渓流の音を聞きながらゆっくり歩いた。,"여름에도 설계가 남아 있는 계곡을, 계류 소리를 들으며 천천히 걸었다."
彼らは侵入者を撃退するために警報を鳴らした。,그들은 침입자를 격퇴하기 위해 경보를 울렸다.
二社の防衛線の間隙を突いて、敵が市街地に侵入した。,두 회사의 방어선 사이의 틈을 파고들어 적이 시가지에 침입했다.
この機を逃したら、二度とチャンスは来ない。,이번 기회를 놓치면 두 번 다시 찬스는 오지 않는다.
不景気の影響で、中小企業は大きな打撃を受けた。,불경기의 영향으로 중소기업들이 큰 타격을 입었다.
私は休日になると、静かな寺に参詣して心を落ち着かせる。,휴일이 되면 조용한 절에 참배하러 가 마음을 가라앉힌다.
受賞の慶祝パーティーが盛大に開かれた。,수상을 축하하는 파티가 성대하게 열렸다.
昔は灯りの燃料として鯨油が使われていた。,예전에는 등불의 연료로 경유(고래기름)가 사용되었다.
海面に巨大な鯨の尾がゆっくりと現れた。,수면 위로 거대한 고래의 꼬리가 천천히 모습을 드러냈다.
先生は、次に同じことをしたら厳しく警告すると言った。,선생님은 또 그러면 엄하게 경고하겠다고 말했다.
サッカーチームは後半から一気に攻撃に転じた。,축구팀은 후반전부터 일제히 공격으로 전환했다.
彼は的を正確に撃つ練習を毎日続けている。,그는 과녁을 정확히 쏘기 위한 연습을 매일 계속하고 있다.
山中に大量の産業廃棄物が遺棄されていた。,산중에 대량의 산업 폐기물이 유기되어 있었다.
子どもの頃からの夢はプロ棋士になることだった。,어릴 적부터의 꿈은 프로 기사가 되는 것이었다.
子どもたちはプレゼントを見て大いに喜んだ。,아이들은 선물을 보고 몹시 기뻐했다.
貴下のご健康とご多幸をお祈り申し上げます。,귀하의 건강과 행운을 기원합니다.
現地の人の生の声は貴重な情報源だ。,현지 사람들의 생생한 목소리는 소중한 정보원이다.
このスマホはシリーズの旗艦モデルだ。,이 스마트폰은 이 시리즈의 플래그십 모델이다.
彼はオーケストラを指揮する若きマエストロだ。,그는 오케스트라를 지휘하는 젊은 마에스트로다.
休み時間に友達と将棋を指すのが楽しみだ。,쉬는 시간에 친구와 쇼기를 두는 것이 즐겁다.
当時は揮発油が貴重で、自由に車を走らせることはできなかった。,당시는 휘발유가 귀해서 마음대로 차를 달릴 수 없었다.
合格の知らせは家族みんなの喜びだった。,합격 소식은 가족 모두의 기쁨이었다.
世界経済は未曾有の危機に直面している。,세계 경제는 유례없는 위기에 직면해 있다.
彼女は手先が器用で、何でも自分で作ってしまう。,그녀는 손재주가 좋아 무엇이든 직접 만들어 버린다.
若き旗手としてチームを引っ張っている。,젊은 기수로서 팀을 이끌고 있다.
この地区は静かで住みやすいと評判だ。,이 지역은 조용하고 살기 좋다고 평판이 좋다.
他人を不必要に苦しめるような発言は控えなさい。,다른 사람을 불필요하게 괴롭히는 말은 삼가라.
注意されるたびに、彼は苦り切った表情を浮かべる。,그는 주의를 받을 때마다 얼굴을 잔뜩 찌푸린다.
戦争で多くの市民が長い間苦しんだ。,전쟁으로 많은 시민이 오랫동안 고통받았다.
有名歌手を呼べば、きっと人寄せになる。,유명 가수를 부르면 분명 사람을 끌어모을 것이다.
この考え方が計画の基となっている。,이 사고방식이 계획의 바탕이 되고 있다.
見苦しい言い訳を並べるより、素直に謝ったほうがいい。,보기 흉한 변명을 늘어놓기보다 솔직하게 사과하는 편이 낫다.
長年の俳句をまとめた初めての句集を出版した。,오랜 하이쿠를 모은 첫 시집을 출간했다.
若い頃の失敗を思い出すと、今でも苦々しい気持ちになる。,젊은 시절의 실패를 떠올리면 지금도 여전히 씁쓸한 기분이 든다.
この分野の基礎をしっかり学んでから応用に進みましょう。,이 분야의 기초를 제대로 배운 다음 응용으로 나아갑시다.
彼は上司に叱られて、苦虫を噛み潰したような顔になった。,그는 상사에게 혼나고는 입 씰룩이며 씁쓸한 표정이 되었다.
地震で道路に大きな亀裂が入った。,지진으로 도로에 큰 균열이 생겼다.
心の苦しみを誰にも打ち明けられずにいた。,마음의 고통을 누구에게도 털어놓지 못하고 있었다.
人の好みは区々で、同じ映画でも評価が分かれる。,사람의 취향은 제각각이라 같은 영화도 평가가 엇갈린다.
その説明は筋が通っていて説得力がある。,그 설명은 논리가 통하고 설득력이 있다.
彼の胸中には、誰にも言えない葛藤が渦巻いていた。,그의 가슴속에는 누구에게도 말할 수 없는 갈등이 소용돌이치고 있었다.
年頭にあたり、皆様のご健康とご多幸を恭賀申し上げます。,연초를 맞이하여 여러분의 건강과 행복을 삼가 축원드립니다.
彼は大手銀行に勤めているが、転職を考えているらしい。,그는 대형 은행에 다니지만 이직을 고민하는 것 같다.
このビルは丈夫な鉄筋コンクリート造だ。,이 건물은 튼튼한 철근 콘크리트 구조이다.
給料は僅かだが、この仕事にはやりがいがある。,월급은 얼마 안 되지만 이 일은 보람이 있다.
このドラマの筋書は単純だが心に残る。,이 드라마의 줄거리는 단순하지만 마음에 남는다.
新たな支配者への恭順を示すための式典が開かれた。,새 통치자에게의 공순을 나타내기 위한 의식이 열렸다.
失敗を恐れるあまり、一歩を踏み出せない人も多い。,실패를 두려워한 나머지 한 걸음을 내딛지 못하는 사람도 많다.
あの事故の映像は今思い出しても恐ろしい。,그 사고 영상은 지금 떠올려도 무섭다.
あんな大観衆の前で堂々と歌うなんて、大した度胸だ。,그렇게 많은 관중 앞에서 당당히 노래하다니 대단한 배짱이다.
古い体温計には水銀が入っているので、割ると危険だ。,옛 체온계에는 수은이 들어 있어 깨뜨리면 위험하다.
彼女の演奏は聴く人の琴線に触れる。,그녀의 연주는 듣는 이의 심금을 울린다.
公園で子供たちが元気よく走り回っている。,공원에서 아이들이 활발하게 뛰어다니고 있다.
神棚に新しい米と塩を供えて、静かに手を合わせた。,신단에 새 쌀과 소금을 올리고 조용히 두 손을 모았다.
彼は地方暮らしの静けさを存分に享受している。,그는 지방 생활의 고요함을 마음껏 향유하고 있다.
亡くなった祖母の供養のために、家族でお寺に集まった。,돌아가신 할머니를 공양하기 위해 가족이 절에 모였다.
夜明け前、前線で激しい戦闘が起きた。,새벽 전에 전선에서 격렬한 전투가 일어났다.
満員電車の中は息苦しいほど狭苦しい。,만원 전철 안은 숨 막힐 정도로 비좁다.
レストランでは地元産の野菜を使った料理を提供している。,그 레스토랑에서는 현지산 채소를 사용한 요리를 제공하고 있다.
電車のドアにコートの裾が挟まって、慌てて引っ張った。,전철 문에 코트 자락이 끼어서 허겁지겁 잡아당겼다.
偏狭な価値観にとらわれず、多様性を受け入れたい。,편협한 가치관에 사로잡히지 않고 다양성을 받아들이고 싶다.
根拠のない非難を受けて、彼は黙り込んだ。,근거 없는 비난을 받아 그는 입을 다물었다.
この道路は場所によって広狭の差が激しい。,이 도로는 장소에 따라 너비 차이가 심하다.
本にしおりを挟んで、机の上にそっと置いた。,책에 책갈피를 끼워 책상 위에 살며시 올려놓았다.
家具を壁際に寄せて通路を狭めないようにした。,가구를 벽 쪽으로 붙여 통로를 좁히지 않도록 했다.
彼は助けを求めて大声で叫んだ。,그는 도움을 요청하며 크게 소리쳤다.
夜明け前に漁船が一斉に港を出ていった。,동틀기 전에 어선들이 일제히 항구를 떠났다.
出張が終わり、明日の午後には帰京する予定だ。,출장이 끝나서 내일 오후에는 도쿄로 돌아갈 예정이다.
交渉はまだ途上にあり、結論は来週だ。,협상은 아직 진행 중이며 결론은 다음 주다.
遠くから誰かの叫びが聞こえてきた。,멀리서 누군가의 비명이 들려왔다.
公共交通機関を利用すれば環境負荷を減らせる。,대중교통을 이용하면 환경 부담을 줄일 수 있다.
今日は大漁で、船は魚でいっぱいだ。,오늘은 대어를 올려 배가 생선으로 가득하다.
何か御用があればフロントまでお知らせください。,무슨 용무가 있으시면 프런트로 알려 주십시오.
御者が手綱を引くと馬車は静かに走り出した。,마부가 고삐를 당기자 마차가 조용히 달리기 시작했다.
忙しくて御飯を食べる時間もない。,바빠서 밥을 먹을 시간조차 없다.
喜びも悲しみも共に分かち合いたい。,기쁨도 슬픔도 함께 나누고 싶다.
ジェットコースターが落ちる瞬間、思わず絶叫した。,"롤러코스터가 떨어지는 순간, 나도 모르게 절규했다."
二つの文化には意外な共通点がある。,두 문화에는 의외의 공통점이 있다.
兄と共同でアパートを借りている。,형과 공동으로 아파트를 빌려 살고 있다.
学生たちが図書館を占拠して抗議した。,학생들이 도서관을 점거해 항의했다.
彼女は転職するかどうか、人生の岐路に立たされていた。,그녀는 이직을 할지 말지 인생의 기로에 서 있었다.
どんなに状況が厳しくても、心のどこかに希望を持ち続けたい。,상황이 아무리 힘들어도 마음 한구석에는 희망을 계속 간직하고 싶다.
無人島を単独で横断するとは、まさに壮挙だ。,"무인도를 단독으로 횡단하다니, 정말 장대한 위업이다."
この森には世界的にも希少な鳥が生息している。,이 숲에는 세계적으로도 희소한 새가 서식하고 있다.
夕飯のおかずは魚の塩焼きだった。,저녁 반찬은 생선 소금구이였다.
角の魚屋で新鮮なサバを買った。,모퉁이 생선가게에서 신선한 고등어를 샀다.
この町は山岳救助隊の拠点になっている。,이 마을은 산악 구조대의 거점이 되어 있다.
透明な水槽の中を色とりどりの魚が泳いでいる。,투명한 수조 안을 형형색색의 물고기들이 헤엄치고 있다.
港の近くの魚市場は朝から観光客で賑わっている。,항구 근처의 어시장은 아침부터 관광객들로 붐빈다.
都会では近所付き合いが希薄になりがちだと言われる。,도시에서는 이웃 간의 교류가 희박해지기 쉽다고들 말한다.
町を挙げて祭りを盛り上げている。,마을 전체가 축제를 한껏 띄우고 있다.
昇進しても心の空虚は埋まらなかった。,승진을 해도 마음의 공허함은 채워지지 않았다.
何もやる気が起きず、胸の中に虚無だけが広がっていった。,아무 의욕도 나지 않아 가슴 속에는 허무만이 퍼져 갔다.
その幼稚な企ては、始まる前から皆に見破られていた。,그 유치한 책략은 시작도 전에 모두에게 들통났다.
電車の窓に映る彼女の横顔が、どこか寂しそうに見えた。,전철 창에 비친 그녀의 옆얼굴이 어딘가 쓸쓸해 보였다.
机上の空論ではなく、現場の声を反映した計画が求められている。,탁상공론이 아니라 현장의 목소리를 반영한 계획이 요구되고 있다.
あれだけ失敗しておいて平然と昇進を要求するとは、なんとも厚顔だ。,그렇게 실수해 놓고도 태연히 승진을 요구하다니 참으로 낯 두껍다.
彼は夜遅くまで机に向かって、試験勉強に集中していた。,그는 밤늦게까지 책상에 마주 앉아 시험 공부에 집중하고 있었다.
水は温度によって固体・液体・気体の三つの状態をとる。,물은 온도에 따라 고체·액체·기체의 세 가지 상태를 가진다.
この条約は、地域全体の平和と安全保障の安危を左右する。,이 조약은 지역 전체의 평화와 안위를 좌우한다.
温暖な気候のおかげで、この地域では一年中花が咲いている。,온난한 기후 덕분에 이 지역에서는 일 년 내내 꽃이 피어 있다.
動物に危害を加える行為は決して許されない。,동물에게 위해를 가하는 행위는 결코 허용될 수 없다.
この先は落石の危険があるため、立ち入り禁止になっている。,이 앞은 낙석의 위험이 있어 출입이 금지되어 있다.
サッカーのボールが不意に顔面に当たり、しばらく何も見えなかった。,축구공이 갑자기 얼굴에 맞아 한동안 아무것도 보이지 않았다.
初めて歌舞伎を観に行き、その豪華な衣装と独特の台詞回しに圧倒された。,처음으로 가부키를 보러 가서 화려한 의상과 독특한 대사에 압도되었다.
その扉は想像以上に頑強で、簡単にはこじ開けられなかった。,그 문은 예상 이상으로 매우 튼튼해서 쉽게 비틀어 열 수 없었다.
彼の言い方には、どこか脅しの含みがあった。,그의 말투에는 어딘가 협박의 뉘앙스가 담겨 있었다.
暗い路地で猫の眼だけがぎらりと光った。,어두운 골목에서 고양이의 눈만 번뜩 빛났다.
この価格には、消費税が含まれていますか。,이 가격에는 소비세가 포함되어 있나요?
岸壁には大きな貨物船がずらりと並んでいた。,안벽에는 큰 화물선들이 줄지어 서 있었다.
職人は品質を落とすくらいなら仕事を断るという頑固さを持っている。,장인은 품질을 떨어뜨리느니 차라리 일을 거절한다는 고집을 가지고 있다.
新人も含めて、全員でプロジェクトの方向性を話し合った。,신입을 포함해 전원이 함께 프로젝트 방향성을 논의했다.
彼女の字は、ところどころに丸さがあって優しい印象を与える。,그녀의 글씨는 군데군데 둥근 느낌이 있어 부드러운 인상을 준다.
医師は懐中電灯で患者の眼球の動きを慎重に確認した。,의사는 손전등으로 환자의 안구 움직임을 신중하게 확인했다.
祖父は九十歳を過ぎても頑健で、毎朝散歩を欠かさない。,할아버지는 아흔이 넘었어도 건장해서 매일 아침 산책을 거르지 않는다.
彼岸には毎年、家族そろって墓参りに行く。,피안 때마다 매년 가족이 함께 성묘를 하러 간다.
川の対岸には、小さな家々の明かりがぽつぽつと見えた。,강 건너편에는 작은 집들의 불빛이 여기저기 보였다.
雨を浴びる前に傘を差したが、子どもは水浴びしてはしゃいだ。,"비를 맞기 전에 우산을 폈지만, 아이는 물장난(물로 목욕하듯)하며 신나 했다."
丸太を組んで作った山小屋で、一晩だけ泊まることにした。,원목을 엮어 만든 산속 오두막에서 하룻밤만 묵기로 했다.
子どもたちは紙に大きな丸をいくつも描いて遊んでいた。,아이들은 종이에 큰 동그라미를 여러 개 그리며 놀고 있었다.
このテーブルは角がなく、丸みのあるデザインで子どもにも安全だ。,이 테이블은 모서리가 없고 둥근 디자인이라 아이들에게도 안전하다.
理科の授業で、子どもたちは虫の動きを熱心に観察していた。,과학 시간에 아이들은 벌레의 움직임을 열심히 관찰하고 있었다.
博物館には、かつて活躍した軍艦の模型が展示されている。,박물관에는 한때 활약했던 군함의 모형이 전시되어 있다.
来月、友達と韓国に旅行して、ソウルでグルメ巡りをする予定だ。,다음 달에 친구와 한국으로 여행 가서 서울에서 맛집 투어를 할 예정이다.
冬物のコートはクリーニング店で丸洗いしてもらった。,겨울 코트는 세탁소에서 통째로 세탁을 맡겼다.
窓からは、空に浮かぶ丸い月がよく見えた。,창문에서는 하늘에 떠 있는 둥근 달이 잘 보였다.
祖母は苦い丸薬を飲む前に、必ず飴で口の中を甘くしていた。,할머니는 쓴 환약을 먹기 전에 꼭 사탕으로 입안을 달게 하곤 했다.
休日には、落ち着いたカフェで映画を鑑賞するのが楽しみだ。,휴일에는 조용한 카페에서 영화를 감상하는 것이 즐거움이다.
夜空を埋め尽くす花火は、まさに壮観だった。,밤하늘을 가득 메운 불꽃놀이 장면은 그야말로 장관이었다.
遭難から三日後、登山者は奇跡的に生還した。,조난 후 사흘 만에 등산객은 기적적으로 생환했다.
利益の一部を地域社会に還元するのが会社の方針だ。,이익의 일부를 지역 사회에 환원하는 것이 회사 방침이다.
彼の仕事ぶりはあまりに緩慢で、締め切りに間に合わないことが多い。,그의 업무 태도는 너무 굼떠서 마감에 제때 맞추지 못하는 일이 많다.
新たに警視総監が就任し、記者会見が開かれた。,새로운 경시총감이 취임해 기자회견이 열렸다.
空港の到着ロビーで、社員一同が新社長を盛大に歓迎した。,공항 도착 로비에서 전 직원이 새 사장을 성대하게 환영했다.
暖かくなると気持ちも財布のひもも緩んでしまう。,날씨가 따뜻해지면 마음도 지갑 끈도 풀려 버린다.
上級クラスに進むには、このテストに合格しなければならない。,상급 반으로 올라가려면 이 시험에 합격해야 한다.
政府は物価高騰を緩和するために新しい支援策を発表した。,정부는 물가 상승을 완화하기 위해 새로운 지원책을 발표했다.
東京の外側を走る環状道路は、通勤ラッシュの時間帯は常に渋滞している。,도쿄 외곽을 도는 환상 도로는 출퇴근 시간대에 항상 정체된다.
この町では資源の循環を意識したごみの分別が徹底されている。,이 마을에서는 자원 순환을 의식한 쓰레기 분리배출이 철저히 이루어지고 있다.
彼は階級を一つ上げて、より強い相手と試合をすることになった。,그는 체급을 한 단계 올려 더 강한 상대와 시합을 하게 되었다.
彼は俗世間のことには無頓着な、典型的な学究肌の人だ。,그는 속세의 일에는 무관심한 전형적인 학구파 사람이다.
新しい部署の仕事の進め方を早く吸収しようと、先輩に積極的に質問した。,새 부서의 업무 진행 방식을 빨리 흡수하려고 선배에게 적극적으로 질문했다.
急ぎの注文なので、本日中の発送をお願いできますか。,급한 주문이라 오늘 중 배송을 부탁드려도 될까요?
卒業式が終わったあと、別れを惜しんで号泣する生徒もいた。,졸업식이 끝난 뒤 이별을 아쉬워하며 엉엉 우는 학생들도 있었다.
彼女は大学で再生医療の研究を続けている。,그녀는 대학에서 재생 의료 연구를 계속하고 있다.
両親への手紙を読み、会場が感泣の雰囲気に包まれた。,"부모님께 보내는 편지를 읽자, 회장이 감동의 눈물 분위기에 휩싸였다."
電車の時間に間に合うように、駅まで全力で急いだ。,기차 시간에 맞추려고 역까지 있는 힘껏 서둘렀다.
森の中には腐朽した倒木がいくつも転がっていた。,숲 속에는 썩어 무너진 쓰러진 나무들이 여기저기 굴러 있었다.
スマートフォンの普及によって、社会は急速に変化した。,스마트폰의 보급으로 사회는 급속히 변화했다.
喘息の発作が出たら、この薬を二回吸入してください。,천식 발작이 오면 이 약을 두 번 흡입하세요.
人手不足への対策は、この業界にとって喫緊の急務となっている。,인력 부족 대책은 이 업계에 시급한 과제가 되고 있다.
緊張したときは、ゆっくりと呼吸を整えることが大切だ。,긴장했을 때는 천천히 호흡을 가다듬는 것이 중요하다.
ペットを失った友人はしばらくの間、部屋で泣き沈んでいた。,반려동물을 잃은 친구는 한동안 방 안에서 울며 침잠해 있었다.
防犯カメラの映像に注意を凝らして、不審な動きを探した。,방범 카메라 영상을 주의 깊게 살펴보며 수상한 움직임을 찾았다.
川には弓状の橋がかかっていて、夜になるとライトアップされる。,강 위에는 활 모양의 다리가 놓여 있어 밤이 되면 조명이 켜진다.
休日に友達と鳥取の砂丘を歩きながら写真を撮った。,휴일에 친구와 돗토리 사구를 걸으며 사진을 찍었다.
丘陵地帯が続くこの地域では、春になると一面に菜の花が咲く。,구릉 지대가 이어지는 이 지역은 봄이 되면 온통 유채꽃이 핀다.
新しいバイパスができてから、旧道を通る車はほとんどなくなった。,새 우회도로가 생긴 뒤로 구도로를 지나는 차는 거의 없어졌다.
博物館では新旧のカメラが並べて展示されている。,박물관에는 신형과 구형 카메라가 나란히 전시되어 있다.
大雨で止まっていた電車も、今朝ようやく復旧した。,폭우로 멈췄던 열차도 오늘 아침이 되어서야 드디어 복구되었다.
家の近くの小さな丘からは町全体が見渡せる。,집 근처의 작은 언덕에서는 마을 전체가 내려다보인다.
明日は仕事を休むつもりで、上司に事前に相談しておいた。,내일은 일을 쉴 생각이라 미리 상사에게 상의해 두었다.
兄は凝り性で、趣味の道具にもとことんこだわる。,형은 곰살맞게 파고드는 성격이라 취미 도구에도 끝까지 집착한다.
高校では弓道部に入り、毎日放課後に弓を引いている。,고등학교에서는 궁도부에 들어가 매일 방과 후에 활을 쏘고 있다.
彼はオリンピックを目指して洋弓の大会に出場している。,그는 올림픽을 목표로 양궁 대회에 출전하고 있다.
努力が実を結ぶその暁を信じて、彼女は勉強を続けた。,노력이 결실을 맺는 그날을 믿고 그녀는 공부를 계속했다.
弟を驚かそうとして、部屋の陰に隠れていた。,남동생을 깜짝 놀라게 하려고 방 구석에 숨어 있었다.
深夜の山中に、フクロウの鳴き声が静かに響いていた。,한밤중 산속에 부엉이 울음소리가 고요하게 울려 퍼지고 있었다.
彼が急に会社を辞めたと聞いて、皆が驚いた。,그가 갑자기 회사를 그만뒀다는 말을 듣고 모두가 놀랐다.
宇宙から見た地球の姿は自然の驚異そのものだ。,우주에서 본 지구의 모습은 자연의 경이その것이다.
彼女は画面を凝視したまま、しばらく言葉を失っていた。,그녀는 화면을 응시한 채 한동안 말을 잃었다.
大学卒業から十年が経っても、仲間との絆は変わらない。,대학 졸업 후 10년이 지나도 동료들과의 인연은 변하지 않는다.
彼が一晩で小説を書き上げたと聞いて、編集者は仰天した。,그가 하룻밤 만에 소설을 완성했다는 말을 듣고 편집자는 깜짝 놀랐다.
鐘の響きが古い寺の境内にいつまでも残っていた。,종소리의 울림이 오래된 절 뜰 안에 오래도록 남아 있었다.
職人の緻密な技に、見物人はただ驚嘆するばかりだった。,장인의 치밀한 솜씨에 구경꾼들은 그저 경탄할 뿐이었다.
天体観測では星を捉えるための仰角を正確に測る必要がある。,천체 관측에서는 별을 포착하기 위한 앙각을 정확히 재는 것이 필요하다.
暁天には一番星がまだかすかに光っていた。,새벽 하늘에는 샛별이 아직 희미하게 빛나고 있었다.
彼はいつも及び腰の態度で、新しい企画に賛成することをためらっている。,그는 늘 미적지근한 태도로 새 기획에 찬성하기를 주저한다.
在庫を正確に管理することが、この仕事の要だ。,재고를 정확히 관리하는 것이 이 일의 핵심이다.
持久力をつけるために、毎朝三十分ずつゆっくり走るようにしている。,지구력을 기르기 위해 매일 아침 30분씩 천천히 뛰도록 하고 있다.
今回の水害は、周辺の住宅地にまで被害が及んだ。,이번 수해는 주변 주택가에까지 피해를 미쳤다.
このホールは音響が素晴らしく、どの席でも演奏がクリアに聞こえる。,이 홀은 음향이 훌륭해서 어느 좌석에서도 연주가 또렷이 들린다.
彼は競泳の選手として毎朝プールで数キロ泳いでいる。,그는 경영 선수로서 매일 아침 풀장에서 수 킬로미터를 헤엄친다.
会社は資金繰りの悪化を受けて、保有していた土地を売却する方針を固めた。,회사는 자금 사정 악화를 계기로 보유하던 토지를 매각하기로 방침을 굳혔다.
研究が行き詰まり、彼は一度原点に立ち返って仮説から見直すことにした。,연구가 막히자 그는 한 번 원점으로 돌아가 가설부터 다시 검토하기로 했다.
霧の向こうに九重の塔がぼんやりと浮かび上がり、幻想的な光景が広がっていた。,안개 너머로 구중 누각이 희미하게 떠올라 환상적인 풍경이 펼쳐졌다.
満員電車の中で、乗客たちは無言のままスマートフォンの画面だけを見つめていた。,만원 전철 안에서 승객들은 말없이 스마트폰 화면만 바라보고 있었다.
新しい靴を少しずつ慣らしてから遠出をしたほうがいい。,새 신발은 조금씩 길들인 뒤에 먼 길을 가는 게 좋다.
本当は怖いのに、彼女は「私は強いから大丈夫」と強がって笑った。,"사실은 무서우면서도, 그녀는 “난 강하니까 괜찮아”라며 강한 척 웃었다."
最近の犯罪増加を受けて、このビルでは防犯対策を一段と強めることになった。,"최근 범죄 증가로 인해, 이 빌딩에서는 방범 대책을 한층 강화하기로 했다."
この本は初心者にも分かりやすいので、ぜひ友達に勧めたい。,이 책은 초보자에게도 이해하기 쉬워서 꼭 친구에게 추천하고 싶다.
自治体は省エネ家電の購入を市民に勧奨している。,지자체는 절전 가전 구입을 시민에게 권장하고 있다.
店長の勧めで、新メニューを注文してみた。,점장의 추천으로 신메뉴를 시켜 보았다.
医師の勧告に従って、しばらく仕事を休むことにした。,의사의 권고에 따라 당분간 일을 쉬기로 했다.
多様な価値観を寛容に受け入れる社会を目指したい。,다양한 가치관을 관용적으로 받아들이는 사회를 지향하고 싶다.
彼の強引で強情な性格が、強盗事件に巻き込まれる原因の一つになった。,그의 강압적이고 고집스러운 성격이 강도 사건에 휘말리는 원인 중 하나가 되었다.
相手に自分の価値観を強いても、それはただの無理強いに過ぎない。,"상대에게 자신의 가치관을 강요해 봐야, 그것은 단지 억지 강요에 지나지 않는다."
閑静な住宅街に引っ越して、夜もぐっすり眠れるようになった。,한적한 주택가로 이사해서 밤에도 푹 잘 수 있게 되었다.
祖父の棺おけの前で、家族みんなで最後のお別れをした。,할아버지의 관 앞에서 온 가족이 마지막 작별 인사를 했다.
彼の意見は白黒はっきりしていて、迷いがない。,그의 의견은 흑백이 분명해서 망설임이 없다.
この仕事は一時間の間に終わらせなければならない。,이 일은 한 시간 사이에 끝내야 한다.
彼は批判を恐れず敢然と改革に乗り出した。,그는 비판을 두려워하지 않고 과감히 개혁에 나섰다。
彼女は小さな劇場で芝居に打ち込み、毎晩遅くまで練習している。,그녀는 작은 극장에서 연극에 매달려 매일 밤늦게까지 연습하고 있다.
テストの中間結果が思ったより良くてほっとした。,시험 중간 결과가 생각보다 좋아서 안심했다.
政府間の借款協定についてニュースで詳しく報じていた。,정부 간 차관 협정에 대해 뉴스에서 자세히 보도하고 있었다.
電車を間違うことが多いので、よく路線図を確認している。,전철을 잘못 타는 일이 많아서 노선도를 자주 확인하고 있다.
犬はずっと彼のそばに居て、黙って寄り添っていた。,개는 내내 그의 곁에 있으면서 말없이 기대어 있었다.
火事の中で人を助け出した彼は本当に勇敢だ。,불 속에서 사람을 구해낸 그는 정말 용감하다.
祖母は紡績工場で働いていた話をよくしてくれた。,할머니는 방적 공장에서 일했던 이야기를 자주 해주셨다.
祖父母の家には、来客用の広い客間がある。,조부모 댁에는 손님용 넓은 객실이 있다.
二人の間には、まだ微妙な距離感がある。,두 사람 사이에는 아직 미묘한 거리감이 있다.
人間は失敗から学ぶことで成長していく。,인간은 실패에서 배우며 성장해 간다.
山で遭難した登山客は、ヘリコプターによって救助された。,산에서 조난당한 등산객은 헬리콥터에 의해 구조되었다.
長時間同じ姿勢で座っていたので、ズボンが窮屈に感じる。,오랫동안 같은 자세로 앉아 있어서 바지가 끼는 느낌이다.
誤記を見つけたので、すぐに訂正して再送します。,오기를 발견해서 바로 정정하고 다시 보내겠습니다.
観光客が王の住んでいた壮麗な宮殿を見学している。,관광객들이 왕이 살던 장엄한 궁전을 견학하고 있다.
事態がここまで窮まる前に、誰かが声を上げるべきだった。,사태가 여기까지 궁지에 몰리기 전에 누군가는 나서야 했다.
彼はワインのグラスに鼻を近づけて、香りを慎重に嗅いだ。,그는 와인 잔에 코를 가까이 대고 향을 신중하게 맡았다.
不況が長引き、多くの家庭が経済的に困窮している。,불황이 장기화되면서 많은 가정이 경제적으로 곤궁해지고 있다.
この研究は、人体の可能性を窮極まで追求する試みだ。,이 연구는 인체의 가능성을 궁극까지 추구하는 시도이다.
この惑星はほぼ完全な球形をしていると言われている。,이 행성은 거의 완전한 구형을 하고 있다고 한다.
このマンションの一室を、書斎兼仕事部屋として居室にした。,이 맨션의 한 방을 서재 겸 작업실로 거실 공간으로 만들었다.
牧場で牛がのんびりと草を食べている。,목장에서는 소들이 느긋하게 풀을 뜯고 있다.
仏壇に白菊を一輪だけそっと飾った。,불단에 흰 국화 한 송이를 살며시 올려두었다.
彼は家族のために自分の時間を犠牲にして働いている。,그는 가족을 위해 자신의 시간을 희생하며 일하고 있다.
彼は責任を痛感し、敗北を喫することになった原因を分析した。,그는 책임을 절감하며 패배를 당하게 된 원인을 분석했다。
彼らの計画は、専門家から見れば児戯に等しい。,그들의 계획은 전문가가 보기에는 유치한 장난에 불과하다.
マスコミが不正会計を行った社長を厳しく糾弾した。,언론이 부정 회계를 저지른 사장을 엄하게 규탄했다.
作文で木を「笑っている」と表現したのは擬人法の一種だ。,작문에서 나무를 ‘웃고 있다’고 표현한 것은 의인법의 한 종류이다.
喫煙は健康に悪影響を及ぼすと何度も注意されている。,흡연은 건강에 나쁜 영향을 준다고 여러 번 경고받고 있다.
新居への引っ越しは占いで選んだ吉日に決めた。,새 집으로 이사하는 날은 점으로 고른 길일로 정했다.
この催しは、地域の夏祭りの吉例になっている。,이 행사는 지역 여름축제의 길례가 되어 있다.
ほんの戯れのつもりで言った一言が、予想外の誤解を生んだ。,그냥 장난삼아 한 한마디가 예상치 못한 오해를 낳았다.
子どもが波打ち際で貝殻を弄ぶ姿がかわいい。,아이가 물가에서 조개껍데기를 만지작거리며 노는 모습이 귀엽다.
漫画では迫力を出すために多くの擬音が使われる。,만화에서는 박력을 내기 위해 많은 의성어가 사용된다.
突然のカラスの鳴き声が、不吉な予감を呼び起こした。,문득 들려온 까마귀 울음소리가 불길한 예감을 불러일으켰다.
彼は虚偽の申告をしたとして罰金を科された。,그는 허위 신고를 한 혐의로 벌금을 부과받았다.
彼は人を欺くことに罪悪感を覚えないようだ。,그는 사람을 속이는 일에 죄책감을 느끼지 않는 듯하다.
子どものころから正義の味方に憧れていた。,어릴 적부터 정의의 편 영웅을 동경해 왔다.
その約束はすべて偽りだったと知って、深く傷ついた。,그 약속이 모두 거짓이었다는 걸 알고 깊이 상처받았다.
このプロジェクトの意義をチーム全員で共有した。,이 프로젝트의 의의를 팀 전원과 공유했다.
そこに書かれているデータには大きな疑問が残る。,거기에 적힌 데이터에는 큰 의문이 남는다.
養蚕のために、村には広い桑園があった。,양잠을 위해 마을에는 넓은 뽕나무 과수원이 있었다.
彼女の努力を疑う人は誰もいない。,그녀의 노력을 의심하는 사람은 아무도 없다.
授業でシェイクスピアの戯曲を読むことになった。,수업에서 셰익스피어의 희곡을 읽게 되었다.
高齢者を狙った詐欺の被害が増えている。,노년층을 노린 사기 피해가 늘고 있다.
男は窃盗の容疑で逮捕された。,그 남자는 절도 용의로 체포되었다.
その噂の真偽はまだ確認されていない。,그 소문의 진위는 아직 확인되지 않았다.
磁気の強い場所にカードを近づけないで。,자기(자력)가 강한 곳에 카드를 가까이 대지 마.
SNSでは本名ではなく偽名を使っている。,SNS에서는 본명이 아니라 가명을 사용하고 있다.
その製品に重大な設計上の欠陥が見つかった。,그 제품에서 중대한 설계상의 결함이 발견되었다.
激しい攻防の末、要塞はついに陥落した。,치열한 공방 끝에 요새는 마침내 함락되었다.
彼女は相手の嘘をすぐに看破してしまった。,그녀는 상대의 거짓말을 금세 간파해 버렸다.
必要な資料は適宜共有するので、メールを確認してください。,필요한 자료는 적절히 공유할 테니 메일을 확인해 주세요.
彼の便宜を図るために、締め切りを延長した。,그의 편의를 도모하기 위해 마감 기한을 연장했다.
彼は一騎当千の強さを誇るベテラン選手だ。,그는 일기당천의 강함을 자랑하는 베테랑 선수이다.
彼女は最後まで自分の信念を貫いた。,그녀는 끝까지 자신의 신념을 관철했다.
医師は患者の話に耳を傾けながら、丁寧に説明を続けた。,의사는 환자의 이야기에 귀를 기울이며 차분하게 설명을 이어 갔다.
寒空の下で、受験生たちが試験会場の前に列を作っていた。,추운 겨울 하늘 아래에서 수험생들이 시험장 앞에 줄을 서 있었다.
洗濯物がよく乾くように、ベランダに広げて干した。,빨래가 잘 마르도록 베란다에 널어 두었다.
雑誌の巻頭特集で、環境問題が大きく取り上げられていた。,잡지 권두 특집에서 환경 문제가 크게 다루어져 있었다.
地震の影響で道路が大きく陥没し、通行止めになった。,지진의 영향으로 도로가 크게 함몰되어 통행이 금지되었다.
ここ数年は寒暑の差が激しく、体調を崩す人が多い。,최근 몇 년은 한서의 차가 심해져서 몸살이 나는 사람이 많다.
空腹のあまり、子供は大きな赤いリンゴに勢いよく齧り付いた。,"너무 배가 고픈 나머지, 아이는 커다란 빨간 사과를 힘껏 베어 물었다."
王女は戴冠式で輝く王冠を授けられた。,공주는 대관식에서 빛나는 왕관을 하사받았다.
官庁街は平日の朝になると通勤する人であふれかえる。,관청가는 평일 아침이 되면 출근하는 사람들로 넘쳐난다.
肝っ玉の据わった先輩は、どんなクレームにも動じない。,배짱이 두둑한 선배는 어떤 컴플레인에도 전혀 동요하지 않는다.
世界一のピアニストという冠を手に入れるのは並大抵の努力ではない。,세계 최고의 피아니스트라는 타이틀을 손에 넣는 것은 보통 노력이 아니다.
チームは全国大会で初の栄冠を勝ち取った。,팀은 전국 대회에서 처음으로 우승의 영광을 거머쥐었다。
彼の行動は常軌を逸していて、誰もついていけない。,그의 행동은 상궤를 벗어나 있어서 아무도 따라갈 수 없다.
既成概念にとらわれない発想が求められている。,기성 개념에 사로잡히지 않은 발상이 요구되고 있다.
明日は早いから、七時に私を起こしてくれる？,내일은 일찍이라서 일곱 시에 나를 깨워 줄래?
牧場のソフトクリームは濃厚だった。,목장 소프트아이스크림은 진했다。
利用料金は月末に一括して引き落とされる仕組みになっている。,이용 요금은 월말에 일괄 인출되는 방식이다.
引用文の最後に、出典を括弧で示しておくと親切だ。,인용문의 끝에 괄호로 출처를 표시해 두면 친절하다.
公園の砂場で子どもが砂のケーキを作っている。,공원 모래놀이터에서 아이가 모래 케이크를 만들고 있다.
砂漠のような空気の渇きで、朝起きると喉が痛くなる。,사막 같은 공기의 건조함 때문에 아침에 일어나면 목이 아프다.
有名人のスキャンダル写真をネタに金銭を要求する行為は、立派な恐喝罪に当たる。,유명인의 스캔들 사진을 빌미로 금전을 요구하는 행위는 엄연한 공갈죄에 해당한다.
支払いは一括だけでなく、分割でも申し込めます。,지불은 일시불뿐 아니라 분할 납부도 신청하실 수 있습니다.
戦国時代には、多くの大名が各地に割拠して勢力を競っていた。,전국 시대에는 많은 다이묘가 각지에 할거하며 세력을 겨루었다.
都会での生活に慣れてきたが、ときどき実家の静かな夜가恋しくなる。,"도시 생활에 익숙해졌지만, 가끔은 고향집의 조용한 밤이 그리워진다."
この区画は将来、公園として整備される予定だ。,이 구획은 장차 공원으로 정비될 예정입니다.
久しぶりに同級生と集まって、とても楽しい時間を過ごした。,오랜만에 동창들과 모여서 무척 즐거운 시간을 보냈다.
一時の快楽のために健康を損なっては意味がない。,일시적인 쾌락을 위해 건강을 해쳐서는 소용이 없다.
仕事中は歌詞のない音楽を小さく流して集中力を保っている。,일하는 동안에는 가사가 없는 음악을 작게 틀어 두고 집중력을 유지한다.
祖父の描いた油絵を新しい額縁に入れて、居間의一番目立つ場所に飾った。,할아버지가 그린 유화를 새 액자에 넣어 거실에서 가장 눈에 띄는 곳에 걸어 두었다.
我流のやり方もいいが、基礎はきちんと学んだほうがいい。,"자기식의 방법도 좋지만, 기초는 제대로 배우는 편이 좋다."
スマートフォンの登場は、コミュニケーションの歴史において画期的だった。,스마트폰의 등장은 커뮤니케이션 역사에 있어 획기적인 일이었다.
我が国の文化を世界に発信していきたい。,우리나라의 문화를 세계에 발신해 나가고 싶다.
我々の世代には、環境問題に向き合う責任がある。,우리 세대에는 환경 문제에 맞서는 책임이 있다.
友達と話題の映画をレイトショーで見に行った。,친구와 화제가 되고 있는 영화를 심야 상영으로 보러 갔다.
新しい工場が今月から本格的に稼働を始めた。,새 공장이 이달부터 본격적으로 가동을 시작했다.
面接にはよく磨いた革靴を履いていった。,면접에는 잘 닦은 가죽구두를 신고 갔다.
費用の多寡よりも、内容の充実度が大切だ。,비용의 다과보다 내용의 충실도가 더 중요하다.
営業一課の成績が今期は特に優れている。,영업 1과의 실적이 이번 분기에는 특히 뛰어나다.
みんなで合唱曲を歌うと、不思議と心がひとつになる。,"모두 함께 합창곡을 부르면, 이상하게도 마음이 하나가 된다."
雨の音が瓦屋根を叩くと、なぜか落ち着いた気持ちになる。,"빗소리가 기와지붕을 두드리면, 왠지 마음이 차분해진다."
政府は違反した企業に重い罰金を課することにした。,정부는 위반한 기업에 무거운 벌금을 부과하기로 했다.
象牙の密輸は禁止されており、厳しく取り締まられている。,상아 밀수는 금지되어 있으며 엄격히 단속되고 있다.
朝のジョギングはもう十年続く私の日課だ。,아침 조깅은 벌써 10년째 계속하고 있는 나의 일과이다.
組織への信頼が失われ、一夜にして体制が瓦解した。,"조직에 대한 신뢰가 사라져, 하룻밤 사이에 체제가 와해되었다."
夏の夜は蚊が多くて、なかなか眠れない。,여름밤에는 모기가 많아서 좀처럼 잠들 수가 없다.
古い寺の庭には、割れた瓦が静かに積まれていた。,낡은 절 뜰에는 깨진 기와가 묵묵히 쌓여 있었다.
失恋の歌を聴くと、昔の思い出がよみがえる。,실연의 노래를 들으면 옛 추억이 되살아난다.
夏の休暇には家族と海へ行きたい。,여름 휴가에는 가족과 바다에 가고 싶다.
夏になると、怪談を集めた特集番組がよく放送される。,여름이 되면 괴담을 모은 특집 프로그램이 자주 방송된다.
予算を研究開発に多く回すことにした。,예산을 연구 개발에 더 많이 돌리기로 했다.
式の準備は先輩の手回しがよく、滞りなく進んだ。,식 준비는 선배의 빈틈없는 손놀림 덕분에 무리 없이 진행되었다.
基礎がしっかり会得できれば、応用も難しくない。,기초를 제대로 터득할 수 있으면 응용도 어렵지 않다.
戦争の災禍から人々を救うために、国際社会が協力している。,전쟁의 재난에서 사람들을 구하기 위해 국제 사회가 서로 협력하고 있다.
同じ電車に乗り合わせる人に、軽く会釈をして席を譲った。,같은 전철을 탄 사람에게 가볍게 목례하고 자리를 양보했다.
レジで会計を済ませてから、店を出た。,계산대에서 회계를 마치고 가게를 나왔다.
高齢化が進む社会で、介護の問題はますます重要になっている。,고령화가 진행되는 사회에서 요양 문제는 점점 더 중요해지고 있다.
新しい靴が足に合わなくて、靴擦れができてしまった。,새 구두가 발에 맞지 않아 물집이 잡혀 버렸다.
余暇には読書を楽しんでいます。,여가에는 독서를 즐기고 있습니다.
渋滞を避けるために、少し回り道して帰ることにした。,정체를 피하기 위해 조금 돌아가는 길로 집에 가기로 했다.
祖父は長年、手作りの製靴業に携わっていた。,할아버지는 오랫동안 수제 구두 제작업에 종사해 왔다.
彼女への恋心が静かに芽生え始めた。,그녀에 대한 연정이 조용히 싹트기 시작했다.
彼女の所作はいつ見ても優雅で、周囲の人を惹きつける。,그녀의 몸짓은 언제 봐도 우아해서 주변 사람들을 사로잡는다.
第三者がむやみに夫婦喧嘩に介入すると、かえってこじれることがある。,제삼자가 함부로 부부 싸움에 개입하면 오히려 일이 꼬일 때가 있다.
条件に合わない応募者は選考の対象から除外された。,조건에 맞지 않는 지원자는 선발 대상에서 제외되었다.
社長は懐手で現場の苦労を見ているだけだ。,사장은 팔짱만 낀 채 현장의 고생을 보고만 있다.
会議では予算、その外の課題についても話し合われた。,회의에서는 예산과 그 밖의 과제들에 대해서도 논의되었다.
お土産に貝細工のアクセサリーを買った。,기념품으로 조개 공예 액세서리를 샀다.
大統領の不正疑惑をめぐり、議会で弾劾決議が可決された。,대통령의 비리 의혹을 둘러싸고 의회에서 탄핵 결의안이 가결되었다.
交通事故で怪我をして外科に運び込まれた。,교통사고로 다쳐서 외과로 실려 갔다.
森林の無秩序な伐採は生態系の破壊につながる。,숲의 무질서한 벌채는 생태계 파괴로 이어진다.
春になると、古い切り株からも小さな芽が顔を出す。,봄이 되면 오래된 그루터기에서도 작은 싹이 얼굴을 내민다.
物語は中盤で大きな転回を迎え、一気に緊張感が高まる。,이야기는 중반에 큰 전환점을 맞이하며 한순간에 긴장감이 높아진다.
彼にはどこか見覚えがあるが、名前が思い出せない。,그는 어딘가 눈에 익지만 이름이 떠오르지 않는다.
子ども를必要以上に甘やかすと、わがままになる。,아이를 필요 이상으로 응석받이로 키우면 버릇이 나빠진다.
子どものころから科学に興味があり、実験が大好きだった。,어릴 때부터 과학에 관심이 있어서 실험을 무척 좋아했다.
現実を突きつけられて、ようやく夢から覚める思いがした。,현실을 직면하고서야 비로소 꿈에서 깨어난 기분이 들었다.
彼は批判を甘受し、次の仕事に活かそうとしている。,그는 비판을 감수하고 다음 일에 살리려 하고 있다.
不正が発覚して、社長が記者会見を開いた。,비리가 발각되어 사장이 기자회견을 열었다.
カロリーオフの甘味料を使ったデザートが人気だ。,저칼로리 감미료를 사용한 디저트가 인기를 끌고 있다.
バスの運行間隔が短くなって通勤が楽になった。,버스 운행 간격이 짧아져서 출근이 편해졌다.
田んぼの稲の収穫が始まり、村中が忙しくなった。,논에서 벼 수확이 시작되어 마을 전체가 바빠졌다.
大地震で沿岸の町が壊滅状態になった。,대지진으로 해안의 마을이 괴멸 상태가 되었다.
このアプリなら通勤時間を利用して英語の学習ができる。,이 앱이라면 출퇴근 시간을 이용해 영어 학습을 할 수 있다.
空き缶はきちんと資源ごみに分別してください。,빈 캔은 꼭 재활용 쓰레기로 분리해 주세요.
今年の米の刈り入れは、例年より少し早まりそうだ。,올해 쌀 수확은 예년보다 조금 빨라질 것 같다.
親の過度な干渉は、かえって子どもの自立を妨げる。,부모의 과도한 간섭은 오히려 아이의 자립을 방해한다.
ゴールデンウィークには家族で潮干狩りに出かけるのが恒例だ。,골든위크에는 가족이 조개잡이 나가는 것이 관례다.
ついに彼の研究成果をまとめた専門書が刊行された。,마침내 그의 연구 성과를 정리한 전문서가 간행되었다.
この事件は県警の管轄外だと判断された。,이 사건은 현 경찰의 관할 밖이라고 판단되었다.
風邪をひいたとき、母が温かい葛湯を作ってくれた。,감기에 걸렸을 때 어머니가 따뜻한 칡가루 죽을 끓여 주었다.
古い旅館で釜飯の夕食을ゆっくり味わった。,오래된 여관에서 가마밥 저녁 식사를 천천히 맛보았다.
所轄の警察署に連絡して、落とし物の届け出をした。,관할 경찰서에 연락해서 분실물 신고를 했다.
午後から雨らしいから、干し物を早めに取り込もう。,"오후부터 비가 온다니, 널어둔 빨래를 빨리 걷어 들이자."
このダムは国の直轄事業として建設された。,이 댐은 국가 직할 사업으로 건설되었다.
雨で濡れた床で滑って転んでしまった。,비에 젖은 바닥에서 미끄러져 넘어지고 말았다.
祖父は庭の草を鎌で丁寧に刈っていた。,할아버지는 뜰의 풀을 낫으로 정성스럽게 베고 있었다.
このスケート靴は滑りがよくて、とても気持ちいい。,이 스케이트화는 미끄러짐이 좋아서 정말 기분이 좋다.
物語の意外な展開に、思わずページをめくる手が止まらなかった。,이야기의 예상치 못한 전개에 페이지를 넘기는 손을 멈출 수 없었다.
その社会では出身によって階級が厳しく分かれていた。,그 사회에서는 출신에 따라 계급이 엄격히 나뉘어 있었다.
古い家の庭では、低い垣と木の垣根が隣家との境界を静かに示していた。,오래된 집 정원에서는 낮은 담과 나무 울타리가 이웃 집과의 경계를 조용히 나타내고 있었다.
彼らは新しい市場の開拓に全力を注いでいる。,그들은 새로운 시장 개척에 전력을 쏟고 있다.
会議の開始時間は九時ちょうどです。,회의 시작 시간은 아홉 시 정각입니다.
雨上がりの街を歩いていると、街角の花屋から甘い香りが漂ってきた。,비가 그친 거리를 걷다 보니 길모퉁이 꽃집에서 달콤한 향기가 흘러나왔다.
裏庭の柿がよく実り、祖父が毎年干し柿を作ってくれたのを思い出す。,"뒷마당의 감나무에 감이 잘 익어서, 할아버지가 매년 곶감을 만들어 주던 기억이 난다."
昔の街道沿いには、旅人をもてなす宿場町が点々と続いていた。,옛 가도를 따라 여행객을 맞이하는 주막 마을이 점점이 이어져 있었다.
熱が高いので、医者に出された解熱剤を飲んだ。,열이 높아서 의사가 처방한 해열제를 먹었다.
事故の衝撃で頭蓋骨にひびが入り、すぐに精密検査を受けることになった。,사고의 충격으로 두개골에 금이 가서 곧바로 정밀 검사를 받게 되었다.
雨上がりの空に大きな虹が架かっていた。,비가 그친 하늘에 커다란 무지개가 걸려 있었다.
新たな交通網整備のため、大河に架橋する工事が始まった。,새로운 교통망 정비를 위해 대하에 교량을 놓는 공사가 시작되었다.
あの時もっと勉強しなかったことを今でも後悔している。,그때 더 공부하지 않았던 것을 지금도 후회하고 있다.
彼は軽率な発言を深く悔やんで、みんなに謝った。,그는 경솔한 발언을 깊이 후회하며 모두에게 사과했다.
彼は若い頃の過ちを深く悔恨している。,그는 젊었을 때의 잘못을 깊이 뉘우치고 있다.
天然痘は根絶された病気として習った。,천연두는 근절된 병으로 배웠다。
その噂に根拠はほとんど皆無だ。,그 소문에 근거는 거의 전무하다.
皆さん、席についてください。これから説明を始めます。,"여러분, 자리에 앉아 주세요. 이제 설명을 시작하겠습니다."
工場の機械が故障して、生産ラインが止まってしまった。,공장의 기계가 고장 나서 생산 라인이 멈춰 버렸다.
一年間休まず通って皆勤賞をもらった。,일 년 동안 빠짐없이 다녀 개근상을 받았다.
この小説には美しい口絵が付いていて、読む前からわくわくする。,이 소설에는 아름다운 구두삽화가 실려 있어 읽기 전부터 두근거린다.
停電に備えて、蓄電池をフル充電しておいた。,정전에 대비해 축전지를 완충해 두었다.
この度はお母様のご逝去に心よりお悔やみ申し上げます。,이번에 어머님께서 별세하신 데 대해 삼가 조의를 표합니다.
インターネットのおかげで世界の出来事をすぐに知ることができる。,인터넷 덕분에 세계의 일을 바로 알 수 있다.
何が起きたのか、誰も説明できなかった。,무슨 일이 일어났는지 아무도 설명하지 못했다.
暗闇から現れた男が何者なのか、誰も知らなかった。,어둠 속에서 나타난 남자가 누구인지는 아무도 몰랐다.
庭一面に落花が積もり、季節の移ろいを感じた。,정원 가득 떨어진 꽃이 쌓여 계절의 변화를 느꼈다.
命の価は金では決して測れない。,목숨의 값어치는 돈으로는 결코 잴 수 없다.
幾何学の証明問題が難しくて、ノートが図でいっぱいになった。,기하학 증명 문제가 어려워서 노트가 도형으로 가득 찼다.
夏の果実をふんだんに使ったタルトがショーウィンドウに並んでいる。,여름 과일을 듬뿍 쓴 타르트가 쇼윈도에 줄지어 진열되어 있다.
山頂からの眺めはまさに絶佳で、言葉を失った。,산 정상에서의 경치는 그야말로 절경이라 말문이 막혔다.
コンテストで私の小説が佳作に選ばれて驚いた。,공모전에서 내 소설이 가작으로 뽑혀서 놀랐다.
河口付近には多くの渡り鳥が集まる湿地帯が広がっている。,하구 근처에는 많은 철새가 모이는 습지가 펼쳐져 있다.
夕暮れのカフェで本を読む佳人の横顔に見とれた。,해질녘 카페에서 책을 읽는 아름다운 여인의 옆모습에 넋을 잃고 말았다.
古い運河沿いの倉庫街が、おしゃれなカフェ街に生まれ変わった。,옛 운하 주변의 창고 거리가 세련된 카페 거리로 탈바꿈했다.
その仮定が正しければ、結果も大きく変わってくるだろう。,그 가정이 옳다면 결과도 크게 달라질 것이다.
彼はいつも笑顔の仮面をかぶって本心を隠している。,그는 언제나 웃는 가면을 쓰고 속마음을 숨기고 있다.
彼は新人賞を受賞して華々しいデビューを飾った。,그는 신인상을 수상하며 화려한 데뷔를 장식했다.
新米の出荷が始まり、市場は活気にあふれている。,햅쌀 출하가 시작되어 시장이 활기로 가득하다.
この部屋に入るには事前の許可が必要です。,이 방에 들어가려면 사전 허가가 필요합니다.
式典の装飾はやや華美すぎると感じた。,식전 장식이 다소 화려한 감이 있다고 느꼈다.
家主に相談して、ペット可の契約に変更してもらった。,집주인과 상의해서 반려동물 허용 계약으로 바꿔 달라고 했다.
博物館には古代の貨幣がずらりと展示されている。,박물관에는 고대 화폐가 주르르 전시되어 있다.
製菓の専門学校でパティシエになるための技術を学んでいる。,제과 전문 학교에서 파티시에가 되기 위한 기술을 배우고 있다.
彼はテストの日に仮病を使って学校を休んだ。,그는 시험 날에 꾀병을 부려 학교를 쉬었다.
地方の伝統菓子をお土産にたくさん買って帰った。,지방 전통 과자를 선물용으로 잔뜩 사서 돌아왔다.
祖父の命日に香華を手向け、静かに手を合わせた。,할아버지 기일에 향화 공양을 올리고 조용히 두 손을 모았다.
百貨店の屋上で子どもが観覧車に乗った。,백화점 옥상에서 아이가 관람차를 탔다.
茶道の家元が直々にお点前を披露してくれた。,다도 가문을 이끄는 가원이 직접 다도를 선보였다.
その作家は、日常の小さな違和感を描くのがうまい。,그 작가는 일상의 작은 위화감을 묘사하는 데 능하다.
スープにレモンを少し加えると、味がさっぱりする。,수프에 레몬을 조금 더하면 맛이 산뜻해진다.
地震に備えて、新しく火災保険に加入した。,지진에 대비해 새로 화재 보험에 가입했다.
山小屋の小さな灯火だけが、真っ暗な森の中で心強く見えた。,깜깜한 숲 속에서 산장의 작은 등불만이 마음을 든든하게 해 주었다.
予算を少しだけ追加して、ワインも注文しよう。,예산을 조금만 더 보태서 와인도 주문하자.
衣替えで冬物を片付けて、夏服をタンスに並べた。,옷을 갈아입는 시기라 겨울옷을 치우고 여름옷을 옷장에 정리했다.
台風で古い家屋の屋根が一部壊れてしまった。,태풍 때문에 오래된 가옥의 지붕 일부가 부서지고 말았다.
盛夏の炎天下での引っ越し作業はさすがにきつい。,한여름의 뙤약볕 아래에서 이사 작업을 하는 건 역시 힘들다.
キャンプ場で焚き火の火を囲んで、みんなで歌を歌った。,캠프장에서 모닥불을 둘러싸고 다 함께 노래를 불렀다.
今年の夏至には、友達と一緒に夜遅くまで星を眺めた。,올해 하지에는 친구들과 밤늦게까지 별을 바라보았다.
雨が降り出して、気温が一気に下がってきた。,비가 내리기 시작하면서 기온이 한꺼번에 내려갔다.
長年の努力を慰労するためのパーティーがホテルの宴会場で開かれた。,수년간의 노고를 위로하기 위한 파티가 호텔 연회장에서 열렸다.
高所からの工具の落下事故を防ぐために、必ず命綱をつけてください。,높은 곳에서 공구가 떨어지는 사고를 막으려면 반드시 안전줄을 매 주세요.
部長の下で三年間働いて、多くのことを学んだ。,부장 밑에서 3년간 일하며 많은 것을 배웠다.
彼は優しさの化身のような人で、誰に対しても親切だ。,그는 다정함의 화신 같은 사람으로 누구에게나 친절하다.
努力次第で、この小さな会社も将来は大企業に化けるかもしれない。,노력 여하에 따라 이 작은 회사도 장래에는 대기업으로 탈바꿈할지도 모른다.
成績はクラスの下のほうだが、少しずつ伸びてきた。,성적은 반에서 아래쪽이지만 조금씩 오르고 있다.
終点でバスを下りてから、十分ほど歩けばホテルに着きます。,종점에서 버스를 내린 뒤 10분 정도 걸으면 호텔에 도착합니다.
川上の工場から流れた汚水が、川下の村に深刻な影響を与えている。,윗마을 공장에서 흘러나온 오수가 강 하류의 마을에 심각한 영향을 주고 있다.
古い下水設備が原因で、この地域ではときどき悪臭がする。,오래된 하수 설비 때문에 이 지역에서는 가끔 악취가 난다.
足下に気をつけて階段を降りてください。,발밑을 조심해서 계단을 내려가 주세요.
審判は慎重にビデオを確認したあと、判定を覆す決断を下した。,심판은 신중히 비디오를 확인한 뒤 판정을 번복하는 결정을 내렸다.
大事なメールの送り先を間違えてしまい、冷や汗をかいた。,중요한 이메일의 수신자를 잘못 입력해 식은땀을 흘렸다.
農家から直接スーパーに野菜を卸す。,농가에서 직접 슈퍼에 야채를 도매한다.
それは事実とは少し違うと思いますが、もう一度確認してみましょう。,"그것은 사실과는 조금 다르다고 생각하니, 한 번 더 확인해 보겠습니다."
価値観の違いが原因で、親友と激しく言い争ってしまった。,가치관의 차이 때문에 절친과 심하게 말다툼을 하고 말았다.
幕末から明治維新にかけての歴史を描いたドラマを家族で見た。,막말에서 메이지유신에 이르는 역사를 그린 드라마를 가족과 함께 보았다.
新しい治療法の成功は患者にとって福音となった。,새로운 치료법의 성공은 환자들에게 복음이 되었다.
英語の発音を良くするために毎日練習している。,영어 발음을 좋게 하려고 매일 연습하고 있다.
夕日を浴びた彼女の横顔が美しかった。,석양을 받는 그녀의 옆모습이 아름다웠다.
彼は臆病な性格だが、ここ一番で勇気を出した。,그는 소심한 성격이지만 막상 중요할 때 용기를 냈다.
今日は俺が夕飯を作るよ。,오늘은 내가 저녁 만들게.
今日は屋外でのイベントが開催される。,오늘은 옥외에서 이벤트가 열린다.
多くのアーティストが被災地を慰問し、音楽で人々を励ました。,많은 아티스트들이 피해 지역을 위문해 음악으로 사람들을 격려했다.
会社の慰安旅行で有名な温泉地を訪れ、久しぶりに同僚と羽を伸ばした。,회사 위안 여행으로 유명한 온천지를 찾아 오랜만에 동료들과 마음껏 쉬었다.
物語には山奥に住む老翁が登場する。,이야기에는 산속에 사는 노옹이 등장한다.
インターネットは人類史上もっとも偉大な発明の一つだと言われている。,인터넷은 인류 역사상 가장 위대한 발명 중 하나라고 일컬어진다.
コストの押さえが今期の課題だ。,비용 억제가 이번 분기의 과제다.
少し出世しただけで偉ぶる人は、部下の信頼をすぐに失ってしまう。,조금 출세했다고 잘난 체하는 사람은 부하의 신뢰를 금세 잃고 만다.
会社の資金を横領した疑いで逮捕された。,회사 자금을 횡령한 혐의로 체포되었다.
文化の相違を尊重する姿勢が、国際ビジネスの成功には欠かせない。,문화적 상이점을 존중하는 태도가 국제 비즈니스의 성공에는 필수적이다.
書類に社長の押印が必要だ。,서류에는 사장의 날인이 필요하다.
レポートを欧文で提出しなければならない。,리포트를 서양 문자로 작성해 제출해야 한다.
権力者の専横を止める仕組みが必要だ。,권력자의 전횡을 막을 장치가 필요하다.
警察は違法薬物を押収した。,경찰은 불법 약물을 압수했다.
犯人による殴打の痕が被害者の体に残っていた。,가해자의 구타 흔적이 피해자 몸에 남아 있었다.
出口が混んでいても人を押さないでください。,출구가 붐벼도 사람을 밀지 마세요.
風で飛ばされないように紙を手で押さえた。,바람에 날아가지 않게 종이를 손으로 눌렀다.
文化が異なる国で暮らすと、ものの見方や価値観も自然と変わってくる。,문화가 다른 나라에서 살면 사물에 대한 시각과 가치관도 자연스럽게 변하게 된다.
社会の価値観は時代の推移とともに少しずつ変化していく。,사회의 가치관은 시대의 추이에 따라 조금씩 변화해 간다.
その案に異論がある人は、遠慮せずに手を挙げて意見を述べてください。,그 안건에 이론이 있는 사람은 주저하지 말고 손을 들어 의견을 말해 주세요.
彼は胃弱で、取引先との会食のたびにメニュー選びに頭を悩ませている。,그는 위약 체질이라 거래처와의 회식 때마다 메뉴 선택에 머리를 싸맨다.
最終的な人事の判断は社長に委ねることにした。,최종적인 인사 결정은 사장에게 맡기기로 했다.
その行為が本当に違法かどうか、専門の弁護士に確認した。,그 행위가 정말 불법인지 아닌지 전문 변호사에게 확인했다.
本社移転に伴い、多くの社員の通勤時間が大きく変わった。,본사 이전에 따라 많은 직원들의 출퇴근 시간이 크게 달라졌다.
首都の中心部で政府に抗議する大規模な示威デモが行われた。,수도 중심부에서 정부에 항의하는 대규모 시위 데모가 열렸다.
移民政策をめぐって国会で激しい議論が交わされた。,이민 정책을 둘러싸고 국회에서 격렬한 논쟁이 오갔다.
式典には多くの尉官が制服姿で整列し、厳かな雰囲気に包まれていた。,식전에는 많은 위관이 제복 차림으로 정렬해 엄숙한 분위기를 자아냈다.
彼は二つの写本の異同を丹念に比較して研究論文をまとめた。,그는 두 필사본의 차이점과 공통점을 꼼꼼히 비교하여 연구 논문을 정리했다.
祖母は若い頃から仏教に帰依し、毎朝欠かさずお経を唱えている。,할머니는 젊었을 때부터 불교에 귀의하여 매일 아침 빠짐없이 경을 외운다.
偶然の出会いが彼女との運命を大きく変えることになった。,우연한 만남이 그녀와의 운명을 크게 바꾸게 되었다.
インターネットの普及で、地方の特産品も全国津々浦々に届けられるようになった。,인터넷 보급으로 지방 특산품도 전국 구석구석까지 보내게 되었다.
山頂に着くと、足元には一面の雲海が広がり、まるで別世界のようだった。,산 정상에 오르니 발아래로 운해가 펼쳐져 마치 다른 세상 같았다.
燃料価格の高騰で、海運業界の収益は大きな影響を受けている。,연료 가격 급등으로 해운 업계의 수익이 큰 영향을 받고 있다.
フェスに行く前に、カッパなどの雨具をしっかり準備しておいた。,페스티벌에 가기 전에 우비 같은 우비용품을 꼼꼼히 준비해 두었다.
彼は医学を学ぶために地方の高校から東京の大学へ進学した。,그는 의학을 공부하기 위해 지방 고등학교에서 도쿄의 대학으로 진학했다.
物価高は依然として続いており、家計をじわじわと圧迫している。,물가 상승은 의연히 계속되고 있어 가계를 서서히 압박하고 있다.
過疎地では医療体制の維持が大きな課題になっている。,과소 지역에서는 의료 체계를 유지하는 것이 큰 과제가 되고 있다.
健康のために毎朝三十分ほどジョギングをして運動不足を解消している。,건강을 위해 매일 아침 30분 정도 조깅을 하며 운동 부족을 해소하고 있다.
牧場の囲いが壊れて、牛が何頭も逃げ出した。,목장의 우리가 부서져서 소가 여러 마리나 도망쳐 버렸다.
コーチに基本的な泳法を習ってから、ぐんとタイムが縮まった。,코치에게 기본적인 영법을 배우고 나서 기록이 훨씬 단축되었다.
子どものころから宇宙に憧れていて、今も星空を見上げるのが好きだ。,어릴 때부터 우주를 동경해서 지금도 밤하늘의 별을 올려다보는 것을 좋아한다.
多くの先輩に羽翼を借りて、私はようやく独り立ちできた。,많은 선배들의 날개 아래에서 저는 드디어 자립할 수 있게 되었다.
新プロジェクトのリーダーには、経験豊富な彼に白羽の矢が立った。,새 프로젝트 리더로는 경험 많은 그가 낙점되었다.
面接で座右の銘を聞かれ、緊張しながらも自分の言葉で答えた。,면접에서 좌우명을 물어봐서 긴장했지만 자신의 말로 대답했다.
新しい政策をめぐって、党内の右派と穏健派の対立が深まっている。,새 정책을 둘러싸고 당내 보수파와 온건파의 대립이 깊어지고 있다.
梅雨の時期は洗濯物が乾かず、部屋の中がじめじめして困る。,장마철에는 빨래가 잘 안 말라서 방 안이 눅눅해져 곤란하다.
この交差点では、矢印信号が青のときだけ右折が許可されている。,이 교차로에서는 화살표 신호가 초록일 때만 우회전이 허용된다.
昨夜の大雨で、この一週間の雨量は平年の二倍を超えたそうだ。,어젯밤 폭우로 이번 주 강수량이 평년의 두 배를 넘었다고 한다.
川辺には三羽の白いアヒルが並んで泳いでいた。,강가에는 흰 오리 세 마리가 나란히 헤엄치고 있었다.
このジャケットは軽いのに暖かく、上質な羽毛が使われているらしい。,"이 재킷은 가벼운데도 따뜻해서, 고급 깃털이 사용되었다고 한다."
彼女は浴衣に合わせて、髪に小さな羽飾りをつけて祭りに出かけた。,그녀는 유카타에 맞춰 머리에 작은 깃털 장식을 하고 축제에 나갔다.
駅を出て右に曲がると、すぐに大きな本屋が見えます。,역을 나와서 오른쪽으로 돌면 바로 큰 서점이 보입니다.
業界の隠語ばかり使われて、会議の内容がさっぱり分からなかった。,업계 은어만 써서 회의 내용을 전혀 이해할 수 없었다.
部長がいると、どうもこの部屋は煙たい雰囲気になる。,부장이 있으면 이 방은 왠지 숨이 막히는 분위기가 된다.
あの二人は昔から犬猿の仲で、同じチームにするとすぐけんかになる。,저 둘은 예전부터 견원지간이라 같은 팀으로 묶으면 바로 싸우게 된다.
動物園の新しいエリアでは、類人猿の高い知能を紹介する展示が行われている。,동물원의 새 구역에서는 유인원의 높은 지능을 소개하는 전시가 열리고 있다.
桜並木が続く右岸の遊歩道を、夕暮れまでゆっくり散歩した。,벚나무가 늘어선 우안 산책로를 해질 때까지 천천히 걸었다.
都市部は黄砂と煙霧に覆われ、昼間でも薄暗く感じられた。,도시 지역은 황사와 연무에 뒤덮여 낮에도 어둑하게 느껴졌다.
音韻の変化を調べるために、古語の録音資料を何度も聞き直した。,음운 변화를 조사하기 위해 고어 녹음 자료를 여러 번 다시 들었다.
実家はここからとても遠いので、年に一度しか帰れない。,본가는 여기서 너무 멀어서 1년에 한 번밖에 가지 못한다.
大事な日記を弟に読まれないよう、机の奥に隠しておいた。,소중한 일기를 남동생이 읽지 못하게 책상 안쪽에 숨겨 두었다.
朝の湖面が冷たい空気に煙るようにかすんで見えた。,아침 호수 수면이 찬 공기 속에서 연무처럼 흐릿하게 보였다.
このトンネルには、事故で亡くなった人々の怨念が渦巻いているという噂がある。,이 터널에는 사고로 죽은 사람들의 원념이 맴돈다는 소문이 있다.
古いレンガ造りの工場の煙突から、白い煙が静かに立ちのぼっていた。,오래된 벽돌 공장 굴뚝에서 흰 연기가 조용히 피어오르고 있었다.
忘年会の宴会場には、社員たちの笑い声と拍手が響いていた。,송년회 연회장에는 직원들의 웃음소리와 박수가 울려 퍼졌다.
エンタルピーは、系の内部エネルギーと、圧カ・体積の積の和で定義される熱力学ポテンシャルだ。,엔탈피는 계의 내부 에너지와 압력·부피의 곱의 합으로 정의되는 열역학 퍼텐셜이다.
川沿いの桜並木が満開になり、花見客で大いににぎわっている。,강가의 벚나무 가로수길이 만개해 꽃구경 인파로 북적인다.
工場から高く上がる火炎と黒煙を見て、周囲の人々は不安そうに空を見上げた。,공장에서 치솟는 화염과 검은 연기를 보고 주변 사람들은 불안하게 하늘을 올려다보았다.
猫がペンを咥えて遊んでいる。,고양이가 펜을 입에 물고 놀고 있다.
被災地への援助物資を満載したトラックが、夜明け前に次々と出発していった。,피해 지역으로 향하는 구호 물자를 가득 실은 트럭들이 동트기 전에 잇따라 출발했다.
熱力学第二法則により、孤立系のエントロピーは増大し続ける。,열역학 제2법칙에 의해 고립계의 엔트로피는 계속해서 증가한다.
白い砂浜と透きとおる海が広がる南の島は、まるで楽園のようだった。,하얀 모래사장과 맑은 바다가 펼쳐진 남쪽 섬은 마치 낙원 같았다.
友だちが出場する試合を、スタンドから全力で応援した。,경기에 나가는 친구를 스탠드에서 온 힘을 다해 응원했다.
カメラを子どもの方に向けて、笑顔の瞬間をねらう。,카메라를 아이 쪽으로 돌려 웃는 순간을 노린다.
あの子は本当に賢いから、一度教えればすぐ覚える。,그 아이는 정말 똑똑해서 한 번 가르치면 바로 외운다.
子どもに折り紙を教えるワークショップに参加した。,아이에게 종이접기를 가르치는 워크숍에 참여했다.
子ども向けの手品教室に参加した。,아이 대상 마술 교실에 참가했다.
熱を出した子どもが、いとおしい声で「そばにいて」とささやいた。,열이 난 아이가 사랑스러운 목소리로 ‘옆에 있어 줘’라고 속삭였다.
薄着で出たら夜風で体が冷えた。,얇게 입고 나갔다가 밤바람에 몸이 식었다.
子どもの機嫌を取るために、新しいおもちゃを買って帰った。,아이의 기분을 달래려고 새 장난감을 사서 돌아왔다.
寝る前に子どもに昔話を読んでやる。,잠들기 전에 아이에게 옛이야기를 읽어 준다.
子どもが泣き止まない夜は、抱っこして子守歌を歌った。,"아이가 울음을 그치지 않는 밤에는, 안아 주며 자장가를 불렀다."
子供が芝生の上で上手に逆立ちを披露する。,아이가 잔디밭 위에서 능숙하게 물구나무서기를 선보인다.
子どもに毛布を被せて寝かせた。,아이에게 담요를 덮어 재웠다.
子供が熱を出したので、体温を測った。,아이가 열이 나서 체온을 쟀다.
子どもに手が放れて、やっと一息つけた。,아이 손이 덜 가게 되어 드디어 한숨 돌렸다.
彼女は子どもの手をしっかり握って横断歩道を渡った。,그녀는 아이의 손을 꼭 잡고 횡단보도를 건넜다.
児童虐待のニュースが流れるたびに、社会全体で子どもを守る仕組みの必要性を痛感する。,아동 학대 뉴스가 나올 때마다 사회 전체가 아이를 지키는 장치의 필요성을 절감하게 된다.
子どもは嫌々宿題をしている。,아이는 마지못해 숙제를 하고 있다.
子供と大人の境はどこにあるのか、その境目について考える授業をした。,"아이와 어른의 경계가 어디에 있는지, 그 경계선에 대해 생각해 보는 수업을 했다."
サービスの品質を維持するには、現場の小さな工夫の積み重ねが欠かせない。,서비스 품질을 유지하려면 현장의 작은 아이디어들이 꾸준히 쌓이는 것이 필수적이다.
卒業の日、子どもが巣立つようで胸が熱くなった。,"졸업 날, 아이가 둥지를 떠나는 것 같아 가슴이 뜨거워졌다."
ハンナ・アーレントは、アイヒマン裁判を通じて「悪の陳腐さ」という概念を提唱した。,한나 아렌트는 아이히만 재판을 통해 '악의 평범성(진부함)'이라는 개념을 제창했다.
子どもへの暴言が広がるのは嘆かわしい。,아이에게 폭언이 퍼지는 것은 개탄스럽다.
海風に乗って高く舞い上がるカイトを、子供はずっと見上げていた。,바닷바람을 타고 높이 날아오르는 연을 아이는 계속 올려다보고 있었다.
刃物は子どもの手の届かない所に置いてある。,칼 같은 날붙이는 아이 손이 닿지 않는 곳에 둔다.
昨日、妹に元気な男の子が出産された。,어제 여동생이 건강한 남자아이를 출산했다.
小さな子供が、見ず知らずの私に「ありがとう」と笑顔で言ってくれたことかな。,"어린 아이가, 전혀 모르는 저에게 '고맙습니다'라고 웃는 얼굴로 말해준 것이려나."
廊下の明かりが漏れて、子どもが安心した。,복도의 불빛이 새어 나와 아이가 안심했다.
子どもの寝顔に、思わず笑みがこぼれた。,아이의 잠든 얼굴에 나도 모르게 미소가 흘렀다.
祭りの行列で、殿様役の子が馬に乗って手を振った。,축제 행렬에서 영주 역할의 아이가 말에 타고 손을 흔들었다.
警察は、行方不明になった子供の捜索を続けている。,경찰은 실종된 아이를 계속 수색하고 있다.
着物を着た女の子が、神社の境内で楽しそうに手鞠をついている。,기모노를 입은 여자아이가 신사 경내에서 즐겁게 테마리(공)를 치고 있다.
彼は子どもの写真を嬉しそうに自慢した。,그는 아이 사진을 기쁘게 자랑했다.
お祭りで買った大きなピンク色の綿飴に、子供は大喜びだ。,축제에서 산 커다란 분홍색 솜사탕에 아이는 몹시 기뻐한다.
子どもが米粒を一つ残さず食べて、ちょっと感動した。,아이가 쌀알 하나도 남기지 않고 먹어서 조금 감동했다.
新しいゲーム機を見た瞬間、子どもはどんぐり眼になった。,새 게임기를 본 순간 아이는 눈이 동그래졌다.
七五三のお参りで、子どもが千歳飴を嬉しそうに抱えていた。,시치고산 참배에서 아이가 치토세아메를 기쁜 얼굴로 안고 있었다.
給食のパン一つがふっくらしているかどうかに、子どもの尊厳へのまなざしが表れる。,급식 빵 하나가 포근한지 아닌지에 아이의 존엄을 보는 시선이 드러난다.
親の行動は子供に大きな影響を与える。,부모의 행동은 아이에게 큰 영향을 미친다.
子供の寝顔を見ていると癒される。,아이의 자는 얼굴을 보고 있으면 힐링된다.
不良たちが公園で弱い者いじめをして喝上げをしていた。,불량배들이 공원에서 약한 아이를 괴롭히며 공갈을 치고 있었다.
子どもを守ろうとした母親は、あまりの理不尽さに逆上して相手に食ってかかった。,아이를 지키려던 엄마는 너무나 부당한 상황에 격분해 상대에게 덤벼들었다.
洗濯物の中に子どものパンツが見当たらない。,빨래 속에서 아이 팬티가 보이지 않는다.
この木の幹は太くて、子どもが抱きついても手が回らない。,이 나무의 줄기는 두꺼워서 아이가 안아도 팔이 닿지 않는다.
子どもの言葉の発達には絵本が役に立つ。,아이의 언어 발달에는 그림책이 도움이 된다.
子供がアレルギー持ちなのですが、この料理に卵は使われていますか？,"아이가 알레르기가 있는데, 이 요리에 계란이 사용되었나요?"
地方の商店街も工夫次第で再び栄える可能性がある。,지방 상점가도 아이디어에 따라 다시 번성할 가능성이 있다.
この仕事は時間の融通がきくので、子育て中の人にも向いている。,이 일은 시간 융통이 잘 돼서 아이를 키우는 사람에게도 잘 맞는다.
新しいアイデアは、雑談から産まれることが多い。,새 아이디어는 잡담에서 태어나는 경우가 많다.
新商品のアイデアを出すために、チーム全員でブレーンストーミングを行った。,신상품 아이디어를 내기 위해 팀 전원이 브레인스토밍을 했다.
いいアイデアが浮かぶまで散歩する。,좋은 아이디어가 떠오를 때까지 산책한다.
端午の節句に鯉幟を庭に立てる。,어린이날에 잉어 모양 깃발을 정원에 세운다.
子どもが細い橋を渡るのを見て、はらはらした。,아이가 좁은 다리를 건너는 것을 보고 조마조마했다.
男の子も女の子も、みんな仲良しだ。,남자아이도 여자아이도 모두 사이가 좋다.
イルカショーは子供から大人まで楽しめる。,돌고래 쇼는 어린이부터 어른까지 즐길 수 있다.
恐竜の骨を展示した新しい博物館がオープンした。,공룡의 뼈를 전시한 새로운 박물관이 문을 열었다.
ピアノは小さいころ、近所の先生に教わった。,피아노는 어릴 때 동네 선생님에게 배웠다.
小学校では昔ながらの唱歌も今なお歌われている。,초등학교에서는 옛날식 창가도 여전히 불리고 있다.
地域の図書館に絵本を寄贈して、子どもコーナーに並べてもらった。,지역 도서관에 그림책을 기증해 어린이 코너에 놓아 달라고 했다.
子ども向けの歴史読本を買った。,어린이용 역사 독본을 샀다.
地域の夏祭りで、子ども神輿が商店街を元気よく練り歩いた。,지역 여름 축제에서 어린이 가마가 상점가를 힘차게 누비고 다녔다.
この地域には雄大な山岳景観が広がっている。,이 지역에는 웅대한 산악 경관이 펼쳐져 있다.
この谷は長い年月をかけて自然に形成された。,이 계곡은 오랜 세월에 걸쳐 자연적으로 형성되었다.
保育園の一時預かりを利用して、役所の手続きを済ませた。,어린이집의 일시 보육(일시 맡김)을 이용해 관공서 절차를 끝냈다。
郷の川で遊んだ記憶が、今も鮮やかによみがえる。,시골 마을의 강에서 놀던 기억이 지금도 선명히 되살아난다.
子供用の椅子をお願いします。,어린이용 의자를 부탁합니다.
入場は無料です。但し、3歳未満のお子様は入れません。,"입장은 무료입니다. 단, 3세 미만의 어린이는 들어갈 수 없습니다."
横断歩道を渡った正面に、各社レンタカー専用の送迎バス乗り場がございます。,횡단보도를 건너신 정면에 각 렌터카 회사 전용 셔틀버스 승차장이 있습니다.
オレンジ色のロゴが入ったマイクロバスが当社のバスでございます。,주황색 로고가 들어간 마이크로버스가 저희 회사 버스입니다.
雲の切れ間から雪をかぶった峰が顔を出した。,구름 사이로 눈을 뒤집어쓴 봉우리가 모습을 드러냈다.
はなで においを かぐ。,코로 냄새를 맡는다.
牛が牧場で草を食べている。,소가 목장에서 풀을 뜯어 먹고 있다.
出口を出て右手に進んでいただくと、横断歩道が見えますので、そこを渡ってください。,출구를 나가셔서 오른쪽으로 가시면 횡단보도가 보이니 거기를 건너주세요.
バスは10〜15分おきに運行しておりますので、そのままお待ちください。,버스는 10~15분 간격으로 운행하니 그대로 기다려주세요.
お荷物が多いようでしたら、送迎車で駅までお迎えにあがることも可能です。,짐이 많으시다면 픽업차로 역까지 모시러 갈 수도 있습니다.
ご署名とあわせて、お電話番号とご宿泊先のご記入もお願いいたします。,서명과 함께 연락처와 숙박지를 기입해 주시기 바랍니다.
レッカー車が到着するまでに、30分から1時間ほどかかる見込みです。,견인차가 도착하기까지 30분에서 1시간 정도 걸릴 예정입니다.
まず、お怪我はございませんか。,"우선, 다치신 데는 없으신가요?"
頂に立つと、足もとから雲海が広がっていた。,정상에 서니 발아래로 운해가 펼쳐져 있었다.
庭の藤が風に揺れて、甘い香りがした。,정원의 등나무가 바람에 흔들리며 달콤한 향기가 났다.
雪が溶解して川になり、春の匂いが町へ流れ込んだ。,"눈이 융해되어 강이 되고, 봄 냄새가 마을로 흘러들었다."
風に揺れた鈴の音が、神社の境内にやさしく響いている。,바람에 흔들린 방울 소리가 신사 경내에 부드럽게 울려 퍼진다.
朝日が湖水を黄金色に染めていた。,아침 햇살이 호수를 황금빛으로 물들이고 있었다.
警察や救急車にはすでにご連絡済みでしょうか。,경찰이나 구급대에는 이미 연락하셨을까요?
発生した場所を、できるだけ詳しく教えていただけますか。,사고가 난 위치를 가능한 한 자세히 알려주시겠어요?
湖畔で夕日を眺めながら、静かにコーヒーを飲んだ。,호숫가에서 석양을 바라보며 조용히 커피를 마셨다.
夏至の夕方は、まだ空が明るくて驚いた。,하지 무렵의 저녁은 아직 하늘이 밝아서 놀랐다.
雨が上がると同時に、厚い雲が割れて空がぱっと開いた。,비가 그치자 두꺼운 구름이 갈라지며 하늘이 확 트였다.
夕焼けで雲が燃えるように赤い。,노을에 구름이 타오르는 듯 붉다.
山頂の風は強く、手足の感覚がなくなるほど凍えそうだった。,산 정상의 바람은 거세서 손발의 감각이 없어질 만큼 얼어붙을 것 같았다.
山の向こうからゆっくりと日の出が始まった。,산 너머에서 천천히 해가 떠오르기 시작했다.
沼のほとりで、静かに釣り糸を垂らした。,늪 가장자리에서 조용히 낚싯줄을 드리웠다.
春の朝、湖面が麗しい光で満ちていた。,"봄 아침, 호수 수면이 아름다운 빛으로 가득했다."
山道の急な下りで、運転には特に注意が必要だ。,산길의 가파른 내리막에서는 운전에 특히 주의가 필요하다.
山道は滑りやすいので、足元に注意して歩こう。,"산길은 미끄럽기 쉬우니, 발밑을 조심해서 걷자."
夕焼けが海に映って、空がオレンジ色に染まった。,노을이 바다에 비쳐 하늘이 주황빛으로 물들었다.
湖のそばの木立が風に揺れている。,호숫가의 나무들이 바람에 흔들린다。
川蝉が水面すれすれを飛んで、小魚をくわえた。,물총새(카와세미)가 수면 바로 위를 날아 작은 물고기를 물었다.
博物館で江戸時代の錦絵を鑑賞した。,박물관에서 에도 시대의 다채로운 다색 판화를 감상했다.
気温は零下三度まで下がり、息が白くなった。,기온이 영하 3도까지 내려가 숨이 하얘졌다.
空に円盤のような雲が浮かんでいた。,하늘에 원반 같은 구름이 떠 있었다.
切り立った断崖が続く海岸線は、まさに世界有数の偉観だ。,깎아지른 절벽이 이어지는 해안선은 그야말로 세계 유수의 장관이다.
古い寺の屋根には黒い瓦が並んでいる。,오래된 절의 지붕에는 검은 기와가 줄지어 있다.
この美術館は、学生証を提示すれば入場料が無料になる。,"이 미술관은, 학생증을 제시하면 입장료가 무료가 된다."
旅館に泊まったら、温泉と卓球を楽しむのが私の定番コースです。,료칸에 묵으면 온천과 탁구를 즐기는 것이 저의 단골 코스입니다.
温泉と料理を満喫した。,온천과 음식을 실컷 즐겼다.
来月、岳父と一緒に温泉旅行に行く予定だ。,다음 달에는 장인어른과 함께 온천 여행을 갈 예정이다.
週末は温泉旅館に泊まって、ゆっくり疲れを癒したい。,주말에는 온천 여관에 묵으면서 천천히 피로를 풀고 싶다.
週末は近郊の温泉に出かけてリフレッシュした。,주말에는 근교 온천에 다녀와서 리프레시했다.
休みを取って温泉へ行った。,휴가를 내고 온천에 갔다.
藩主の肖像画が、城の資料館に展示されていた。,번주의 초상화가 성 자료관에 전시되어 있었다.
友達と山登りに行って、帰りに温泉へ寄った。,친구와 산에 올라갔다가 돌아오는 길에 온천에 들렀다.
社員の慰安旅行で温泉に行き、日頃の疲れを癒やした。,사원 포상여행으로 온천에 가서 평소의 피로를 풀었다.
温泉の浴場で温まってから、午後は海水浴に出かけた。,"온천 욕장에서 몸을 녹인 뒤, 오후에는 해수욕을 하러 나갔다."
次の休暇は、ギフの温泉地でゆっくり過ごしたい。,다음 휴가는 기후(Gifu)의 온천지에서 느긋하게 보내고 싶다.
脱衣所で服を脱ぎ、温泉に入る準備をする。,탈의실에서 옷을 벗고 온천에 들어갈 준비를 한다.
温泉に浸かって体の芯から温まると、疲れがすっと引いていく。,온천에 몸을 담가 속부터 따뜻해지면 피로가 쑥 빠져나간다.
温泉に浸かっているときが一日の疲れが取れる極楽の時間だ。,온천에 몸을 담그고 있을 때가 하루 피로가 풀리는 극락의 시간이다.
温泉に浸ると、肩の力がふっと抜けて眠くなる。,온천에 몸을 담그면 어깨에 힘이 풀리면서 졸리게 된다.
温泉にゆっくり浸ると、一日の疲れが癒やされた。,온천에 느긋하게 잠기니 하루의 피로가 풀렸다.
古い温泉街には独特の情緒がある。,오래된 온천 마을에는 독특한 정서가 있다.
温泉の湯けむりが旅の疲れを癒やしてくれた。,온천 김이 여행의 피로를 풀어줬다.
湯治場として有名なこの温泉には、長期滞在客が多い。,탕치(온천 요양)장으로 유명한 이 온천에는 장기 체류객이 많다.
旅先の温泉で、湯けむりの向こうに雪景色が見えた。,여행지 온천에서 김 너머로 설경이 보였다.
この温泉は源泉かけ流しで、湯の香りが濃い。,이 온천은 원천수 흘려보내기라 물 향이 진하다.
温泉に近づくと、硫黄の匂いがふわっと漂った。,온천에 가까워지자 유황 냄새가 은은하게 풍겼다.
この温泉の効能は神経痛や疲労回復に効く。,이 온천의 효능은 신경통이나 피로 회복에 듣는다.
週末は友達と登山して、温泉で疲れを取った。,주말에 친구와 등산하고 온천에서 피로를 풀었다.
謙遜して「私が致しました」とは言わなかった。,"겸손하게 ""제가 했습니다""라고는 말하지 않았다."
約束を守れなかったことで、彼はすっかり面目を失ってしまった。,약속을 지키지 못해 그는 완전히 면목을 잃고 말았다.
彼の発言には、会議の流れを変えようとする意図が感じられた。,그의 발언에서는 회의 흐름을 바꾸려는 의도가 느껴졌다.
彼のスピーチは内容も表現も月並みだった。,그의 연설은 내용도 표현도 평범했다.
突然、彼は会社を辞職すると言い出した。,갑자기 그는 회사를 사직하겠다고 말했다.
彼のミスをはっきり指摘しておいた。,그의 실수를 분명히 지적해 두었다.
彼は生真面目すぎて冗談をあまり言わない。,그는 너무 성실해서 농담을 거의 하지 않는다.
彼の説明は理屈は通っているが、どこか納得しがたい。,그의 설명은 이치에는 맞지만 어딘가 납득하기 어렵다.
手が震えるほど緊張したプレゼンだった。,손이 떨릴 만큼 긴장한 발표였다.
急なお願いだったが、彼は快諾してくれた。,갑작스런 부탁이었지만 그는 흔쾌히 승낙해줬다.
ミスを連発した彼は、上司に呼び出されて厳しく絞り上げられた。,실수를 연달아 저지른 그는 상사에게 불려가 호되게 호통을 들었다.
彼はプレゼンの骨をすぐにつかんで、分かりやすく説明した。,그는 프레젠테이션의 요점을 바로 파악해서 알기 쉽게 설명했다.
彼は鋭い悟性を持ち、物事の本質をすぐに見抜く。,그는 예리한 오성를 지녀 사물의 본질을 곧잘 꿰뚫어 본다.
突然の質問に当惑したが、それは当然の指摘で結論も妥当だった。,"갑작스런 질문에 당황했지만, 그것은 당연한 지적이었고 결론도 타당했다."
会議では唯々諾々と頷くだけだった。,회의에서는 그저 예스맨처럼 고개만 끄덕였다.
滅多に怒らない彼が声を荒らげたので、周囲は静まり返った。,"좀처럼(거의) 화내지 않는 그가 목소리를 높였기에, 주위는 쥐 죽은 듯 조용해졌다."
彼は間髪入れずに質問に答え、その場を支配した。,"그는 쉴 새 없이(즉각) 질문에 대답하여, 그 자리를 지배했다."
締め切りまで若干の時間が残っている。,마감까지 약간의 시간이 남아 있다.
申し込み用紙には必ず日付けを記入してください。,신청서에는 반드시 날짜를 기입해 주세요.
来週の会議に向けて、資料をまとめている。,다음 주 회의를 위해 자료를 정리하고 있다.
午後から大事な会議があるので、早めに資料を印刷しておく。,오후에 중요한 회의가 있어서 미리 자료를 출력해 둔다.
今後のスケジュールについては追ってご連絡します。,향후 일정에 대해서는 추후 다시 연락드리겠습니다.
再来週の打ち合わせまでに、案を三つ用意します。,다다음 주 회의 전까지 안을 세 가지 준비하겠습니다.
今月中に報告書を終えるつもりです。,이번 달 안에 보고서를 끝낼 생각입니다.
計画を進めるなら、締め切りから逆算して今日の作業を決めよう。,계획을 진행할 거라면 마감일에서 역산해 오늘 할 일을 정하자.
次に、必要書類を提出してください。,"다음으로, 필요 서류를 제출해 주세요."
申請書はPDFで作成し、メールに添付してください。,신청서는 PDF로 작성해 메일에 첨부해 주세요.
彼は話し方が上手で、会議が早くまとまった。,그는 말솜씨가 좋아서 회의가 빨리 정리됐다.
契約の定めに従って手続きを進めます。,계약의 규정에 따라 절차를 진행합니다。
締め切りまでまだ余裕があるから、見直そう。,마감까지 아직 여유가 있으니 다시 점검하자.
新製品の売れ行きは好調だ。,신제품 판매가 호조를 보이고 있다.
成功の要因はいくつも考えられる。,성공의 요인은 여러 가지를 생각해 볼 수 있다.
会社の沿革を見ると、小さな町工場から始まったことがわかる。,회사의 연혁을 보면 작은 동네 공장으로 시작했음을 알 수 있다.
彼は失敗への畏れを乗り越えて、新しい事業に挑戦した。,그는 실패에 대한 두려움을 극복하고 새로운 사업에 도전했다.
彼は長期投資のために環境関連の株を買い増している。,그는 장기 투자를 위해 환경 관련 주식을 계속 사들이고 있다.
環境問題に真剣に取り組む企業が世界的に増えている。,환경 문제에 진지하게 임하는 기업이 전 세계적으로 늘고 있다.
技術革新により企業の売上高が急速に伸長する。,기술 혁신으로 인해 기업의 매출액이 급격히 신장한다.
その処分は妥当どころかむしろ穏当だと感じる。,그 처분은 타당할 뿐 아니라 오히려 온당하다고 느낀다.
彼の主張には科学的な根拠がない。,그의 주장은 과학적인 근거가 없다.
会社の利益は、この四半期で大幅に増加した。,회사의 이익은 이번 분기에 대폭 증가했다.
彼は会議で、問題の本質をずばり喝破して周囲をうならせた。,그는 회의에서 문제의 본질을 꿰뚫어 일갈해 주위를 감탄하게 만들었다.
彼の商魂たくましい営業トークに、つい余計なものまで買ってしまった。,그의 왕성한 장사 근성 넘치는 영업 멘트에 그만 쓸데없는 것까지 사 버렸다.
喉元過ぎれば熱さを忘れると言うが、彼は今回の失敗をすぐに忘れてしまった。,"목구멍을 지나면 뜨거움을 잊는다고들 하지만, 그는 이번 실패를 금방 잊어버렸다."
油断した一言が災いして、交渉が決裂した。,방심한 한마디가 화가 되어 협상이 결렬됐다.
彼女は女らしい言葉遣いより、自分の言い方を選ぶ。,그녀는 여성스러운 말투보다 자기 방식의 말투를 선택한다.
会議は予定より早く解散になり、拍子抜けした。,"회의가 예정보다 일찍 해산되어, 김이 빠졌다."
先生はテストを採点しながら、静かにため息をついた。,선생님은 시험을 채점하며 조용히 한숨을 쉬었다.
その発言は規約に抵触する可能性がある。,그 발언은 규약에 저촉될 가능성이 있다。
委員会で賛否を分けて討論が続いた。,위원회에서 찬반이 갈려 토론이 계속됐다。
長い問答の末、双方が妥協した。,긴 문답 끝에 양측이 타협했다.
議論は核心に至らず、時間だけが過ぎた。,논의는 핵심에 이르지 못하고 시간만 흘렀다.
冷酷な上司の一言が彼のやる気を完全に奪ってしまった。,냉혹한 상사의 한마디가 그의 의욕을 완전히 빼앗아 버렸다.
彼の案は安全だけど凡庸で、驚きがなかった。,그의 안은 안전하지만 평범해서 놀라움이 없었다。
彼は責任を問う声明を発表した。,그는 책임을 묻는 성명을 발표했다.
海外での業績が評価され、表彰された。,해외에서의 실적이 평가되어 표창을 받았다.
この町の重鎮が来賓として式典に出席した。,이 마을의 중진이 내빈으로서 식전에 참석했다.
彼は逆境でも雄々しい態度を崩さず、周囲を励ました。,그는 역경 속에서도 늠름한 태도를 잃지 않고 주변을 격려했다.
会議で重要な発表を聞き、何度も首を縦に振った。,회의에서 중요한 발표를 듣고 몇 번이고 고개를 끄덕였다.
自己紹介させていただきます。,자기소개를 하겠습니다.
「そんな話は余所でしてください。」,그런 이야기는 다른 데 가서 하세요.
観衆の前で演説するのは緊張する。,관중 앞에서 연설하는 것은 긴장된다.
二人の意見が食い違って話し合いが長引いた。,두 사람의 의견이 엇갈려서 논의가 길어졌다.
会議の前に資料を揃え、要点だけを簡潔にまとめた。,"회의 전에 자료를 갖추고, 요점만 간결하게 정리했다."
会議では立場に関係なく自由に意見を出せる雰囲気づくりが重要だ。,회의에서는 지위와 상관없이 자유롭게 의견을 낼 수 있는 분위기 조성이 중요하다.
味方に裏切られて、煮え湯を飲まされた気分だ。,"아군에게 배신당해, 끓는 물을 마신 기분이다(몹시 분했다)。"
彼女は上司にちやほやされて、いい気になっている。,그녀는 상사에게 떠받들어져서 우쭐해하고 있다.
真相を濁して答えるのはやめて。,진상을 흐리게 말하는 건 그만해.
無恥な発言に、会場がざわついた。,뻔뻔한 발언에 회장이 술렁거렸다.
面接には同伴者を連れて来ないでください。,면접에는 동반자를 데려오지 말아 주세요.
民主的に決めるため、全員の意見を集めた。,민주적으로 결정하기 위해 모두의 의견을 모았다.
ここから先は蛇足になるから、結論だけ言う。,여기서부터는 사족이 되니까 결론만 말할게.
彼のさりげない計らいで、こちらの予算までうまく計らってもらい、会議が円滑に進んだ。,그의 세심한 배려로 우리 쪽 예산까지 잘 조정되어 회의가 원활하게 진행되었다.
久しぶりに先輩と会食して、近況を聞いた。,오랜만에 선배와 함께 식사하며 근황을 들었다.
面接で身の上を簡単に説明した。,면접에서 신상(자기 사정)을 간단히 설명했다.
土地を購入したので、名義を登記した。,토지를 구매해서 명의를 등기했다.
社長に直談判して、なんとか新しい企画の承認を取り付けた。,"사장에게 직접 담판하여, 어떻게든 새로운 기획의 승인을 받아냈다."
万が一の事故に備えて、自動車保険に加入しておいた。,만일의 사고에 대비해서 자동차 보험에 가입해 두었다.
彼の説明は皮相で、肝心な点に触れていない。,그의 설명은 피상적이라 핵심을 건드리지 못한다.
その一言で上司は途端に気色ばみ、会議室の空気が凍りついた。,그 한마디에 상사는 금세 얼굴빛이 달라졌고 회의실 분위기가 얼어붙었다.
初めての小説を出版して、書店に並んだのを見た。,첫 소설을 출판해 서점에 진열된 것을 봤다.
長くて読みにくい文章は、できるだけ短く縮めたほうが伝わりやすい。,길고 읽기 어려운 문장은 가능한 한 짧게 줄이는 편이 잘 전달된다.
政府は国防予算の増額をめぐって激しい議論を続けている。,정부는 국방 예산 증액을 두고 치열한 논쟁을 이어가고 있다.
従来の方法ではこの問題は解決できない。,종래의 방법으로는 이 문제를 해결할 수 없다.
この問題の根本を理解することが大切だ。,이 문제의 근본을 이해하는 것이 중요하다.
参加の可否を明日までにメールでお知らせください。,참가 가능 여부를 내일까지 메일로 알려 주세요.
今回の決定が将来の禍根とならないよう、慎重に議論すべきだ。,이번 결정이 장차 화근이 되지 않도록 신중히 논의해야 한다.
不具合が発生している箇所を特定してください。,문제가 발생한 개소를 특정해 주십시오.
委員会は責任の所在をめぐって議論が紛糾し、結論が出なかった。,"위원회는 책임 소재를 둘러싸고 논쟁이 난무하여, 결론이 나지 않았다."
資料に見つかった小さな誤りが、大きな損失につながることもある。,자료에서 발견된 작은 오류가 큰 손실로 이어질 때도 있다.
二人の考え方は大きく隔たっている。,두 사람의 사고방식은 크게 벌어져 있다.
エラーが頻発して原因を調査している。,에러가 빈발해서 원인을 조사 중이다.
この問題は早急に対応する必要がある。,이 문제는 조속히 대응할 필요가 있다.
その説明にはまだ多くの疑問が残っている。,그 설명에는 아직 많은 의문이 남아 있다.
会議が散漫になってきたので、議題を整理した。,회의가 산만해져서 안건을 정리했다.
話の脈絡が見えず、何から説明すべきか迷った。,이야기의 맥락이 보이지 않아 어디서부터 설명할지 망설였다.
必要事項を羅列するだけでは、説得力が弱い。,필요 사항을 나열하기만 해서는 설득력이 약하다.
会場の人々は一様に緊張した面持ちでスピーチを待っていた。,회장에 있던 사람들은 한결같이 긴장한 표정으로 연설을 기다리고 있었다.
書類がそろうまで、一旦申請を保留にしておきます。,서류가 갖춰질 때까지 일단 신청을 보류하겠습니다.
問題が起きた場合は、まず当人に事情を確認してください。,문제가 생기면 우선 당사자에게 사정을 확인해 주세요.
昨日の会議では予算案について激しい議論が交わされた。,어제 회의에서는 예산안에 대해 치열한 논쟁이 오갔다.
詳しい説明は後刻、改めてご連絡いたします。,자세한 설명은 후일 다시 연락드리겠습니다.
申込書に氏名と住所を記入してください。,신청서에 성명과 주소를 기입해 주세요.
記者会見では、鋭い質問と回答の応酬が続いた。,기자회견에서는 날카로운 질문과 답변의 공방이 이어졌다.
式典の最中は静粛にし、携帯電話は必ずマナーモードにしてください。,식전 중에는 정숙해 주시고 휴대폰은 반드시 무음으로 해 주세요.
計画の是非を会議で議論した。,계획의 옳고 그름을 회의에서 논의했다.
ご訪問する折は、事前にご連絡ください。,방문하실 때는 사전에 연락해 주세요.
まだ決まっていないのに先走って発表した。,아직 정해지지도 않았는데 앞서 발표해버렸다.
重要な決断を先送りにして問題が深刻化する。,중요한 결단을 뒤로 미루어 문제가 심각해진다.
担当の者が折り返しご連絡いたしますので、少々お待ちください。,담당자가 다시 연락드릴 테니 잠시만 기다려 주세요.
提出前にデザインを手直しして、文字の間隔を揃えた。,제출 전에 디자인을 손봐서 글자 간격을 맞췄다.
申請書類が煩雑で、どこから手を付ければいいか迷った。,신청 서류가 번잡해서 어디서부터 해야 할지 망설였다.
間違って送ったメールをすぐ戻すことはできない。,실수로 보낸 메일을 바로 되돌리는 건(완전히) 할 수 없다.
朝まで議論を交わしたが、結局結論は出なかった。,"아침까지 논의를 나누었지만, 결국 결론은 나지 않았다."
次回の会議までに、各自で新しいプロジェクトの案をまとめてきてください。,다음 회의까지 각자 새로운 프로젝트 안을 정리해 오십시오.
あくどい商売に手を出したせいで、彼は信用を失った。,사악한 장사를 벌인 탓에 그는 신용을 잃었다.
彼は平常どおりの態度で会議に臨んだ。,그는 평상시와 같은 태도로 회의에 임했다.
彼は周りの批判の声を退けて計画を続行した。,그는 주변의 비판을 물리치고 계획을 계속했다.
彼は危険な任務を最後までやり遂げた。,그는 위험한 임무를 끝까지 완수했다.
彼は最後まで強硬な態度を崩さなかった。,그는 끝까지 강경한 태도를 굽히지 않았다.
私はIT関係の仕事をしています。,저는 IT 관련 일을 하고 있습니다.
説明を聞いてようやく納得した。,설명을 듣고서야 납득했다.
彼は理不尽な要求に、思わず大声で喚くしかなかった。,그는 불합리한 요구에 자신도 모르게 큰 소리로 외칠 수밖에 없었다.
彼は営業のときの押しが強い。,그는 영업할 때 밀어붙이는 힘이 세다.
彼は元来おとなしい性格だが、仕事になると別人のようだ。,그는 원래 얌전한 성격이지만 일할 때는 딴사람 같다.
彼は困難を乗り越える覚悟を決めて、新しい仕事に挑戦した。,그는 어려움을 이겨낼 각오를 다지고 새로운 일에 도전했다.
彼は改革派の旗頭として注目された。,그는 개혁파의 기수로 주목받았다.
世間渡りが上手な彼は、どんな職場でもすぐに馴染む。,처세술(세상 건너기)이 능한 그는 어떤 직장에서도 금방 적응한다.
あの会社とは長年の信用関係で結ばれている。,저 회사와는 오랜 신용 관계로 맺어져 있다.
この国の生活水準は非常に高い。,이 나라의 생활 수준은 매우 높다.
夫婦で小さなカフェを営んでいる。,부부가 작은 카페를 운영하고 있다.
新刊の売れ行きが予想以上に好調だ。,신간의 판매 호조가 예상 이상이다.
このプロジェクトには数億の資金が必要だ。,이 프로젝트에는 수억의 자금이 필요하다.
この会社は市場の半分を占めている。,이 회사는 시장의 절반을 차지하고 있다.
今期の売上は、前年比で大きなプラスになった。,이번 분기 매출은 전년 대비 큰 플러스를 기록했다.
電気自動車の需要が年々伸びている。,전기 자동차의 수요가 해마다 늘고 있다.
この地域では良質な鉄鉱が豊富に産出する。,이 지역에서는 양질의 철광이 풍부하게 산출된다.
冗費を削減して、必要な投資に回した。,불필요한 지출을 줄여 필요한 투자로 돌렸다.
彼女は独立して小さな店を開いた。,그녀는 독립해 작은 가게를 열었다.
その会社は大手グループの傘下に入った。,그 회사는 대기업 그룹 산하에 들어갔다.
この地域では、IT関連の新興企業が次々と生まれている。,이 지역에서는 IT 관련 신흥 기업이 속속 생겨나고 있다.
彼は職人としての誇りを持って仕事をしている。,그는 장인으로서의 긍지(자부심)를 가지고 일을 하고 있다.
人気商品はほとんどあの会社が独占している。,인기 상품은 거의 그 회사가 독점하고 있다.
IT技術が社会の仕組みに大きな変革をもたらした。,IT 기술이 사회 구조에 큰 변혁을 가져왔다.
その会社は万の社員を抱えている。,그 회사는 만 명의 직원을 거느리고 있다.
いずれ自分の店を持ちたいと昔から考えている。,언젠가는 자기 가게를 갖고 싶다고 예전부터 생각해 왔다.
工場の存続が地域の課題になっている。,공장의 존속이 지역 과제가 되고 있다.
競合を買収して、市場シェアを一気に伸ばした。,경쟁사를 인수해 시장 점유율을 단숨에 늘렸다.
若人が起業した店が話題になり、商店街に活気が戻った。,젊은이들이 창업한 가게가 화제가 되어 상점가에 활기가 돌아왔다。
この橋は父が若い頃に手懸けた仕事だ。,이 다리는 아버지가 젊었을 때 손댔던 작업이다.
修理代は拾万円かかった。,수리비가 10만 엔 들었다.
ブルーオーシャン戦略に基づき、競争のない未開拓市場を創造する。,"블루오션 전략에 기초하여, 경쟁이 없는 미개척 시장을 창조한다."
彼は編集長として、廃刊寸前の雑誌を見事に復活させた。,"그는 편집장으로서, 폐간 직전의 잡지를 훌륭하게 부활시켰다."
人員の配置を見直すことで、チームの生産性が劇的に向上した。,인원 배치를 재검토함으로써 팀의 생산성이 극적으로 향상되었다.
地域の代表者たちが対策を話し合う会合を開いた。,지역 대표들이 대책을 논의하는 회합을 열었다.
さっきから携帯電話が鳴りっぱなしで、会議に集中できない。,아까부터 휴대전화가 계속 울려서 회의에 집중할 수가 없다.
委細については後日あらためてメールでご連絡いたします。,자세한 사항은 추후 다시 이메일로 연락드리겠습니다.
去る○日の会議で、その案はすでに否決された。,지난 모○일 회의에서 그 안은 이미 부결되었다.
要求に譲歩しすぎると、交渉が崩れる。,요구에 너무 양보하면 협상이 무너진다.
意見は千差万別で、会議がなかなかまとまらない。,의견이 천차만별이라 회의가 좀처럼 정리되지 않는다.
変更がある都度、チャットで知らせてください。,변경이 있을 때마다 채팅으로 알려 주세요.
交渉は片一方の都合だけでは進まない。,협상은 한쪽 사정만으로는 진행되지 않는다.
午前中はスーパーでパートの仕事をしている。,오전에는 슈퍼에서 파트타임으로 일하고 있다.
新社屋の建設がついに完成し、今日から業務が始まった。,"새 사옥 건설이 마침내 완성되어, 오늘부터 업무가 시작되었다."
二社は来春に合併し、新会社として再出発する。,두 회사는 내년 봄에 합병해 신회사로 재출발한다.
売上は暦年で比較しないと、正しく見えません。,매출은 역년(달력 연도) 기준으로 비교해야 제대로 보입니다.
会社は資格取得を奨励し、受験料を補助している。,회사는 자격 취득을 장려하며 응시료를 보조한다.
新規事業のために、信頼できる海外の仕入れ先を開拓している。,신규 사업을 위해 신뢰할 수 있는 해외 공급처를 개척하고 있다.
お忙しいところ、お時間をいただき恐縮です。,바쁘신 와중에 시간을 내주셔서 죄송합니다.
皆様、本日は私が司会進行を務めさせていただきます。,"여러분, 오늘은 제가 사회를 맡게 되었습니다."
今日は本当にありがとうございました。,오늘은 정말 감사했습니다.
論文の要旨を一枚にまとめて、発表前に配布した。,논문의 요지를 한 장으로 정리해 발표 전에 나누어 주었다.
ちょっとした行き違いで、大事なメールが相手に届いていなかった。,작은 엇갈림 때문에 중요한 메일이 상대에게 전달되지 않았다.
駐日大使は天皇に謁するため、正装で宮殿を訪れた。,주일 대사는 천황에게 알현하기 위해 정장을 차려입고 궁전을 찾았다.
彼は身振り手振りも交えながら、熱心にプレゼンをした。,그는 손짓 발짓도 곁들이며 열심히 프레젠테이션을 했다.
信念を曲げずに謝らなかった。,신념을 굽히지 않고 사과하지 않았다.
彼は静かに首肯して、提案を受け入れた。,그는 조용히 고개를 끄덕이며 제안을 받아들였다.
会議は既に始まっていて、彼は遅れて部屋に入ってきた。,회의는 이미 시작되어 있었고 그는 늦게 방에 들어왔다.
記者会見で釈明した。,기자회견에서 해명했다。
彼は堂々と壇上に立ち、挨拶した。,그는 당당하게 단상에 올라 인사했다.
賓客に失礼のないよう挨拶した。,손님에게 실례 없게 인사했다.
主賓のスピーチに会場が沸いた。,주빈의 연설에 회장이 들썩였다.
彼は責任を伏して、何事もなかったように振る舞った。,그는 책임을 숨기고 아무 일도 없었던 것처럼 행동했다.
知人の伝を頼って、なんとかその有名な作家に会う約束を取り付けた。,"지인의 연줄을 의지해, 어떻게든 그 유명 작가를 만날 약속을 받아냈다."
プロジェクトの締め切りが近づき、関係部署との打ち合わせが頻繁に行われている。,"프로젝트 마감이 다가오면서, 관련 부서와의 회의가 빈번하게 열리고 있다."
ご了承いただけますよう、お願い申し上げます。,양해해 주시기를 부탁드립니다.
明日の会議は私の都合で延期になった。,내 사정 때문에 내일 회의가 연기되었다.
申請書の入力が完了したら、送信ボタンを押してください。,신청서 입력이 완료되면 전송 버튼을 눌러 주세요.
面接の日時はメールでお知らせいたします。,면접의 일시 는 메일로 알려 드리겠습니다.
扠、次の議題に移りましょう。,"자, 다음 안건으로 넘어갑시다."
原稿の締め切りは今月下旬だ。,원고 마감은 이달 하순이다.
担当者の名字をもう一度教えてください。,담당자 성을 한 번 더 알려 주세요.
上司に相談してから、正式に申請を出します。,상사와 상의한 뒤에 정식으로 신청을 내겠습니다.
参加する意思があるなら、今日中に返信してください。,참가할 의사가 있다면 오늘 안에 회신해 주세요.
切にご協力をお願い申し上げます。,간절히 협조를 부탁드립니다.
彼の一言で、やっと問題に気付いた。,그의 한마디로 마침내 문제를 알아챘다.
参加者の名簿を受付に置いておきます。,참가자 명부를 접수처에 두겠습니다.
度々のご連絡で恐縮ですが、日程の変更をお願いできますでしょうか。,"자주 드리는 연락이라 송구합니다만, 일정 변경을 부탁드릴 수 있겠습니까."
銘々が自分の意見を述べてから、最終的な方針を決めた。,각자가 자기 의견을 말한 뒤 최종 방침을 정했다.
長い前置きは省いて、本題に入りましょう。,긴 서두는 생략하고 본론으로 들어갑시다.
書類に正しい日付けを書いてください。,서류에 올바른 날짜를 적어 주세요.
書類は机の上にきちんと並べておいてください。,서류는 책상 위에 가지런히 놓아 두세요.
鋭い質問が次々と飛んできて冷や汗をかいた。,예리한 질문이 잇따라 날아와 식은땀을 흘렸다.
申請書は締切までにオンラインで提出してください。,신청서는 마감까지 온라인으로 제출해 주세요.
断りもなく写真を投稿しないで。,허락도 없이 사진을 올리지 마.
報告書の冒頭に摘要を付けてください。,보고서 서두에 초록(요약)을 붙여 주세요.
初対面で無礼な質問はしないでください。,초면에 무례한 질문은 하지 마세요.
面接の前に浮つくな、と自分に言い聞かせた。,면접 전에 들뜨지 말자고 스스로 다짐했다.
彼の最新の著書は、若い読者の間で大きな反響を呼んでいる。,그의 최신 저서는 젊은 독자들 사이에서 큰 반향을 일으키고 있다.
この話は今お答えすると差し支えます。,이 이야기는 지금 답변드리면 지장이 있습니다.
彼の小説は有名作家の亜流だと批判されたが、独自性もある。,"그의 소설은 유명 작가의 아류라고 비판받았지만, 나름의 독자성도 있다."
新進気鋭のアーティストが、個展で独自の世界観を見せた。,신진기예의 아티스트가 개인전에서 독자적인 세계관을 보여주었다.
流行に追随するだけでは独自性が消える。,유행을 뒤따라가기만 하면 독자성이 사라진다.
事業を海外にまで拡大する。,사업을 해외까지 확대한다.
資材の運搬には大型トラックが使われる。,자재 운반에는 대형 트럭이 사용된다.
その会社との取り引きは来月から始まる。,그 회사와의 거래는 다음 달부터 시작된다.
平日は仕事が忙しいので、旅行は週末にしか行けない。,평일에는 일이 바빠서 여행은 주말에만 갈 수 있다.
工期を三か月延べることが正式に決定された。,공사 기간을 석 달 연장하기로 공식 결정되었다.
このアルバイトは、週三日以上働ける人を求めている。,이 아르바이트는 주 3일 이상 근무할 수 있는 사람을 구하고 있다.
昨今はリモートワークを導入する企業が増えている。,작금에는 재택근무를 도입하는 기업이 늘고 있다.
造船所のクレーンが動き、新しい船体が少しずつ形になった。,조선소의 크레인이 움직이며 새 선체가 조금씩 형태를 갖췄다.
部品を海外から調達する。,부품을 해외에서 조달한다.
あのレストランの店員は、とても親切だ。,저 레스토랑의 점원은 매우 친절하다.
次の打ち合わせは六日にオンラインで行います。,다음 미팅은 6일에 온라인으로 진행합니다.
彼は読者の好みに迎合するだけで、自分の意見をほとんど述べない。,"그는 독자 취향에 영합하기만 할 뿐, 자신의 의견은 거의 말하지 않는다."
酒の席での無用な発言は禁物だ。,술자리에서의 쓸데없는 발언은 금물이다.
立場を異にする者同士が、感情的にならず冷静に議論することが重要だ。,입장을 달리하는 사람들끼리가 감정적이 되지 않고 차분히 토론하는 것이 중요하다.
二人の意見は対照的で、議論がかみ合わなかった。,두 사람의 의견은 대조적이어서 논의가 맞물리지 않았다.
議論は荒いが、拙速でまず形にしよう。,"논의가 거칠어도, 서툴더라도 빨리 일단 형태를 만들자."
面接では、礼儀正しい受け答えが望ましい。,면접에서는 예의 바른 응대가 바람직하다.
一先ずこの案で進めて、問題があれば修正しよう。,우선은 이 안으로 진행하고 문제가 있으면 수정하자.
最終案は関係部署に諮ってから提出する。,최종안은 관계 부서에 자문한 뒤 제출한다.
この説明文が紙面の半分を占めている。,이 설명문이 지면의 절반을 차지하고 있다.
面接には落ち着いた服装で行くのが無難だ。,면접에는 차분한 복장으로 가는 게 무난하다.
次回のご案内では、さらに詳細なプランを提示いたします。,다음 안내에서는 더욱 상세한 계획을 제시하겠습니다.
社員の食堂は安くて美味しいです。,회사 구내식당은 싸고 맛있습니다.
少子高齢化は深刻ですが、多様性を受け入れることで乗り越えられると信じています。,"저출산 고령화는 심각하지만, 다양성을 받아들임으로써 극복할 수 있다고 믿습니다."
官僚の答弁は丁寧だが、核心を避けているように聞こえた。,관료의 답변은 정중하지만 핵심을 피하는 듯 들렸다.
説明が足りないところを補足しておきます。,설명이 부족한 부분을 보충해 두겠습니다.
この会社は主に食品の卸売りをしている。,이 회사는 주로 식품 도매를 하고 있다.
この会社では年末にボーナスを出すのが慣例になっている。,이 회사에서는 연말에 보너스를 주는 것이 관례가 되어 있다.
二社が提携して新しい会社を結合した。,두 회사가 제휴하여 새 회사를 결합했다.
店内の防犯カメラが、従業員の動きも含めて常に監視している。,가게 안 방범 카메라는 직원들의 움직임까지 포함해 항상 감시하고 있다.
サービスの質の向上を目指して、社員研修を実施している。,서비스 품질 향상을 목표로 사원 연수를 실시하고 있다.
産休を終えて、彼女は来月職場に復帰する予定だ。,출산휴가를 마치고 그녀는 다음 달에 직장에 복귀할 예정이다.
今年は輸出より輸入が増えて、入超が続いている。,올해는 수출보다 수입이 늘어 무역적자가 계속되고 있다.
その企業は従業員の福利厚生に力を入れ、働きやすい環境を作っている。,"그 기업은 종업원의 복리후생에 힘을 써, 일하기 편한 환경을 만들고 있다."
時間がないので、詳しい説明は略します。,시간이 없어서 자세한 설명은 생략하겠습니다.
長い説明は省略して、結論だけ伝えます。,긴 설명은 생략하고 결론만 전하겠습니다.
資料を呈上いたしますので、ご高覧ください。,"자료를 올리오니, 살펴봐 주십시오。"
会社の将来は、君たち若い世代の双肩にかかっている。,회사의 미래는 너희 젊은 세대의 양 어깨에 달려 있다.
渋滞で到着が遅れるので、先に始めてください。,교통체증으로 도착이 늦어지니 먼저 시작해 주세요.
彼は自分だけが正しいと思い込んで、人の話を聞こうとしない。,그는 자기만 옳다고 믿어 버려 남의 말을 들으려 하지 않는다.
彼はデザイン界の鬼才として知られている。,그는 디자인계의 귀재로 알려져 있다.
彼は反対意見を感情的に退けず、最後まで聞いた。,그는 반대 의견을 감정적으로 물리치지 않고 끝까지 들었다.
長年の無理が病を招いた。,오랜 무리가 병을 불렀다.
皆様、お静かに。ご自分の席にご着席ください。,"여러분, 조용히 해 주십시오. 본인 자리에 착석해 주십시오."
明日までに参加の有無を知らせてください。,내일까지 참가 여부를 알려 주세요.
撮影には事前の許可が必要です。,촬영에는 사전 허가가 필요합니다.
失礼ですが、お名前を伺ってもよろしいでしょうか。,실례지만 성함을 여쭤봐도 될까요?
不明点があれば担当部署へ照会してください。,불명확한 점이 있으면 담당 부서에 조회해 주세요.
ただいま会議中ですので、折り返しご連絡します。,"지금 회의 중이라, 나중에 다시 연락드리겠습니다."
会議で幼稚な言い争いを始めるのは、時間の無駄だ。,회의에서 유치한 말싸움을 시작하는 건 시간 낭비다。
彼の一言が凍った空気を絆すように、みんなの表情がゆるんだ。,그의 한마디가 얼어붙은 분위기를 풀어 주듯 모두의 표정이 누그러졌다.
彼は採算が取れない事業を早々に見切り、撤退を決断した。,"그는 채산이 맞지 않는 사업을 일찌감치 단념하고, 철수를 결단했다."
上司からの圧力に耐えかねて、彼は会社を辞めた。,상사의 압력에 견디지 못해 그는 회사를 그만두었다.
失礼ですが、どちら様でしょうか？,"실례지만, 누구신가요?"
これは彼から聞いた話ではなく、間接的に得た情報だ。,이것은 그에게서 직접 들은 이야기가 아니라 간접적으로 얻은 정보다.
彼の頼み方は図々しいと思われた。,그의 부탁하는 태도는 뻔뻔하다고 여겨졌다.
それは故意ではなく、単なるミスです。,그것은 고의가 아니라 단순한 실수입니다.
秘密を慎み、慎みある態度で最後まで話を聞いた。,"비밀을 삼가고, 절제된 태도로 끝까지 이야기를 들었다."
今回の誤表記は甚だ遺憾であります。,이번 오표기는 대단히 유감입니다。
誤解だったと知って、平謝りして許してもらった。,오해였다는 걸 알고 납작 엎드려 사과해 용서받았다.
面接で言葉に詰まり、また失敗したと落ち込んだ。,면접에서 말이 막혀 또 실패했다며 낙담했다.
彼の説明には矛盾がある。,그의 설명에는 모순이 있다.
あさっての会議までに、この資料を仕上げておいてください。,모레까지 이 자료를 완성해 두세요.
十日に結果を知らせます。,"10일에 결과를 알려 드리겠습니다."
会議の日程は差し障りがなければ、来週でお願いします。,회의 일정은 지장이 없다면 다음 주로 부탁합니다.
来月上旬に新製品を発表する予定だ。,다음 달 상순에 신제품을 발표할 예정이다.
彼女の一言で、職場の空気が波立った。,그녀의 한마디로 직장 분위기가 술렁였다.
会議の前に、まず簡単に挨拶を済ませましょう。,회의 전에 먼저 간단히 인사를 마칩시다.
時間を奪う会議は減らしたい。,시간을 빼앗는 회의는 줄이고 싶다.
論文の要点を整理して、異同を明確にする。,"논문의 요점을 정리해, 차이와 공통점을 명확히 한다."
彼は長年の功績が認められ、同僚から厚い信任を得ている。,그는 오랜 공적이 인정받아 동료로부터 두터운 신임을 얻고 있다.
この国は自動車の輸出で大きな利益を得ている。,이 나라는 자동차 수출로 큰 이익을 얻고 있다.
人事異動で、彼は地方支社へ赴任することになった。,인사 이동으로 그는 지방 지사로 부임하게 되었다.
努力が実って、ついにプロジェクトは成功した。,노력이 결실을 맺어 마침내 프로젝트는 성공했다.
新機能が当たり、会社の経営はひとまず安泰だ。,신기능이 히트해서 회사 경영은 일단 안정적이다.
売上を倍加させるために、広告を刷新した。,매출을 배가시키기 위해 광고를 전면 개편했다.
縁の下の力持ちとして、彼はチームを支えた。,남들이 모르는 곳에서 노력하는 사람으로서 그는 팀을 지탱했다.
今年のボーナスで家族旅行に行くつもりだ。,올해 보너스로 가족 여행을 갈 생각이다.
どん底の生活から這い上がり、彼は実業家として成功を収めた。,"밑바닥 생활에서 기어 올라와, 그는 사업가로서 성공을 거두었다."
天下を取ろうと夢見たが、今は小さな会社を守るのが精一杯だ。,천하를 잡겠다고 꿈꿨지만 지금은 작은 회사를 지키는 것만으로도 벅차다.
目的を明確にしてから行動したほうがいい。,목적을 명확히 한 뒤에 행동하는 것이 좋다.
カレンダーに大事な予定を書き込んでおいた。,달력에 중요한 일정을 적어 두었다.
机の上には未処理の書類が山積している。,책상 위에는 처리하지 않은 서류가 산더미처럼 쌓여 있다.
工事現場の外囲いに新しい広告が貼られた。,공사 현장의 외벽 울타리에 새로운 광고가 붙었다.
労働組合は賃上げを求める要求書を会社に提出した。,노동조합은 임금 인상을 요구하는 요구서를 회사에 제출했다.
コードに暗号化を組み込むと、処理が少し重くなる。,코드에 암호화를 내장하면 처리가 조금 무거워진다.
この部屋の面積は約二十平方メートルです。,이 방의 면적은 약 20제곱미터입니다.
到着は18時前後になりそうです。,도착은 18시 전후가 될 것 같습니다.
貸借は毎月きちんと帳簿に記録している。,대차는 매달 꼼꼼히 장부에 기록하고 있다.
頒価は一冊千円で、まとめ買いは割引になります。,"배포 가격은 한 권 1,000엔이고, 묶음 구매는 할인됩니다."
交渉では、まず社内の足並みをそろえる必要がある。,협상에서는 먼저 사내의 보조를 맞출 필요가 있다.
種苗会社から新しい品種の案内が届いた。,종묘 회사에서 새로운 품종 안내가 도착했다.
近所の問屋で業務用の食材をまとめ買いした。,근처 도매상에서 업소용 식재료를 한꺼번에 샀다.
その法案は国会で激しい論議を呼んだ。,그 법안은 국회에서 격렬한 논의를 불렀다.
アサダ先生の講義は難しい内容でも不思議とよく頭に入ってくる。,아사다 선생님의 강의는 어려운 내용도 신기하게 잘 이해된다.
彼も私と同様にその案に賛成している。,그도 나와 마찬가지로 그 안에 찬성하고 있다.
株の売買にはリスクが伴う。,주식 매매에는 위험이 따른다.
こんな大きなプロジェクトの責任者なんて、自分に勤まるのか不安でたまらない。,이렇게 큰 프로젝트의 책임자 따위가 과연 내게 감당될 수 있을지 불안하기 짝이 없다.
和やかな雰囲気の打ち合わせで、意見が次々に出て決まるのが早かった。,화기애애한 분위기의 회의에서 의견이 술술 나와 결정이 빨랐다.
多くの部下を統べるリーダーには、決断力と人望が求められる。,많은 부하를 거느리는(통솔하는) 리더에게는 결단력과 인망이 요구된다.
社長のあいさつに次いで、新任部長の紹介が行われた。,사장의 인사에 이어 신임 부장의 소개가 이어졌다.
机の上の紙屑をまとめてゴミ箱に捨てた。,책상 위의 종이 조각들을 모아서 쓰레기통에 버렸다.
客観的なデータに基づいて判断する。,객관적인 데이터에 근거해 판단한다.
本日のご支援に対し、改めてお礼を申し上げます。,오늘의 지원에 대해 다시 한 번 감사의 말씀을 드립니다.
その提案は市民の不安に呼応し、多くの支持を集めた。,그 제안은 시민들의 불안에 호응하여 많은 지지를 모았다.
この図は社内資料から借用した。,이 도표는 사내 자료에서 차용했다。
因循として改革が進まない。,인순하여(구태의연하여) 개혁이 나아가지 않는다.
新しい法が成立した。,새로운 법이 성립되었다.
彼女が研究会を主宰して、議論が深まった。,그녀가 연구회를 주재해서 논의가 깊어졌다.
海外出張にはビザが必須の場合がある。,해외 출장에는 비자가 필수인 경우가 있다。
検察は元幹部を訴追し、法廷で争う構えだ。,검찰은 전 간부를 기소해 법정에서 다툴 태세다.
副業が会社の規定に触れないか、事前に確認した。,부업이 회사 규정에 저촉되지 않는지 미리 확인했다.
決めたことは口だけでなく、規則正しく励行しよう。,정한 일은 말뿐이 아니라 규칙적으로 실천하자.
月曜日の朝特有の憂鬱さを抱えながら、満員電車に揺られている。,"월요일 아침 특유의 우울함을 안고, 만원 전철에 흔들리고 있다."
計画は資金不足により、いつの間にか立ち消えになってしまった。,"계획은 자금 부족으로 인해, 어느새 유야무야 사라져 버리고 말았다."
自分が何もしないで、人にお願いばかりするのは虫がいい話だ。,자신이 아무것도 하지 않고 남에게 부탁만 하는 것은 이기적인 이야기다.
細かい字で書かれていて読みにくい。,깨알 같은 글씨로 쓰여 있어 읽기 어렵다.
不正な利益を得ようとする企図は、内部監査によってすぐに見抜かれた。,부당한 이익을 얻으려는 기도는 내부 감사에 의해 곧바로 간파되었다.
すべての人は基本的人権を享有していると憲法に定められている。,모든 사람은 기본적 인권을 향유하고 있다고 헌법에 규정되어 있다.
県庁の前には、県内各地から集まった人たちがデモを行っていた。,현청 앞에는 현 내 각지에서 모인 사람들이 시위를 하고 있었다.
社員たちは異口同音に、その改革案に賛成だと答えた。,사원들은 이구동성으로 그 개혁안에 찬성이라고 답했다.
年始から始終忙しくて、開始の合図すら聞き逃した。,"연초부터 줄곧 바빠서, 시작 신호조차 놓쳤다."
新しい広告の創造には、少しの勇気が必要だ。,새 광고의 창조에는 약간의 용기가 필요하다.
忙しいからって、他人に八つ当たりするな。,바쁘다고 남에게 화풀이하지 마.
小さな約束ほど守ると、信頼はゆっくり積み上がる。,작은 약속일수록 지키면 신뢰가 천천히 쌓인다.
取引先への口利きはするが、約束はできないよ。,거래처에 말은 해주겠지만 약속은 못 해.
若手が部長に抜擢された。,젊은 인재가 부장으로 발탁되었다.
開発部の佐藤です。よろしくお願いします。,개발부의 사토입니다. 잘 부탁드립니다.
壊した花瓶は後日きちんと弁償します。,깨뜨린 꽃병은 나중에 제대로 변상하겠습니다.
施主の希望で、キッチンを広く設計した。,시공 의뢰인의 희망으로 주방을 넓게 설계했다.
去年の所得を申告する。,작년 소득을 신고한다.
硝酸を扱うときは、必ず保護メガネを着けてください。,질산을 다룰 때는 반드시 보호안경을 착용하세요.
成功の代償として、自由な時間を失った。,성공의 대가로 자유 시간을 잃었다.
その俳優は専属契約を結び、他社の作品に出られない。,그 배우는 전속 계약을 맺어 다른 회사 작품에 나올 수 없다.
スマホの紛失を防ぐために、位置情報をオンにした。,스마트폰 분실을 막기 위해 위치 정보를 켰다.
急な欠員が出て、担当者を補充することになった。,갑자기 결원이 생겨 담당자를 보충하게 되었다.
税金の未納が判明して、督促状が届いた。,세금 미납이 드러나 독촉장이 도착했다.
新人に資料作りを手伝わせて、やり方を教えた。,신입에게 자료 만들기를 돕게 하면서 방법을 가르쳤다.
自信作だった原稿が没になり、また一から書き直しだ。,"자신작이었던 원고가 퇴짜(몰)를 맞아, 다시 처음부터 다시 쓰기다."
毎日の残業には、もううんざりだ。,매일 계속되는 야근에는 이제 진절머리가 난다.
危険を知らせるブザーが鳴り、機械は緊急静止した。,위험을 알리는 버저가 울리고 기계는 비상 정지했다.
土地の価値を知るために測量を依頼した。,토지의 가치를 알기 위해 측량을 의뢰했다.
彼は営業部門のチームリーダーに昇進した。,그는 영업 부문의 팀 리더로 승진했다.
その点に関しては、私も同じ意見だと存ずる。,그 점에 관해서는 저도 같은 의견이라고 생각합니다.
彼女は計算が正確で、経理の仕事に向いている。,그녀는 계산이 정확해서 경리 업무에 잘 맞는다。
彼はフリーランスとして自分の腕一本で稼いでいる。,그는 프리랜서로서 자신의 실력 하나로 돈을 벌고 있다.
この問題は一刻も早く解決されることが願わしい。,이 문제는 하루빨리 해결되기를 바라는 바이다.
発表会の前に会場を下見して、動線を確認しておこう。,발표회 전에 회장을 미리 둘러보고 동선을 확인해 두자.
緊急時の手順を心得ておけば、慌てずに済む。,긴급 상황 절차를 익혀 두면 당황하지 않아도 된다.
小さな成功が芽生えると、自信も少しずつ育つ。,작은 성공이 싹트면 자신감도 조금씩 자란다.
交通費の精算で、プラスとマイナスが相殺された。,교통비 정산에서 플러스와 마이너스가 상쇄되었다.
図を使って説明すると、理解しやすい。,그림을 사용해 설명하면 이해하기 쉽다.
計画は派手だったが、結果は竜頭蛇尾に終わった。,계획은 요란했지만 결과는 용두사미로 끝났다.
編集後の映像は、内容が定かではない。,편집 후 영상은 내용이 명확하지 않다。
締め切り前で皆が躍起になり、夜のオフィスがざわついた。,마감 전이라 모두가 안달하며 밤의 사무실이 술렁였다.
会議の内容を箇条書きにしてまとめると、論点が明確になる。,회의 내용을 개조식(항목별)으로 정리하면 논점이 명확해진다.
我が社では、結果よりも過程を重んじる文化がある。,우리 회사에서는 결과보다 과정을 중시하는 문화가 있다.
リーダーには、チームをまとめる重大な責務がある。,리더에게는 팀을 하나로 모으는 중대한 책무가 있다.
追い込まれる前に自分から動いたほうがいい。,몰리기 전에 스스로 움직이는 편이 좋다.
長時間の会議にみんな辟易していた。,장시간 회의에 모두 진저리를 치고 있었다.
若い研究者たちは互いに成果を競いながらも協力し合っている。,젊은 연구자들은 서로 성과를 겨루면서도 협력하고 있다.
海外旅行に行く前に必ず旅行保険に入るようにしている。,해외여행을 가기 전에 반드시 여행 보험에 가입하도록 하고 있다.
出張続きでも、自炊だけは崩さないと決めた。,"출장이 계속돼도, 자취 요리만은 포기하지 않겠다고 정했다."
会社の特色を一言で説明できますか。,회사의 특색을 한마디로 설명할 수 있나요?
交渉は半ば決裂しかけたが、最後に折り合った。,협상이 절반쯤 결렬될 뻔했지만 마지막에 타협했다.
大工が材木を丁寧に選んでいる。,목수가 재목을 꼼꼼히 고르고 있다。
彼女は辣腕のプロデューサーで、現場を一気に立て直した。,그녀는 유능한 프로듀서라 현장을 단숨에 수습했다.
クライアントの要望に合わせて、デザインを調整する。,클라이언트의 요구에 맞춰 디자인을 조정한다.
彼は仕事中にもかかわらず、ちょくちょくスマホを見てサボっている。,그는 업무 중임에도 불구하고 자꾸 스마트폰을 보며 농땡이를 부리고 있다.
新社長は組織に蔓延る旧弊を打破し、改革を行うと宣言した。,"새 사장은 조직에 만연한 구폐(낡은 폐단)를 타파하고, 개혁을 하겠다고 선언했다."
専門用語ばかり使うと、一般の人には理解されにくい。,전문 용어만 쓰면 일반 사람들에게는 이해되기 어렵다.
会議に出席したのは、某大企業の重役だと噂されている。,회의에 참석한 사람은 모 대기업의 중역이라고 소문이 돌고 있다.
計画の変更について上司の承認を得た。,계획 변경에 대해 상사의 승인을 얻었다.
彼は立派な学歴よりも実務経験を重視する。,그는 훌륭한 학력보다 실무 경험을 중시한다.
帰りの電車の時間を見計らって会議を切り上げた。,돌아가는 전철 시간을 가늠해 회의를 마무리했다.
朝から電話が鳴り続けて、職場は慌ただしい雰囲気だった。,아침부터 전화가 계속 울려 직장은 분주한 분위기였다.
前代未聞のトラブルが発生し、現場はパニックに陥った。,"전대미문(이제껏 들어 본 적 없는)의 트러블이 발생해, 현장은 패닉에 빠졌다."
雑談を交えながら、和やかに会議を進めた。,잡담을 섞어 가며 화기애애하게 회의를 진행했다.
面接では、落ち着いた話し方が好ましい印象を与える。,면접에서는 차분한 말투가 바람직한 인상을 준다.
長い議論の末、ようやく結論が出た。,긴 토론 끝에 드디어 결론이 나왔다.
華やかな舞台を支える裏方の仕事は尊い。,화려한 무대를 지탱하는 뒷무대 스태프의 일은 고귀하다.
体裁だけを取り繕う謝罪会見では、企業への信頼回復には程遠い。,체면만 꾸미는 사과 기자회견으로는 기업에 대한 신뢰 회복과는 거리가 멀다.
先方に確認の連絡を入れたところ、日程を一日早めたいそうだ。,"상대방에게 확인 연락을 해 보니, 일정을 하루 앞당기고 싶다더라."
ゼミの合宿では、地方銀行の合併について議論しながら、ようやく先生の意図に合点がいった。,"세미나 합숙에서는 지방 은행의 합병에 대해 논의하면서, 드디어 교수님의 의도를 납득하게 되었다."
資料を集めるのに、丸一日かかった。,자료를 모으는 데 하루 종일 걸렸다.
肝腎な場面で、通信が途切れてしまった。,정작 중요한 순간에 통신이 끊겨 버렸다。
開会式典は厳かに始まった。,개회식은 엄숙하게 시작되었다.
書類をPDFで保存して送ってください。,서류를 PDF로 저장해서 보내 주세요.
訓練用の模型で装填の手順を確認した。,훈련용 모형으로 장전 절차를 확인했다.
それは畑違いの話だから、専門家に任せよう。,그건 분야가 달라서 전문가에게 맡기자.
社長の不祥事を受けて、取締役たちは自らの進退を問われることになった。,"사장의 불상사를 맞아, 이사들은 자신의 거취를 추궁당하게 되었다."
「はい、かしこまりました。」と店員は言った。,"네, 잘 알겠습니다.라고 점원이 말했다."
この仕事は損得を抜きにして考えるべきだ。,이 일은 손익을 떠나서 생각해야 한다.
彼女は十年以上のキャリアを持つ弁護士だ。,그녀는 10년이 넘는 커리어를 가진 변호사다.
ホテルの部屋にもいろいろな等級がある。,호텔 객실에도 여러 등급이 있다.
彼は大口を叩くが実行力も伴っている。,그는 큰소리를 치지만 실행력도 갖추고 있다.
会社の行く末について、社長は真剣に語った。,회사 장래에 대해 사장은 진지하게 이야기했다.
突然、会社から解雇を言い渡された。,갑자기 회사로부터 해고 통보를 받았다.
田中氏は本日欠席です。,다나카 씨는 오늘 결석(불참)입니다.
合格基準を満たしている。,합격 기준을 충족하고 있다.
写真はトリミングで余白を縮めると、印象が締まる。,사진은 크롭으로 여백을 줄이면 인상이 또렷해진다.
自縄自縛だと分かっていても、規則を増やしてしまう。,자승자박인 줄 알면서도 규칙을 늘려 버린다.
組織の風通しを良くするには、情報共有が欠かせない。,조직의 소통을 좋게 하려면 정보 공유가 필수다.
防犯カメラの映像が、決定的な証拠になった。,방범카메라 영상이 결정적인 증거가 됐다.
誠実な対応が、信頼を築く第一歩だ。,성실한 대응이 신뢰를 쌓는 첫걸음이다.
この役職の責務は、部下を守ることだ。,이 직책의 책무는 부하를 지키는 것이다.
金融の基礎を学ぶため、家計簿アプリで支出を分類した。,금융 기초를 배우기 위해 가계부 앱으로 지출을 분류했다.
皆様の温かいご厚意により、無事にプロジェクトが成功した。,여러분의 따뜻한 후의 덕분에 무사히 프로젝트가 성공했다.
議論が平行線をたどり、結局何の結論も出ないまま時間が過ぎた。,"논의가 평행선을 달려, 결국 아무런 결론도 나지 않은 채 시간이 흘렀다."
能率を上げるために手順を見直した。,능률을 올리기 위해 절차를 재검토했다.
行成呼び出されて驚いたが、実はうれしい知らせだった。,갑자기 불려 나가서 놀랐지만 사실은 기쁜 소식이었다.
彼は名刺のデザインにまで工夫を凝らしている。,그는 명함 디자인에까지 정성을 들이고 있다.
窓口で口座を開く手続きに、身分証明書が必要だった。,창구에서 계좌를 개설하는 절차에 신분증이 필요했다.
要人の周りには、屈強な護衛が常に目を光らせていた。,요인의 주변에는 건장한 호위들이 늘 예리하게 주시하고 있었다.
誌面の都合で、その記事は来週に回された。,지면 사정으로 그 기사는 다음 주로 미뤄졌다.
真摯に向き合う姿勢が、相手の信頼を生んだ。,진지하게 마주하는 태도가 상대의 신뢰를 낳았다.
主な人々が壇上に並んだ。,주요 인물들이 단상에 줄지어 섰다.
焦りが出るとミスが増えるから、深呼吸してから始めよう。,"초조해지면 실수가 늘어나니, 심호흡하고 시작하자."
昼休みの雑談で、緊張が少しほぐれた。,점심시간 잡담으로 긴장이 조금 풀렸다.
職責を越えた約束はできません。,직책상의 책임 범위를 넘는 약속은 할 수 없습니다.
天下りの実態を巡り、委員会で議論が続いている。,낙하산 인사 실태를 두고 위원회에서 논의가 이어지고 있다.
担当者が急に替わり、連絡先も更新された。,담당자가 갑자기 바뀌고 연락처도 갱신됐다.
議論が無駄に長引いて、会議が終わらない。,논의가 쓸데없이 길어져서 회의가 끝나지 않는다.
上司が私の努力を認めてくれた。,상사가 내 노력을 인정해줬다.
叔父は海外に駐在していて、年に一度しか会えない。,삼촌은 해외에 주재 중이라 1년에 한 번밖에 못 만난다.
上司から命令されても、違法なら従えない。,상사에게 명령받아도 불법이면 따를 수 없다.
巧妙な手口でパスワードを盗もうとするメールに注意。,교묘한 수법으로 비밀번호를 훔치려는 메일에 주의.
意見の違いはあっても、融和を目指して対話を続けた。,의견 차이는 있어도 융화를 목표로 대화를 계속했다.
プロジェクトの主導権を握るために、彼は綿密なプレゼン資料を用意した。,"프로젝트의 주도권을 쥐기 위해, 그는 면밀한 프레젠테이션 자료를 준비했다."
皆様、盛大な拍手でお迎えください。,"여러분, 성대한 박수로 맞아주십시오."
社長の代理で会議に出席する。,사장님 대리로 회의에 참석한다.
会社は読書を奨励するために図書カードを配った。,회사에서는 독서를 장려하기 위해 도서 카드를 배포했다.
彼は節操がなく、昨日と言っていることが今日では違う。,"그는 절조가 없어, 어제 말하던 것이 오늘은 다르다."
土壇場で資料が見つかって、助かった。,막판에 자료가 찾아져서 살았다.
講演会の聴衆が静かにうなずきながら話を聞いていた。,강연회 청중이 조용히 고개를 끄덕이며 이야기를 듣고 있었다.
名刺入れに非常用の千円札を忍ばせている。,명함지갑에 비상용 천 엔 지폐를 몰래 넣어둔다.
遠方からの来客を、最高の料理と酒で丁寧にお遇する。,멀리서 온 손님을 최고의 요리와 술로 정중하게 대접한다.
長年の努力が実を結び、ついに大きな成果を上げた。,오랜 노력이 결실을 맺어 드디어 큰 성과를 올렸다.
この規則には例外は認められない。,이 규칙에는 예외는 인정되지 않는다.
徹夜続きで体力を消耗してしまった。,밤샘이 계속돼 체력을 소모해 버렸다.
彼は量子物理の博士として国際会議で基調講演をした。,그는 양자물리학 박사로서 국제회의에서 기조강연을 했다。
宝くじに当たった富豪の生活ぶりが番組で紹介された。,복권에 당첨된 부호의 생활상이 프로그램에서 소개되었다.
資料は用途ごとに区分して保管してください。,자료는 용도별로 구분해서 보관해 주세요.
出張のついでに現地の料理も楽しむつもりだ。,출장 김에 현지 요리도 즐길 생각이다.
新しいプロジェクトの成功を願って、全員で乾杯した。,새로운 프로젝트의 성공을 기원하며 모두 함께 건배했다.
雑誌に載せる前に、専門の校閲が原稿を細かくチェックした。,"잡지에 실리기 전에, 전문 교열자가 원고를 꼼꼼히 체크했다."
新しい組織を立ち上げ、役割を明確にした。,새 조직을 만들고 역할을 명확히 했다.
契約条件について両社が粘り強く談判した。,계약 조건에 대해 양사가 끈질기게 협상했다.
古いパスワードは破棄して、新しいものに変えた。,오래된 비밀번호는 폐기하고 새 것으로 바꿨다.
封筒を乱暴に裂くと、中の書類まで傷ついた。,봉투를 거칠게 찢자 안의 서류까지 상했다.
取扱説明書の裏面に、重要な注意事項が記載されている。,취급 설명서 뒷면에 중요한 주의 사항이 기재되어 있다.
創業期から会社を支えてきたベテラン社員が、惜しまれつつ退職した。,"창업기(초창기)부터 회사를 지탱해 온 베테랑 사원이, 아쉬움을 뒤로하고 퇴직했다."
お客様は神様ですという言葉がある。,손님은 왕(신)이다 라는 말이 있다.
海外に出張して数箇月が経った。,해외로 출장간 지 수개월이 지났다.
社長に直談判して、プロジェクトの予算を増やしてもらった。,사장에게 직접 담판하여 프로젝트 예산을 늘려 받았다.
長時間座っていたので、腰が痛い。,장시간 앉아 있었더니 허리가 아프다.
全然違う分野で、海外を飛び回る仕事をしていました。,"전혀 다른 분야에서, 해외를 누비는 일을 했었습니다."
このパソコンには最新のグラフィックボードが内蔵されている。,이 컴퓨터에는 최신 그래픽 카드가 내장되어 있다.
途中で仕事を投げ出すわけにはいかない。,중간에 일을 내던지고 포기할 수는 없다.
とにかく今回は安全を最優先にして行動しよう。,아무튼 이번에는 안전을 최우선으로 해서 행동하자.
頼もしい先輩がいてくれるので、新しい仕事も安心して始められる。,든든한 선배가 있어서 새로운 일도 안심하고 시작할 수 있다.
この問題は国境を超えた共通の課題だ。,이 문제는 국경을 넘은 공통 과제다.
新しい仕事にもだいぶ慣れてきた。,새로운 일에도 꽤 익숙해졌다.
締め切りを守らなかったのだから、叱られるのも自業自得だ。,마감일을 지키지 않았으니 혼나는 것도 자업자득이다.
バックアップを取らずにデータが消失した。,백업을 하지 않아 데이터가 소실되었다.
父は定年後、嘱託として週三日だけ働いている。,아버지는 정년 후 촉탁으로 주 3일만 일하고 있다.
機密データの窃取を防ぐため、権限を見直した。,기밀 데이터의 절취를 막기 위해 권한을 재검토했다.
工事の騒音で会議の声が聞こえず、窓を閉めた。,공사 소음 때문에 회의 목소리가 안 들려 창문을 닫았다.
専門家を現地に派遣して、被害状況を調べた。,전문가를 현지에 파견해 피해 상황을 조사했다.
出張のため、駅前のホテルに宿泊した。,출장 때문에 역 앞 호텔에 숙박했다.
原稿を編集して、誤字を直した。,원고를 편집해서 오타를 고쳤다.
標準に合わせて設定を見直した。,표준에 맞춰 설정을 다시 점검했다.
万全の体制でイベント当日を迎えた。,만전의 체제로 행사 당일을 맞았다.
組織の内部にスパイが潜り込んでいる可能性が高い。,조직 내부에 스파이가 잠입해 있을 가능성이 높다.
旅行代理店に頼んで、航空券とホテルの手配を済ませた。,여행사에 부탁해 항공권과 호텔 수배를 마쳤다.
相手の揚げ足を取るばかりで、建設的な提案が一つもない。,"상대의 말꼬투리를 잡기만 할 뿐, 건설적인 제안이 하나도 없다."
会議の資料は、あらかじめメールで送っておきました。,회의 자료는 사전에 메일로 보내 두었습니다.
ちょっと市役所に用があるので、出かけてきます。,"잠시 시청에 볼일이 있어서, 다녀오겠습니다."
人手不足の状況を改善する必要性を切実に感じている。,인력 부족 상황을 개선해야 할 필요성을 절실히 느끼고 있다.
ご多忙のところ恐縮ですが、この件について至急ご確認いただけますでしょうか。,"바쁘신 와중에 죄송합니다만, 이 건에 대해 조속히 확인해 주시겠습니까?"
会社は効率化のために組織を再編した。,회사는 효율화를 위해 조직을 개편했다.
この状態を長く維持するには、こまめな点検が欠かせない。,이 상태를 오래 유지하려면 자주 점검하는 것이 필수다.
荷物の運送を専門の会社に頼んだ。,짐 운송을 전문 회사에 맡겼다.
資金を安全に運用する方法を学ぶ。,자금을 안전하게 운용하는 방법을 배운다.
申込書には氏名及び住所を記入してください。,신청서에는 성명 및 주소를 기입해 주세요.
期待以上の成果が出てプロジェクトは大成功だ,기대 이상의 성과가 나와 프로젝트는 대성공이다
大事な予定は手帳に書き込んでいる。,중요한 일정은 수첩에 적어 두고 있다.
社内規定に従って手続きを進めてください。,사내 규정에 따라 절차를 진행해 주십시오.
この研究の根拠はあまりにも薄弱だ。,이 연구의 근거는 너무 빈약하다.
市内の観光協会がイベントを主催している。,시내 관광협회에서 이벤트를 주최하고 있다.
兄と共同で小さなカフェを経営している。,형과 공동으로 작은 카페를 운영하고 있다.
明日の会議には資料を必ず持参してください。,내일 회의에는 자료를 반드시 지참해 주세요.
駅から会社まで徒歩五分だ。,역에서 회사까지 도보 5분이다.
数字を都合よく資料に突き込む前に、現場の実態と丁寧に向き合うべきである。,숫자를 자기 편의대로 자료에 쑤셔 넣기 전에 현장의 실태와 정면으로 마주해야 한다.
求職サイトに登録して、条件の合う会社を探している。,구직 사이트에 등록해 조건에 맞는 회사를 찾고 있다.
新しい企画の大筋はすでに決まっている。,새로운 기획의 대강은 이미 정해져 있다.
応募条件をよく読んでからエントリーフォームを送信してください。,지원 조건을 잘 읽은 뒤에 지원서를 제출해 주세요.
恣意的なルール変更は信頼を失う。,자의적인 규정 변경은 신뢰를 잃는다.
会社の方針に縛られず、できるだけ自主的に考えて行動したい。,회사 방침에만 얽매이지 말고 최대한 자주적으로 생각하고 행동하고 싶다.
サービスの永続的な運営には、安定した収益モデルが不可欠だ。,서비스를 영속적으로 운영하려면 안정적인 수익 모델이 필수적이다.
AIの進歩に追随できるよう、毎日学ぶ。,AI의 발전을 따라잡을 수 있도록 매일 공부한다.
売上の増減を毎週確認して、在庫の発注量を調整する。,매출의 증감을 매주 확인해 재고 발주량을 조정한다.
先入観を打破して、新しいやり方を試す。,선입견을 타파하고 새로운 방식을 시험한다.
今週は売上が好調で、追加の在庫を手配することになった。,이번 주는 매출이 호조라 추가 재고를 확보하게 됐다.
この写真の扱いは悩ましい問題だ。,이 사진을 어떻게 다룰지는 난감한 문제다.
手続きが煩わしいから、オンラインで済ませたい。,절차가 번거로워서 온라인으로 끝내고 싶다.
都会で暮られるだけの収入が必要だ。,도시에서 살아갈 만큼의 수입이 필요하다.
取引先を訪問する前に資料を整えた。,거래처를 방문하기 전에 자료를 정리했다.
契約に含まれる役務の範囲を、書面で明確にしておく。,계약에 포함되는 역무 범위를 서면으로 명확히 해 둔다.
この安い部品は耐久性が劣る。,이 싼 부품은 내구성이 떨어진다.
明日は重要なプレゼンがあるので、今夜は資料の最終確認に追われている。,"내일은 중요한 프레젠테이션이 있어서, 오늘 밤은 자료의 최종 확인에 쫓기고 있다."
中層階のオフィスは、エレベーター待ちの時間も短く快適だ。,"중층부의 오피스는, 엘리베이터 대기 시간도 짧아 쾌적하다."
クラウド上のサーバーにデータを保存すれば、どこからでもアクセスできる。,"클라우드 상의 서버에 데이터를 저장하면, 어디서든 액세스할 수 있다."
経営者は鳥の目で全体を見、虫の眼で現場の細部を見る必要がある。,"경영자는 새의 눈으로 전체를 보고, 곤충의 눈으로 현장의 세부를 볼 필요가 있다."
会議の進行状況は、チャットツールでチーム全体に逐次報告する。,회의 진행 상황은 채팅 툴로 팀 전체에 순차적으로 보고한다.
会議の議事はすべて録音されています。,회의의 의사는 모두 녹음되고 있습니다.
出席者の計は三十名です。,출석자의 총수는 30명입니다.
会議で次年度の予算について決議が行われた。,회의에서 내년도 예산에 대한 결의가 이루어졌다.
研修も四月目に入り、ようやく仕事の流れが見えてきた。,"연수도 네 번째 달에 들어서서, 드디어 일의 흐름이 보이기 시작했다."
後で揉めないように、彼から言質を取っておいた。,나중에 다투지 않도록 그에게 확답을 받아 두었다.
契約書の写しをメールで送ってください。,계약서 사본을 이메일로 보내 주세요.
戸籍の記載を確認するため、市役所へ行った。,호적 기재를 확인하려고 시청에 갔다.
教授の推薦で留学が決まった。,교수의 추천으로 유학이 결정됐다.
目標は今月中にレポートを仕上げることだ。,목표는 이번 달 안에 보고서를 완성하는 것이다.
締め切り前は部屋に籠もって、ひたすら書く。,마감 전에는 방에 틀어박혀서 계속 쓴다.
原稿を少し潤色して提出した。,원고를 조금 다듬어(윤색해) 제출했다.
社長の私邸に招かれて緊張した。,사장의 사저에 초대되어 긴장했다。
新しいプロジェクトの草案を作成し、上司に提出してフィードバックをもらう。,"새로운 프로젝트의 초안을 작성하여, 상사에게 제출하고 피드백을 받는다."
領収書をお願いします。,영수증 부탁합니다.
そんな事、私には関係ありません。,"그런 일, 저와는 관계없습니다."
交渉が円滑に進むように努力した。,교섭이 원활하게 진행되도록 노력했다.
お会計は、私がまとめて支払いますので、皆さんそのままで大丈夫です。,"계산은 제가 전부 할 테니, 여러분은 그대로 계셔도 괜찮습니다."
お名前を頂戴してもよろしいですか？,성함을 받아도(명함을 받아도) 괜찮을까요?
初対面の相手とは、まず笑顔で握手を交わすようにしている。,처음 만나는 상대와는 우선 웃으며 악수를 나누려고 한다.
申請書を一部複写して控えを取っておいた。,신청서를 한 부 복사해서 보관해 두었다.
いらないデータはすべて消去してください。,불필요한 데이터는 전부 소거해 주세요.
とりあえず仮のスケジュールを作って、あとで調整しよう。,일단 임시 일정표를 만들고 나중에 조정하자.
彼は社交が得意で、初対面の人ともすぐ打ち解ける。,그는 사교를 잘해서 처음 만난 사람과도 금방 어울린다.
企画書の骨子だけでも先にメールで送ってください。,기획서의 골자만이라도 먼저 메일로 보내 주세요.
関係者各位へ会議の変更をメールで通知する。,관계자 각위에게 회의 변경을 메일로 통지한다.
詳しくは、マニュアルの三十二ページにある図を参照してください。,자세한 내용은 매뉴얼 32페이지에 있는 그림을 참조해 주십시오.
彼女は面接でもはきはきと受け答えができる人だ。,그녀는 면접에서도 또렷또렷하게 대답할 줄 아는 사람이다.
事情を酌量して処分を軽くした。,사정을 참작해 처분을 가볍게 했다。
情報の取捨を誤ると判断がぶれる。,정보의 취사선택을 잘못하면 판단이 흔들린다.
記事の真偽を確かめるため、写真の出典を追ったが、彼の純真な表情だけが残った。,"기사의 진위를 확인하려고 사진의 출처를 추적했지만, 그의 순진한 표정만이 남았다."
上司が私を推薦してくれて、面接に進めた。,"상사가 나를 추천해 줘서, 면접으로 넘어갈 수 있었다."
各省の担当者が緊急会合に集まった。,각 부처의 담당자들이 긴급 회의에 모였다.
両案の折衷案として、段階的に導入しよう。,두 안의 절충안으로 단계적으로 도입하자.
佐藤殿、至急ご確認ください。,"사토님, 긴급 확인 부탁드립니다."
新しい庁舎はガラス張りで、受付が分かりやすい。,새 청사는 유리 외관이라 안내 데스크가 찾기 쉽다.
党派の違いを越えて合意を目指すべきだ。,당파의 차이를 넘어 합의를 목표로 해야 한다。
彼の一言には、状況への洞察があった。,그의 한마디에는 상황에 대한 통찰이 있었다.
会議の前に、現状を把握しておいてください。,회의 전에 현황을 파악해 두세요.
委員会で票決を行い、方針が決まった。,위원회에서 표결을 진행해 방침이 정해졌다.
胸板の厚い警備員が立っていた。,가슴판이 두꺼운 경비원이 서 있었다.
契約書の内容を確認し、最後に震える手でハンを押した。,"계약서 내용을 확인하고, 마지막으로 떨리는 손으로 도장을 찍었다."
彼女は従容として質問に答え、場を落ち着かせた。,그녀는 침착하게 질문에 답해 분위기를 진정시켰다.
スピーチの冒頭でまず感謝の言葉を述べた。,연설의 서두에서 먼저 감사의 말을 전했다.
金属を削るたびに、激しい火花が四方に飛び散った。,금속을 깎을 때마다 격렬한 불꽃이 사방으로 튀었다.
苛酷な労働環境に耐えかねて、彼はついに会社を辞めた。,가혹한 노동 환경을 견디지 못해 그는 결국 회사를 그만두었다.
彼の巧妙な作戦によって、交渉は有利な方向へと運んだ。,그의 교묘한 작전 덕분에 협상이 유리한 방향으로 흘러갔다.
経験では彼に勝る人はいない、と先輩が太鼓判を押した。,경험으로는 그를 능가할 사람은 없다고 선배가 장담했다.
例外を除くと、全員が賛成した。,예외를 제외하면 전원이 찬성했다。
出世のために睡眠を削りすぎた。,출세를 위해 잠을 너무 줄였다.
長い会議で退屈して、時計ばかり見ていた。,긴 회의가 지루해서 시계만 보고 있었다.
不適切な発言が問題となり、担当者は罷免された。,부적절한 발언이 문제가 되어 담당자는 면직되었다.
彼は目的のためなら手段を選ばない、冷酷なビジネスマンとして恐れられている。,"그는 목적을 위해서라면 수단을 가리지 않는, 냉혹한 비즈니스맨으로 두려움을 사고 있다."
予算不足のため、その新規プロジェクトの話は自然と立ち消えた。,예산 부족 때문에 그 신규 프로젝트 이야기는 자연스레 흐지부지되었다.
議論の末、私たちはようやく一つの結論に行き着いた。,논의 끝에 우리는 드디어 하나의 결론에 도달했다.
今日は貴重なお話をたくさん聞かせていただき、大変勉強になりました。,오늘은 귀중한 이야기를 많이 들려주셔서 많은 공부가 되었습니다.
彼女は危険な依頼だと感じて、その話をきっぱりと拒んだ。,그녀는 위험한 의뢰라고 느끼고 그 이야기를 단호히 거절했다.
彼の新しい説は学会で注目を集めている。,그의 새로운 학설은 학회에서 주목을 받고 있다.
彼女の発想は本当にユニークで、いつも周囲を驚かせる。,그녀의 발상은 정말 유니크해서 항상 주변을 놀라게 한다.
彼は莫大な遺産を相続したらしい。,그는 막대한 유산을 상속받은 듯하다.
彼の志向は常に新しいものへ向いている。,그의 지향은 언제나 새로운 것을 향해 있다.
彼は若くして頭角を現した俊英として知られている。,그는 젊은 나이에 두각을 나타낸 준영으로 알려져 있다.
彼は三か国語を駆使して国際会議でプレゼンした。,그는 세 개 국어를 구사하여 국제 회의에서 발표했다.
彼の交渉の手腕は社内でも評判だ。,그의 협상 수완은 사내에서도 평판이 좋다.
実力があれば、結果はついてくる。,실력이 있으면 결과는 따라온다.
常と違う対応に、こちらが先に謝ってしまった。,"평소(상)와 다른 대응에, 이쪽이 먼저 사과해 버렸다."
処世がうまい人は敵を作らない。,처세가 능숙한 사람은 적을 만들지 않는다.
尊大な物言いは場をしらけさせる。,거만한 말투는 분위기를 싸늘하게 만든다.
上司に誤字を指摘され、すぐ直した。,상사에게 오타를 지적받아 바로 고쳤다.
彼の説明にはまだ多くの疑問が残っている。,그의 설명에는 아직 많은 의문이 남아 있다.
話の軸がぶれているよ。,이야기의 축이 흔들리고 있어.
彼らの牙城を崩すのは簡単ではない。,그들의 아성을 무너뜨리는 것은 쉽지 않다.
意見が大小さまざまで議論が盛り上がった。,의견이 크고 작게 다양해서 토론이 달아올랐다.
法廷で証言するのは緊張する。,법정에서 증언하는 것은 긴장된다。
彼の長所は、最後までやり抜く粘り強さだ。,그의 장점은 끝까지 해내는 끈기다.
あの発言は相手への蔑視だと受け取られても仕方ない。,그 발언은 상대에 대한 멸시로 받아들여져도 어쩔 수 없다.
失敗しても落ち込まず、次の一手をどう打つか考えることが大切だ。,"실패해도 낙담하지 않고, 다음 수를 어떻게 둘지 생각하는 것이 중요하다."
品質において優でも可でもなく、良の評価を得るのがやっとだった。,품질에 있어서 '우'도 '가'도 아닌 '양'의 평가를 얻는 것이 고작이었다.
今月の売上は、ついに目標額に達することができた。,이달 매출은 드디어 목표액에 도달할 수 있었다.
彼は単に事実を述べただけだ。,그는 단지 사실을 말했을 뿐이다.
誂えたスーツが届き、体にぴったり合っていてうれしくなった。,맞춤 정장을 받아 보니 몸에 딱 맞아서 기분이 좋아졌다.
この歌はきっと長く売れるだろう。,이 노래는 분명 오래도록 팔릴 것이다.
この工場では毎日大量の自動車が生産されている。,이 공장에서는 매일 많은 자동차가 생산되고 있다.
彼の揺るぎない信念と行動力には深く敬服する。,그의 흔들림 없는 신념과 행동력에는 깊이 경복한다.
なぜ、今の仕事を選んだのですか？何か転機があったのですか？,어째서 지금의 일을 선택하셨나요? 무언가 전환점이 있었나요?
売り上げは去年より十パーセント増えた。,매출이 작년보다 10퍼센트 늘었다.
彼女の情熱がチームを動かした。,그녀의 열정이 팀을 움직였다.
若い才能が世界へ雄飛する日を待っている。,젊은 재능이 세계로 웅비하는 날을 기다리고 있다.
結果だけでなく努力も褒めると、部下の表情が明るくなった。,결과뿐 아니라 노력도 칭찬하니 부하의 표정이 밝아졌다.
先輩の助けのおかげで助かった、冥加に尽きるよ。,"선배의 도움 덕분에 살았다, 더없이 고맙다."
助けてくれた同僚に、ささやかな謝礼を渡した。,도와준 동료에게 소박한 사례를 건넸다.
安全基準を閑却した結果、大きな事故が起きてしまった。,안전 기준을 소홀히 한 결과 큰 사고가 일어나고 말았다.
情勢の旗色が一気に悪くなった。,정세의 형세가 한꺼번에 나빠졌다.
海外で働きたいという願望が、語学勉強を続ける原動力になっている。,해외에서 일하고 싶다는 소망이 어학 공부를 계속하는 원동력이 되고 있다.
おすすめのメニューは何ですか？,추천 메뉴는 무엇인가요?
このトラブルは、設備の老朽化によるものだと判明した。,이번 문제는 설비 노후화에 의한 것이라고 판명되었다.
彼はチーム随一の傑物だ。,그는 팀에서 손꼽히는 걸출한 인물이다.
炭火でじっくり焼いた焼き御握りは、香ばしくて絶品だ。,숯불에 천천히 구운 구운 주먹밥은 고소하고 일품이다.
その計画には、大きな損失を招く恐れがある。,그 계획에는 큰 손실을 초래할 우려가 있다.
鶏肉の唐揚げは、子供から大人までみんな大好きなメニューだ。,닭고기 가라아게는 아이부터 어른까지 모두가 정말 좋아하는 메뉴다.
賃上げを求める労働闘争が長引いた。,임금 인상을 요구하는 노동 투쟁이 장기화되었다.
数字だけで判断すると結論が偏る。,숫자만으로 판단하면 결론이 치우친다.
富裕層向けのサービスが増えている。,부유층 대상 서비스가 늘고 있다.
運輸の現場ではドライバー不足が続いている。,운수 현장에서는 운전기사 부족이 계속되고 있다.
絶えず変化する市場のニーズに対応するため、新商品の開発を急ぐ。,"끊임없이 변화하는 시장의 니즈에 대응하기 위해, 신상품 개발을 서두른다."
歩留まりを上げるには、工程の温度管理が鍵だ。,수율을 올리려면 공정의 온도 관리가 핵심이다.
焼き鳥を串刺しにして炭火でじっくり焼く。,닭꼬치를 꽂아서 숯불에 천천히 굽는다.
ここの焼き鳥は絶品ですね。,여기 야키토리는 일품이네요.
炭火でじっくり焼いた焼き鳥は、香りが格別だ。,숯불에 천천히 구운 야키토리는 향이 남다르다.
備長炭で焼いた焼き鳥は、香ばしくて美味しい。,비장탄(참숯)으로 구운 닭꼬치는 고소하고 맛있다.
木炭で焼いた焼き鳥は香りが立って、つい追加注文した。,숯으로 구운 야키토리는 향이 살아나서 추가 주문했다.
広島名物の焼き牡蠣は、ぷりぷりで濃厚な味わいだ。,히로시마 명물인 굴 구이는 통통하고 진한 맛이다.
テーブルの上には五色の野菜を使ったサラダが並んでいる。,식탁 위에는 다섯 가지 색의 채소를 쓴 샐러드가 놓여 있다.
反対の声を押し切って計画を実行した。,반대 의견을 무릅쓰고 계획을 실행했다.
子供の素朴な質問に答えるのは難しい。,아이의 소박한 질문에 대답하는 것은 어렵다.
あれほど手強いと思われた交渉が、呆気なく妥結してしまった。,그토록 힘들 것이라 생각했던 협상이 어이없게 타결되어 버렸다.
この店のおすすめは何ですか。,이 가게의 추천 메뉴는 무엇인가요?
おもちゃの取り合いで、兄弟喧嘩が始まった。,장난감을 서로 가지려다 형제 싸움이 시작되었다.
ご飯の前に、両手を合わせて「いただきます」。,"밥 먹기 전에 양손을 모으고 ""잘 먹겠습니다""."
誕生日プレゼントに新しいおもちゃを買ってあげた。,생일 선물로 새 장난감을 사주었다.
このシチューは味が濃厚でおいしい。,이 스튜는 맛이 진하고 맛있다.
今日の日替わり定食は何ですか。,오늘의 매일 바뀌는 정식은 무엇인가요?
メニューの中から好きなものを選んでください。,메뉴 중에서 좋아하는 것을 골라주세요.
おすすめのメニューを聞いてみよう。,추천 메뉴를 물어보자.
ご飯のおかわりは自由です。,밥 리필은 무료입니다.
よちよち歩きだったのに、もう走れるようになった。,아장아장 걸었는데 벌써 뛸 수 있게 되었다.
雨上がりの水たまりを、赤い長靴で元気に飛び越える。,비 그친 뒤의 물웅덩이를 빨간 장화로 씩씩하게 뛰어넘는다.
肌の弱い子供のために、純綿の肌着を選んで購入した。,피부가 약한 아이를 위해 순면 속옷을 골라 구입했다.
子どもが壁をクレヨンで汚してしまった。,아이가 크레용으로 벽을 더럽혀 버렸다.
子どもの発育状態を定期的に検査する。,아이의 발육 상태를 정기적으로 검사한다.
パパやママの言葉を真似するのが上手になった。,아빠나 엄마의 말을 흉내 내는 것을 잘하게 되었다.
子供が病気になったので、病院に連れて行った。,아이가 아파서 병원에 데리고 갔다.
幼稚園の入園式で、少し緊張している。,유치원 입학식에서 조금 긴장하고 있다.
お母さんがあやすと、赤ちゃんは声を立てて笑った。,엄마가 어르자 아기는 소리를 내어 웃었다.
育児は大変だけど、それ以上に幸せなことが多い。,육아는 힘들지만 그 이상으로 행복한 일이 많다.
左右を確認してから、横断歩道を渡るように子供に教える。,"좌우를 확인하고 나서, 횡단보도를 건너도록 아이에게 가르친다."
このレモンはとても酸が強い。,이 레몬은 산미가 매우 강하다.
ママにだけ見せる甘えた顔がたまらない。,엄마에게만 보여주는 응석부리는 얼굴이 견딜 수 없이 귀엽다.
子どもの発育は個人差が大きい。,아이의 발육에는 개인차가 크다.
赤ちゃんの世話は24時間体制で休みがない。,아기를 돌보는 것은 24시간 체제로 쉴 틈이 없다.
子供と一緒に、庭にひまわりの種を植える。,아이와 함께 정원에 해바라기 씨를 심는다.
赤ちゃんがすやすやと眠っている。,아기가 새근새근 잠들어 있다.
「おやすみ」のキスをして、部屋の電気を消した。,잘 자라고 뽀뽀를 하고 방의 불을 껐다.
家族で海水浴に出かけ、子どもたちは大はしゃぎだった。,가족과 해수욕을 하러 나가서 아이들은 잔뜩 신이 났다.
母親は、泣きじゃくる子供を優しく宥めた。,어머니는 흐느껴 우는 아이를 다정하게 달랬다.
野菜を腐らす前にスープにしよう。,채소를 상하게 하기 전에 수프로 만들자.
九つになった娘は、自分の部屋を欲しがるようになった。,아홉 살이 된 딸은 자기만의 방을 갖고 싶어 하기 시작했다.
都会でも自然の中でも子どもはたくましく育つ。,도시에서도 자연 속에서도 아이는 씩씩하게 자란다.
泣き出した赤ちゃんをあやして、ようやく寝かした。,울기 시작한 아기를 달래서 겨우 재웠다.
欲しいおもちゃを我慢して、えらかったね。,"갖고 싶은 장난감을 참고, 장하네."
少し目を離した隙に、ティッシュでいたずらをしていた。,잠시 눈을 뗀 사이에 휴지로 장난을 치고 있었다.
パパにブランコを押してもらって、空を飛んでいるみたい。,아빠가 그네를 밀어줘서 하늘을 나는 것 같아.
今日は息子の初めての誕生日です。,오늘은 아들의 첫 번째 생일입니다.
子供の頃、人参が嫌いでよく残していた。,어릴 때 당근을 싫어해서 자주 남겼다.
泣き止まないときは、抱っこしてあげるとすぐに落ち着く。,"울음을 그치지 않을 때는, 안아주면 금방 진정된다."
新しいおむつに替えたら、気持ちよさそうな顔をした。,새 기저귀로 갈아주니 기분 좋은 듯한 얼굴을 했다.
公園には子ども向けの遊戯施設がたくさんある。,공원에는 아이들을 위한 놀이 시설이 많이 있다.
子どもたちは公園で、生き生きと走り回っていた。,아이들은 공원에서 생기 넘치게 뛰어다니고 있었다.
十月の秋晴れの日、運動会で子供たちが元気いっぱいに走り回る。,"10월의 맑은 가을날, 운동회에서 아이들이 활기차게 뛰어다닌다."
子どもたちが校庭を元気に駆けていった。,아이들이 운동장을 힘차게 내달렸다.
子どもたちは公園で生き生きと遊んでいる。,아이들은 공원에서 생기 넘치게 놀고 있다.
子供たちが公園で元気に遊んでいる。,아이들이 공원에서 활기차게 놀고 있다.
寝る前に子どもに絵本を読んであげるのが日課だ。,자기 전에 아이에게 그림책을 읽어 주는 것이 일과이다.
公園で、まだあんよがおぼつかない幼児が必死に歩いていた。,공원에서 아직 어설프게 걷는 아이가 필사적으로 걷고 있었다.
団地の中庭で子どもたちが走り回っている。,단지(주택단지) 안뜰에서 아이들이 뛰어다니고 있다.
子供たちが公園で赤い球を蹴って遊んでいる。,아이들이 공원에서 빨간 공을 차며 놀고 있다.
子供たちが元気に遊んでいる。,아이들이 활기차게 놀고 있다.
公園の噴水の前で、子どもたちが水しぶきを浴びてはしゃいだ。,공원 분수 앞에서 아이들이 물보라를 맞으며 뛰놀았다.
暖かい日差しの中で、気持ちよさそうに昼寝をしている。,따뜻한 햇살 속에서 기분 좋은 듯 낮잠을 자고 있다.
初めての靴を履いて、一歩踏み出した。,첫 신발을 신고 한 걸음 내디뎠다.
親は愛情を込めて子供を育てる。,부모는 애정을 담아 아이를 키운다.
バーテンダーが氷を砕く音が心地いい。,바텐더가 얼음을 부수는 소리가 기분 좋다.
子どもの頃、わんぱくな弟はよく「小さな餓鬼だ」と言われていた。,어렸을 때 장난꾸러기 동생은 자주 ‘꼬마 아귀’라고 불렸다.
冷たい風が身に染みる季節になったが、子供たちは元気に遊んでいる。,"차가운 바람이 몸에 스미는 계절이 되었지만, 아이들은 씩씩하게 놀고 있다."
低い位置に取り付けられた棚は、子供がおもちゃを片付けるのに丁度いい。,"낮은 위치에 설치된 선반은, 아이가 장난감을 정리하기에 딱 좋다."
子どもたちは野原を走り回っていた。,아이들은 들판을 이리저리 뛰어다니고 있었다。
公園では幼児たちが砂場で楽しそうに遊んでいた。,공원에서는 유아들이 모래밭에서 즐겁게 놀고 있었다.
子供たちが公園で赤い球を追いかけている。,아이들이 공원에서 빨간 공을 쫓아가고 있다.
子供の頃は、野菜の好き嫌いが激しかった。,어릴 때는 채소 편식(좋고 싫음)이 심했다.
弟はピーマンが嫌いで、まずいと言った。,남동생은 피망을 싫어해서 맛없다고 말했다.
優しい声で話しかけると、赤ちゃんは安心する。,상냥한 목소리로 말을 걸면 아기는 안심한다.
庭で子供たちが元気に遊んでいる。,마당에서 아이들이 활기차게 놀고 있다.
夏の野原を、虫取り網を持った子供たちが駆け回る。,여름 들판을 곤충 채집망을 든 아이들이 뛰어다닌다.
子供用の椅子や食器は用意していただけますでしょうか。,어린이용 의자나 식기는 준비해 주실 수 있으신가요.
今日は野菜を多めに切って、味噌汁を作るつもりだ。,오늘은 채소를 좀 더 많이 썰어서 미소된장국을 만들 생각이다.
野菜をたっぷり入れたスープが好きだ。,채소를 듬뿍 넣은 수프를 좋아한다.
このトマトは塩を少しかけると、甘みが一層引き立つ。,이 토마토는 소금을 조금 뿌리면 단맛이 한층 살아난다.
箸休めに、きゅうりの酢の物を出した。,입가심으로 오이 초무침을 냈다.
野菜を酢に浸けて、自家製のピクルスを作った。,야채를 식초에 담가서 집에서 피클을 만들었다.
子供たちは公園で活発に走り回っている。,아이들은 공원에서 활발하게 뛰어다니고 있다.
ベビーカーを席の横に置けるスペースはありますか。,유모차를 자리 옆에 둘 수 있는 공간은 있나요.
赤ん坊が泣き止まないので抱っこした。,아기가 울음을 그치지 않아서 안아 들었다.
子どもがボールと一緒に芝生の上を転がるように遊んでいる。,아이가 공과 함께 잔디 위를 데굴데굴 구르며 놀고 있다.
子どもが母を恋しがって、寝つくまで泣いた。,아이가 엄마를 그리워해 잠들 때까지 울었다.
公園では児童が元気に遊んでいた。,공원에서는 아동들이 씩씩하게 놀고 있었다.
子供たちが公園で赤い球を追いかけて遊んでいる。,아이들이 공원에서 빨간 공을 쫓아가며 놀고 있다.
子どもたちが校庭を元気に駆けていった。,아이들이 운동장을 활기차게 뛰어갔다.
公園で子どもたちが元気に鬼ごっこをしている。,공원에서 아이들이 신나게 술래잡기를 하고 있다.
菜をさっと茹でて、お浸しにした。,푸른잎채소를 살짝 데쳐 오히타시로 했다.
朝ご飯には、温かい味噌汁が欠かせない。,아침밥에는 따뜻한 된장국이 빠질 수 없다.
時間がない日は即席の味噌汁で朝食を済ませる。,시간이 없을 때는 즉석 미소된장국으로 아침을 때운다.
このドレッシングは酸味が強くて、サラダが進む。,"이 드레싱은 산미가 강해서, 샐러드가 술술 들어간다."
野菜を強火でさっと炒める。,채소를 센 불로 살짝 볶는다.
鍋に豆と野菜を入れて、コトコト煮込んだ。,냄비에 콩과 채소를 넣고 보글보글 끓였다.
庭のハーブを一把摘んで、スープに入れた。,정원의 허브를 한 줌 따서 수프에 넣었다.
余り野菜でスープを作ったら、むしろいつもよりおいしかった。,남은 채소로 수프를 만들었더니 오히려 평소보다 맛있었다.
ほうれん草は、鉄分が豊富な野菜だ。,시금치는 철분이 풍부한 채소다.
鍋料理には、柔らかく煮えた白菜が美味しい。,전골 요리에는 부드럽게 익은 배추가 맛있다.
豚肉の生姜焼きは、ご飯によく合う。,돼지고기 생강구이는 밥과 잘 어울린다.
風邪の夜は、雑炊がいちばん食べやすい。,감기 걸린 밤엔 잡탕죽이 가장 먹기 쉽다.
麻婆茄子は、ご飯が何杯でも食べられるほど美味しい。,마파가지는 밥을 몇 그릇이라도 먹을 수 있을 정도로 맛있다.
料理の見栄えを少し良くするだけで食欲が湧く。,요리의 보기 좋은 외형을 조금만 다듬어도 식욕이 솟는다.
この料理は素材の素の味を生かしている。,이 요리는 재료의 본연의 맛을 살리고 있다.
大根を薄い輪切りにして、さっと漬けた。,무를 얇게 동그랗게 썰어 살짝 절였다.
このレシピは材料も少なくて、とても簡単に作れる。,이 레시피는 재료도 적어서 아주 간단하게 만들 수 있다.
旬の食材を使った料理は、栄養価が高く味も格別だ。,"제철 식재료를 사용한 요리는, 영양가가 높고 맛도 각별하다."
旬の野菜を使ったスープは、味が濃いのに軽い。,제철 채소로 만든 수프는 맛이 진한데도 담백하다.
今夜の煮は、だしがよく染みていてとてもおいしい。,오늘 밤 탕은 다시가 잘 배어서 아주 맛있다.
焼き魚には、大根下ろしと醤油を添えるとさっぱりして美味しい。,구운 생선에는 무 갈은 것과 간장을 곁들이면 깔끔하고 맛있다.
旬の野菜をふんだんに使ったスープだ。,제철 채소를 듬뿍 사용한 수프이다.
カレーライスを作るときは、玉ねぎを飴色になるまでじっくり炒める。,카레라이스를 만들 때는 양파를 캐러멜색이 될 때까지 푹 볶는다.
冷蔵庫にあるもので、さっと夕食を拵えた。,냉장고에 있는 재료로 후다닥 저녁을 마련했다.
塩加減がちょうどいいスープだ。,소금 간이 딱 맞는 수프다。
焼きたてのナンは香ばしく、スパイシーなカレーと相性が抜群だ。,"갓 구운 난은 고소하고, 매콤한 카레와 궁합이 발군이다."
豆を柔らかくするまで、じっくり煮やす。,콩이 부드러워질 때까지 푹 삶는다.
有名シェフが監修したこのレトルトカレーは、本格的な味がする。,유명 셰프가 감수한 이 레토르트 카레는 정통적인 맛이 난다.
この地方特有の香辛料が料理を引き立てる。,이 지역 특유의 향신료가 요리를 돋보이게 한다.
このソースは粘りが強い。,이 소스는 점성이 강하다.
秋の森で珍しいアラタケを見つけ、夕食の味噌汁に入れることにした。,"가을 숲에서 희귀한 뽕나무버섯을 발견해, 저녁 된장국에 넣기로 했다."
干ししいたけで取った出汁は、深いうまみがある。,표고버섯으로 우려낸 국물은 깊은 감칠맛이 있다.
ほうれん草のおひたしは、簡単で栄養満点のおかずだ。,시금치 무침은 간단하고 영양 만점인 반찬이다.
料理の誘い水に、まず弱火で玉ねぎをじっくり炒める。,요리의 ‘유인수(誘い水)’로 먼저 약불에서 양파를 천천히 볶는다.
焼き魚に大根下ろしを添えると、さっぱりとして幾らでも食べられる。,"구운 생선에 무 갈은 것(무즙)을 곁들이면, 산뜻해서 얼마든지 먹을 수 있다."
半日かけて煮込んだスープは、野菜の旨味が溶け込んでいて絶品だ。,"반나절 걸려 푹 끓인 스프는, 채소의 감칠맛이 녹아들어 있어 일품이다."
彩りよく野菜を皿に盛ると、それだけで食欲をそそられる。,알록달록한 채소를 접시에 담기만 해도 식욕이 돋는다.
とんかつの付け合わせには、山盛りの千切りキャベツが定番だ。,돈가스 곁들임으로는 산더미 같은 채 썬 양배추가 기본이다.
それはなかなか乙な味がする料理だ。,그것은 꽤 색다른 맛이 나는 요리다.
この味噌汁は滋味が深い。,이 된장국은 자양한 맛이 깊다.
一晩寝かせたカレーは、野菜の旨味が肉に染み込んでいて絶品だ。,"하룻밤 재워둔 카레는, 야채의 감칠맛이 고기에 스며들어 있어 일품이다."
米は強火で一気に炊いて、蒸らしを長めにする。,"쌀은 센 불로 한 번에 지어, 뜸을 길게 들인다."
フライパンで野菜と肉を一緒に炒めた。,프라이팬에 채소와 고기를 함께 볶았다.
美味しいご飯を炊くコツは、火を止めた後に十分な蒸らし時間を取ることだ。,"맛있는 밥을 짓는 요령은, 불을 끈 후에 충분한 뜸 들이는 시간을 갖는 것이다."
鍋の湯が沸騰したら、火を弱めて。,냄비의 물이 끓으면 불을 줄여.
玉ねぎは粗目に刻んで、食感を残してください。,양파는 거칠게 다져서 식감을 남겨 주세요.
カレーにヨーグルトを少し混ぜると味がまろやかになる。,카레에 요구르트를 조금 섞으면 맛이 한층 부드러워진다.
辛い料理は食欲を刺激する。,매운 음식은 식욕을 자극한다.
刻んだ葱をたっぷり乗せてうどんを食べる。,다진 파를 듬뿍 얹어서 우동을 먹는다.
関西の食文化は、出汁の旨味を大切にしている。,관사이의 식문화는 육수의 감칠맛을 중요하게 여긴다.
焼き魚には、大根下ろしと醤油が一番の薬味だと思う。,"구운 생선에는, 무 갈은 것(무즙)과 간장이 최고의 양념이라고 생각한다."
味が薄いから、醤油を少し足してみて。,맛이 싱거우니 간장을 조금 더해 봐.
スープは鶏の骨からじっくりだしを取ると、味に深みが出る。,수프는 닭뼈에서 천천히 다시를 우리면 맛이 깊어진다.
このみそ汁はちょっと塩辛いね。,이 된장국은 좀 짜네.
ラーメンの丼から立ちのぼる湯気が、おいしそうな匂いを運んでくる。,라면 그릇에서 피어오르는 김이 맛있는 냄새를 가져온다.
カップ麺に熱湯を注いで三分待った。,컵라면에 뜨거운 물을 붓고 3분을 기다렸다.
ハンバーグに美味しそうな焼き目をつけて、肉汁を閉じ込める。,함박스테이크에 먹음직스러운 구운 자국을 내어 육즙을 가둔다.
この日本酒は、口当たりがまろやかで、料理の味を一層引き立ててくれますね。,이 사케는 목 넘김이 부드러워서 요리의 맛을 한층 더 돋보이게 해주네요.
料理にアルコールを少し加えると、香りがぐっと引き立つ。,요리에 알코올을 조금 넣으면 향이 훨씬 살아난다.
大根おろしは焼き魚の脂っこさを和らげ、消化を助ける働きがある。,무 갈은 것은 생선구이의 기름기를 중화시키고 소화를 돕는 작용을 한다.
このスープは少し温いくらいがちょうどいい。,이 수프는 약간 미지근한 정도가 딱 좋다.
フライパンに油を少しひいてから卵を焼く。,프라이팬에 기름을 조금 두르고 나서 달걀을 굽는다.
この料理は意外と手間がかかる。,이 요리는 의외로 손이 많이 간다.
おでんの具材の中で、じっくり煮込まれた大根が一番好きだ。,오뎅 재료 중에서 푹 끓인 무를 가장 좋아한다.
ステーキには、挽きたての黒胡椒をたっぷりかけるのがおすすめだ。,스테이크에는 갓 간 흑후추를 듬뿍 뿌리는 것을 추천한다.
このスープはとても深い味がしますね。,이 수프는 아주 깊은 맛이 나네요.
照り焼きのタレには、醤油、酒、みりん、砂糖が使われる。,"데리야키 소스에는 간장, 술, 미림, 설탕이 사용된다."
夕食には鳥肉のカレーを作った。,저녁으로 닭고기 카레를 만들었다.
父さんの作るカレーは、昔から家の味だ。,아빠가 만드는 카레는 예전부터 우리 집의 맛이다.
鍋の浮きを丁寧に取ってから味を整える。,냄비의 거품(불순물)을 정성껏 걷어낸 뒤 간을 맞춘다.
このスープは一晩置きすると味がなじむ。,이 수프는 하룻밤 두면 맛이 배어든다.
カレー用の粉末スパイスを瓶に移し替えた。,카레용 가루 향신료를 병에 옮겨 담았다.
スープは十分に加熱してからお召し上がりください。,수프는 충분히 가열한 후 드십시오.
唐揚げにレモンを搾ると、さっぱりとして美味しくなる。,가라아게에 레몬을 짜면 산뜻해져서 맛있어진다.
寿司に少しだけわさびを乗せると、味が引き締まる。,초밥에 와사비를 아주 조금 올리면 맛이 깔끔해진다.
このぴり辛のタレが食欲をそそり、ご飯が何杯でも進んでしまう。,이 매콤한 소스가 식욕을 돋워 밥이 몇 그릇이고 술술 넘어간다.
焼き魚にはやっぱり、辛味の効いた大根下ろしが欠かせない。,"구운 생선에는 역시, 매운맛이 효과적인 무 갈은 것(무즙)이 빠질 수 없다."
京風の出汁がきいた薄味のうどんが好きだ。,나는 교토풍 다시가 배어 있는 담백한 우동을 좋아한다.
鰹節の削り節をかけると、料理の風味が一段と増す。,가다랑어포 깎은 것을 뿌리면 요리의 풍미가 한층 더해진다.
スープの味が薄いので、塩を少し足す。,수프 맛이 싱거워서 소금을 조금 더한다.
昆布で丁寧にだしを取ると、味に深みが出る。,다시마로 정성 들여 다시를 내면 맛에 깊이가 생긴다.
滋養強壮のために高級なすっぽん料理を頂く。,자양강장을 위해 고급 자라 요리를 먹는다.
このスープは味が浅いから、塩を少し足そう。,이 수프는 맛이 옅으니 소금을 조금 더 넣자.
醤油を入れすぎると濃くなるので、少しずつ味を見よう。,"간장을 너무 많이 넣으면 짜지니, 조금씩 맛을 보자."
佃煮にした飛蝗は、昔ながらの珍味だ。,조림으로 만든 여치는 옛날부터 내려오는 진미다.
一度食べたら、この辛ラーメンの味に病み付きになった。,한 번 먹고 나서 이 매운 라면 맛에 중독되어 버렸다.
味噌汁に海藻を入れると、香りがぐっと良くなる。,된장국에 해조를 넣으면 향이 확 좋아진다.
寒い日には温かいおでんが食べたくなる。,추운 날에는 따뜻한 어묵이 먹고 싶어진다.
鋳鉄のフライパンは重いが、焼き目がきれいに付く。,주철 프라이팬은 무겁지만 겉면이 예쁘게 구워진다.
鰹節の削りたての香りは、味噌汁の味を一段と引き立てる。,가다랑어포의 갓 깎은 향기는 된장국 맛을 한층 더 돋워준다.
卵黄とチーズをたっぷりと使った、濃厚なカルボナーラを作った。,"달걀 노른자와 치즈를 듬뿍 사용한, 진한 카르보나라를 만들었다."
スープに塩を少し添加して、味を整えた。,수프에 소금을 조금 첨가해 맛을 맞췄다.
大根下ろしをたっぷりと添えると、焼き魚の脂っこさが中和される。,"무 갈은 것을 듬뿍 곁들이면, 구운 생선의 느끼함이 중화된다."
寒い日には、熱々のきつねうどんが食べたくなる。,추운 날에는 뜨끈뜨끈한 키츠네 우동이 먹고 싶어진다.
玉葱をみじん切りにすると、涙が出てくる。,양파를 잘게 다지면 눈물이 나온다.
おにぎりに梅を入れると、味が締まる。,주먹밥에 매실을 넣으면 맛이 살아난다.
陰陽のバランスを意識して、辛いものと温かい粥を組み合わせた。,음양의 균형을 생각하며 매운 음식과 따뜻한 죽을 함께했다.
味噌を少し絡めると、焼きおにぎりが香ばしくなる。,된장을 조금 발라주면 구운 주먹밥이 고소해진다.
仕上げに醤油を二滴だけ垂らして香りを立てる。,마무리로 간장을 두 방울만 떨어뜨려 향을 살린다。
この魚は煮付けにすると美味しいですよ。,이 생선은 조림으로 만들면 맛있어요.
ラーメンの脂が表面に浮いていた。,라멘의 기름(지방)이 표면에 떠 있었다.
餃子は酢と醤油で食べるのが好きです。,교자는 식초와 간장으로 먹는 것을 좋아합니다.
肉を一晩たれに漬けると、柔らかくなる。,고기를 하룻밤 양념에 재우면 부드러워진다.
祖母の作る煮魚は甘辛くて御飯が進む。,할머니가 만들어 주는 조림 생선은 달짝지근해서 밥이 잘 넘어간다.
秋の味覚、炭火で焼いたさんまは脂が乗っていて絶品だ。,"가을의 미각, 숯불에 구운 꽁치는 기름이 올라 일품이다."
炭火の上で魚をゆっくり焼くと、皮がぱりっとする。,숯불 위에서 생선을 천천히 구우면 껍질이 바삭해진다.
寒い冬のキャンプで食べる温かい豚汁は、体に染み渡る美味しさだ。,추운 겨울 캠핑에서 먹는 따뜻한 돼지고기 된장국은 몸에 스며드는 맛이다.
たこ焼きの中には、大きなタコの切り身が入っている。,타코야키 안에는 커다란 문어 조각이 들어있다.
大きな丼に熱い味噌汁をよそった。,큰 덮밥 그릇에 뜨거운 된장국을 떠 담았다.
このワインは渋いが、肉料理によく合う。,이 와인은 떫지만 고기 요리에 잘 어울린다.
鰹節の削りたての香りは、味噌汁の味を一段と引き立てる。,갓 깎은 가다랑어포의 향기는 된장국 맛을 한층 더 돋워준다.
牛肉と玉ねぎで、すき焼きを作った。,소고기와 양파로 스키야키를 만들었다.
採れたての野菜は香りが新鮮だ。,갓 딴 채소는 향이 신선하다.
香辛のきいたカレーが部屋中にいい匂いを広げている。,향신이 강하게 밴 카레 향이 방 안 가득 퍼지고 있다.
このチーズは香りが芳しい。,이 치즈는 향이 그윽하다.
枝豆は、ビールのおつまみに最高だ。,에다마메(풋콩)는 맥주 안주로 최고다.
いわしの丸干しを軽く炙って食べると、お酒が進む。,정어리 통마리를 살짝 구워 먹으면 술이 술술 들어간다.
塩加減がちょうどよくて、このスープは何杯でも飲めそうだ。,소금 간이 딱 맞아서 이 수프는 몇 그릇이고 먹을 수 있겠다.
彼は内部告発をしたことで、組織から追放されてしまった。,그는 내부 고발을 한 탓에 조직에서 추방되고 말았다.
ボールはフェンスを直撃、ランナーは二塁を回って三塁へ！,"공은 펜스를 직격, 주자는 2루를 돌아 3루로!"
この魚は生で食べるより、軽く炙ったほうが香りが立つ。,이 생선은 날로 먹는 것보다 살짝 구워야 향이 더 살아난다.
このソースとチーズの組み合わせが絶妙だ。,이 소스와 치즈의 조합이 절묘하다.
素朴な味の味噌汁が一番好きだ。,소박한 맛의 된장국이 제일 좋다。
小豆をことこと煮て、甘い餡を作った。,팥을 뭉근히 끓여 달콤한 앙금을 만들었다.
彼は大勢の前でも堂々と意見を述べた。,그는 많은 사람들 앞에서도 당당하게 의견을 밝혔다.
彼には再三注意したが、態度は変わらない。,그에게 거듭 주의했지만 태도는 변하지 않는다.
社長と直に話して、方針をはっきりさせた。,사장과 직접 이야기해서 방침을 분명히 했다.
問題が発覚してから、社長は記者会見も開かず雲隠れしたままだ。,문제가 밝혀진 뒤로 사장은 기자회견도 열지 않고 종적을 감춘 상태다.
後半ロスタイム、起死回生の同点ゴールが決まりました！,"후반 로스 타임, 기사회생의 동점 골이 터졌습니다!"
疲れた日は、温かい料理がいちばん落ち着く。,지친 날에는 따뜻한 요리가 가장 마음이 놓인다.
圧搾したオリーブオイルは香りがいい。,압착한 올리브오일은 향이 좋다.
今夜のおかずは、母の得意料理である甘辛い肉じゃがだ。,"오늘 밤 반찬은, 어머니의 특기 요리인 달콤 짭짤한 니쿠자가(고기 감자 조림)다."
夏はやっぱり冷たい麺に限るね。,여름엔 역시 차가운 면요리가 최고지。
氷水で冷やした素麺は、夏の暑い日に最高のご馳走だ。,얼음물에 차갑게 식힌 소면은 무더운 여름날 최고의 별미다.
麦芽の香りが強いビールが好きだ。,맥아 향이 강한 맥주를 좋아한다.
彼は欲深い商人で、利益のためなら手段を選ばない男だ。,"그는 욕심 많은 상인이라, 이익을 위해서라면 수단을 가리지 않는 남자다."
計画は完全に失敗したと思っていたが、最後には何とか成功した。,"그 계획은 완전히 실패했다고 생각했지만, 결국 어떻게든 성공했다."
誇大広告にだまされて、必要のない健康食品を買ってしまった。,과장 광고에 속아서 필요도 없는 건강기능식품을 사 버렸다.
候補者は地方を遊説して支持を広げた。,후보자는 지방을 유세하며 지지를 넓혔다.
排他的なルールは、新人を遠ざけてしまう。,배타적인 규칙은 신입을 멀어지게 만든다.
句読点を適切に打ってください。,구두점을 적절히 찍어 주세요.
報道が特定の候補に偏向していると批判された。,보도가 특정 후보에게 편향되어 있다고 비판받았다.
規約違反の事由が確認され、アカウントが停止になった。,약관 위반 사유가 확인되어 계정이 정지되었다.
度重なる遅延の末、この度の発表でようやく決着がついた。,거듭된 지연 끝에 이번 발표로 마침내 결론이 났다.
異物を駆逐するために、徹底した清掃ルールが導入された。,이물을 몰아내기 위해 철저한 청소 규칙이 도입됐다.
イベント終了後は、機材を速やかに搬出します。,이벤트 종료 후에는 장비를 신속히 반출합니다.
年度末は多忙で、返信が遅れてしまいます。,연말/기말은 바빠서 답장이 늦어집니다.
売上の歩合で給料が決まる。,매출의 보합(커미션)으로 급여가 정해진다.
話し方を変えるだけで、印象は大きく変えられる。,말하는 방식을 바꾸기만 해도 인상은 크게 바꿀 수 있다.
予算の配分を見直して、研究費を少し増やした。,예산 배분을 재검토해서 연구비를 조금 늘렸다.
彼は同輩の中でもひときわ努力家だ。,그는 동료들 중에서도 특히 노력가다.
与党は法案の早期成立を目指し、審議日程を調整した。,여당은 법안의 조기 성립을 목표로 심의 일정을 조정했다.
夜昼なく働いたせいで、曜日の感覚が消えた。,밤낮 없이 일한 탓에 요일 감각이 사라졌다.
港では巨大なクレーンが、荷役を休みなく続けている。,항구에서는 거대한 크레인이 하역 작업을 쉬지 않고 계속한다.
この訳文は正確だけど、感情の温度が少し低い。,이 번역문은 정확하지만 감정의 온도가 조금 낮다.
荷物は裏口に置いてくださいと張り紙があった。,짐은 뒷문에 놓아 달라는 안내문이 붙어 있었다.
弁護士は被告を擁護し、党は若手を擁立したが、母はただ抱擁した。,"변호사는 피고를 옹호하고 당은 젊은 후보를 옹립했지만, 어머니는 그저 안아 주었다."
入社して六月目にして、ようやく職場に馴染んだ。,입사한 지 여섯 달째가 되어서야 비로소 직장에 익숙해졌다.
連絡が五月雨式に届いて、受信箱が埋まった。,연락이 오월비처럼 띄엄띄엄 들어와서 받은편지함이 꽉 찼다.
出張土産に、名物の菓子を箱で買ってきた。,출장 선물로 명물 과자를 상자째로 사 왔다。
住所不明で荷物が返戻され、営業所に戻った。,주소 불명으로 짐이 반송되어 영업소로 돌아갔다.
部活では時間厳守が規律の基本だ。,동아리에서는 시간 엄수가 규율의 기본이다.
今後の方針については、来月の取締役会で正式に決定される予定だ。,"향후 방침에 대해서는, 다음 달 이사회에서 정식으로 결정될 예정이다."
空港のラウンジでコーヒーを飲みながら、搭乗までの時間を優雅に過ごす。,"공항 라운지에서 커피를 마시며, 탑승까지의 시간을 우아하게 보낸다."
社長に直談判して、新しいプロジェクトの予算をなんとか確保した。,"사장에게 직접 담판하여, 새로운 프로젝트 예산을 어떻게든 확보했다."
時代の変化に即した、新しい働き方が求められている。,시대 변화에 부응하는 새로운 근무 방식이 요구되고 있다.
最近、健康のために、一駅手前で降りて歩くようにしているんです。,요즘 건강을 위해 한 정거장 전에 내려서 걷도록 하고 있습니다.
皆さんお揃いでしょうか。それでは、自己紹介を始めましょう。,"모두 모이셨나요? 그럼, 자기소개를 시작합시다."
法を守ることは、市民の義務だ。,법을 지키는 것은 시민의 의무이다.
現場で測量してから、境界の杭を打った。,현장에서 측량한 뒤 경계 말뚝을 박았다.
問題点を是正し、より良いサービスを提供できるよう努めます。,문제점을 시정하여 더 좋은 서비스를 제공할 수 있도록 노력하겠습니다.
プロジェクトはまだ計画段階で、実行には移されていない。,프로젝트는 아직 계획 단계이며 실행에 옮겨지지는 않았다.
今月末までに、会費を徴収します。,이달 말까지 회비를 징수합니다.
彼は露骨に不満な顔をした。,그는 노골적으로 불만스러운 얼굴을 했다.
彼女はプロジェクトの成功を予期して、早めに次の計画を練っていた。,그녀는 프로젝트의 성공을 예기하고 미리 다음 계획을 세우고 있었다.
用意した資料が余ってしまったので、後でゆっくり読み返した。,준비한 자료가 남아서 나중에 천천히 다시 읽어 보았다.
コンサート会場までの交通手段はすでに手配してある。,콘서트 회장까지의 교통수단은 이미 마련해 두었다.
彼女は営業部から企画部へ転任になった。,그녀는 영업부에서 기획부로 전임되었다.
今月分の家賃を口座に払い込んだ。,이번 달 집세를 계좌에 입금했다.
今日は早く仕事を切り上げて自宅に帰る。,오늘은 일을 일찍 마치고 자택으로 돌아간다.
国の財政はますます厳しくなっている。,국가 재정은 갈수록 어려워지고 있다.
閉ざされた会議室で決まった政策が、市民の生活の隅々まで影響を及ぼしている。,닫힌 회의실에서 정해진 정책이 시민의 삶 구석구석에까지 영향을 미치고 있다.
彼は会社を去る決心をし、同僚にあいさつのメールを送った。,그는 회사를 떠나기로 결심하고 동료들에게 인사 메일을 보냈다.
この度のご迷惑をおかけしたことを、謹んでお詫び申し上げます。,이번에 끼친 폐에 대해 삼가 사과드립니다.
同僚が差し入れたコーヒーで、残業を乗り切った。,동료가 사 온 커피로 야근을 버텼다.
制度の本旨を外すと、運用が形だけになってしまう。,제도의 본취지를 벗어나면 운영이 형식만 남아 버린다.
願書を役所に上す段取りを確認した。,원서를 관청에 올리는 절차를 확인했다.
この報告書には正誤が混在しているので、再確認してください。,이 보고서에는 정오(옳고 그름)가 섞여 있으니 다시 확인해 주세요.
重要な文書には国璽を用いる。,중요한 문서에는 국새를 사용한다.
無駄な工程を省いて、納期を短縮した。,불필요한 공정을 덜어내 납기를 단축했다.
契約条件について、双方が折衝を重ねた。,계약 조건에 대해 쌍방이 교섭을 거듭했다.
作業着が油染みて、洗っても落ちない。,작업복이 기름에 배어 세탁해도 안 빠진다.
土地の測量を業者に頼んだ。,토지 측량을 업체에 의뢰했다.
こちらの書類にサインを頂戴できますか。,이 서류에 서명 좀 부탁드릴 수 있을까요?
資料の調べが足りないまま発表すると、すぐに突っ込まれるよ。,자료 조사가 부족한 채로 발표하면 바로 지적당해.
時計がぴたりと調うと、作業の切り替えが気持ちよく進む。,시계가 딱 맞춰지면 작업 전환이 기분 좋게 진행된다.
来週の日程を共有して、打ち合わせを入れましょう。,다음 주 일정을 공유해서 미팅을 잡죠.
物価高に歯止めがかからない。,물가 상승에 제동이 걸리지 않는다.
市場が沈滞すると、新規投資は慎重になりがちだ。,시장이 침체되면 신규 투자는 신중해지기 쉽다.
新規事業は沖天の勢いで、社内の空気まで変えた。,신규 사업이 하늘로 치솟는 기세로 사내 분위기까지 바꿨다.
引っ越しの手続きに戸籍の謄本が必要だった。,이사 절차에 호적 등본이 필요했다.
品質等級が一つ上がった。,품질 등급이 한 단계 올랐다.
彼は対立する二人の産婆役になって、妥協点を探した。,그는 대립하는 두 사람 사이의 산파 역할을 하며 타협점을 찾았다.
諸般の事情により、会議の開始を一時間遅らせます。,여러 사정으로 인해 회의 시작을 한 시간 늦춥니다.
海外での見聞をまとめて、社内報に寄稿した。,해외에서 보고 들은 것을 정리해 사내보에 기고했다.
品評で高評価を得て注目された。,품평에서 높은 평가를 받아 주목받았다.
面接では清潔な服装が第一印象を左右する。,면접에서는 깔끔한 복장이 첫인상을 좌우한다.
国際会議の場で、両国は長い対立に区切りをつけ、和解に合意した。,국제회의에서 양국은 오랜 대립에 마침표를 찍고 화해에 합의했다.
業者は贈賄を否定したが、帳簿の記録が一致しなかった。,업자는 증뢰를 부인했지만 장부 기록이 일치하지 않았다.
奨学金だけでは足りず、生活費を賄うためにアルバイトを増やした。,장학금만으로는 부족해 생활비를 충당하려고 아르바이트를 늘렸다.
写真が枠内に収まるように、少し右へずらしてください。,사진이 프레임 안에 들어가도록 조금 오른쪽으로 옮겨 주세요.
部署の再編で人の流動が激しくなった。,부서 재편으로 인력의 유동이 격해졌다.
労働条件を見直して、離職を減らしたい。,노동 조건을 재검토해 이직을 줄이고 싶다.
社長が交代し、会社にも世代交代の波が押し寄せている。,"사장이 교체되어, 회사에도 세대교체의 물결이 밀려오고 있다."
彼は良心を置き去りにして、利益だけを追い求めた冷徹な経営者だ。,"그는 양심을 내버려 두고, 이익만을 추구한 냉철한 경영자다."
政府の告示により新しい税率が適用される。,정부의 고시에 의해 새로운 세율이 적용된다.
社長室に呼び付けられ、緊張しながらドアを叩く。,사장실로 호출당해 긴장하며 문을 두드린다.
その問題は、極めて慎重な対応が求められる。,그 문제는 극히 신중한 대응이 요구된다.
役所の煩わしい手続きに、丸一日かかってしまった。,관공서의 번거로운 절차에 꼬박 하루가 걸리고 말았다.
毎月、家賃を払わなければならない。,매달 집세를 내야 한다.
新商品で、ライバル会社に対抗する。,신상품으로 라이벌 회사에 대항한다.
緊急事態に迅速に対処するため、マニュアルを作成した。,긴급 사태에 신속히 대처하기 위해 매뉴얼을 작성했다.
このシステムは、単一のサーバーで管理されている。,이 시스템은 단일 서버로 관리되고 있다.
ベンチャーキャピタルからの資金調達に成功し、事業拡大の足掛かりを得た。,"벤처 캐피털로부터 자금 조달에 성공하여, 사업 확대의 발판을 얻었다."
明日、新しい商品が入荷します。,내일 새로운 상품이 입고됩니다.
あれだけ頑張ったのに、全てが水の泡になり、むなしい気持ちでいっぱいだ。,그렇게 열심히 했는데 모든 것이 물거품이 되어 허무한 기분으로 가득하다.
いつもお電話で話していましたが、お会いするのは初めてですね。,"항상 전화로만 이야기했는데, 뵙는 것은 처음이네요."
こちらが、私の名刺です。,이것이 제 명함입니다.
彼は将来の進路として、医者を目指している。,그는 장래 진로로서 의사를 목표로 하고 있다.
今週のスケジュールはかなり詰まっている。,이번 주 스케줄은 상당히 꽉 차 있다.
このプロジェクトに全力を尽くします。,이 프로젝트에 전력을 다하겠습니다.
祖父の財産を相続することになった。,할아버지의 재산을 상속하게 되었다.
近頃、どうも疲れが取れない。,요즘 아무래도 피로가 풀리지 않는다.
新しいビルの建設が、来月いよいよ着工される。,새 빌딩 건설이 다음 달 드디어 착공된다.
この店は立地が良くて、開店以来ずっと儲かっている。,이 가게는 입지가 좋아 개점 이후 내내 잘 벌고 있다.
会社の将来像を模索するため、若手社員を中心に議論が行われた。,회사의 미래상을 모색하기 위해 젊은 직원들을 중심으로 논의가 이루어졌다.
彼は新しい情報にすぐ気づく、感度の高いアンテナを持っている。,그는 새로운 정보에 금방 눈치채는 촉이 남다르다.
この規則は来月以降、順次廃止される予定だ。,이 규칙은 다음 달 이후 순차적으로 폐지될 예정이다.
両方の意見を聞くことが大切だ。,양쪽의 의견을 듣는 것이 중요하다.
チームメンバーとの間には、強い絆が生まれた。,팀 멤버들 사이에는 강한 유대감이 생겼다.
手書きからデジタルへの移行は、最初こそ大変だが慣れると便利だ。,수기에서 디지털로의 이행은 처음엔 힘들지만 익숙해지면 편리하다.
ブランド品にそっくりな偽物をつかまされてしまった。,명품과 똑같이 생긴 가짜를 잡게 되고 말았다.
アンケートの結果を集計してグラフにまとめた。,설문 결과를 집계해 그래프로 정리했다.
大学を卒業して地元の会社に就職した。,대학을 졸업하고 고향 회사에 취직했다.
議長が会議の開会を宣言した。,의장이 회의 개회를 선언했다.
彼の溶接技能は社内でもトップクラスだ。,그의 용접 기능은 회사 안에서도 최고 수준이다。
収益の一部を福祉団体に寄付した。,수익의 일부를 복지 단체에 기부했다.
問題解決のために、関係者全員で話し合いを行った。,문제 해결을 위해 관계자 전원이 협의를 했다.
彼は新しいプロジェクトリーダーとして採用された。,그는 새로운 프로젝트 리더로 채용되었다.
昼時には、このラーメン屋はいつも大繁盛だ。,점심시간이면 이 라면집은 늘 대성황이다.
お世話になった方々にメールでお礼を送った。,신세를 진 여러 분들께 메일로 감사 인사를 보냈다.
彼は安全第一であることを何度も強調した。,그는 안전이 최우선임을 여러 번 강조했다.
新しい制度で負担が少し軽減された。,새 제도로 부담이 조금 경감되었다.
SNSで店の名前を広めた。,SNS로 가게 이름을 널리 알렸다.
新製品の発売日が正式に公表された。,신제품 발매일이 정식으로 공표되었다.
彼と出会ったのが転職を考える契機になった。,그와의 만남이 이직을 생각하는 계기가 되었다.
祖父は小さな雑貨屋を営み、長年同じ場所で商売を続けてきた。,할아버지는 작은 잡화점을 운영하며 오랫동안 같은 곳에서 장사를 해 왔다.
彼は特別目立たない平凡なサラリーマンだが、家族思いだ。,그는 특별히 눈에 띄지 않는 평범한 직장인이지만 가족을 잘 챙긴다.
海外の家族に生活費を送金した。,해외에 있는 가족에게 생활비를 송금했다.
明日までに見積もりを作成してほしいと取引先から依頼があった。,내일까지 견적서를 만들어 달라는 의뢰가 거래처에서 들어왔다.
人として挨拶するのは当たり前のことだ。,사람으로서 인사하는 것은 당연한 일이다.
商売上手な店長のおかげで、この店はいつも大繁盛だ。,장사를 잘하는 점장 덕분에 이 가게는 언제나 대성황이다.
忙しくて、旅行どころか休む時間もない。,바빠서 여행은커녕 쉴 시간도 없다.
質問が一つあります。,질문이 하나 있습니다.
風邪を人に移さないように、彼はマスクをして出勤した。,감기를 다른 사람에게 옮기지 않기 위해 그는 마스크를 하고 출근했다.
彼は縁故でその会社に入ったと言われている。,그는 연고로 그 회사에 들어갔다고 한다.
裁判所は債権者の申し立てを認め、財産の仮処分を命じた。,법원은 채권자의 신청을 받아들여 재산의 가처분을 명했다.
彼の果断な決断が会社を危機から救った。,그의 과단성 있는 결정이 회사를 위기에서 구했다.
彼女は日本小説の翻訳を仕事にしている。,그녀는 일본 소설 번역을 직업으로 삼고 있다.
伝統的な皮革産業にデジタル技術の革新を取り入れ、業界全体の改革を目指すプロジェクトが始まった。,전통적인 피혁 산업에 디지털 기술의 혁신을 도입해 업계 전체의 개혁을 목표로 하는 프로젝트가 시작되었다.
お気に入りの革の手帳と磨き上げた革靴を身につけると、不思議と仕事にやる気が出てくる。,"좋아하는 가죽 수첩과 반짝이도록 닦은 가죽 구두를 갖추면, 이상하게도 일할 의욕이 생긴다."
計画の外郭だけ決めて、細かい部分はあとで詰めましょう。,"계획의 윤곽만 먼저 정하고, 세부적인 부분은 나중에 조율합시다."
新しい予算案が閣議で決定された。,새로운 예산안이 각의에서 결정되었다.
彼の責任忌避の態度が職場で問題になっている。,그의 책임 기피 태도가 직장에서 문제가 되고 있다.
これは本物の署名で、偽ではありません。,"이건 진짜 서명이지, 위조가 아니다."
古い機械を撤去し、工場から完全に除去した。,낡은 기계를 철거하여 공장에서 완전히 제거했다.
忘年会の幹事になって、店選びに頭を悩ませている。,송년회 총무를 맡아서 가게 선택 때문에 머리를 썩이고 있다.
この会社では、金曜日に早く帰るのが慣例になっている。,이 회사에서는 금요일에 일찍 퇴근하는 것이 관례가 되어 있다.
骨董品の花瓶を巡って、会場では値段がどんどん競っていった。,골동품 꽃병을 두고 회장에서는 가격이 점점 올려 불리며 경매가 붙었다.
彼女はいつも快活で、周りの雰囲気を明るくしてくれる。,그녀는 항상 쾌활해서 주변 분위기를 밝게 해 준다.
彼は匿名の脅迫メールを受け取り、その内容の現実的な脅威に震えた。,"그는 익명의 협박 메일을 받았고, 그 안에 담긴 현실적인 위협에 떨었다."
社長は社員の一年間の業績をねぎらうスピーチを行った。,사장은 직원들의 1년간의 업적을 치하하는 연설을 했다.
彼は常に品質の高さを追求し、細部まで妥協しない。,그는 항상 높은 품질을 추구하며 세부적인 부분까지 타협하지 않는다.
仕事が終わったら、ネクタイを緩めて一息ついた。,일이 끝난 뒤 넥타이를 느슨하게 풀고 한숨 돌렸다.
今回の不祥事については、誠に遺憾であり深くお詫び申し上げます。,이번 불상사에 대해 진심으로 유감스럽게 생각하며 깊이 사과드립니다.
会社の年鑑には、過去十年間の業績が詳しくまとめられている。,회사의 연감에는 지난 10년간의 실적이 자세히 정리되어 있다.
新人発掘に優れた彼の眼力は、社内で一目置かれている。,신인 발굴에 뛰어난 그의 안목은 사내에서 인정받고 있다.
まずは机辺に山積みになった書類を片付けることから始めよう。,우선 책상 주변에 산더미처럼 쌓인 서류를 정리하는 것부터 시작하자.
会社の規定で、結婚や葬儀のときには慶弔休暇が取れる。,회사 규정에 따라 결혼이나 장례 때는 경조 휴가를 낼 수 있다.
もっと具体的な計画を示してもらえますか。,좀 더 구체적인 계획을 제시해 주시겠습니까?
資金繰りに困って空手形を乱発するのは危険だ。,자금 사정이 나쁘다고 부도어음을 남발하는 것은 위험하다.
この雑誌は、文芸作品の新人賞を毎年募集している。,이 잡지는 문예 작품 신인상을 매년 공모한다.
安全性を鑑みて、この計画は一度見直したほうがいい。,안전성을 감안하면 이 계획은 한 번 재검토하는 편이 좋다.
網膜検査のために瞳孔を開く目薬をさした。,망막 검사를 위해 동공을 확장하는 안약을 넣었다.
経費削減だけにとらわれず、地域経済に貢献した経験を社員教育で共有した。,경비 절감에만 매달리지 않고 지역 경제에 공헌한 경험을 직원 교육에서 공유했다.
彼の文章は真面目で少し堅い印象を与える。,그의 글은 진지하고 조금 딱딱한 인상을 준다.
人手不足の工場に、派遣社員が次々と送り込まれている。,인력 부족인 공장에 파견 사원이 잇달아 보내지고 있다.
家賃は二年間固定の契約になっている。,집세는 2년 동안 고정 계약으로 되어 있다.
安全性を十分考慮して設計しなければならない。,안전성을 충분히 고려하여 설계해야 한다.
正午のチャイムが鳴ると、社員たちは一斉に昼休みに入った。,정오의 차임이 울리자 직원들은 일제히 점심시간에 들어갔다.
午後の会議に備えて、午前中に資料を仕上げた。,오후 회의에 대비해 오전 중에 자료를 마무리했다.
小さな失敗を繰り返しながらも、ついに新製品の開発に成功した。,작은 실패를 거듭하면서도 마침내 신제품 개발에 성공했다.
ご厚情に心より感謝申し上げます。,각별한 후의에 진심으로 감사드립니다.
株式市場が急落し、世界中の投資家が恐慌状態に陥った。,주식시장이 급락해 전 세계 투자자들이 공황 상태에 빠졌다.
政府は老朽化した港湾施設の再整備計画を発表した。,정부는 노후화된 항만 시설 재정비 계획을 발표했다.
ライバル同士が同じプロジェクトで協力するなんて、まさに呉越同舟だ。,라이벌끼리가 같은 프로젝트에서 협력하다니 그야말로 오월동주다.
多くの人がこのプロジェクトに携わることで、地域全体の意識が少しずつ変わってきた。,많은 사람이 이 프로젝트에 관여하게 되면서 지역 전체의 의식이 조금씩 바뀌어 왔다.
市は観光産業の振興を目的とした新しい補助金制度を導入した。,시는 관광 산업 진흥을 목표로 새로운 보조금 제도를 도입했다.
新型機が来月からこの路線に就航する予定だ。,신형기가 다음 달부터 이 노선에 취항할 예정이다.
その行為は法律に違反している。,그 행위는 법에 위반된다.
この契約の効力は来年の四月から生じる。,이 계약의 효력은 내년 4월부터 발생한다.
国際会議では、各国家の代表が外国との協力体制について真剣に議論した。,국제 회의에서는 각 국가 대표가 외국과의 협력 체제에 대해 진지하게 논의했다.
皆さんの骨折りのおかげでプロジェクトが成功しました。,여러분의 수고 덕분에 프로젝트가 성공했습니다.
今日の午後はオンライン会議が三つもある。,오늘 오후에는 온라인 회의가 세 개나 있다.
新しく開発された素材を使った靴は、耐久テストでも高い評価を受けた。,새로 개발된 소재를 사용한 신발은 내구 테스트에서도 높은 평가를 받았다.
安全基準のため、監督官が工場を査察した。,안전 기준 때문에 감독관이 공장을 시찰했다.
補助金を詐取した疑いで会社が捜査を受けた。,보조금을 사취한 혐의로 회사가 수사를 받았다.
面接で採用が決まり、ほっとした。,면접에서 채용이 결정되어 안도했다.
来月、札幌支店に転勤する。,다음 달에 삿포로 지점으로 전근한다.
仲間がいてこそ自分を支えられる。,동료가 있어야 자신을 지탱할 수 있다.
彼は長く雌伏して、好機を待ち続けた。,그는 오래 잠복하며 기회를 기다렸다.
彼は改革派の領袖として、若手をまとめ上げた。,그는 개혁파의 영수로서 젊은 층을 이끌어 모았다.
半導体産業は地域の雇用を大きく支えている。,반도체 산업은 지역의 고용을 크게 떠받치고 있다.
上司の指示通りに、資料をまとめ直した。,상사의 지시대로 자료를 다시 정리했다.
新商品の展示は、趣向を凝らした演出が多かった。,신상품 전시는 정성을 들인(궁리를 한) 연출이 많았다.
イベントの受付は、入口の右側です。,이벤트 접수처는 입구 오른쪽입니다.
面接に受かるために、話し方を練習した。,면접에 합격하기 위해 말하는 법을 연습했다.
それは重大なミスだから報告が必要だ。,그건 중대한 실수라서 보고가 필요하다.
アプリの初期設定を終えた。,앱의 초기 설정을 마쳤다.
瞬時に判断して避難経路を指示したのが功を奏した。,순식간에 판단해 대피 경로를 지시한 것이 효과를 봤다.
準備不足で、不如意な結果に終わった。,준비 부족으로 뜻대로 되지 않는 결과로 끝났다.
商いは信用が第一だと、店主が何度も言っていた。,장사는 신용이 제일이라고 점주가 여러 번 말했다.
不祥事の再発防止策を、社内で徹底する。,불상사의 재발 방지 대책을 사내에서 철저히 한다.
彼は何度も辛酸をなめて、ようやく成功した。,"그는 여러 번 고초를 겪고서야, 마침내 성공했다."
伯叔の関係がこじれ、相続が長引いた。,백숙(큰아버지·작은아버지) 관계가 꼬여 상속이 길어졌다.
予算の関係で、今年の広告費は大幅に縮小された。,예산 관계로 올해 광고비가 대폭 축소되었다.
研究所への侵入は機密の侵害だ。サーバーは不可侵の領域として隔離された。,연구소 침입은 기밀 침해다. 서버는 불가침 영역으로 격리되었다.
市は外部の専門家を委嘱して調査チームを立ち上げた。,시는 외부 전문가를 위촉해 조사팀을 꾸렸다.
ご多忙のところご対応いただき、誠に感謝申し上げます。,바쁘신 와중에 대응해 주셔서 진심으로 감사드립니다.
契約条件を箇条書きにして共有した。,계약 조건을 항목으로 정리해 공유했다.
サーバーの状態を監視して、異常を早期発見する。,서버 상태를 모니터링해 이상을 조기에 발견한다.
双方は誓約書に署名し、条件を確認した。,쌍방은 서약서에 서명하고 조건을 확인했다.
上司はその提案を黙殺して、話題を変えた。,상사는 그 제안을 묵살하고 화제를 바꿨다.
結果について考察を深めるため、追加の資料を読んだ。,결과에 대한 고찰을 깊게 하기 위해 추가 자료를 읽었다.
この方針は新ただが、現場の理解がまだ浅い。,"이 방침은 새롭지만, 현장의 이해는 아직 얕다."
台湾では給料を中国語で薪水と言うと聞いた。,대만에서는 월급을 중국어로 ‘薪水’라고 한다고 들었다.
まだ考えが青いと先輩に言われた。,생각이 아직 철없다(풋풋하다)고 선배에게 들었다.
彼女の笑顔は場の緊張を和らげる雰囲気を醸し出した。,그녀의 미소가 자리의 긴장을 풀어주는 분위기를 만들어냈다.
下請けに無理な要求をしないよう、取引条件を見直した。,하청에 무리한 요구를 하지 않도록 거래 조건을 재검토했다.
開業の辛苦と辛酸を味わったが、店の香辛料の香りに救われた。,"개업의 고생과 쓰라림을 겪었지만, 가게의 향신료 향에 위로받았다."
あの失敗談は今でも社内の語り草だ。,그 실패담은 지금도 사내에서 화젯거리다.
締め切り前の焦燥で、何度もメール受信箱を更新してしまう。,마감 전의 초조함에 메일함을 몇 번이나 새로고침해 버린다.
イベントの来場者を増やすため、ポスターのデザインを変えた。,행사 방문객을 늘리기 위해 포스터 디자인을 바꿨다.
問い合わせには即応できるよう、当番表を作った。,문의에 즉응할 수 있도록 당번표를 만들었다.
社長の子息が新プロジェクトの責任者に就任した。,사장의 자제가 새 프로젝트 책임자로 취임했다.
アンケート結果を百分率で示す。,설문 결과를 백분율로 보여 준다.
今回の事故は大きな損失だった。,이번 사고는 큰 손실이었다.
彼は大胆に提案を変えて、会議の流れを一気に動かした。,그는 대담하게 제안을 바꿔 회의 흐름을 단번에 움직였다.
市場では昨日の味方が今日の敵になる。,시장에서는 어제의 아군이 오늘의 적이 된다.
その主張の典拠を論文の脚注に明記してください。,그 주장 근거(전거)를 논문 각주에 명기해 주세요.
最後に一言添えると、今回の成功は皆のおかげです。,"마지막으로 한마디 덧붙이자면, 이번 성공은 모두 덕분입니다."
新しいカーテンは耐火素材で、ホテルの基準を満たしている。,새 커튼은 내화 소재라서 호텔 기준을 충족한다.
報告を怠ったのは私の怠慢でした。,보고를 소홀히 한 것은 제 태만이었습니다.
研究目的で機材を一年間貸与する契約を結んだ。,연구 목적으로 장비를 1년간 대여(무상·유상 제공)하는 계약을 맺었다.
彼は大胆な発想で企画を通した。,그는 대담한 발상으로 기획을 통과시켰다.
同僚の昇進に嫉妬してしまい、自分が嫌になった。,동료의 승진에 질투해버려 스스로가 싫어졌다.
徹夜の作業は徒労に終わり、データは保存されていなかった。,밤샘 작업은 헛수고로 끝났고 데이터는 저장되어 있지 않았다.
その投資は大きな賭けだが、リスク管理は必要だ。,그 투자는 큰 승부수지만 리스크 관리는 필요하다.
レポートの題名は「水の記憶」とした。,보고서 제목은 ‘물의 기억’으로 했다.
研究費が潤沢なら実験を増やせる。,연구비가 넉넉하다면 실험을 늘릴 수 있다.
彼の分析力は群を抜いて卓越している。,그의 분석력은 단연 뛰어나다.
新市場を開拓するために現地へ飛んだ。,신시장을 개척하기 위해 현지로 날아갔다.
取引先の社長が逝去され、急ぎ弔問に伺った。,거래처 사장님이 별세하셔서 급히 조문하러 갔다.
官庁の窓口は、平日の午後に行くと比較的空いていた。,관청 창구는 평일 오후에 가면 비교적 한산했다.
完成にはまだ程遠いが、方向性は見えてきた。,완성까지는 아직 한참 멀었지만 방향성은 보이기 시작했다.
清濁あわせのむ度量が試される。,청탁을 함께 삼킬 도량이 시험받는다.
ご厚情に衷心より感謝申し上げます。,후의에 대해 진심으로 감사드립니다.
地域差の著しさが数字に表れて、議論が白熱した。,지역 격차의 심각함이 수치로 드러나 논쟁이 달아올랐다.
給料日に貯金しておくと、無駄遣いが減る。,월급날에 저금해 두면 낭비가 줄어든다.
トラブルが長引き、第三者が仲裁に入った。,문제가 길어져 제3자가 중재에 들어갔다.
彼は老後に備えて毎月少額でも投資している。,그는 노후를 대비해 매달 소액이라도 투자하고 있다.
新規事業に人員と資金を一気に投下した。,신규 사업에 인력과 자금을 한꺼번에 투입했다.
チャンスを逃す前に、今すぐ応募しよう。,기회를 놓치기 전에 지금 바로 지원하자.
二人とも無理をして、共倒れになりかけた。,둘 다 무리해서 함께 쓰러질 뻔했다.
燃料価格の騰貴で、運賃が上がった。,연료 가격의 등귀(급등)로 운임이 올랐다.
この企画を動かすには、まず予算の確保だ。,이 기획을 움직이려면 우선 예산 확보다.
母堂のご快癒を心よりお祈り申し上げます。,어머님의 쾌유를 진심으로 기원드립니다.
道徳の授業で、相手の立場を考えた。,도덕 수업에서 상대의 입장을 생각했다.
今日は実働が八時間で、残業はなし。,오늘 실근무는 8시간이고 야근은 없다.
部品を発注したのに、納期の連絡が来ない。,부품을 발주했는데 납기 연락이 오지 않는다.
その一言がきっかけで、働き方を変えた。,그 한마디가 계기가 되어 일하는 방식을 바꿨다.
機会は平等に与えられるべきだ。,기회는 평등하게 주어져야 한다.
社内の噂はすぐ外部に筒抜けになる。,사내 소문은 금방 외부로 새어나간다.
年頭の挨拶で今年の目標を述べた。,연초 인사에서 올해 목표를 말했다.
家を買うために頭金を貯めた。,집을 사기 위해 계약금을 모았다.
海外への販路を広げるため、現地代理店と契約した。,해외 판로를 넓히기 위해 현지 대리점과 계약했다.
景気は早晩回復すると、専門家は見ている。,경기는 조만간 회복될 거라고 전문가들은 보고 있다.
夜の工事現場には番人が立っている。,밤 공사 현장에는 경비원이 서 있다.
売上と広告費は、ほぼ比例して増えている。,매출과 광고비는 거의 비례해서 늘고 있다.
繁忙期は臨時スタッフを増やして対応する。,번忙기에는 임시 직원을 늘려 대응한다.
防備を固めてから、夜の巡回に出た。,방비를 단단히 한 뒤 밤 순찰을 나갔다.
貿易が活発になると、港のクレーンが休まない。,무역이 활발해지면 항구의 크레인이 쉴 틈이 없다.
締め切り直前に応募が殺到した。,마감 직전에 지원이 쇄도했다.
彼の背中を慕う若手が増えてきた。,그의 뒷모습을 따르는 젊은이가 늘어났다.
連邦政府は新たな方針を発表した。,연방정부가 새로운 방침을 발표했다.
新機能の追加に併せて、利用規約も更新します。,신기능 추가와 함께 이용약관도 갱신합니다.
インフレで貨幣の価値が目に見えて下がった。,인플레이션으로 화폐 가치가 눈에 띄게 떨어졌다.
無理な残業が続き、現場が疲弊している。,무리한 잔업이 이어져 현장이 피폐해지고 있다.
積み上げた箱を崩す前に、番号をメモしておいた。,쌓아 올린 상자를 무너뜨리기 전에 번호를 메모해 두었다.
報酬の条件を確認し、進捗の報告と最新の情報を共有した。,"보수 조건을 확인하고, 진행 상황 보고와 최신 정보를 공유했다."
病気で会社を休んだ。,병으로 회사를 쉬었다.
問題の病根はコミュニケーション不足にある。,문제의 병근은 소통 부족에 있다.
絵描きとして生計を立てている。,화가로서 생계를 꾸리고 있다.
品評会で新茶の香りを比べた。,품평회에서 새 차의 향을 비교했다.
上品に断るのが大人の礼儀だ。,품위 있게 거절하는 게 어른의 예의다.
主賓が到着して会が始まった。,주빈이 도착해 행사가 시작됐다.
福祉の制度を見直し、支援が届く範囲を広げた。,복지 제도를 재검토해 지원이 닿는 범위를 넓혔다.
メールの末尾に署名を入れて、失礼のないようにした。,이메일 끝에 서명을 넣어 실례 없게 했다.
修理の費用は部品代込みで三万円です。,수리 비용은 부품값 포함 3만 엔입니다.
為替の変動は輸入業者に不利に働くことがある。,환율 변동은 수입업자에게 불리하게 작용할 때가 있다.
新しい部署では職務の範囲が明確に決められている。,새 부서에서는 직무 범위가 명확하게 정해져 있다.
この団体に加盟するには、年会費が必要です。,이 단체에 가입하려면 연회비가 필요합니다.
無責任な噂が会社の信用を滅ぼす。,무책임한 소문이 회사의 신용을 망친다.
予算不足を解決する妙案がようやく出た。,예산 부족을 해결할 묘안이 드디어 나왔다.
大事な書類は私が預かるから、安心して行ってきて。,중요한 서류는 내가 맡아 둘 테니 안심하고 다녀와。
仕事中に通知が鳴ると邪魔になる。,일하는 중에 알림이 울리면 방해가 된다.
このフィルムは膜質が均一で透明だ。,이 필름은 막질이 균일하고 투명하다.
石油価格の急騰で輸送コストが上がった。,석유 가격 급등으로 운송 비용이 올랐다.
発注先との癒着が疑われ、内部調査が始まった。,발주처와의 유착 의혹으로 내부 조사가 시작됐다.
この土地の所有者は海外に住んでいるらしい。,이 땅의 소유자는 해외에 사는 듯하다.
面接で来歴を聞かれて、学生時代の活動を説明した。,면접에서 경력을 물어봐서 학창 시절 활동을 설명했다.
零細企業でも、技術ひとつで勝負できる。,영세 기업이라도 기술 하나로 승부할 수 있다.
その主張を論証するために、実験データを示した。,그 주장을 논증하기 위해 실험 데이터를 제시했다.
素人だからこそ、危ない所に気づけることもある。,문외한이기 때문에 오히려 위험한 부분을 알아차릴 때도 있다.
銀行で預金残高を確認してから、家賃を振り込んだ。,은행에서 예금 잔액을 확인한 뒤 월세를 이체했다。
独身寮に引っ越してから、通勤がぐっと楽になった。,독신 기숙사로 이사한 뒤 통근이 훨씬 편해졌다.
確認のため再度メールします。,확인을 위해 다시 메일 드리겠습니다.
納期の取り決めを書面で残した。,납기 합의를 문서로 남겼다.
記事の無断転載はやめてください。,기사의 무단 전재는 하지 말아 주세요.
弱い立場の人を搾取する仕組みは変えるべきだ。,약한 입장의 사람을 착취하는 구조는 바꿔야 한다.
静かな会議室で咳払いが響いて、みんなが振り向いた。,조용한 회의실에 헛기침 소리가 울려 모두가 돌아봤다.
新興株が朝から暴騰して、取引画面が真っ赤だ。,신흥주가 아침부터 폭등해 거래 화면이 새빨갛다.
遠い国からの来賓を、盛大な晩餐会で歓迎した。,먼 나라에서 온 내빈을 성대한 만찬회로 환영했다.
明後日から海外出張に行くため、荷造りを始めなければならない。,"모레부터 해외 출장을 가기 때문에, 짐 싸기를 시작해야 한다."
深夜のオフィスビルで、一つの窓だけがまだ明るく光っている。,"심야의 오피스 빌딩에서, 하나의 창문만이 아직 밝게 빛나고 있다."
一階のロビーにある受付で、来客用の入館証を受け取ってください。,"1층 로비에 있는 접수처에서, 내방객용 입관증을 받아 주십시오."
三階の会議室は眺めが良く、煮詰まった議論の気分転換になる。,"3층 회의실은 전망이 좋아, 막힌 토론의 기분 전환이 된다."
外部からのアクセスを遮断し、機密情報の漏洩を防ぐ。,"외부로부터의 접속을 차단해, 기밀 정보 유출을 막는다."
友人の頼みを快く引き受け、困難なプロジェクトを完遂させた。,친구의 부탁을 기꺼이 수락하여 어려운 프로젝트를 완수했다.
担当のカネコは只今席を外しておりますので、折り返しお電話します。,"담당자인 카네코는 지금 자리를 비웠으므로, 다시 전화드리겠습니다."
この新技術の開発は、我が社の歴史において重要な里程標となるだろう。,"이 신기술의 개발은, 우리 회사 역사에 있어서 중요한 이정표가 될 것이다."
大事な書類をシュレッダーで八つ裂きにして処分した。,중요한 서류를 분쇄기로 갈기갈기 찢어서 처분했다.
彼は権柄を笠に着て威張るので、周囲から嫌われている。,그는 권세를 등에 업고 뽐내기 때문에 주위로부터 미움을 받고 있다.
危険物取扱者の甲種免許を取得して、仕事の幅を広げたい。,위험물 취급자 갑종 면허를 취득해서 일의 폭을 넓히고 싶다.
君の意見には賛成しかねるが、一つの視点としては理解できる。,"자네 의견에는 찬성하기 어렵지만, 하나의 관점으로서는 이해할 수 있다."
データに基づいた客観的な分析なしに、相手を説得するのは難しい。,데이터에 기반한 객관적인 분석 없이 상대를 설득하기는 어렵다.
幾多の困難を乗り越えて、プロジェクトはようやく成功した。,"수많은 곤란을 극복하고, 프로젝트는 드디어 성공했다."
彼はこの会社の古株で、創業当時のことを誰よりもよく知っている。,"그는 이 회사의 고참으로, 창업 당시의 일을 누구보다 잘 알고 있다."
この店では、多様な国の料理を楽しむことができる。,이 가게에서는 다양한 나라의 요리를 즐길 수 있다.
デジタルトランスフォーメーションの推進により、業務効率が劇的に改善した。,디지털 전환(DX)의 추진으로 업무 효율이 극적으로 개선되었다.
本状をもって、領収書に代えさせていただきます。,이 서장을 가지고 영수증을 대신하겠습니다.
リーダーに求められるのは、私利私欲を捨てて組織に尽くす無私の精神だ。,리더에게 요구되는 것은 사리사욕을 버리고 조직에 헌신하는 멸사봉공의 정신이다.
会社の同期と飲みに行き、仕事の悩みを打ち明けた。,"회사 입사 동기와 술을 마시러 가서, 일에 대한 고민을 털어놓았다."
両国の利害が対立し、交渉は難航している。,양국의 이해관계가 대립하여 교섭은 난항을 겪고 있다.
初めての海外旅行で、空港で何をすればいいのか分からずまごついてしまった。,첫 해외여행이라 공항에서 무엇을 해야 할지 몰라 허둥대고 말았다.
ジェットコースターに乗って、心臓が飛び出しそうだった。,롤러코스터를 타서 심장이 튀어나올 것 같았다.
羊の群れがのどかな丘を移動している。,양 떼가 한가로운 언덕을 이동하고 있다.
昼は学生で夜は講師の仕事を掛け持ちする。,낮에는 학생이고 밤에는 강사 일을 병행한다.
数年の修行を経て、ようやく一人前の料理人になれた。,수년간의 수행을 거쳐 드디어 제 몫을 하는 요리사가 되었다.
ステークホルダーとの対話を重視し、持続可能な企業価値の向上を目指す。,"이해관계자(스테이크홀더)와의 대화를 중시하고, 지속 가능한 기업 가치 향상을 목표로 한다."
連結決算においては、子会社の業績も親会社の財務諸表に合算して表示される。,"연결 결산에 있어서는, 자회사의 실적도 모회사의 재무제표에 합산되어 표시된다."
森の中の細道を抜けると、美しい湖があった。,숲속 좁은 길을 빠져나가자 아름다운 호수가 있었다.
こちらのお料理は、一つ一つ丁寧に作られているのが伝わってきて、感動しました。,이 요리는 하나하나 정성스럽게 만들어진 것이 느껴져서 감동했습니다.
地元の名物は何ですか？,이 지역의 명물은 무엇인가요?
またこちらに来る機会がありましたら、ぜひこのお店に立ち寄りたいです。,"다시 이곳에 올 기회가 있다면, 꼭 이 가게에 다시 들르고 싶습니다."
もしよろしければ、シャッターを押していただけませんか？,"괜찮으시다면, 셔터를 눌러 주시겠어요?"
近くにお土産屋さんはありますか？,근처에 기념품 가게가 있나요?
旅の者ですが、一晩泊めていただけませんか？,"나그네입니다만, 하룻밤 묵게 해주실 수 없을까요?"
海面が太陽の光を浴びてきらめく。,수면이 햇빛을 받아 반짝인다.
観光です。美味しいお店を探して来ました。,관광이요. 맛있는 가게를 찾아서 왔습니다.
一人で旅行なんて、勇気ありますね。,"혼자 여행하다니, 용감하시네요."
私はホアンです。ベトナムから来ました。,저는 호안입니다. 베트남에서 왔습니다.
昔ながらの雰囲気が残っていますね。,옛날 분위기가 남아있네요.
空気が澄んでいて気持ちいいです。,공기가 맑아서 기분이 좋네요.
最新式のマッサージチェアに座ったら、あまりの気持ちよさに思わず寝てしまいました。,최신형 안마의자에 앉았더니 너무 편안해서 저도 모르게 잠들어 버렸습니다.
観光客の数がここ数年で激増している。,관광객 수가 최근 몇 년 사이에 급증하고 있다.
旅行前に少し外貨を両替しておいた。,여행 전에 외화를 조금 환전해 두었다.
彼は二十になるまで一度も海外へ行ったことがなかった。,그는 스무 살이 될 때까지 한 번도 해외에 가 본 적이 없었다.
この水筒は長時間の保温ができる。,이 물통은 장시간 보온이 가능하다.
山の中で無線が途切れてしまい、連絡が取れなくなった。,산속에서 무선이 끊겨 버려 연락이 닿지 않게 되었다.
旅行のプランを立てるのが一番楽しい。,여행 계획을 세우는 게 가장 즐겁다.
旅行の計を立てるだけでわくわくする。,여행 계획을 세우기만 해도 설렌다.
この先は急な下りになるので気をつけてください。,이 앞은 급한 내리막이니 조심해 주세요.
それにこのホテルは駅から近くて、観光にも便利だ。,게다가 이 호텔은 역에서 가까워서 관광하기도 편해.
雲ひとつない大空が広がっている。,구름 한 점 없는 푸른 하늘이 펼쳐져 있다.
霧が出て、遠くの山が霞んで見える。,안개가 끼어서 먼 산이 희미하게 보인다.
父は重い荷物を軽々と引っ張っていった。,아버지는 무거운 짐을 가볍게 끌고 갔다.
ひょっとしてここ、前にドラマの撮影で使われた場所じゃない？,"혹시 여기, 전에 드라마 촬영지로 쓰인 데 아니야?"
急行に乗れば、ここから三十分で大阪に着きます。,급행을 타면 여기서 30분이면 오사카에 도착합니다.
彼女は都会を離れ、新しい郷で暮らし始めた。,그녀는 도시를 떠나 새로운 시골 고장에서 살기 시작했다.
迷ったら、この石畳の道を真っすぐ行けば寺に着きますよ。,"길을 헤매면, 이 돌길을 곧장 가면 절에 도착해요."
旅人は峠の茶屋で一息つき、囲炉裏の火に手をかざした。,여행자는 고갯마루 찻집에서 한숨 돌리며 화로 불에 손을 쬐었다.
夏の川開きのイベントには、浴衣姿の人々が大勢集まった。,여름 강 개장 행사에는 유카타 차림의 사람들이 많이 모였다.
海が穏やかな朝のうちに、みんなで沖まで泳ぐことにした。,바다가 잔잔한 아침 시간에 모두 함께 멀리까지 헤엄치기로 했다.
気流が乱れて、飛行機が急に下降し始めた。,난기류 때문에 비행기가 급히 하강하기 시작했다.
夕暮れどき、格子越しに漏れる行灯の明かりが、町家の通りを柔らかく照らしていた。,"해질 무렵, 격자 창 너머로 새어 나오는 등불이 마치야 골목을 부드럽게 비추고 있었다."
彼女は近代絵画の展覧会を見に美術館へ出かけた。,그녀는 근대 회화 전시회를 보러 미술관에 갔다.
祭りの太鼓が遠くで響き、血が騒いだ。,축제의 북소리가 멀리서 울려 가슴이 들떴다.
険しい山を越えると、視界が一気に開けた。,험한 산을 넘자 시야가 한꺼번에 트였다.
夏が来ると、この町では花火大会が毎週のように開かれる。,여름이 오면 이 마을에서는 거의 매주처럼 불꽃놀이 대회가 열린다.
城の奥には豪華な御殿が建っていた。,성 안쪽에는 호화로운 궁전이 서 있었다.
長い休みを利用して海外旅行に出かけたい。,긴 휴일을 이용해 해외여행을 떠나고 싶다.
町外れの古い工場がカフェに生まれ変わった。,마을 외곽의 오래된 공장이 카페로 새로 태어났다.
トンネルに近づくにつれて道路が次第に狭まっていく。,터널에 가까워질수록 도로가 점점 좁아진다.
高校卒業と同時に上京して、一人暮らしを始めた。,나는 고등학교 졸업과 동시에 상경해서 혼자 살기 시작했다.
朝の東京は交通量が多くて、バスがなかなか進まない。,아침 도쿄는 교통량이 많아서 버스가 좀처럼 나아가지 않는다.
菊花展には色とりどりの品種が並んでいた。,국화 전시회에는 형형색색의 품종이 줄지어 있었다.
古い町並みには、木造の家が何軒も軒を連ねている。,옛 거리에는 목조 집들이 여러 채 줄지어 서 있다.
地峡を挟んで両側の海の色が微妙に違って見えた。,지협을 사이에 두고 양쪽 바다 색이 미묘하게 다르게 보였다.
駅の近くに一軒、おしゃれなカフェがオープンした。,역 근처에 한 채의 세련된 카페가 새로 문을 열었다.
秋祭りの屋台で、焼きとうもろこしを買った。,가을 축제 노점에서 구운 옥수수를 샀다.
終電を逃したと気づいて、彼は慌てて駅の案内所に駆け込んだ。,막차를 놓쳤다는 걸 깨닫고 그는 허둥지둥 역 안내소로 뛰어들어갔다.
明日は友達と海へ行く。,내일은 친구와 바다에 간다.
週末はこの道がひどく込むから、早めに出よう。,주말에는 이 길이 몹시 막히니까 일찍 나가자.
今年は海外旅行に行くために貯金を頑張っている。,올해는 해외여행을 가려고 열심히 저축하고 있다.
年末の駅は帰省客でひどく混雑していた。,연말 역은 귀향객으로 몹시 붐볐다.
旅先で感じたことを日記に詳しく記しておいた。,여행지에서 느낀 것을 일기에 자세히 적어 두었다.
事故の影響で高速道路が一時封鎖された。,사고 영향으로 고속도로가 일시 봉쇄되었다.
駅前の四つ角で右に曲がると、すぐカフェがある。,역 앞 네거리에서 오른쪽으로 돌면 바로 카페가 있다.
地方の人々との交わりを通じて、多くのことを学んだ。,지방 사람들과의 교류를 통해 많은 것을 배웠다.
この遺跡は紀元前の文明に属すると言われている。,이 유적은 기원전 문명에 속한 것이라고 한다.
船の右舷から美しい夕日が見えた。,배의 우현 쪽에서 아름다운 석양이 보였다。
この町は清らかな川を誇っている。,이 고장은 맑은 강을 자랑으로 삼고 있다.
奨学金のおかげで、留学の夢が現実になった。,장학금 덕분에 유학의 꿈이 현실이 됐다.
舟で川を渡る。,배로 강을 건넌다.
この辺りを巡るバスは、本数が少ない。,이 주변을 도는 버스는 운행 횟수가 적다.
白砂青松の海岸を歩くと、潮の香りがした。,백사청송의 해안을 걸으니 바다 내음이 났다.
友達に紹介されたカフェが、想像以上に落ち着いていた。,친구가 소개해 준 카페가 생각보다 훨씬 차분했다.
待ち合わせ場所は改札前でいい？,만나는 장소는 개찰구 앞이면 될까?
お嬢さん、こちらに落とし物が届いていますよ。,"아가씨, 이쪽에 분실물이 들어와 있어요."
住宅街では必ず徐行してください。,주택가에서는 반드시 서행하세요。
晩秋の風は冷たく、コートが欲しくなる。,늦가을 바람은 차가워 코트가 필요해진다.
朝日を浴びた山頂は神々しかった。,아침 햇살을 받은 산 정상은 신성할 만큼 장엄했다.
舟運が盛んな町では、荷が水路で運ばれる。,수운이 발달한 마을에서는 짐이 수로로 운반된다.
街路樹のイチョウが色づき、通りが黄金色になった。,가로수 은행나무가 물들어 거리가 황금빛이 됐다.
庭の松に雪吊りをして、冬支度をした。,정원의 소나무에 설지(눈받이)를 해서 겨울 준비를 했다.
旅行先で酒蔵を見学し、新酒を試飲した。,여행지에서 사케 양조장을 견학하고 새 술을 시음했다.
文化の東漸を示す地図が展示されていた。,문화의 동점(동쪽으로의 전파)을 보여주는 지도가 전시돼 있었다.
道路の片側だけ通行止めだ。,도로 한쪽만 통행금지다.
漁の間、親船が無線で指示を出す。,조업 중에 모선이 무전으로 지시를 내린다.
雨宿りで軒端に立ったら、しずくが肩に落ちてきた。,비를 피하려고 처마 끝에 섰더니 물방울이 어깨에 떨어졌다.
急な階段を上って、古い寺に着いた。,가파른 계단을 올라 오래된 절(사찰)에 도착했다.
祖父の家の裏に、古い穀倉が残っている。,할아버지 집 뒤에 오래된 곡창이 남아 있다.
祖父の家の土蔵に、昔の農具がそのまま残っていた。,할아버지 집의 흙창고에 옛 농기구가 그대로 남아 있었다.
この寺は、戦国武将ゆかりの旧跡として知られる。,이 절은 전국시대 무장과 연고가 있는 옛 유적으로 알려져 있다.
週末は湖畔の別荘で暖炉に火を入れて過ごした。,주말에는 호숫가 별장에서 벽난로에 불을 피우고 보냈다.
祭りの太鼓が鳴ると、胸が高鳴る。,축제의 북소리가 울리면 가슴이 뛴다.
伝統工房で藍の染色を見学した。,전통 공방에서 쪽빛 염색을 견학했다.
距離は三キロ程だから、歩いて行けるよ。,거리는 3km 정도라서 걸어서 갈 수 있어.
必要な情報を得るために図書館へ行った。,필요한 정보를 얻기 위해 도서관에 갔다.
日帰りで京都に行ってきた。,당일치기로 교토에 다녀왔다.
次の電車が入るまでここで待とう。,다음 전철이 들어올 때까지 여기서 기다리자.
出発の支度をしている間に、雨が上がった。,출발 준비를 하는 사이에 비가 그쳤다.
山の頂上で食べるおにぎりは格別だ。,산 정상에서 먹는 주먹밥은 각별하다.
寺の柱に手を当てると、木のぬくもりが伝わった。,절의 기둥에 손을 대니 나무의 온기가 전해졌다.
博物館で縄文土器の彫刻をじっくり見た。,박물관에서 조몬 토기의 조각을 찬찬히 봤다.
庭の梅がほころび、春の気配を兆している。,정원의 매화가 피기 시작하며 봄 기운을 예고하고 있다.
中庭の噴水がきらめき、風が涼しかった。,중정의 분수가 반짝이고 바람이 시원했다.
古民家を改築して、小さなカフェに生まれ変わった。,고택을 개축해 작은 카페로 탈바꿈했다.
列車の到着が遅れて、乗り換えに間に合わなかった。,열차 도착이 늦어 환승에 못 맞췄다.
道路が凍結しているので、運転は慎重に。,도로가 결빙되어 있으니 운전은 조심히.
観光地で馬車に乗り、街並みを眺めた。,관광지에서 마차를 타고 거리 풍경을 구경했다.
雪だるまを作って、童心に返った。,눈사람을 만들며 동심으로 돌아갔다.
渋滞を避けて裏道に入ったら、かえって抜け出せず逃れられなかった。,정체를 피해 샛길로 들어갔다가 오히려 빠져나오지 못했다.
傘を忘れるなと自分に言い聞かせたのに、また忘れる。,우산을 잊지 말자고 다짐했는데 또 잊는다.
稲を三把に束ねて、軒下に干した。,벼를 세 단으로 묶어 처마 밑에 말렸다.
この川の周りは土地が肥えて、野菜がよく育つ。,이 강 주변은 땅이 비옥해 채소가 잘 자란다.
毛虫に触れないように、枝をそっと避けて歩いた。,털벌레를 만지지 않게 가지를 살짝 피해 걸었다.
ぬかるみを踏んで、靴が泥だらけになった。,진흙탕을 밟아 신발이 흙투성이가 됐다.
夜の川辺では、虫の声が波のように重なった。,밤 강가에서는 벌레 소리가 파도처럼 겹쳐 들렸다.
深い森には、言葉にできない神秘がある。,깊은 숲에는 말로 할 수 없는 신비가 있다.
舞妓は日本髪を結い、かんざしを差していた。,마이코는 일본식 머리를 틀고 비녀를 꽂고 있었다.
島へは一日一便の定期便が出ている。,섬으로는 하루 한 번 정기편이 운항한다.
終電を逃して駅で足止めを食い、帰れずに捕まった。,막차를 놓쳐 역에서 발이 묶여 돌아가지 못하게 됐다.
春になると町に観光客が訪れる、その訪れを待って店は暖簾を出す。,"봄이 되면 마을에 관광객이 찾아오고, 그 방문을 기다리며 가게는 노렌을 건다."
夜道は不用心だから、明るい道を選びなさい。,밤길은 방심하면 위험하니 밝은 길을 선택해라.
湖の結氷が進んで、足音がよく響く。,호수의 결빙이 진행되어 발소리가 잘 울린다.
雨よけに布地を張って、簡易テントにした。,비를 피하려고 천을 쳐서 간이 텐트를 만들었다.
路地裏で猫に道をふさがれた。,골목길에서 고양이에게 길을 막혔다.
この町は水も緑も豊かで、暮らしやすい。,이 마을은 물도 초록도 풍부해 살기 좋다.
僧房の前は静かで、風鈴の音だけが聞こえた。,승방 앞은 조용했고 풍경 소리만 들렸다.
古い商店街が一気に変貌して、観光客が増えた。,낡은 상점가가 단숨에 변모해 관광객이 늘었다.
遠足で古墳を見学し、盛り土の大きさに圧倒された。,소풍으로 고분을 견학하고 봉토의 크기에 압도되었다.
農夫が畑の土を手で確かめ、種をまいた。,농부가 밭의 흙을 손으로 확인하고 씨를 뿌렸다.
次の駅で開扉しますので、黄色い線の内側でお待ちください。,다음 역에서 문이 열리니 노란 선 안쪽에서 기다려 주세요.
砂漠で道に迷わないよう、星で方角を見た。,사막에서 길을 잃지 않게 별로 방향을 봤다.
強い風を受けて帆が大きくふくらんだ。,강한 바람을 받아 돛이 크게 부풀었다.
その景色は形容しがたいほど美しくて、言葉が出なかった。,그 풍경은 형용하기 어려울 만큼 아름다워 말이 나오지 않았다。
広漠たる草原に立つと、言葉を失う。,광막한 초원에 서면 말문이 막힌다.
幕末の動乱を描いた小説を読んでいる。,막말의 동란을 그린 소설을 읽고 있다.
駅前の洋風カフェで、サンドイッチとコーヒーを頼んだ。,역 앞의 서양풍 카페에서 샌드위치와 커피를 주문했다。
又会える日を楽しみにしている。,또 만날 날을 기대하고 있다.
風が強くて、眉毛まで凍りそうだった。,바람이 너무 세서 눈썹까지 얼 것 같았다.
この街の魅力は、夜の屋台にある。,이 도시의 매력은 밤의 노점에 있다.
夕暮れの海を帆走するヨットが、風を切って進んだ。,해질녘 바다를 범주(돛으로 항해)하는 요트가 바람을 가르며 나아갔다.
霧で視界が悪くても、羅針盤があれば方角を保てる。,안개로 시야가 나빠도 나침반이 있으면 방향을 유지할 수 있다.
花暦を見ながら、次の週末は梅を見に行こうと決めた。,꽃 달력을 보며 다음 주말엔 매화를 보러 가자고 정했다.
この杉は樹齢三百年で、村の守り神のようだ。,이 삼나무는 수령 300년으로 마을의 수호신 같다.
闇夜の山道で、ヘッドライトだけが頼りだった。,칠흑 같은 밤의 산길에서 헤드라이트만이 의지할 뿐이었다.
胸を反らして、ゆっくり深呼吸した。,가슴을 젖히고 천천히 심호흡했다.
城跡の土塁に登ると、町並みが一望できた。,성터의 토루에 오르니 마을 풍경이 한눈에 들어왔다.
山上に楼閣がそびえ、雲の上の城のようだった。,산 위에 누각이 우뚝 서서 구름 위의 성 같았다.
夕方、鐘楼の鐘が鳴って、街に音が広がった。,저녁에 종루의 종이 울려 도시로 소리가 퍼졌다.
庭の中央に築山を作り、周りに石を配した。,정원 한가운데에 인공 언덕을 만들고 주위에 돌을 배치했다.
芝生に寝転んで、雲の形を当てっこした。,잔디에 드러누워 구름 모양을 맞히며 놀았다.
午後から雷雨になる予報だから、傘を持って行こう。,오후부터 뇌우 예보라서 우산을 가져가자.
渡航前に赤痢の検査結果を提出するよう言われた。,출국 전에 이질 검사 결과를 제출하라고 들었다.
駅までの道を話しながら歩くと、距離が短く感じた。,역까지 이야기하며 걸으니 거리가 짧게 느껴졌다.
改札前で立ち話をしていたら、電車を一本逃した。,개찰구 앞에서 서서 수다 떨다 전철을 한 대 놓쳤다.
追加料金はかかりませんが、深夜は受付が閉まります。,추가 요금은 없지만 심야에는 접수가 닫힙니다.
寺で僧侶が静かに読経していた。,절에서 승려가 조용히 독경하고 있었다.
私の英語は挨拶が関の山だ。,내 영어는 인사 정도가 한계다.
隅々まで掃除が行き届いていて、とても気持ちの良いホテルだ。,"구석구석까지 청소가 잘 되어 있어서, 매우 기분 좋은 호텔이다."
川辺で納涼の灯籠が揺れ、夜風が心地よかった。,강가에서 납량(더위 식히기) 등롱이 흔들리고 밤바람이 기분 좋았다.
春の息吹が庭に満ちて、梅がほころび始めた。,봄기운이 정원에 가득 차 매화가 피기 시작했다.
浜辺で貝殻を拾い集め、瓶に入れて旅の記念にした。,해변에서 조개껍데기를 주워 모아 병에 담아 여행 기념으로 삼았다.
今日は天気が良いから、川沿いを歩こう。,오늘 날씨가 좋아서 강변을 걸어가자.
山の湧き水は清澄で、手を入れると冷たかった。,산의 샘물은 맑고 투명해서 손을 넣으면 차가웠다.
考古館で穴居の模型を見た。,고고학관에서 동굴/움집(혈거) 모형을 봤다.
郷に入っては郷に従えというように、その土地のルールを守るべきだ。,"로마에 가면 로마법을 따르라는 말처럼(향에 들어가면 향을 따르라), 그 토지의 규칙을 지켜야 한다."
時々、無性に海が見たくなり、当てもなく電車に乗ることがある。,"가끔, 몹시 바다가 보고 싶어져서, 정처 없이 전차를 타는 일이 있다."
終わり良ければ全て良し、トラブルはあったが最高の旅行だった。,"끝이 좋으면 다 좋다, 트러블은 있었지만 최고의 여행이었다."
世界中を旅して、異文化に触れることが私の長年の夢だ。,"전 세계를 여행하며, 이문화를 접하는 것이 나의 오랜 꿈이다."
旅館の部屋係が、夕食の配膳と布団の用意をしてくれた。,여관의 객실 담당자가 저녁 식사 배선과 이부자리를 준비해 주었다.
水平線に沈む夕日は、何度見ても飽きない美しさだ。,"수평선으로 지는 석양은, 몇 번을 봐도 질리지 않는 아름다움이다."
地球の反対側にあるブラジルと日本とでは、昼夜が逆転している。,"지구 반대편에 있는 브라질과 일본은, 주야가 역전되어 있다."
巨大な吊り橋が海峡を跨ぎ、二つの島を一本の道で繋いでいる。,"거대한 현수교가 해협을 가로질러, 두 섬을 하나의 길로 잇고 있다."
渓谷に架かる吊り橋を渡る時、足がすくんでしまった。,계곡에 걸린 구름다리를 건널 때 발이 떨려 버렸다.
湖の水面に映る名月は、言葉を失うほど幻想的な美しさだった。,"호수 수면에 비치는 명월(보름달)은, 말을 잃을 정도로 환상적인 아름다움이었다."
サバンナで群れを成して歩く巨象の姿は圧巻だった。,사바나에서 무리를 지어 걷는 거대한 코끼리의 모습은 압권이었다.
空港の手違いで荷物がロストしてしまい、旅行の初日からトラブルに見舞われた。,공항의 실수로 짐이 분실되어 여행 첫날부터 문제에 부닥쳤다.
急ぐ旅ではないので、各駅停車の電車に乗ってのんびりと景色を眺める。,서두르는 여행이 아니므로 각역 정차 전차를 타고 느긋하게 경치를 바라본다.
スペイン旅行中、「カサ・ミラ」という有名な建築物を見学した。,"스페인 여행 중, '카사 밀라'라고 하는 유명한 건축물을 견학했다."
登山の時は、地図とコンパスを持って方角を確認する。,등산을 할 때는 지도와 나침반을 가지고 방향을 확인한다.
初めて来た土地で道に迷ってしまったが、親切な人が案内してくれた。,"처음 온 땅에서 길을 잃어버렸지만, 친절한 사람이 안내해 주었다."
京都の三十三間堂には、千体もの千手観音像が安置されている。,교토의 산주산겐도에는 천 구나 되는 천수관음상이 안치되어 있다.
加賀友禅の繊細な絵柄は、職人の高度な技術と美意識の結晶だ。,카가 유젠의 섬세한 무늬는 장인의 고도 기술과 미의식의 결정체다.
朝日を浴びて、雪山が神々しい光輝を放っている。,아침 햇살을 받아 설산이 신비로운 광휘를 발하고 있다.
庭の池には色鮮やかな錦鯉が泳いでおり、観光客を楽しませる。,정원의 연못에는 색이 선명한 비단잉어가 헤엄치고 있어 관광객을 즐겁게 한다.
旅先で出会った人々との別れは名残惜しいが、思い出を胸に出発する。,"여행지에서 만난 사람들과의 이별은 아쉽지만, 추억을 가슴에 품고 출발한다."
沖縄の食堂で食べたゴーヤチャンプルーは、苦味が癖になる味だった。,오키나와 식당에서 먹은 고야 참푸르는 쓴맛이 중독되는 맛이었다.
春休みに家族で苺狩りに行き、甘い苺をお腹いっぱい食べた。,봄방학에 가족과 딸기 따기 체험을 가서 달콤한 딸기를 배불리 먹었다.
旅の途中で日が暮れたので、街道沿いの古い宿に泊まることにした。,"여행 도중에 해가 저물어서, 길가에 있는 오래된 숙소에 묵기로 했다."
地図にも載っていないどこかの無人島へ漂着する,지도에도 실려 있지 않은 어딘가의 무인도로 표류하다
大航海時代に船乗りたちは海の果てを目指した,대항해시대에 선원들은 바다의 끝을 목표로 했다
おお、地平線から太陽が昇る瞬間が見える。,"오, 지평선에서 태양이 떠오르는 순간이 보인다."
雪深い道を一歩ずつ踏みしめながら家路を急ぐ。,눈 깊은 길을 한 걸음씩 내디디며 귀가 길을 서두른다.
スイドウバシ駅の近くには、大きな遊園地とドームがある。,스이도바시역 근처에는 큰 놀이공원과 돔이 있다.
飛行機のエンジン音が、耳元でキーンと響いた。,비행기 엔진 소리가 귓가에서 윙(키-잉)하고 울렸다.
庭の片隅に置かれた石の表面に苔が生える。,마당 한구석에 놓인 돌 표면에 이끼가 자란다.
京都の老舗で贅沢な懐石料理を堪能する。,교토의 노포에서 사치스러운 가이세키 요리를 즐긴다.
明の時代に築かれた長城の一部が、今も残っている。,명나라 시대에 축조된 만리장성의 일부가 지금도 남아 있다.
図書館で映画の年鑑を開いて、過去の受賞作品を調べた。,도서관에서 영화 연감을 펼쳐 과거 수상작을 찾아봤다.
この絵は遠近の表現が巧みで、手前の人物が今にも飛び出してきそうだ。,이 그림은 원근 표현이 뛰어나서 앞쪽 인물이 당장이라도 튀어나올 것 같다.
博物館では、この絵画を永久保存するための修復作業が行われている。,박물관에서는 이 그림을 영구 보존하기 위한 복원 작업이 진행 중이다.
高校の文化祭で、演劇部の公演が大好評だった。,고등학교 문화제에서 연극부 공연이 큰 호평을 받았다.
美術館で素描の習作を見た。,미술관에서 소묘 습작을 봤다.
点描で空のグラデーションを表現した。,점묘로 하늘의 그라데이션을 표현했다.
彼は国を治める立場として責任を負う。,그는 나라를 다스리는 입장으로서 책임을 진다.
凡百の作品とは一線を画す、素晴らしい傑作だ。,평범한 수많은 작품과는 획을 긋는 훌륭한 걸작이다.
プロとアマチュアの間には、技術力において雲泥の差がある。,"프로와 아마추어 사이에는, 기술력에 있어서 운니지차(구름과 진흙 차이/천지 차이)가 있다."
職人がまな板の上で、新鮮な魚を見事に捌いていく。,장인이 도마 위에서 신선한 생선을 멋지게 손질해 나간다.
職人が一本の丸太から、美しい仏像を削り出していく。,장인이 한 그루의 통나무에서 아름다운 불상을 깎아내고 있다.
彼は商売っ気が全くなく、ただ良いものを作ることだけに集中している。,"그는 장사꾼 기질이 전혀 없고, 그저 좋은 물건을 만드는 데에만 집중하고 있다."
彼は優れた審美眼を持っており、名画の真価を見抜いた。,그는 뛰어난 심미안을 가지고 있어 명화의 진정한 가치를 알아봤다.
苔むした石灯籠が庭の風雅な雰囲気を引き立てている。,이끼 낀 석등이 정원의 풍아한 분위기를 돋보이게 한다.
日本の伝統的な藍染めの布は、使い込むほどに味わい深い色になる。,일본의 전통적인 쪽빛 염색 천은 오래 쓸수록 깊은 맛이 나는 색이 된다.
年賀状のデザインを決めるために、来年の干支が何かを調べる。,"연하장 디자인을 결정하기 위해, 내년 간지(띠)가 무엇인지 조사한다."
彼女の描く風景画は、独特な色遣いで見る人を惹きつける。,그녀가 그리는 풍경화는 독특한 색채 사용으로 보는 이를 매료시킨다.
この絵画は一見の価値があるほど繊細だ。,이 그림은 한 번 볼 가치가 있을 정도로 섬세하다.
精神を鍛えるために、古武術の型を学ぶ。,정신을 수양하기 위해 고무술의 품새를 배운다.
ページをめくるたびに、物語の世界にどんどん引き込まれていく。,페이지를 넘길 때마다 이야기 속으로 점점 빨려 들어간다.
俳句の世界では不易流行という考え方が重んじられる。,하이쿠 세계에서는 불역유행이라는 사고방식이 중시된다.
この小説は、実際の歴史的事件に依拠して書かれている。,이 소설은 실제 역사적 사건에 의거하여 쓰여 있다.
惑星は太陽の周りを、完全な円ではなく楕円軌道で回る。,행성은 태양 주위를 완전한 원이 아니라 타원 궤도로 돈다.
暗黒エネルギーは、宇宙全体のエネルギー密度の大部分を占め、加速膨張を引き起こしているとされる。,암흑 에너지는 우주 전체 에너지 밀도의 대부분을 차지하며 가속 팽창을 일으키고 있다고 여겨진다.
どんな壁があっても、僕はもっと強くなる。,"어떤 벽이 있더라도, 나는 더 강해질 거야."
ニュートリノは物質をほとんど透過するため、観測には巨大な地下検出器が必要となる。,중성미자는 물질을 거의 투과하기 때문에 관측에는 거대 지하 검출기가 필요하다.
彼は自分の才能にうぬぼれて、他人の忠告に耳を貸さなかった。,그는 자신의 재능에 자만하여 다른 사람의 충고에 귀를 기울이지 않았다.
彼は、自分を裏切った友人を汚い言葉で罵った。,그는 자신을 배신한 친구를 심한 말로 욕했다.
深夜に帰宅した息子を、父親は厳しい口調で咎めた。,심야에 귀가한 아들을 아버지는 엄한 어조로 책망했다.
明日になれば、全てが終わるんだな…。,내일이 되면 모든 게 끝나는구나….
その気鋭の作家は、次々と話題作を発表している。,"그 기예의(패기만만한) 작가는, 잇따라 화제작을 발표하고 있다."
ドゥルーズとガタリは、階層的な「樹木」モデルに対抗して、網状の「リゾーム」概念を提唱した。,들뢰즈와 가타리는 계층적인 '수목' 모델에 대항하여 망(網) 형태의 '리좀' 개념을 제창했다.
裁判長によって厳しい判決が下されると、法廷は静まり返った。,재판장에 의해 엄한 판결이 내려지자 법정은 쥐 죽은 듯 조용해졌다.
読まれたくない手紙を細かく破いて捨てた。,남이 읽지 않았으면 하는 편지를 잘게 찢어서 버렸다.
それは誰もが知っている公然の秘密だ。,그것은 누구나 알고 있는 공연한 비밀이다.
ペプチド結合の加水分解により、タンパク質はアミノ酸に分解される。,펩타이드 결합의 가수분해로 인해 단백질은 아미노산으로 분해된다.
その作家は旅先で急病に倒れ、異郷の小さな病院で客死を遂げた。,그 작가는 여행지에서 급병으로 쓰러져 타지의 작은 병원에서 객사했다.
能の舞台で、鼓を打つ音だけが静かな能楽堂に響いた。,노 공연 무대에서 북을 두드리는 소리만이 고요한 극장 안에 울려 퍼졌다.
この映画は人気俳優が主演している。,이 영화는 인기 배우가 주연을 맡고 있다.
何も聞こえない。静かすぎて、自分の心臓の音だけが響く。,"아무것도 들리지 않아. 너무 조용해서, 내 심장 소리만 울려 퍼져."
どんな逆境にあっても、彼の信念が揺るぐことはなかった。,어떤 역경에 처해도 그의 신념이 흔들리는 일은 없었다.
みんなの期待にこたえるため、プレッシャーを乗り越えて声を上げた。,"모두의 기대에 부응하기 위해, 압박감을 이겨내고 목소리를 높였다."
最後まで諦めない姿勢が、奇跡を呼び込みました。,"마지막까지 포기하지 않는 자세가, 기적을 불러들였습니다."
彼は守備のポジション取りがうまい。,그는 수비 포지션 잡는 것이 뛰어나다.
もう、あなたの冷たい言葉は聞きたくない。,"이제, 당신의 차가운 말은 듣고 싶지 않아."
汝の心の声に従い、迷わずその道を進むが良い。,그대의 마음의 소리에 따라 망설이지 말고 그 길을 가거라.
彼は帰り道に小声で謡うように、昔の旋律を口ずさんだ。,그는 돌아가는 길에 작은 목소리로 흥얼거리듯 옛 멜로디를 따라 불렀다.
川柳を一句ひねって、場を和ませた。,센류 한 수를 즉흥으로 지어 분위기를 누그러뜨렸다.
心拍の律動に合わせて、ダンサーが一歩ずつ踏み出した。,심장의 율동에 맞춰 댄서가 한 걸음씩 내디뎠다.
文化祭の合唱は緊張したけど、最後はみんなの声が一つになった。,"축제 합창은 긴장했지만, 마지막엔 모두의 목소리가 하나가 됐다."
古い劇場で浄瑠璃を聴き、声の艶に圧倒された。,오래된 극장에서 조루리를 듣고 목소리의 윤기에 압도됐다.
里帰りすると、地域独特の民謡が今も歌い継がれている。,고향에 내려가면 지역 특유의 민요가 아직도 불리고 있다.
甲乙つけがたい名演だった。,갑을을 가리기 힘든 명연주였다.
足が速いので、かけっこで一番になりました。,발이 빨라서 달리기에서 1등이 되었습니다.
水曜日はノー残業デーなので、早めに帰宅して映画を見ることにした。,"수요일은 야근 없는 날이라, 일찍 귀가해서 영화를 보기로 했다."
七人の侍という有名な映画がある。,"7인의 사무라이'라는 유명한 영화가 있다."
彼の部屋には古い映画ポスターのコレクションが飾られている。,그의 방에는 오래된 영화 포스터 컬렉션이 걸려 있다.
気分を換えるために、仕事のあと映画を見に行った。,기분 전환을 위해 퇴근 후에 영화를 보러 갔다.
彼は初めて生の交響楽を聴いて感動のあまり涙を流した。,그는 처음으로 생(라이브) 교향악을 듣고 감동한 나머지 눈물을 흘렸다.
惜しくも敗れたが、選手の健闘を称えたい。,"아쉽게 패했지만, 선수의 선전을 칭찬하고 싶다."
記者が選手にインタビューを行った。,기자가 선수에게 인터뷰를 했다.
彼は今年で現役を引退すると宣言した。,그는 올해를 끝으로 현역에서 은퇴한다고 선언했다.
SF映画のように空間跳躍ができれば、通勤ラッシュともおさらばできるのに。,"SF 영화처럼 공간 도약(워프)을 할 수 있다면, 통근 러시아워와도 작별할 수 있을 텐데."
弟は子どものころから柔道を習っていて、黒帯を持っている。,남동생은 어릴 때부터 유도를 배워서 검은 띠를 가지고 있다.
自転車のサドルが合わず股間が痛くなった。,자전거 안장이 맞지 않아 고간이 아프게 되었다.
試合は乱闘騒ぎが起きる大荒れの展開となった。,경기는 난투극까지 벌어지는 대혼전 양상이 되었다.
勝ちはしたけど、内容にはまだ課題が多い。,이기긴 했지만 내용에는 아직 과제가 많다.
次の試合に全てを賭ける覚悟で、黙々と練習した。,다음 경기에 모든 것을 걸 각오로 묵묵히 연습했다.
彼は古き良きヤマト魂を胸に、世界大会へと挑んだ。,"그는 옛 좋았던 야마토 정신(일본 고유의 정신)을 가슴에 품고, 세계 대회에 도전했다."
最新のスポーツカーは、地面に吸い付くような安定した走りを見せた。,"최신 스포츠카는, 지면에 달라붙는 듯한 안정된 주행을 보여주었다."
完全に守備の裏をかき、フリーの味方にパスを通した！,"완벽하게 수비의 허를 찔러, 노마크인 아군에게 패스를 연결했습니다!"
錬金術の本を読んで、古代の実験器具をスケッチした。,연금술 책을 읽으며 고대 실험 도구를 스케치했다.
江戸では下肥が貴重な資源として取引されていた。,에도에서는 하비(인분 거름)가 귀중한 자원으로 거래되었다.
今シーズンの最高記録を更新する、素晴らしいジャンプです！,"이번 시즌 최고 기록을 경신하는, 훌륭한 점프입니다!"
正確無比なパスが、攻撃の起点となりました。,"정확무비한 패스가, 공격의 기점이 되었습니다."
審判の死角をついた反則行為があった模様です。,심판의 사각을 찌른 반칙 행위가 있었던 모양입니다.
初診の受付は何時までですか。,초진 접수는 몇 시까지입니까.
虫に刺された腕がパンパンに腫れ上がり、痛みと痒みで眠れない。,"벌레에 물린 팔이 빵빵하게 부어올라, 통증과 가려움으로 잠을 잘 수 없다."
ブラウン運動は、流体中の微粒子が媒質分子の衝突によって不規則に動く現象である。,브라운 운동은 유체 속의 미립자가 매질 분자의 충돌에 의해 불규칙하게 움직이는 현상이다.
フーコーの振り子は、地球の自転を視覚的に証明するために考案された巨大な振り子実験だ。,푸코의 진자는 지구의 자전을 시각적으로 증명하기 위해 고안된 거대한 진자 실험이다.
ｐＨ緩衝液を用いることで、酵素反応に最適な酸性度を維持した。,"pH 완충액을 사용함으로써, 효소 반응에 최적화된 산성도를 유지했다."
岡崎フラグメントは、ＤＮＡ複製の際にラギング鎖で形成される。,오카자키 절편은 DNA 복제 시 지연 가닥(lagging strand)에서 형성된다.
サザンブロッティング法は、特定のＤＮＡ配列を検出する技術だ。,서던 블로팅법은 특정 DNA 서열을 검출하는 기술이다.
始まりは、全体の半分である。,시작이 전체의 절반이다. - 아리스토텔레스
乳母は子守唄を口ずさみ、赤子をあやした。,유모가 자장가를 흥얼거리며 아기를 달랬다.
他人と異なる生き方を選ぶ勇気も、ときには必要だ。,타인과 다른 삶의 방식을 선택할 용기도 때로는 필요하다.
古い城下町は文化遺産として保存地区に指定された。,옛 성하 마을은 문화유산으로 보존 구역으로 지정되었다.
どんなに暗くても、星は輝いている。,"아무리 어두워도, 별은 빛나고 있다. - 랄프 왈도 에머슨"
物事を判断するときは主観だけでなく客観的な事実も見るべきだ。,일을 판단할 때는 주관뿐 아니라 객관적인 사실도 봐야 한다.
幼少期の記憶は、セピア色の写真のように美化されていくものだ。,"유년기의 기억은, 세피아 색 사진처럼 미화되어 가는 법이다."
古代の賢人たちの言葉はいまも人生の指針になる。,고대 현인들의 말은 지금도 인생의 지침이 된다.
久遠の真理を追い求めて、彼は一生を哲学の研究に捧げた。,영원한 진리를 좇기 위해 그는 평생을 철학 연구에 바쳤다.
ロックのタブラ・ラサ説は、人間は白紙の状態で生まれ、経験によって知識を得るとする。,로크의 타블라 라사(백지)설은 인간은 백지상태로 태어나 경험을 통해 지식을 얻는다고 한다.
以前から日本の歴史や文化に深い関心があり、いつか訪れたいと思っていました。,"예전부터 일본의 역사와 문화에 깊은 관심이 있어서, 언젠가 방문하고 싶다고 생각했습니다."
発掘現場で新しい遺跡が発見された。,발굴 현장에서 새로운 유적이 발견되었다.
奴隷制度の歴史を知って胸が締め付けられた。,노예 제도의 역사를 알고 가슴이 조여 왔다.
この問題は、少し難しい。,이 문제는 조금 어렵다.
戦場で飛び交う弾の音を、今でも夢に見ることがあるという。,전장에서 날아다니던 탄환 소리를 지금도 꿈에서 볼 때가 있다고 한다.
テセウスの船は、全ての部品が置き換えられた時、それは元の船と同一かという難問だ。,테세우스의 배는 모든 부품이 교체되었을 때 그것은 원래의 배와 동일한가 하는 난문이다.
産業革命は人々の生活様式を一変させた。,산업혁명은 사람들의 생활양식을 완전히 바꿔 놓았다.
敵軍はついに無条件降伏を宣言した。,적군은 마침내 무조건 항복을 선언했다.
その寺は戦火を免れ、多くの文化財を守ってきた。,그 절은 전쟁의 불길을 피하고 많은 문화재를 지켜 왔다.
その国はかつて共産体制のもとにあった。,그 나라는 한때 공산 체제 아래에 있었다.
教科書で明治維新の改革を詳しく読んだ。,교과서에서 메이지 유신의 개혁을 자세히 읽었다.
彼は戦争史の資料を読み漁っている。,그는 전쟁사 자료를 닥치는 대로 읽고 있다.
江戸城の模型を見て城下町の構造を理解した。,에도성 모형을 보고 성하 마을 구조를 이해했다.
独立運動家たちの手紙を読んでその覚悟に打たれた。,독립운동가들의 편지를 읽고 그 각오에 감동했다.
彼は冷戦時代の外交史に詳しい。,그는 냉전 시대의 외교사에 밝다.
その銅像は革命の指導者を記念して建てられた。,그 동상은 혁명 지도자를 기념해 세워졌다.
歴史上の偉人の伝記を読むのが、子どもの頃からの趣味だった。,역사의 위인 전기를 읽는 것이 어릴 때부터의 취미였다.
昔の建物の設計図には、今でも尺貫法の寸法が使われている。,옛 건물의 설계도에는 지금도 척관법 치수가 쓰여 있다.
武家政権の成立は日本の政治構造を大きく変えた。,무가 정권의 성립은 일본의 정치 구조를 크게 바꾸었다.
その遺構からは当時の城壁の規模がうかがえる。,그 유구에서 당시 성벽의 규모를 짐작할 수 있다.
中世の城塞都市は敵の侵入を防ぐために造られた。,중세의 성채 도시는 적의 침입을 막기 위해 지어졌다.
国王に拝謁する光栄を得て、使節団の代表は深々と頭を下げた。,국왕을 배알하는 영광을 얻은 사절단 대표는 깊이 머리를 숙였다.
侍従が式典の進行を静かに支えた。,시종이 식전 진행을 조용히 뒷받침했다.
王への謁見の順番を待つ貴族たちが、静まり返った玉座の間に整列していた。,왕을 알현할 차례를 기다리는 귀족들이 고요한 옥좌의 방에 줄지어 서 있었다.
学者たちは年輪年代法で木材の年代を特定した。,학자들은 연륜 연대법으로 목재의 연대를 특정했다.
平和のシンボルである憲法의理念を、次の世代にどう手渡すかが問われている。,평화의 상징인 헌법의 이념을 다음 세대에 어떻게 넘겨줄지가 과제로 떠올랐다.
東宮の時代から彼は将来の天皇として注目されていた。,동궁 시절부터 그는 장래의 천황으로서 주목받아 왔다.
博物館には古代王の石棺が展示されている。,박물관에는 고대 왕의 석관이 전시되어 있다.
虚無僧が尺八を吹きながら町を歩いていく。,허무승이 샤쿠하치를 불며 마을을 걸어간다.
博物館には、歴史的価値の高い刀剣が数多く展示されている。,박물관에는 역사적 가치가 높은 도검이 다수 전시되어 있다.
これは日本固有の文化だと言われている。,이것은 일본 고유의 문화라고 불린다.
武士は責任を取るため自刃した、という伝承が残る。,무사는 책임을 지기 위해 자결했다는 전승이 남아 있다.
時代小説では、近郷の在郷商人や郷士たちが村を守る姿がよく描かれる。,시대소설에서는 근교의 재향 상인이나 향사가 마을을 지키는 모습이 자주 그려진다.
僧は人々の罪業を説き、悔い改めを促した。,승려는 사람들의 죄업을 설파하며 참회를 권했다.
昔は田畑を耕すのに、牛馬の力が欠かせなかった。,옛날에는 논밭을 갈 때 우마의 힘이 없어서는 안 되었다.
両国の間には今もなお遺恨がくすぶっている。,양국 사이에는 여전히 유감과 앙금이 남아 있다.
絶対君主のもとでは国民の自由は制限されがちだ。,절대 군주 아래에서는 국민의 자유가 제한되기 쉽다.
この本は、字が大きくて易しい。,이 책은 글씨가 커서 쉽다.
紀元前の土器が発掘され、この地域の歴史が書き換えられることになった。,"기원전의 토기가 발굴되어, 이 지역의 역사가 다시 쓰이게 되었다."
時代の節目には、大きな変革と混乱がつきものだ。,"시대의 전환기(매듭)에는, 큰 변혁과 혼란이 따르기 마련이다."
古の都を訪ね、千年前の人々の暮らしに思いを馳せる。,옛 도읍을 방문하여 천 년 전 사람들의 생활을 생각한다.
武士に二言はない、という言葉通り、彼は約束を必ず守る男だ。,"무사에게 식언은 없다, 라는 말대로 그는 약속을 반드시 지키는 남자다."
国を統べる者には、広い視野と決断力が求められる。,"나라를 다스리는 자에게는, 넓은 시야와 결단력이 요구된다."
船山古墳の出土品は、国宝級の価値があると言われる。,후나야마 고분의 출토품은 국보급의 가치가 있다고 전해진다.
四月になると、新しい学年が始まる。,"4월이 되면 새 학년이 시작된다."
その国は重い貢税（租税）を課し、民衆の不満が高まっていた。,그 나라는 무거운 조세를 부과하여 민중의 불만이 높아지고 있었다.
かつてこの地域は、支配者に多くの農作物を貢税として納めていた。,과거 이 지역은 지배자에게 많은 농작물을 조세로 바치고 있었다.
昔、この辺りは一面の田んぼだったが、今では高層マンションが立ち並んでいる。,"옛날에, 이 근처는 온통 논이었지만, 지금은 고층 아파트가 늘어서 있다."
複雑な計算を簡単にするために、対数表を用いた。,복잡한 계산을 간단히 하기 위해 로그 표를 이용했다.
サーカスの見世物小屋には、珍しい動物たちがいた。,서커스의 구경거리 오두막에는 희귀한 동물들이 있었다.
先生が漢字の書き方を教えてくれる。,선생님이 한자 쓰는 법을 가르쳐 주신다.
朝、家を出て学校へ向かう。,아침에 집을 나서 학교로 향한다.
黄色い帽子をかぶって、学校に行く。,노란 모자를 쓰고 학교에 간다.
夏休みの宿題は、計画的に進めよう。,여름방학 숙제는 계획적으로 하자.
机の上を、きれいに片付けよう。,책상 위를 깨끗하게 정리하자.
彼は長年、王に忠実に伺候し、その信頼を一身に受けていた。,그는 오랫동안 왕을 충실히 모시며 그 신뢰를 한 몸에 받고 있었다.
将軍の御前で武術の試合を行い、勝利を収めた。,장군 앞에서 무술 시합을 하여 승리를 거두었다.
彼は敵の戦力を見誤り、無謀な攻撃を仕掛けて敗北した。,"그는 적의 전력을 오판하고, 무모한 공격을 감행해 패배했다."
江戸時代、この地域は有力な大名が治める大きな藩の一部だった。,"에도 시대, 이 지역은 유력한 다이묘가 다스리는 큰 번의 일부였다."
古代遺跡の壁に刻まれたなぞなぞを解読する,고대 유적의 벽에 새겨진 수수께끼를 해독하다
土の中から、江戸時代の古い小判がザクザク出てきた。,흙 속에서 에도 시대의 오래된 금화(고반)가 쏟아져 나왔다.
歴史的な背景を踏まえた上で、この問題を議論する必要があります。,"역사적인 배경을 밟은 위에서, 이 문제를 논의할 필요가 있습니다."
まだまだです。大学で2年間学んだ後、独学で続けています。,"아직 멀었어요. 대학교에서 2년간 배운 뒤, 독학으로 계속하고 있습니다."
先生が生徒を職員室に呼び出した。,선생님이 학생을 교무실로 호출했다.
本を読み終えての感想をレポートにまとめた。,책을 다 읽고 난 감상을 레포트로 정리했다.
彼は大学で物理を専攻している。,그는 대학에서 물리를 전공하고 있다.
試験では教科書の内容から出題される。,시험은 교과서 내용에서 출제된다.
先生が「焦らなくていいですよ」と仰ってくださった。,선생님께서 '서두르지 않아도 돼요'라고 말씀해 주셨다.
彼女は文化祭の実行委員に選ばれて毎日準備に追われている。,그녀는 학교 축제 실행 위원으로 뽑혀 매일 준비에 쫓기고 있다.
本番前に模擬試験を受けておくと安心だ。,본시험 전에 모의시험을 쳐 두면 안심이 된다.
教師は宿題をやってこなかった生徒を職員室に呼び出し、理由を厳しく詰問した。,선생님은 숙제를 해 오지 않은 학생을 교무실로 불러 이유를 호되게 캐물었다.
その問題の答えは教科書の後ろにある。,그 문제의 답은 교과서 뒤에 있다.
大学の大講堂で特別講義が静かに行われた。,대학 대강당에서 특별 강의가 조용히 진행되었다.
彼の努力家ぶりには本当に感心する。,그의 부지런한 모습에는 정말 감탄하게 된다.
貧乏な学生時代を懐かしく思い出す。,가난했던 학생 시절이 그립게 떠오른다.
階段を一段飛ばしで駆け上がり、息を切らして教室に飛び込んだ。,"계단을 한 칸씩 건너뛰며 뛰어 올라가, 숨을 헐떡이며 교실로 뛰어들었다."
苦手な数学を克服し、無事に次の学年へ進級することができた。,"자신 없던 수학을 극복하고, 무사히 다음 학년으로 진급할 수 있었다."
将来の夢について、先生と真剣に話し合った。,장래 희망에 대해 선생님과 진지하게 의논했다.
卒業記念に、名入りの万年筆を恩師からプレゼントされた。,졸업 기념으로 이름이 새겨진 만년필을 은사님께 선물 받았다.
先生がチョークで黒板に数式を書き、生徒たちが書き写す。,"선생님이 분필로 칠판에 수식을 쓰고, 학생들이 받아 적는다."
彼は医大合格を目指し、毎日深夜まで猛勉強している。,그는 의대 합격을 목표로 매일 심야까지 맹공부하고 있다.
教育には寛厳のバランスが大切だとよく言われる。,교육에서는 관대함과 엄격함의 균형이 중요하다고 자주 말한다.
すべての学問には共通する基がある。,모든 학문에는 공통된 바탕이 있다.
彼の思想は「自由」を何より重んじる。,그의 사상은 ‘자유’를 무엇보다 중시한다.
家政学の授業で栄養の計算をした。,가정과 수업에서 영양 계산을 했다.
専門書籍を探しに、大きな書店へ行った。,전문 서적을 찾으러 큰 서점에 갔다.
進学か就職か、難しい選択を迫られた。,"진학이냐 취업이냐, 어려운 선택을 요구받았다."
彼は数学が得意だ。,그는 수학을 잘한다.
彼女は長年の夢だった留学をついに果たした。,그녀는 오랜 꿈이었던 유학을 마침내 이루었다.
図の中の記号の意味を凡例で確認してください。,도표 안의 기호 의미를 범례에서 확인해 주세요.
語彙を増やすには、たくさん読むことが一番だ。,어휘를 늘리려면 많이 읽는 것이 가장 좋다.
この文の述語はどれか答えなさい。,이 문장의 술어가 무엇인지 답하시오.
英語の冠詞の使い分けは、日本人にとって難しい。,영어 관사의 구분은 일본인에게 어려운 편이다.
環境問題に関する講演会が開かれる。,환경 문제에 관한 강연회가 열린다.
この問題の解き方にはいろいろな形があるが、自分に合った形を選ぶことが大切だ。,"이 문제의 풀이에는 여러 가지 형태가 있지만, 자신에게 맞는 방식을 선택하는 것이 중요하다."
この章では、具体的な事例から一般法則を導く帰納の方法を学ぶ。,이 장에서는 구체적인 사례에서 일반 법칙을 이끌어내는 귀납 방법을 배운다.
昆虫博物館には、世界中の珍しい蝶の標本が飾られていた。,곤충 박물관에는 전 세계의 희귀한 나비 표본이 전시되어 있었다.
山で珍しい野生のアラタケを見つけたが、毒がないか図鑑で確認した。,산에서 희귀한 야생 버섯(아라타케)을 발견했지만 독이 없는지 도감에서 확인했다.
この国の法の下では、すべての人が平等であると定められている。,이 나라의 법 아래에서는 모든 사람이 평등하다고 정해져 있다.
ロージスティック写像は、単純な数式から複雑なカオス挙動が生まれる典型例として知られる。,로지스틱 맵은 단순한 수식에서 복잡한 카오스 거동이 태어나는 전형적인 예로 알려져 있다.
違う種類の動物が共に生きる、共生の関係。,다른 종류의 동물이 함께 살아가는 공생 관계.
政府は生活困窮者の救済策を検討している。,정부는 생활 곤궁자의 구제책을 검토하고 있다.
市長選の候補が出そろった。,시장 선거 후보들이 모두 확정되었다.
両国の首脳が平和条約に調印した。,양국 정상들이 평화 조약에 조인했다.
国会で証人喚問が行われ、疑惑の経緯がただされた。,국회에서 증인 심문이 이루어져 의혹의 경위가 추궁되었다.
自治を守るために住民が集会を開いた。,자치를 지키기 위해 주민들이 집회를 열었다.
選挙は僅差での勝利となり、開票作業は深夜まで続いた。,선거는 근소한 차이의 승리가 되어 개표 작업은 심야까지 이어졌다.
言論の自由は民主主義社会の土台となる権利だ。,언론의 자유는 민주주의 사회의 근간이 되는 권리다。
薬の副作用について、医師や薬剤師に事前に相談することが大切だ。,약의 부작용에 대해 의사나 약사에게 사전에 상담하는 것이 중요하다.
二重盲検試験は、臨床試験におけるプラセボ効果を排除するために行う。,이중맹검 시험은 임상 시험에서 플라시보 효과를 배제하기 위해 실시한다.
ここの名物料理は何ですか。,이곳의 명물 요리는 무엇입니까?
料理は良い道具があるとぐっと楽しくなる。,요리는 좋은 도구가 있으면 훨씬 즐거워진다.
朝一番に鰹節の削りたての香りが台所に広がり、味噌汁を作る音がする。,"아침 일찍 가다랑어포 깎은 향기가 부엌에 퍼지고, 된장국을 만드는 소리가 난다."
彼は一流のパティシエになるために、本場フランスへ修行に出た。,그는 일류 파티시에가 되기 위해 본고장 프랑스로 수행을 떠났다.
味噌汁のおかわり、できますか。,"된장국 리필, 되나요?"
転んだ跡があざになって、しばらく消えそうにない。,넘어진 자리에 멍이 들어 한동안은 안 없어질 것 같다.
心筋梗塞の兆候を感じたら、すぐに救急車を呼ぶべきだ。,심근경색 징후를 느끼면 곧바로 구급차를 불러야 한다.
機械学習における過学習を防ぐため、正則化項を損失関数に追加する。,기계학습에서의 과적합을 방지하기 위해 정칙화 항을 손실 함수에 추가한다.
逆浸透膜を用いた淡水化プラントは、海水に圧力をかけて淡水を分離する技術だ。,역삼투막을 이용한 담수화 플랜트는 해수에 압력을 가해 담수를 분리하는 기술이다.
ニューラリンクのようなBCI技術は、脳とコンピュータを直接接続し、情報の双方向通信を目指す。,뉴럴링크 같은 BCI 기술은 뇌와 컴퓨터를 직접 연결하여 정보의 양방향 통신을 지향한다.
核融合発電は、太陽のエネルギー生成原理を地上で再現し、究極のクリーンエネルギー実現を目指す。,핵융합 발전은 태양의 에너지 생성 원리를 지상에서 재현해 궁극의 청정 에너지 실현을 목표로 한다.
クイックソートは、分割統治法を用いた高速な並べ替えアルゴリズムで、ピボット選択が性能を左右する。,"퀵 정렬은 분할 정복법을 이용한 고속 정렬 알고리즘으로, 피벗 선택이 성능을 좌우한다."
キャビテーションは、圧力差で生じた気泡が弾ける衝撃で、スクリュー等の金属を侵食する。,캐비테이션(공동현상)은 압력차로 생긴 기포가 터지는 충격으로 스크류 등의 금속을 침식한다.
ブール代数は、真と偽の2値のみを扱う論理演算であり、コンピュータ回路の数学的基礎だ。,"불 대수는 참과 거짓의 2값만을 다루는 논리 연산이며, 컴퓨터 회로의 수학적 기초다."
お飲み物は何になさいますか。,음료는 무엇으로 하시겠습니까?
あのラーメン屋はいつも行列ができている。,저 라멘집은 항상 줄을 서 있다.
順番にお呼びしますので、少々お待ちください。,순서대로 부를 테니 잠시만 기다려 주세요.
いちご狩りに行って、採れたての甘いイチゴをたくさん食べた。,딸기 따러 가서 갓 딴 달콤한 딸기를 많이 먹었다.
完熟した桃は、とてもジューシーで甘い香りがする。,완숙한 복숭아는 매우 과즙이 많고 달콤한 향이 난다.
夏の朝は、搾りたてのオレンジジュースを飲むとすっきりする。,여름 아침은 갓 짠 오렌지 주스를 마시면 상쾌해진다.
毎朝、コップ一杯の牛乳を飲みます。,매일 아침 우유 한 컵을 마십니다.
昔ながらのその店は、今も大衆に愛され続けている。,옛날 그대로인 그 가게는 지금도 대중에게 계속 사랑받고 있다.
こちらのお店、雰囲気がいいですね。いつも混んでいますか？,"이 가게, 분위기가 좋네요. 항상 붐비나요?"
擂り鉢で胡麻を擂る。,절구(스리바치)로 깨를 간다.
今日の食事の代は私が払います。,오늘 식사 값은 제가 내겠습니다.
今週の夕食の献立をノートに書き出してみた。,이번 주 저녁 식단을 노트에 적어 보았다.
この型に生地を流し込んで、オーブンで焼いてください。,이 틀에 반죽을 붓고 오븐에 구워 주세요.
この店の辛いカレーは、一度食べると本当に病み付きだ。,이 가게의 매운 카레는 한 번 먹으면 정말 중독된다.
その店は、甘いものが好きな派にはたまらない場所だ。,그 가게는 단 것을 좋아하는 파에게는 견딜 수 없을 만큼 매력적인 곳이다.
畑で採れた芋を家族みんなでふかして食べた。,밭에서 캔 감자를 온 가족이 쪄서 먹었다.
濃縮のオレンジジュース는、水で割ってから飲んでください。,농축 오렌지 주스는 물에 희석해서 드세요.
このカフェは、昼は勉強場所も兼ねる静かな空間になっている。,이 카페는 낮에는 공부 장소를 겸하는 조용한 공간이 된다.
新米を精米して、炊きたての香りを楽しんだ。,햅쌀을 도정해 갓 지은 향을 즐겼다.
退勤後、家で炊き立てのご飯と味噌汁を膳に並べた。,퇴근 후 집에서 갓 지은 밥과 된장국을 상에 차려 놓았다.
昼休みに急須で煎茶を淹れた。,점심시간에 급수(주전자)로 센차를 우렸다.
醤油を一滴だけ垂らして味を調えた。,간장을 한 방울만 떨어뜨려 맛을 맞췄다.
唐草模様の風呂敷で弁当を包んだ。,당초무늬 보자기로 도시락을 쌌다.
板前におすすめを聞いて、握りを注文した。,이타마에(초밥 장인)에게 추천을 물어 쥠초밥을 주문했다.
お腹が空いていたので、大きなリンゴに思い切り齧り付いた。,배가 고팠기 때문에 커다란 사과를 힘껏 베어 물었다.
ケーキの上に飾られた真っ赤な苺が美味しそうだ。,케이크 위에 장식된 새빨간 딸기가 맛있어 보인다.
お店の雰囲気、いいですね。,가게 분위기가 좋네요.
はい、友人に勧められて来ました。,"네, 친구에게 추천받아서 왔습니다."
おにぎりの中身は梅干しだった。,주먹밥 속은 매실장아찌였다.
小麦の粉がキッチンの床一面にこぼれてしまった。,밀가루 가루가 부엌 바닥에 온통 쏟아져 버렸다.
ラーメンの麺は固めで注文した。,라멘 면은 단단하게 해 달라고 주문했다.
鍋の汁がこぼれてコンロが大惨事だ。,전골 국물이 넘쳐 가스레인지가 난장판이다.
このお茶、まだ熱いよ。,"이 차, 아직 뜨거워."
コーヒーに砂糖を入れますか。,커피에 설탕 넣으실래요?
料理長のおすすめコースをいただきたいのですが、内容は日によって変わるのでしょうか。,"주방장 추천 코스를 먹고 싶은데, 내용은 날마다 바뀌나요?"
昼食は、うどんかそばか選択に迷う。,점심은 우동과 소바 중 선택을 망설인다.
レストランのシェフが、新鮮な食材を巧みに調理している。,레스토랑 셰프가 신선한 식재료를 능숙하게 조리하고 있다.
熱いスープが唇に染みて思わず顔をしかめた。,뜨거운 스프가 입술에 스며들어 절로 얼굴을 찡그렸다.
混んでいたので、テイクアウトではなくイートインを選んだ。,붐벼서 포장이 아니라 매장에서 먹기를 선택했다.
彼は食べ物の好き嫌いが多い。,그는 음식 가리는 게 많다.
この店のシェフ特製デザートはまさに逸品だ。,이 가게의 셰프 특제 디저트는 그야말로 일품이다.
高級料理店だが、今日は口汚し程度に前菜だけ頼んだ。,고급 레스토랑이지만 오늘은 입만 축일 정도로 전채만 시켰다.
有名シェフが全国を行脚し、各地の食材を生かした限定メニューを提供している。,유명 셰프가 전국을 행각하며 각지의 식재료를 살린 한정 메뉴를 선보이고 있다.
祖父は若い頃、魚屋で商売をしていたらしい。,할아버지는 젊었을 때 생선가게로 장사를 했다고 한다.
山奥の尼寺で精進料理をいただいた。,산속 비구니 절에서 사찰 음식을 먹었다.
レモンをかじったら、あまりに酸っぱくて目が覚めた。,레몬을 베어 물었더니 너무 시어서 눈이 번쩍 떴다.
夏祭りの夜店で、りんご飴を買った。,여름 축제의 야점에서 사과사탕을 샀다.
お祝いには赤飯を炊いて、家族で乾杯した。,축하할 때는 팥밥을 지어 가족과 건배했다.
味噌をお湯に溶くと、湯気がふわっと立って香りが広がる。,된장을 뜨거운 물에 풀면 김이 피어오르며 향이 퍼진다.
食欲の秋と言うだけあって、焼き芋の香ばしい匂いには抗えない。,"식욕의 가을이라는 말이 무색하지 않게, 군고구마의 고소한 냄새에는 저항할 수 없다."
背脂が浮いた濃厚な醤油スープは、疲れた体に染み渡る旨さだ。,돼지 등지방이 떠 있는 진한 간장 육수는 지친 몸에 스며드는 맛이다.
日本人の食生活は欧米化したが、依然として米食が中心だ。,"일본인의 식생활은 서구화되었지만, 여전히 쌀밥이 중심이다."
夕食の後に家族で分担して皿洗いをする。,저녁 식사 후에 가족이 분담해서 설거지를 한다.
節分には、恵方を向いて太巻きを食べる習慣がある。,절분에는 혜방(길한 방향)을 향해 굵은 김밥을 먹는 관습이 있다.
警察は容疑者の逃走経路を監視カメラで追った。,경찰은 용의자의 도주 경로를 CCTV로 추적했다.
倉庫から古い兵器が見つかり、警察が回収に来た。,창고에서 오래된 병기가 발견되어 경찰이 회수하러 왔다.
犯人の氏名や年齢は、現時点ではまだ未詳のままだ。,범인의 성명이나 연령은 현시점에서는 아직 미상인 채다.
彼は「カサ」という名の、隠れ家のようなお洒落なバーを経営している。,"그는 '카사'라는 이름의, 은신처 같은 멋진 바를 경영하고 있다."
犯人は人混みの中をすっと抜けて逃げていった。,범인은 인파 속을 재빨리(휙) 빠져나가 도망쳤다.
来月、友人の結婚式に出席するために、新しいドレスを探しているんです。,다음 달에 친구 결혼식에 참석하기 위해서 새 드레스를 찾고 있어요.
彼は殻を破って、古い自分からの脱皮を目指している。,그는 껍질을 깨고 옛 자신으로부터의 탈피를 목표로 하고 있다.
お忙しいところ恐れ入ります、今週土曜日の夜７時に予約をお願いできますか。,"바쁘신 와중에 죄송합니다만, 이번 주 토요일 밤 7시에 예약을 부탁드릴 수 있을까요."
彼は決して自分の失敗を人のせいにはしない。,그는 절대로 자신의 실패를 남 탓으로 돌리지 않는다.
銭湯の壁には、雄大な富士山の絵が描かれている。,대중목욕탕 벽에는 웅장한 후지산 그림이 그려져 있다.
梅雨の晴れ間に、濡れた洗濯物を一気に片付ける主婦の姿があった。,"장마의 맑은 틈(장마철 잠깐 갠 날씨)에, 젖은 빨래를 단숨에 치우는 주부의 모습이 있었다."
梅雨時は湿気が多く、洗濯物の生乾きのムレた臭いが気になる。,"장마철은 습기가 많아, 빨래의 덜 마른 눅눅한 냄새가 신경 쓰인다."
絶滅危惧種を保護するための国際的な取り組みが進んでいる。,멸종 위기 종을 보호하기 위한 국제적인 노력이 진행되고 있다.
朝ご飯を食べてエネルギーを補給する。,아침을 먹고 에너지를 보충한다.
山の空気の中で迎える朝の目覚めは格別だ。,산 공기 속에서 맞는 아침의 눈뜸은 각별하다.
毎朝六時に起きるようにしている。,매일 아침 여섯 시에 일어나려고 노력하고 있다.
赤信号で車が止まる。,빨간불에 차가 멈춘다.
仕事と家庭を天秤にかけ、どちらを優先するか悩む。,일과 가정을 저울질하며 어느 쪽을 우선할지 고민한다.
粉飾決算が発覚し、当該企業の株価はストップ安まで売り込まれた。,"분식 회계가 발각되어, 해당 기업의 주가는 하한가까지 매도되었다."
為替レートの変動リスクを回避するため、為替予約などの手段を講じる。,"환율 변동 리스크를 회피하기 위해, 선물환 등의 수단을 강구한다."
異国の街角で旧友に会うとはまさに奇遇だ。,타국의 길모퉁이에서 옛 친구를 만나다니 그야말로 기우다.
あの夫妻は毎朝いっしょに市場へ買い物に行く。,그 부부는 매일 아침 함께 시장에 장 보러 간다.
冬の朝、布団から出るのが億劫で、あと五分だけと自分に言い訳をする。,"겨울 아침, 이불에서 나오는 것이 귀찮아서, 딱 5분만 더라고 자신에게 변명을 한다."
ゴミは分別ルールに従い、指定された曜日の朝８時までに出してください。,"쓰레기는 분리수거 규칙에 따라, 지정된 요일 아침 8시까지 배출해 주십시오."
祖母は信心深く、毎朝欠かさず仏壇に手を合わせる。,할머니는 신심이 깊어 매일 아침 빠짐없이 불단에 손을 모은다.
彼女は村一番の働き者で、朝から晩まで農作業に精を出している。,"그녀는 마을 제일의 일꾼으로, 아침부터 밤까지 농사일에 힘을 쏟고 있다."
軒下でツバメが営巣し、毎朝にぎやかだ。,처마 밑에서 제비가 둥지를 틀어 매일 아침 시끌벅적하다.
朝のコーヒーを淹れるために、電気ケトルでお湯を沸かしている。,"아침 커피를 내리기 위해, 전기 포트로 물을 끓이고 있다."
不足しがちな栄養を補うため、毎朝マルチビタミンのサプリを飲む。,"부족하기 쉬운 영양을 보충하기 위해, 매일 아침 멀티비타민 영양제를 먹는다."
親切な申し出に感謝し、ありがたく車に乗せてもらった。,"친절한 제안에 감사하며, 고맙게 차를 얻어 탔다."
高速道路での逆走事故がニュースになり、高齢ドライバーの問題が議論されている。,고속도로 역주행 사고가 뉴스가 되어 고령 운전자 문제가 논의되고 있다.
長い冬が終わり、庭の花がようやく咲き始めた。,긴 겨울이 끝나고 정원의 꽃이 겨우 피기 시작했다.
春に植えた球根から、きれいな花が咲いた。,봄에 심은 알뿌리에서 예쁜 꽃이 피었다.
春になると、裏山はいっせいに花が咲き誇る花園と化す。,봄이 되면 뒷산은 한꺼번에 꽃이 만발한 꽃동산으로 변한다.
花見より梅見のほうが落ち着いて好きだ。,벚꽃놀이보다 매화 구경이 더 차분해서 좋다.
新しいトンネルが開通したため、山を越える旧道は廃道となった。,"새로운 터널이 개통되었기 때문에, 산을 넘는 구도로는 폐도가 되었다."
旧盆の時期には多くの人が帰省するため、高速道路が大渋滞する。,"구봉(음력 7월 보름) 시기에는 많은 사람이 귀성하기 때문에, 고속도로가 대정체를 빚는다."
大通りで交通事故の事件が発生し、周囲が一時騒然となった。,"큰길에서 교통사고 사건이 발생해, 주변이 한때 술렁거렸다."
春が来て、たくさんの花が咲いた。,봄이 와서 많은 꽃이 피었다.
運転中に携帯電話を使用することは、道路交通法で禁止されています。,운전 중에 휴대전화를 사용하는 것은 도로교통법으로 금지되어 있습니다.
旅客機が山中に墜落したという速報が流れた。,여객기가 산중에 추락했다는 속보가 나왔다.
加速する少子高齢化社会において、労働力の確保が課題となっている。,"가속하는 저출산 고령화 사회에 있어서, 노동력 확보가 과제가 되고 있다."
選挙の日には必ず投票に行くようにしている。,선거 날에는 반드시 투표하러 가도록 하고 있다.
長引く渇水でダムの水位が下がり、節水が呼びかけられている。,장기적인 가뭄으로 댐 수위가 낮아져 절수가 요청되고 있다.
小さな村が消滅の危機にあると報じられた。,작은 마을이 소멸 위기라고 보도되었다.
伝統の技が絶える前に、記録しておきたい。,전통 기술이 끊기기 전에 기록해 두고 싶다.
古文書を翻刻してデータ化した。,고문서를 번각해 데이터화했다。
ニュースで米価の高騰が続いていると聞いて、家計簿を見直した。,뉴스에서 쌀값 급등이 계속된다고 들어 가계부를 다시 점검했다.
調査の結果、火災の原因が判明した。,"조사 결과, 화재의 원인이 판명됐다."
古い商店街は人通りが減って、少しずつ廃れる。,오래된 상점가는 유동인구가 줄어 조금씩 쇠퇴한다.
立て札に「立入禁止」と赤字で書かれていた。,입간판에 ‘출입금지’라고 빨간 글씨로 쓰여 있었다.
門閥意識が強く、外の人を受け入れない。,문벌 의식이 강해 외부 사람을 받아들이지 않는다.
この港町は貿易で隆盛を極めた。,이 항구 도시는 무역으로 번영의 정점을 누렸다.
部隊は夜明け前に川を渡河し、対岸に陣を敷いた。,부대는 동트기 전 강을 도하해 맞은편에 진을 쳤다.
研究者の顕彰碑が、大学の正門前に建っている。,연구자 현창비가 대학 정문 앞에 세워져 있다.
永遠に続くと思われた平和な日常が、突然の災害によって奪われた。,"영원히 계속되리라 생각했던 평화로운 일상이, 돌연한 재해에 의해 빼앗겼다."
三位一体の連携により、チームは見事な逆転勝利を収めた。,삼위일체의 연계에 의해 팀은 멋진 역전승을 거두었다.
海外特派員から、現地の情勢を伝える緊急の第一報が入った。,해외 특파원으로부터 현지 정세를 전하는 긴급 제1보가 들어왔다.
過度のストレスが原因で胃潰瘍を発病してしまった。,과도한 스트레스가 원인이 되어 위궤양을 발병하고 말았다.
天候不順の影響で、農作物の収穫量が減る。,기상 이변(불순)의 영향으로 농작물 수확량이 줄어든다.
農薬の使いすぎは環境にも人にも悪影響を与える。,농약의 과다 사용은 환경에도 사람에게도 나쁜 영향을 준다.
彼は自らの罪科を深く反省し、被害者に謝罪した。,그는 자신의 죄과를 깊이 반성하고 피해자에게 사과했다.
被告側は判決を不服として控訴した。,피고 측은 판결에 불복하여 항소했다.
ポスターの誤植がSNSで拡散した。,포스터의 오자가 SNS에서 퍼졌다.
地震速報が鳴って、机の下に隠れた。,지진 속보가 울려서 책상 아래에 숨었다.
橋のケーブルには大きな張力がかかっている。,다리 케이블에는 큰 장력이 걸려 있다.
夜の街で盗賊に襲われかけた。,밤거리에서 도적에게 습격당할 뻔했다.
本部から、直ちに作戦を開始せよとの指令が下った。,본부로부터 즉시 작전을 개시하라는 지령이 내려왔다.
兄弟の確執は遺産相続で表面化した。,형제의 불화는 유산 상속으로 겉으로 드러났다.
迅速な対応のおかげで、被害を最小限に抑えることができた。,"신속한 대응 덕분에, 피해를 최소한으로 억제할 수 있었다."
学界の権威である教授が、画期的な新理論を発表した。,학계의 권위자인 교수가 획기적인 신이론을 발표했다.
著名な学者の著による新刊が書店に並んでいる。,저명한 학자의 저서인 신간이 서점에 진열되어 있다.
戦争に勝利した国は、敗戦国を占領下に置いた。,전쟁에서 승리한 나라는 패전국을 점령하에 두었다.
救急隊員が、負傷者を担架で運んでいる。,구급대원이 부상자를 들것으로 옮기고 있다.
市長の挨拶で大会は閉会となった。,시장 인사로 대회는 폐회가 되었다.
停電で駅構内は一時的に大きな混乱に包まれた。,정전으로 역 안은 한때 큰 혼란에 휩싸였다.
現地の様子を特派員が生中継で伝えた。,현지 상황을 특파원이 생중계로 전했다.
ネットの詐欺に引っかからないように注意しよう。,인터넷 사기에 걸리지 않도록 조심하자.
地域の自然は、次世代に引き継ぐべき共有の財として守られなければならない。,지역의 자연은 다음 세대에 물려줄 공동의 재산으로서 지켜져야 한다.
倒れた男性を見つけた人が、すぐに救急車を呼んだ。,쓰러진 남성을 발견한 사람이 즉시 구급차를 불렀다.
転倒事故の原因は、機械の脚部にできていた小さな亀裂だったことが判明した。,전도 사고의 원인은 기계 다리 부분에 생겨 있던 작은 균열이었다는 사실이 밝혀졌다.
現代社会は価値観が多元化していると言われる。,현대 사회는 가치관이 다원화되었다고 한다.
銃から発射された弾が壁に当たった。,총에서 발사된 총알이 벽에 맞았다.
不法滞在が発覚し、入管施設に拘留された外国人もいる。,불법 체류가 발각되어 출입국 시설에 구류된 외국인도 있다.
被告人は判決が出るまで拘置所に拘置されている。,피고인은 판결이 나올 때까지 구치소에 구치되어 있다.
叔父は准将として退役した。,삼촌은 준장으로 퇴역했다.
通り魔による傷害事件で、周辺が一時騒然となった。,묻지마 상해 사건으로 주변이 한때 소란스러웠다.
古い新聞には『陰参』と誤植があり、意味が通らなくて首をかしげた。,"오래된 신문에 ‘陰参’라는 오타가 있어, 의미가 통하지 않아 고개를 갸웃했다."
これは尋常ではない寒さだから、外出を控えよう。,이건 보통이 아닌 추위라서 외출을 자제하자。
踏切の前で警笛を吹鳴し、注意を促した。,건널목 앞에서 경적을 울려 주의를 알렸다。
違法な賭博で摘発されたというニュースが流れた。,불법 도박으로 적발됐다는 뉴스가 나왔다.
そこは昔田んぼだったが、今は宅地になった。,그곳은 예전엔 논이었지만 지금은 택지가 되었다.
その噂が本当かどうかは定かだ。,그 소문이 사실인지 아닌지는 확실하다(=명확하다).
深夜の路上で強盗に遭ったという。,심야 길거리에서 강도를 당했다 한다。
証拠を隠匿した疑いで事情聴取を受けた。,증거를 은닉한 혐의로 조사를 받았다.
戦火を避けて家族は国外へ逃亡した。,전화를 피해 가족은 국외로 도망쳤다.
新人作家が文壇に登場して話題になった。,신인 작가가 문단에 등장해 화제가 되었다.
そのロゴは有名ブランドの模倣に見える。,그 로고는 유명 브랜드를 모방한 것처럼 보인다.
昼夜を問わず救急外来が混むのは、季節の変わり目だ。,주야를 가리지 않고 응급외래가 붐비는 건 환절기다.
新商品の話題でタイムラインが埋まり、みんなの反応が気になった。,신상품 화제로 타임라인이 가득 차서 다들 반응이 신경 쓰였다.
領土問題は感情的になりやすく、冷静な議論が必要だ。,영토 문제는 감정적으로 되기 쉬워서 냉정한 논의가 필요하다.
被災地へ喜捨を募るポスターが駅に貼られていた。,재해 지역을 위한 희사(기부)를 모으는 포스터가 역에 붙어 있었다.
即位を記念して大赦が行われた。,즉위를 기념해 대사가 시행되었다.
騒動はようやく収まりを見せ、街に平穏が戻った。,"소동은 드디어 진정될 기미를 보이고, 거리에 평온이 돌아왔다."
本震の後、何度も揺り返しが続き、住民は不安な夜を過ごした。,"본진 후 몇 번이고 여진(되흔들림)이 이어져, 주민들은 불안한 밤을 보냈다."
悪意あるハッカーによるサイバー攻撃が、世界中で問題になっている。,악의적인 해커에 의한 사이버 공격이 전 세계적으로 문제가 되고 있다.
民衆の反乱が広がり、城門が閉ざされた。,민중의 반란이 퍼져 성문이 닫혔다.
兵糧が尽きかけ、皆が乾パンを分け合った。,병량이 바닥나 모두가 건빵을 나눠 먹었다.
彼は流罪となり、遠い島へ送られた。,그는 유배(유죄로 추방)되어 먼 섬으로 보내졌다.
証言は断片しかなく、真相はまだ遠い。,증언은 단편뿐이라 진상은 아직 멀다.
避難所にはまず糧食が届き、列が少し落ち着いた。,대피소에 먼저 식량이 도착해 줄이 조금 진정됐다.
決勝に進むための準決勝が熱い声援の中で始まる。,결승에 진출하기 위한 준결승이 뜨거운 응원 속에서 시작된다.
梅雨時のジメジメした湿気対策として、除湿機をフル稼働させている。,장마철의 눅눅한 습기 대책으로 제습기를 풀가동하고 있다.
梅雨の時期は靴の中のムレが気になり、消臭スプレーが手放せない。,장마철에는 신발 안의 꿉꿉함이 신경 쓰여 탈취 스프레이를 놓을 수 없다.
仮面の男の正体が明かされ周囲が騒然とする。,가면을 쓴 남자의 정체가 밝혀지자 주위가 술렁인다.
近い将来、AIが人間の仕事を大幅にサポートする社会が来るだろう。,"가까운 미래에, AI가 인간의 일을 대폭 서포트하는 사회가 올 것이다."
超流動ヘリウムは、粘性が完全に失われ、容器の壁を這い上がる奇妙な振る舞いを見せる。,초유동 헬륨은 점성이 완전히 상실되어 용기의 벽을 기어오르는 기묘한 행동을 보인다.
余裕綽々と難解な問題を次々に解いていく。,여유만만하게 난해한 문제를 차례차례 풀어 나간다.
氷が融解して水になり、コップの外に雫が伝った。,얼음이 융해되어 물이 되고 컵 밖으로 물방울이 흘렀다.
ドップラー効果により、近づく救急車のサイレンは高い周波数として観測される。,도플러 효과에 의해 다가오는 구급차의 사이렌은 높은 주파수로 관측된다.
アンタゴニストは受容体に居座り、本来のリガンドの結合を妨げる。,"안타고니스트(길항제)는 수용체에 자리 잡고, 본래 리간드의 결합을 방해한다."
アロステリック酵素のシグモイド曲線は、協同的な結合を示唆する。,알로스테릭 효소의 시그모이드 곡선(S자형)은 협동적인 결합을 시사한다.
竹は成長が早く、あっという間に背が高くなる。,대나무는 성장이 빨라 순식간에 키가 커진다.
夏の太陽に向かって、向日葵が元気に咲いている。,여름 태양을 향해 해바라기가 활기차게 피어 있다.
海の中層には、深海とも浅瀬とも異なる独特な生態系が広がっている。,바다의 중층에는 심해와도 얕은 여울과도 다른 독특한 생태계가 펼쳐져 있다.
実習でカエルを解剖し、臓器の位置をスケッチした。,실습에서 개구리를 해부하고 장기 위치를 스케치했다.
春の嵐で、桜の若葉がほとんど散ってしまった。,봄의 폭풍으로 벚나무의 어린 잎이 대부분 져버렸다.
蟻たちが一列になって、餌を巣に運んでいる。,개미들이 한 줄이 되어 먹이를 집으로 나르고 있다.
スズメバチの巣を見つけたら、危険なので近づいてはいけない。,말벌 집을 발견하면 위험하니 가까이 가서는 안 된다.
枯れ葉にそっくりな擬態をする蝶がいる。,마른 잎과 꼭 닮은 의태를 하는 나비가 있다.
寄生蜂は、他の昆虫の体に卵を産み付ける。,기생벌은 다른 곤충의 몸에 알을 낳는다.
カラスは非常に賢い鳥だと言われている。,까마귀는 매우 영리한 새로 알려져 있다.
巣から落ちたひなを助けてあげた。,둥지에서 떨어진 아기 새를 도와주었다.
アリの行列が食べ物を巣に運んでいる。,개미 행렬이 먹이를 집으로 나르고 있다.
ゴリラは力強いが、実は穏やかな性格をしている。,고릴라는 힘이 세지만 사실은 온화한 성격을 가지고 있다.
湖面に夕日が美しく映していた。,호수 수면에 석양이 아름답게 비치고 있었다.
大雨のせいで川の水が一気に濁った。,큰비 때문에 강물이 한꺼번에 탁해졌다.
真ん丸い月が静かな海の上に浮かんでいる。,동그랗게 둥근 달이 고요한 바다 위에 떠 있다.
公園の木が緑でいっぱいです。,공원 나무가 초록으로 가득합니다.
落ちていた白い羽を拾い上げると、指先にふわりとした感触が残った。,떨어져 있던 하얀 깃털을 집어 드니 손끝에 포근한 감촉이 남았다.
川沿いを歩きながら、木々の色合いから季節の移り変わりを感じた。,강가를 걸으면서 나무들의 색깔에서 계절의 변화를 느꼈다.
漁師が巧みな手つきで川に投網を打つ瞬間を捉えた。,어부가 능숙한 솜씨로 강에 투망을 던지는 순간을 포착했다.
夕暮れの干潟は、渡り鳥たちの美しいシルエットで彩られていた。,"해질녘의 갯벌은, 철새들의 아름다운 실루엣으로 채색되어 있었다."
スマホ中毒にならないよう気をつける。,스마트폰 중독이 되지 않도록 조심한다.
正しい姿勢を保つには背骨を真っ直ぐに伸ばす。,바른 자세를 유지하려면 등뼈(척추)를 똑바로 편다.
小さな石につまずいて転んでしまった。,작은 돌에 걸려 넘어지고 말았다.
ストレスがたまると胃酸が出過ぎて、夜中に胸やけで目が覚める。,스트레스가 쌓이면 위산이 과다 분비되어 한밤중에 가슴 쓰림으로 깨곤 한다.
久しぶりに会った祖母は、思った以上に元気そうで安心した。,오랜만에 만난 할머니가 생각보다 건강해 보여 안심했다.
冷たい水で歯がしみて、思わず顔をしかめた。,차가운 물에 이가 시려서 무심코 얼굴을 찡그렸다.
治療の経過は思わしくないが、希望は捨てない。,치료 경과는 좋지 않지만 희망은 버리지 않는다.
暴飲暴食をやめて、摂生することにした。,폭음폭식을 끊고 절제하며 살기로 했다.
入院の日は家族が付き添ってくれて心強かった。,입원 날 가족이 동행해줘 든든했다.
広い平原の真ん中を一本の大きな河がゆったりと流れている。,넓은 평원의 한가운데를 한 줄기 큰 강이 유유히 흐르고 있다.
赤ん坊が泣き止まず、夜中に何度も起きた。,아기가 울음을 그치지 않아 밤중에 여러 번 깼다.
予防のため、外から帰ったら手を洗う。,예방을 위해 밖에서 돌아오면 손을 씻는다.
最近、病気がちで体力が落ちた。,요즘 병치레가 잦아 체력이 떨어졌다.
慢性の肩こりを改善するためにストレッチを続けている。,만성 어깨 결림을 개선하려고 스트레칭을 계속하고 있다.
睡眠の質を上げるため、寝る前にスマホを置く。,수면의 질을 높이기 위해 잠들기 전 스마트폰을 내려놓는다.
ジムでトレーニングを続けていたら、筋肉がついてきた。,헬스장에서 계속 트레이닝을 했더니 근육이 붙었다.
急に立ち上がったら、めまいがした。,갑자기 일어섰더니 현기증이 났다.
パソコン作業の合間に窓の外を見て、目を休めるようにしている。,컴퓨터 작업 중간중간 창밖을 보며 눈을 쉬게 하려고 한다.
体重の増減をグラフに記録している。,체중의 증감을 그래프로 기록하고 있다。
長引く病気で体力が衰弱しているため、静養が必要だ。,오래 끄는 병으로 체력이 쇠약해져 있어 정양이 필요하다.
適度な運動は健康に益するだけでなく、ストレス解消にもなる。,적당한 운동은 건강에 유익할 뿐만 아니라 스트레스 해소도 된다.
早起きは健康の秘訣であり、一日を有効に使える。,일찍 일어나는 것(조기)은 건강의 비결이며 하루를 유효하게 쓸 수 있다.
海外で働けるなんて本当に羨ましい。,해외에서 일할 수 있다니 정말 부럽다.
無理に笑顔を強いるのはやめてほしい。,억지로 웃음을 강요하는 건 그만했으면 좋겠다.
期待と不安が交々に押し寄せ、眠れない夜を過ごした。,기대와 불안이 번갈아 밀려와 잠 못 이루는 밤을 보냈다.
薄い和紙は光が透く。,얇은 일본 종이는 빛이 비친다。
彼の話し方にはどこか物がある。,그의 말투에는 어딘가 불만스러운 구석이 있다.
不安で胸がドキドキして、なかなか眠れなかった。,불안해서 가슴이 두근거려 좀처럼 잠이 오지 않았다.
糸を手繰って魚を引き寄せた。,줄을 끌어당겨 물고기를 가까이 끌어왔다.
小さな庭を眺めているだけで幸せな気持ちになる。,작은 정원을 바라보고 있기만 해도 행복한 기분이 든다.
未練を断つために、思い出の品をすべて処分する決意をした。,미련을 끊기 위해 추억의 물건을 모두 처분할 결심을 했다.
ひょっとすると彼はもう会社を辞めたのかもしれない。,어쩌면 그는 벌써 회사를 그만뒀을지도 몰라.
遠足には、お茶を入れた水筒を持っていきます。,소풍에는 차를 담은 물통을 가져갑니다.
このカメラの夜景モードを試してみよう。,이 카메라의 야경 모드를 시험해 보자.
旅の安全のお守りを買った。,여행 안전 부적을 샀다.
小さな箱庭を眺めていると、心が落ち着く。,작은 하코니와를 바라보고 있으면 마음이 차분해진다.
この寺を開いた上人の伝記を読んだ。,이 절을 세운 상인의 전기를 읽었다.
牧場の雌牛はのんびり草をはんでいた。,목장의 암소가 느긋하게 풀을 뜯고 있었다.
困難に立ち向かうその姿は、まさに勇そのものであった。,고난에 맞서는 그 모습은 그야말로 용기 그 자체였다.
床の間に掛け軸を飾った。,도코노마에 족자를 걸어 장식했다。
係員が私たちを出口へ導いてくれた。,직원이 우리를 출구로 안내해 주었다.
参拝すると心が清まって、背筋が伸びる感じがする。,참배하면 마음이 맑아져 등이 펴지는 느낌이 든다.
表通りは賑やかだが、一本路地に入ると静かな住宅街が広がっている。,"큰길은 번화하지만, 골목 하나만 들어가면 조용한 주택가가 펼쳐져 있다."
路地裏には昔ながらの店屋が並び、懐かしい雰囲気が漂う。,뒷골목에는 옛날 그대로의 가게들이 늘어서 있어 그리운 분위기가 감돈다.
雨上がりの五重の塔が、しっとりと輝いていた。,비가 갠 뒤 오층탑이 촉촉하게 빛나고 있었다。
十日戎の祭りでは、商売繁盛を願う人々で神社が溢れかえる。,"도카에비스 축제에서는, 장사 번창을 기원하는 사람들로 신사가 넘쳐난다."
厄を払うために、神社で小さなお守りを買った。,액을 막기 위해 신사에서 작은 부적을 샀다.
祖母の家を訪ねる途中、懐かしい商店街を歩いた。,할머니 댁을 찾아가는 길에 그리운 상점가를 걸었다.
雲が切れて名月が現れた。,구름이 걷히고 밝은 달이 나타났다.
この道が一番正しいと思って選んだのに、迷ってしまった。,이 길이 가장 옳다고 생각해서 골랐는데 헤매 버렸다.
待ち合わせは駅の二丁目側の出口にしよう。,만남은 역 2초메 쪽 출구로 하자.
同じホテルに三日間連泊するので、荷物を広げたままで大丈夫だ。,같은 호텔에 3일간 연박하므로 짐을 펼쳐 둬도 괜찮다.
夕方のハッピーアワーには、カクテルが半額になるので客で賑わう。,저녁 해피 아워에는 칵테일이 반값이라 손님들로 붐빈다.
人の家に上がり込んで文句を言うなんて、かなり厚かましい態度だ。,남의 집에 들어가서 불평을 늘어놓다니 꽤 뻔뻔한 태도다.
この道は工事中のため、車の通行が禁止されている。,이 도로는 공사 중이라 차량 통행이 금지되어 있다.
世間の目を気にしすぎると、自分らしく生きられない。,세상의 시선을 너무 신경 쓰면 자기답게 살 수 없다.
誇大広告に騙されないように、商品の情報をよく確認する。,과대광고에 속지 않도록 상품 정보를 잘 확인한다.
寝惚けてパジャマのまま外に出てしまい、慌てて戻った。,잠이 덜 깨서 파자마 차림으로 밖에 나갔다가 황급히 돌아왔다.
一度は本場の歌舞伎を見てみたいです。,한 번은 본고장의 가부키를 보고 싶습니다.
収穫祭の日には、新米と野菜を神様にお供えする。,추수제 날에는 햅쌀과 채소를 신께 올린다.
彼には昔からの義理があるので、今回だけは力になりたい。,그에게는 예전부터의 의리가 있어서 이번만큼은 힘이 되어 주고 싶다.
結婚式の儀式は厳かな雰囲気の中で進んだ。,결혼식 의식은 엄숙한 분위기 속에서 진행되었다.
商店街には色とりどりの七夕飾りが吊るされ、風に揺れている。,상점가에는 형형색색의 칠석 장식이 매달려 바람에 흔들리고 있다.
豊作を祝う祭りでは、力自慢の男たちが重い米俵を軽々と担ぐ。,"풍작을 축하하는 축제에서는, 힘자랑하는 남자들이 무거운 쌀가마니를 가볍게 멘다."
彼女は三十代だが、まだ独身で自由な生活を楽しんでいる。,그녀는 30대이지만 아직 독신으로 자유로운 생활을 즐기고 있다.
人気商品はすぐに売り切れてしまう。,인기 상품은 바로 매진되어 버린다.
鞄の据わりが悪くて自立しない。,가방의 바닥이 불안정해서 스스로 서지 못한다.
万が一ご満足いただけない場合は、全額返金保証いたします。,"만일 만족하지 못하실 경우, 전액 환불 보증해 드립니다."
今ならもう一つ、同じ商品を無料でプレゼントいたします！,"지금이라면 하나 더, 같은 상품을 무료로 선물해 드립니다!"
着ていることを忘れるほど軽く、通気性にも優れています。,"입고 있는 것을 잊을 정도로 가볍고, 통기성도 뛰어납니다."
まるで素手感覚で使える、極薄のゴム手袋です。,"마치 맨손 감각으로 쓸 수 있는, 극도로 얇은 고무장갑입니다."
開店前から人が長く並ぶ店には、理由がある。,개점 전부터 사람이 길게 줄 서는 가게엔 이유가 있다.
この箱は見た目より重い。,이 상자는 겉보기보다 무겁다.
まとめ買いするので、少し値引きしてもらえませんか。,여러 개를 한꺼번에 살 테니 조금 깎아 주시겠어요?
驚きの軽さで、女性やご年配の方でも片手でラクラク持てます。,"놀라운 가벼움으로, 여성이나 연세 드신 분도 한 손으로 거뜬히 들 수 있습니다."
これ一本で、化粧水、乳液、美容液のケアが完了します。,"이것 하나로, 스킨, 로션, 에센스의 케어가 완료됩니다."
最新の家電を使えば、家事がもっと楽になるだろう。,최신 가전을 사용하면 집안일이 좀 더 편해질 것이다.
彼の説明を聞いても、心の中の疑念は消えなかった。,그의 설명을 들어도 마음속 의혹은 사라지지 않았다.
失敗して、千尋の谷に落ちたような気分になった。,실패해서 천 길 낭떠러지로 떨어진 기분이 들었다。
紆余曲折を経て、二人はようやく結ばれた。,"우여곡절을 겪고, 두 사람은 드디어 맺어졌다."
犬が新聞を口に銜えて走ってきた。,개가 신문을 입에 물고 달려왔다.
定期コースにお申し込みいただくと、毎回１０％オフになります。,"정기 코스로 신청하시면, 매번 10% 할인이 됩니다."
お申込み番号は、１番、１番です。お間違えのないように。,"신청 번호는, 1번, 1번입니다. 착오 없으시도록."
返品時の送料も、当社が全額負担させていただきます。,"반품 시의 배송비도, 당사가 전액 부담하겠습니다."
暮春の風は、どこか寂しさを運んでくる。,늦봄의 바람은 어딘가 쓸쓸함을 실어 온다.
困難に直面しても、貞節を貫いた。,곤란에 직면해도 정절을 끝까지 지켰다。
彼が来るのは確かだが、何時になるかは分からない。,그가 오는 것은 확실하지만 몇 시에 올지는 모른다.
晩夏の風は、どこか寂しく感じる。,늦여름 바람은 어딘가 쓸쓸하게 느껴진다.
彼はあの名監督の門下生として知られている。,그는 그 명감독의 문하생으로 알려져 있다.
勇を鼓舞して、彼は誰も挑んだことのない難問に立ち向かった。,"용기를 북돋워, 그는 아무도 도전한 적 없는 난제에 맞섰다."
寂が胸に広がり、灯りを消せなかった。,쓸쓸함이 가슴에 퍼져 불을 끌 수 없었다。
彼は沈黙したまま、視線だけで答えを示した。,그는 침묵한 채 시선만으로 답을 보여줬다.
彼の文章は筆力があり、最後まで引き込まれる。,그의 글은 필력이 있어 끝까지 빠져든다.
彼はカーテンの隙間から外の様子をそっと覗いた。,그는 커튼 사이로 바깥 모습을 살짝 엿보았다.
祖父は村で篤農として知られていた。,할아버지는 마을에서 독농가로 알려져 있었다.
駅前には有象無象の人が行き交っていた。,역 앞에는 잡다한 사람들이 오가고 있었다.
英和辞典を引いて単語の意味を調べた。,영일 사전을 찾아 단어의 뜻을 확인했다.
試験の評価は可だったが、次はもっと頑張りたい。,시험 평가는 가였지만 다음에는 더 노력하고 싶다.
まだまだ勉強不足で、言いたいことがうまく言葉にできない時も多いです。,"아직 공부가 부족해서, 하고 싶은 말이 제대로 표현되지 않을 때도 많습니다."
伯母が毎年手作りのジャムを送ってくれる。,이모가 매년 수제 잼을 보내 준다.
小説の世界に没頭していると、日常の些細な悩みを忘れられる気がします。,"소설의 세계에 몰두하고 있으면, 일상의 사소한 고민을 잊을 수 있는 기분이 듭니다."
二人の価値観は水油で、同じ船に乗っても進む方角が違った。,두 사람의 가치관은 물과 기름이라 같은 배를 타도 가는 방향이 달랐다.
彼女はカメラの前で少し恥じらって笑った。,그녀는 카메라 앞에서 조금 수줍어하며 웃었다.
裏切りへの報復を誓う場面が、物語の転機になった。,배신에 대한 보복을 맹세하는 장면이 이야기의 전환점이 됐다.
彼の話は高尚すぎてついていけなかった。,그의 이야기는 너무 고상해서 따라갈 수 없었다。
言えない苦衷を抱えたまま、彼女は笑っていた。,말 못 할 고충을 안은 채 그녀는 웃고 있었다.
畑の土の匂いが、子どものころを思い出させる。,밭의 흙 냄새가 어린 시절을 떠올리게 한다.
寒い夜には祖母が行火で足を温めていた。,추운 밤이면 할머니는 행화로 발을 데우곤 했다.
冬の乾燥で髪の毛が静電気を帯び、鏡の前で見るとぴんと逆立っていた。,겨울철 건조한 공기 때문에 머리카락에 정전기가 일어 거울을 보니 쭉 곤두서 있었다.
会場の中央に、白い花のアーチが設置された。,행사장 중앙에 하얀 꽃 아치가 설치됐다.
古い屋敷は高い板塀で囲まれており、中の様子は伺い知れない。,"오래된 저택은 높은 판자 울타리로 둘러싸여 있어, 안의 모습은 엿볼 수 없다."
ステルスマーケティングは消費者の信頼を損なうため、倫理的に問題視される。,"스텔스 마케팅(뒷광고)은 소비자의 신뢰를 해치기 때문에, 윤리적으로 문제시된다."
サービス向上のため、通話内容を録音させていただいております。,서비스 향상을 위해 통화 내용을 녹음하고 있습니다.
洗ったシャツをベランダに干しておいてくれる？,빨아놓은 셔츠를 베란다에 널어 줄래?
湿度が高い日はエアコンの除湿を使う。,습도가 높은 날에는 에어컨 제습을 사용한다.
二人は永遠の愛を誓う。,두 사람은 영원한 사랑을 맹세한다.
遅刻しそうで、駅まで駆け足で向かった。,지각할 것 같아서 역까지 종종걸음으로 달려갔다.
猫が暴れて、部屋の中が目茶苦茶になった。,고양이가 날뛰어서 방 안이 엉망진창이 되었다.
店主はこの写真を宝のように扱っている。,가게 주인은 이 사진을 보물처럼 다룬다.
店内でWi-Fiは利用できますか？ パスワードを教えてください。,점내에서 와이파이는 이용할 수 있나요? 비밀번호를 알려주세요.
強風のため、リフトの運行を見合わせております。,강풍으로 인해 리프트 운행을 보류하고 있습니다.
彼は高尚な趣味としてクラシック音楽を楽しんでいる。,그는 고상한 취미로 클래식 음악을 즐긴다.
祖母は台所で仕事をしながら、昔覚えた小唄を口ずさんでいた。,할머니는 부엌일을 하면서 예전에 외웠던 일본 소가요를 흥얼거리고 있었다.
この曲を聞くと学生時代が懐かしくなる。,이 곡을 들으면 학창 시절이 그리워진다.
遠くから舟歌が聞こえて、旅情が増した。,멀리서 뱃노래가 들려와 여행 감성이 짙어졌다.
ピアノと弦の音量を調和させると、曲全体がぐっと聴きやすくなる。,피아노와 현악의 음량을 조화시키면 곡 전체가 훨씬 듣기 좋아진다.
この曲、イヤホンで聴くとベースがはっきりする。,이 곡은 이어폰으로 들으면 베이스가 또렷해진다.
式典の開幕を告げるファンファーレを、基地の楽隊が演奏した。,식전의 개막을 알리는 팡파르를 기지의 악대가 연주했다.
子どもの頃からいくつかの楽器に触れてきたが、今も一番好きなのはピアノだ。,"어릴 때부터 여러 가지 악기를 접해 왔지만, 지금도 가장 좋아하는 것은 피아노이다."
子どものころ、エイリアンが出てくる映画を見て眠れなくなった。,어릴 때 외계인이 나오는 영화를 보고 잠을 잘 수 없게 되었다.
中継がつながっております、現場の様子を伝えてもらいましょう。,"중계가 연결되어 있습니다, 현장의 모습을 전해 듣도록 하죠."
街で偶然元彼に会ったが、昔よりもずっと大人びて見えた。,거리에서 우연히 전 남자친구를 만났는데 옛날보다 훨씬 어른스러워 보였다.
顔を上げて。涙は空の上に預けてしまおう。,얼굴을 들어. 눈물은 하늘 위에 맡겨 버리자.
晩夏の夜に響く鈴虫の音色が、秋の訪れを告げる。,늦여름 밤에 울리는 방울벌레 소리가 가을의 시작을 알린다.
彼は仕事も恋愛もすべてうまくいかず、惨めな気持ちになっていた。,그는 일도 사랑도 모두 잘 되지 않아 비참한 기분이 들었다.
彼とは家族同然の間柄なので、何でも相談できる。,그는 가족이나 다름없는 사이여서 뭐든지 상의할 수 있다.
身内の相談に、彼は親身になって乗ってくれた。,가족의 상담에 그는 친절하고 진심으로 도와주었다.
二階の窓から顔を出して、彼女は通りを歩く友人に手を振った。,"2층 창문으로 얼굴을 내밀고, 그녀는 거리를 걷는 친구에게 손을 흔들었다."
元彼のことを引きずっていて、新しい恋に踏み出す殻を破れない。,전 남자 친구를 잊지 못해 새로운 사랑으로 나아갈 껍질을 깨지 못하고 있다.
彼女の瞳が涙で揺れた。,그녀의 눈동자가 눈물로 흔들렸다.
祖父の直筆の手紙を読み返すと、胸が熱くなる。,할아버지의 자필 편지를 다시 읽으면 가슴이 뜨거워진다.
試合終了間際のシュートは、惜しくもアウトになってしまった。,경기 종료 직전의 슛은 아깝게도 아웃이 되고 말았다.
怪我から見事にカムバックした選手が歓声を浴びた。,부상에서 멋지게 컴백한 선수가 환호를 받았다.
チームの守備力を強化するための練習メニューが組まれた。,팀의 수비력을 강화하기 위한 연습 메뉴가 짜였다.
このチームも、ようやく纏まりが出てきたね。,이 팀도 이제야 겨우 하나로 뭉치기 시작했네.
激しい運動によって発汗が促され、体がすっきりした。,격렬한 운동으로 발한이 촉진되어 몸이 개운해졌다.
"9回裏、彼の犠打で三塁ランナーが生還した。","9회 말, 그의 희생번트로 3루 주자가 득점했다."
放課後、グラウンドでいろいろな球技を楽しむ生徒たちの声が響いた。,방과 후 운동장에서는 여러 구기를 즐기는 학생들의 목소리가 울려 퍼졌다.
少年は新しい球を抱えて、公園へ走っていった。,소년은 새 공을 끌어안고 공원으로 달려갔다.
週末になると父は友達と競馬場に通っている。,주말이 되면 아버지는 친구들과 경마장에 다닌다.
競輪のレースはスピードと駆け引きの緊張感が魅力だ。,경륜 레이스는 속도와 수 싸움의 긴장감이 매력이다.
優勝が決まった瞬間、スタジアム中に大きな歓声が上がった。,"우승이 결정되는 순간, 경기장 전체에 큰 환성이 터져 나왔다."
決勝戦まで健闘したが、あと一歩届かなかった。,결승전까지 분전했지만 한 걸음 모자랐다.
朝、初雪が舞っていた。,아침에 첫눈이 흩날리고 있었다.
マラソン大会では、コースの要所ごとに救護テントが設置されている。,마라톤 대회에서는 코스의 요충마다 구호 텐트가 설치되어 있다.
頂上に辿り着いた登山家は、雲海を見下ろしながら達成感に浸った。,"정상에 도달한 등산가는, 운해를 내려다보며 성취감에 젖었다."
九回裏に劇的な逆転ホームランが飛び出し、球場は大歓声に包まれた。,"9회 말에 극적인 역전 홈런이 터지자 경기장은 환호성으로 가득 찼다."
延長での一打は殊勲の働きだった。,연장에서의 한 방은 특별한 공훈이었다.
新しいスポーツ施設が駅前にできた。,새 스포츠 시설이 역 앞에 생겼다.
女子サッカーの試合を、家族で見に行った。,여자 축구 경기를 가족과 보러 갔다.
垂直に切り立った崖を、命綱なしで登るクライマーがいる。,"수직으로 깎아지른 절벽을, 생명줄 없이 오르는 클라이머가 있다."
関取が土俵に塩を撒く姿は、邪気を払い場を清めるという意味がある。,스모 선수가 도효에 소금을 뿌리는 모습은 사기를 쫓고 장소를 정화한다는 의미가 있다.
高校野球の選抜大会に出場することは、多くの球児たちの夢である。,고교 야구 선발 대회에 출전하는 것은 많은 야구 소년들의 꿈이다.
どちらが勝つかなどという愚問はやめて、ただ試合結果を待とう。,"어느 쪽이 이길까 따위의 어리석은 질문은 그만두고, 그저 시합 결과를 기다리자."
サーブ権を取り返し、ここで流れを一気に引き寄せたいところです。,"서브권을 되찾아, 여기서 흐름을 단번에 가져오고 싶은 시점입니다."
ゴール前の混戦から、泥臭く押し込みました！,"골문 앞 혼전 속에서, 진흙탕 싸움 끝에 밀어 넣었습니다!"
イエローカード２枚目で、痛恨の退場処分となりました。,"옐로카드 2장째로, 통한의 퇴장 처분이 되었습니다."
ポールポジションからスタートしたマシンが、首位をキープしています。,"폴 포지션에서 출발한 머신이, 선두를 유지하고 있습니다."
審判団が集まり、今のプレーについて協議を行っています。,"심판진이 모여, 방금 플레이에 대해 협의를 진행하고 있습니다."
ゴールネットを揺らす轟音が、スタジアム全体に響き渡りました。,"골 네트를 흔드는 굉음이, 스타디움 전체에 울려 퍼졌습니다."
無回転のシュートが、不規則に変化してキーパーを襲います。,"무회전 슛이, 불규칙하게 변화하며 골키퍼를 습격합니다."
今大会の最優秀選手候補として、注目が集まっています。,"이번 대회 최우수 선수(MVP) 후보로서, 주목이 쏠리고 있습니다."
スリーポイントシュートが決まり、一気に点差を縮めました。,"3점 슛이 성공하여, 단번에 점수 차를 좁혔습니다."
ボール支配率では勝っていますが、なかなか得点に結びつきません。,"볼 점유율에서는 이기고 있지만, 좀처럼 득점으로 연결되지 않습니다."
一進一退の攻防が続き、会場のボルテージは最高潮に達しています。,"일진일퇴의 공방이 이어져, 경기장의 열기는 최고조에 달하고 있습니다."
代打サヨナラ満塁ホームラン！ 劇的な幕切れとなりました！,대타 끝내기 만루 홈런! 극적인 결말로 막을 내렸습니다!
あまりの速さに、カメラさえも捉えきれないほどです。,"너무나 빠른 속도에, 카메라조차 포착해내지 못할 정도입니다."
精密機械のようなコントロールで、コーナーの四隅を突いてきます。,"정밀 기계 같은 컨트롤로, 코너의 네 귀퉁이를 찔러 옵니다."
ゴールポストに嫌われ、惜しくも得点にはなりません！,"골 포스트에 미움받아(맞고 튕겨), 아깝게도 득점은 되지 않습니다!"
連覇を目指す王者にとって、ここは負けられない一戦です。,"연패를 노리는 왕자에게 있어, 여기는 질 수 없는 일전입니다."
スタートで出遅れましたが、驚異的な追い上げを見せています。,"스타트에서 늦었지만, 경이적인 추격을 보여주고 있습니다."
身長２メートルを超える大型新人が、デビュー戦で大暴れです。,"신장 2미터를 넘는 대형 신인이, 데뷔전에서 난동을 부리고(맹활약) 있습니다."
観客席に飛び込まんばかりのファインプレーで、アウトをもぎ取りました！,"관중석으로 뛰어들 듯한 파인 플레이로, 아웃을 따냈습니다!"
緊張の一瞬、スタジアムが静まり返りました。,"긴장의 일순간, 스타디움이 쥐 죽은 듯 조용해졌습니다."
彼は必ず優勝すると、皆の前で堂々と広言した。,"그는 반드시 우승하겠다고, 모두의 앞에서 당당히 공언했다."
友人の結婚式に招待された。,친구 결혼식에 초대받았다.
友人のけんかを止めるために間に入った。,친구 싸움을 말리기 위해 사이에 끼어들었다.
友達に昨夜の寝言を録音されていて恥ずかしかった。,친구가 어젯밤 내 잠꼬대를 녹음해 놔서 민망했다.
田舎に住む祖父母は、孫が来るのをずっと待ち望んでいる。,시골에 사는 조부모는 손자가 오기를 계속 고대하고 있다.
何気ない日常の中にこそ幸福がある。,무심한 일상 속에야말로 행복이 있다.
人間は、運命を耐えるようには作られていない。運命を切り開くようにつくられているのだ。,인간은 운명을 견디도록 만들어지지 않았다. 운명을 개척하도록 만들어졌다. - 나쓰메 소세키
孤独を味わうことで、人は自分を知り、自分を深める。,"고독을 맛봄으로써, 사람은 자신을 알고, 자신을 깊게 한다. - 사이토 모키치"
ゆっくり進むことを恐れるな。ただ立ち止まることを恐れよ。,천천히 가는 것을 두려워하지 마라. 오직 멈춰 서는 것을 두려워하라. - 공자
重要なのは、どれだけ多くを所有するかではなく、どれだけ少なくを必要とするかだ。,"중요한 것은 얼마나 많이 소유하느냐가 아니라, 얼마나 적게 필요로 하느냐이다. - 에피쿠로스"
目的のない読書は、ただの散歩にすぎない。,목적 없는 독서는 그저 산책에 불과하다. - 새뮤얼 존슨
週末の繁華街は、人波で歩くのも大変だ。,주말 번화가는 인파로 걷기도 힘들다.
怠惰は、心の錆である。,나태는 마음의 녹이다. - 토머스 풀러
彼女は巧みな術で相手の緊張をほぐし、本音を引き出していった。,그녀는 교묘한 술책으로 상대의 긴장을 풀어 진심을 이끌어냈다.
彼の意見を変えようとするのは、暖簾に腕押しで徒労に終わった。,"그의 의견을 바꾸려 하는 것은, 솜에 바늘 찾기(노렌에 팔 밀기)로 헛수고로 끝났다."
彼の自信ありげな口振りから、成功を確信しているのが伝わってくる。,그의 자신감 넘치는 말투에서 성공을 확신하고 있음이 전해져 온다.
第二次世界大戦の写真展を見て心が痛んだ。,제2차 세계대전 사진전을 보고 마음이 아팠다.
一度の失敗で、彼の自信は大きく揺らいだ。,한 번의 실패로 그의 자신감은 크게 흔들렸다.
約束に反する行動は信頼を失う原因になる。,약속에 반하는 행동은 신뢰를 잃는 원인이 된다.
犬がすぐに子どもに懐いて、尻尾を振った。,개가 금세 아이에게 마음을 열고 꼬리를 흔들었다.
自分を許すことができぬ者に、他人を許すことは決してできない。,"자신을 용서할 수 없는 자는, 다른 사람을 결코 용서할 수 없다. - 마하트마 간디"
この辺りは初めて来たのですが、昔ながらの日本の風景が残っていて心が和みます。,"이 근처는 처음 왔는데, 옛날 일본의 풍경이 남아있어 마음이 평온해집니다."
大勢の前で発表する時の恥ずかしさを克服する,많은 사람 앞에서 발표할 때의 부끄러움을 극복하다
祖母は長患いが続いているが、気持ちはとても前向きだ。,"할머니는 오랜 지병으로 고생하고 있지만, 마음가짐은 매우 긍정적이다."
茶道の心を究めるために、師匠のもとで十年以上修行している。,다도의 마음을 극진히 깨우치기 위해 스승 밑에서 10년 넘게 수련하고 있다.
彼は故郷への思いを胸に携え、最新の研究成果を携えて海外の学会に向かった。,"그는 고향에 대한 마음을 가슴에 지니고, 최신 연구 성과를 지참한 채 해외 학회로 향했다."
決勝戦を前に、選手たちの気持ちは高ぶっていた。,결승전을 앞두고 선수들의 마음은 들떠 있었다.
同僚の成功を羡望する気持ちを抑えた。,동료의 성공을 부러워하는 마음을 눌렀다.
旅に出る前に、読書で心を肥やしたい。,여행을 떠나기 전에 독서로 마음을 풍요롭게 하고 싶다.
上司が翻意して計画は続行になった。,상사가 마음을 바꿔 계획은 계속 진행되게 됐다。
ビルが林立する街でも、小さな公園が心の支えになる。,빌딩이 즐비한 도시에서도 작은 공원이 마음의 버팀목이 된다.
彼の心を激しく揺すぶるような感動的な映画だった。,그의 마음을 격렬하게 뒤흔드는 듯한 감동적인 영화였다.
駅伝の選手は、仲間の想いが詰まった襷を次の走者に渡した。,"역전 경주(이어달리기) 선수는, 동료의 마음이 담긴 어깨띠를 다음 주자에게 건넸다."
歴史に名を残す賢人の言葉は、現代人の心にも深く響く。,역사에 이름을 남긴 현인의 말은 현대인의 마음에도 깊이 울린다.
予約情報と身分証明書の番号を照合する。,예약 정보와 신분증 번호를 대조한다.
旅の供として、気心の知れた友人を誘った。,여행 동행으로 마음이 통하는 친구를 초대했다.
クーポンを利用したいのですが、予約時に伝える必要がありますか。,"쿠폰을 이용하고 싶은데, 예약 시에 말할 필요가 있나요."
先ほど予約した佐藤ですが、人数の変更をお願いしたいのですが。,"방금 예약한 사토입니다만, 인원 변경을 부탁드리고 싶은데요."
予約時間の１０分前にはご来店くださいますようお願いいたします。,예약 시간 10분 전에는 내점해 주시기를 부탁드립니다.
はい、ご予約ありがとうございました。お待ちしております。,"네, 예약 감사했습니다. 기다리고 있겠습니다."
当店は完全予約制ですので、事前の連絡をお願いいたします。,"저희 가게는 완전 예약제이므로, 사전 연락을 부탁드립니다."
キャンセル待ちをすることは可能でしょうか。,캔슬(취소) 대기를 하는 것은 가능할까요.
暗黒時代は、ローマ帝国の崩壊に続く知的停滞の時代であった。,암흑시대는 로마 제국의 붕괴에 뒤이어 나타난 지적 정체의 시대였다.
株価が乱高下する中、株式市場のトレーダーたちは不安そうに画面を見つめていた。,주가가 급등락하는 가운데 주식 시장 트레이더들은 불안한 듯 화면을 응시하고 있었다.
嵐が来る前に現金を引き出そうと人々が殺到し、ATMには長い列ができた。,폭풍이 오기 전에 현금을 인출하려는 사람들이 쇄도하여 ATM 앞에는 긴 줄이 생겼다.
鮮やかなサンゴ礁は、海水温の上昇により広範囲にわたる白化現象に見舞われた。,선명한 색의 산호초는 해수온 상승으로 인해 광범위한 백화 현상을 겪었다.
整備士はビンテージカーが完全に真っ直ぐ走るように、ホイールアライメントを慎重に調整した。,정비사는 빈티지 카가 완전히 똑바로 달리도록 휠 얼라인먼트를 신중하게 조정했다.
ジャーナリストは群衆をかき分けて進み、政治家にスキャンダルに関する回答を迫った。,저널리스트는 군중을 헤치고 나아가 정치인에게 스캔들에 관한 답변을 강요했다.
庭師はアブラムシの大量発生を自然に抑制するために、バラの茂みにテントウムシを放った。,정원사는 진딧물의 대량 발생을 자연적으로 억제하기 위해 장미 덤불에 무당벌레를 풀었다.
政府は独占禁止法を施行して巨大ハイテク企業を解体し、市場競争を回復させた。,정부는 독점 금지법을 시행하여 거대 기술 기업을 해체하고 시장 경쟁을 회복시켰다.
溶接工は2本の重い鋼鉄の梁を接合する際、明るい電気アークを発生させた。,용접공은 무거운 강철 빔 두 개를 접합할 때 밝은 전기 아크를 발생시켰다.
ハンナ・アーレントは、彼女の影響力のある政治哲学の著作の中で、権力と権威の性質を探求した。,한나 아렌트는 영향력 있는 자신의 정치 철학 저서에서 권력과 권위의 본질을 탐구했다.
北極の海氷が通常より早く溶けたため、ホッキョクグマは餌を見つけるのに苦労した。,북극의 해빙이 평소보다 빨리 녹았기 때문에 북극곰은 먹이를 찾는 데 어려움을 겪었다.
アルキメデスは入浴中に浮力の原理を発見した後、エウレカと叫んだとされている。,아르키메데스는 목욕 중에 부력의 원리를 발견한 뒤 유레카라고 외쳤다고 전해진다.
BCIとして知られるブレイン・コンピュータ・インターフェースにより、麻痺のある患者は思考だけでロボットアームを制御できる。,BCI로 알려진 뇌-컴퓨터 인터페이스를 통해 마비 환자는 생각만으로 로봇 팔을 제어할 수 있다.
地球は24時間ごとに地軸を中心に自転し、昼と夜のサイクルを引き起こしている。,지구는 24시간마다 지축을 중심으로 자전하며 낮과 밤의 순환을 만들어 낸다.
飛鳥時代は、古代日本における重要な芸術的、社会的、政治的変革によって特徴付けられる。,"아스카 시대는 고대 일본의 중요한 예술적, 사회적, 정치적 변혁으로 특징지어진다."
アルベール・カミュは、異邦人に関する有名な小説の中で不条理の概念を探求した。,알베르 카뮈는 유명한 소설 이방인에서 부조리의 개념을 탐구했다.
彼女は会議のために目を覚ますべく、朝のコーヒーからの強力なカフェイン摂取を必要としていた。,그녀는 회의에 맞춰 잠을 깨기 위해 모닝커피의 강력한 카페인 섭취가 필요했다.
医師は事故後の内部損傷を探すために、CTスキャンの画像を検査した。,의사는 사고 후 내부 손상 여부를 확인하기 위해 CT 스캔 영상을 검사했다.
その映画は高度なCGを利用して、人間の俳優と相互作用するリアルな恐竜を作成した。,그 영화는 고도의 CG를 활용하여 인간 배우와 상호 작용하는 사실적인 공룡을 만들어 냈다.
私たちはカナダのロッキー山脈へハイキングに行き、息をのむようなターコイズブルーの湖を見た。,우리는 캐나다 로키산맥으로 하이킹을 갔다가 숨이 멎을 듯 아름다운 청록색 호수를 보았다.
戦士は、弱点であるアキレス腱に矢が当たり、地面に倒れた。,전사는 약점인 아킬레스건에 화살을 맞고 땅에 쓰러졌다.
モンテカルロ法は、物理学や金融における複雑な数値問題を解決するためにランダムサンプリングを使用する。,몬테카를로 방법은 물리학이나 금융 분야의 복잡한 수치 문제를 해결하기 위해 무작위 표본 추출을 사용한다.
ゲオルク・カントールは、集合論と異なるサイズの無限という概念を開発し、数学に革命をもたらした。,게오르크 칸토어는 집합론과 크기가 서로 다른 무한의 개념을 개발하여 수학계에 혁명을 일으켰다.
彼女はビーチで長い一日を過ごした後、日焼けした肌に鎮静作用のあるアロエベラジェルを塗った。,그녀는 해변에서 긴 하루를 보낸 뒤 햇볕에 탄 피부에 진정 효과가 있는 알로에 베라 젤을 발랐다.
新しいソフトウェアの更新により、ユーザーはより高い柔軟性を持ってインターフェースをカスタマイズできるようになる。,새로운 소프트웨어 업데이트를 통해 사용자는 더 높은 유연성을 가지고 인터페이스를 사용자 지정할 수 있게 된다.
その歴史ドキュメンタリーは、戦時中のアドルフ・ヒトラー率いる政権の台頭を詳細に描いていた。,그 역사 다큐멘터리는 전시 중 아돌프 히틀러가 이끄는 정권의 대두를 상세하게 그려냈다.
ミトコンドリアはATPを生成し、細胞機能と筋肉収縮に必要なエネルギーを供給する。,미토콘드리아는 ATP를 생성하여 세포 기능과 근육 수축에 필요한 에너지를 공급한다.
候補者は、分断された国全体に希望と団結を鼓舞する大統領演説を行った。,후보자는 분열된 국가 전체에 희망과 단결을 불어넣는 대통령 연설을 했다.
トラは背の高い草の中で静かに待ち、油断している獲物に飛びかかる準備をしていた。,호랑이는 키 큰 풀 속에서 조용히 기다리며 방심하고 있는 사냥감에 달려들 준비를 하고 있었다.
その芸術家は、ギャラリー内のわずかな微風で優雅に動くキネティック彫刻を制作した。,그 예술가는 갤러리 안의 아주 작은 미풍에도 우아하게 움직이는 키네틱 조각을 제작했다.
登山家は頂上の薄い大気に到達すると、空気を求めてあえいだ。,등산가는 정상의 희박한 공기 속에 도달하자 숨을 헐떡였다.
アリストテレスはアレクサンドロス大王を指導し、論理学、倫理学、生物学について広範囲に執筆した。,"아리스토텔레스는 알렉산드로스 대왕을 가르쳤으며 논리학, 윤리학, 생물학에 대해 광범위하게 집필했다."
投手はカーブボールを投げて打者を三振に打ち取り、野球の優勝決定戦で勝利した。,투수는 커브볼을 던져 타자를 삼진으로 잡아내며 야구 결승전에서 승리했다.
スターティングピストルの大きな音が、短距離走者たちにブロックから飛び出す合図を送った。,출발 신호용 총의 큰 소리가 단거리 주자들에게 스타팅 블록을 박차고 나가라는 신호를 보냈다.
オルガン奏者は、大聖堂に響き渡るヨハン・セバスティアン・バッハによる複雑なフーガを演奏した。,오르간 연주자는 대성당에 울려 퍼지는 요한 세바스티안 바흐의 복잡한 푸가를 연주했다.
BCS理論は、電子がどのように対になって抵抗なく移動するかを記述することで、超伝導を説明する。,BCS 이론은 전자가 어떻게 쌍을 이루어 저항 없이 이동하는지를 기술함으로써 초전도 현상을 설명한다.
浅田真央は大会中、氷上を優雅に滑り、完璧なトリプルアクセルを決めた。,아사다 마오는 대회 중 얼음 위를 우아하게 지치며 완벽한 트리플 악셀을 성공시켰다.
抽象芸術の展覧会は、色と形の混沌とした飛沫を解釈するよう来場者に挑戦した。,추상 미술 전시회는 관람객들에게 색과 형태의 혼란스러운 흩뿌림을 해석해 보라고 도전장을 던졌다.
南極の研究者たちは、コウテイペンギンの行動を研究するために氷点下の気温に耐えた。,남극의 연구원들은 황제펭귄의 행동을 연구하기 위해 영하의 기온을 견뎌냈다.
アマゾンの熱帯雨林は、その膨大な炭素貯蔵能力により、地球の生態系にとって不可欠である。,아마존 열대 우림은 방대한 탄소 저장 능력으로 인해 지구 생태계에 있어 필수적이다.
天城型巡洋戦艦は、大日本帝国海軍のために計画された強力な艦艇シリーズであった。,아마기급 순양전함은 일본 제국 해군을 위해 계획된 강력한 함정 시리즈였다.
賑やかなナイトマーケットでは、多種多様なおいしいアジアの屋台料理や地元の工芸品が提供されていた。,활기찬 야시장에서는 다양하고 맛있는 아시아의 길거리 음식과 지역 공예품이 판매되고 있었다.
名人は、樹齢の長い松の盆栽の小さな枝を慎重に剪定した。,명인은 수령이 오래된 소나무 분재의 잔가지를 신중하게 전정했다.
ジャン・ボードリヤールは、ポストモダン世界では現実が象徴や記号に置き換えられていると論じた。,장 보드리야르는 포스트모던 세계에서는 현실이 상징이나 기호로 대체되었다고 주장했다.
民間航空安全局は、すべてのフライトの安全を確保するために空域を規制している。,민간항공안전국 CASA는 모든 비행의 안전을 확보하기 위해 공역을 규제하고 있다.
開いた窓から冷たい冬の風が吹き込むと、子供は震えて「ブルブル」と言った。,열린 창문으로 차가운 겨울바람이 불어오자 아이는 몸을 떨며 오들오들 이라고 말했다.
ブラジルのカラフルなカーニバルのパレードは、凝った衣装のダンサーとリズミカルなサンバ音楽を特徴としていた。,브라질의 화려한 카니발 퍼레이드는 정교한 의상을 입은 무용수들과 리드미컬한 삼바 음악이 특징이었다.
CEOはガラス張りの会議室で、取締役会に四半期決算報告書を提示した。,CEO는 유리 벽으로 된 회의실에서 이사회에 분기 실적 보고서를 제출했다.
海の深い青色は、水平線で空と融合していた。,바다의 짙은 푸른색은 수평선에서 하늘과 하나로 어우러졌다.
甲虫の玉虫色の殻は、葉の上を這うときに日光を浴びてきらめいていた。,딱정벌레의 영롱한 껍질은 나뭇잎 위를 기어갈 때 햇빛을 받아 반짝였다.
ベイズの定理は統計学において、新しい証拠や情報に基づいて確率を更新するために使用される。,베이즈 정리는 통계학에서 새로운 증거와 정보를 바탕으로 확률을 업데이트하는 데 사용된다.
シェフはトマトとモッツァレラのサラダに添えるために、新鮮なバジルの葉を刻んだ。,셰프는 토마토 모짜렐라 샐러드에 곁들이기 위해 신선한 바질 잎을 다졌다.
カルノーサイクルは、あらゆる熱機関が達成できる理論上の最大効率を記述する。,카르노 사이클은 모든 열기관이 달성할 수 있는 이론상의 최대 효율을 기술한다.
松尾芭蕉は、カエルが古い池に飛び込む有名な俳句を詠んだ。,마츠오 바쇼는 개구리가 오래된 연못에 뛰어드는 내용의 유명한 하이쿠를 지었다.
突然の雨で雨宿りし、店先で空を見上げた。,갑작스런 비에 비를 피하며 가게 앞에서 하늘을 올려다봤다.
雪化粧をした富士山は、神々しい美しさで見る者を圧倒する。,"눈 화장을 한(눈 덮인) 후지산은, 신성한 아름다움으로 보는 이를 압도한다."
モン・ブランの頂上は常に雪に覆われ、登山家たちを惹きつける。,몽블랑 정상은 항상 눈에 덮여 있어 등산가들을 매혹한다.
山に登ると気圧が下がって耳が痛くなることがある。,산에 오르면 기압이 낮아져 귀가 아플 때가 있다.
潮干狩りに行って、あさりやはまぐりなどの貝をたくさん採った。,조개잡이에 가서 바지락이나 대합 같은 조개를 많이 캤다.
お茶の新芽だけを摘み取って、高級な緑茶を作る。,차의 새순만을 따서 고급 녹차를 만든다.
祭りの舞台で謡曲を聞き、屋台では民謡と歌謡が交互に流れていた。,"축제 무대에서 요곡을 듣고, 노점에서는 민요와 가요가 번갈아 흘러나왔다."
街の中心には、天に届くかのように高層ビルが聳えている。,도시 중심에는 하늘에 닿을 듯이 고층 빌딩이 우뚝 솟아 있다.
険しい山道を登りきると、素晴らしい絶景が待っていた。,험한 산길을 다 오르자 멋진 절경이 기다리고 있었다.
管理職は、迫りくる工場閉鎖の噂に関して断定的な否定を行った。,경영진은 임박한 공장 폐쇄 소문에 대해 단호하게 부인했다.
夕日を見ていたら、船がゆっくり沈むように水平線へ落ちていった。,석양을 보고 있자니 배가 천천히 가라앉듯 수평선 너머로 내려갔다.
神社の入り口にある朱塗りの鳥居は、山の緑によく映える。,신사 입구에 있는 붉은 칠을 한 토리이는 산의 녹색과 잘 어울린다.
最高経営責任者は、夕暮れ時の街のスカイラインを見下ろす床から天井までの窓のそばに立っていた。,최고 경영자는 해 질 녘 도시의 스카이라인이 내려다보이는 통유리창 옆에 서 있었다.
ボートは熱帯のラグーンの澄んだターコイズブルーの水面に穏やかに浮かんでいた。,보트는 열대 라군의 맑은 청록색 수면에 평온하게 떠 있었다.
ゲオルグは遠くの星に焦点を合わせるために、アンティークの望遠鏡の真鍮製のレンズを調整した。,게오르그는 먼 별에 초점을 맞추기 위해 골동품 망원경의 황동 렌즈를 조정했다.
海洋生物学者は汚染レベルを監視するためにサンゴ礁から水を採取していた。,해양 생물학자는 오염 수치를 감시하기 위해 산호초에서 물을 채취하고 있었다.
彼女は花瓶を割ったかどうか尋ねられると、断固として否定して頭を横に振った。,그녀는 꽃병을 깼는지 질문을 받자 단호하게 부정하며 고개를 가로저었다.
ベイは分厚い歴史の本に深く没頭して図書館の窓際に静かに座っていた。,베이는 두꺼운 역사책에 깊이 몰두한 채 도서관 창가에 조용히 앉아 있었다.
ジャンは日当たりの良いアトリエでキャンバスに青い絵の具の最後の一筆を加えた。,장은 햇볕이 잘 드는 화실에서 캔버스에 파란색 물감으로 마지막 붓질을 더했다.
シェフは白い皿の上に赤いトマトの間にモッツァレラチーズの新鮮なスライスを並べた。,셰프는 흰 접시 위 붉은 토마토 사이에 신선한 모짜렐라 치즈 슬라이스를 배열했다.
その建物は型破りな角度と混合された建築様式を持つポストモダンなデザインを特徴としていた。,그 건물은 파격적인 각도와 혼합된 건축 양식을 갖춘 포스트모던 디자인이 특징이었다.
シャボン玉は虹色の渦巻く色の模様を見せながら空中に浮かんでいた。,비눗방울은 무지개색의 소용돌이치는 무늬를 띠며 공중에 떠 있었다.
月光が湖の穏やかな水面を液状の銀のようにきらめかせた。,달빛이 호수의 잔잔한 수면을 녹은 은처럼 반짝이게 했다.
アルキメデスは木製の浴槽に座り、水が縁からこぼれ落ちるのを見つめた。,아르키메데스는 나무 욕조에 앉아 물이 가장자리로 넘쳐흐르는 것을 바라보았다.
教会のオルガン奏者は指が複数の鍵盤を走る間、足踏みペダルを踏んだ。,교회 오르간 연주자는 손가락으로 여러 건반을 훑는 동안 발로는 페달을 밟았다.
ピアニストは両手で独立したメロディーを織り交ぜながら複雑なフーガを演奏した。,피아니스트는 양손으로 독립적인 멜로디를 엮어내며 복잡한 푸가를 연주했다.
ヨハンは力強い腕の動きと激しい情熱を持ってオーケストラを指揮した。,요한은 힘찬 팔 동작과 뜨거운 열정으로 오케스트라를 지휘했다.
雪道を歩いたら、靴が真っ白になった。,눈길을 걸었더니 신발이 새하얘졌다.
無帽で出かけたら、日差しが思ったより強かった。,모자 없이 나갔더니 햇볕이 생각보다 강했다.
若さに飽かして無茶な旅程を組み、夜行で走り回った。,젊음을 믿고 무리한 여행 일정을 짜서 야간 이동으로 돌아다녔다.
看護師は小さなカップに液体薬の正確な用量を慎重に計測した。,간호사는 작은 컵에 액체 약의 정확한 용량을 신중하게 측정했다.
アルバートは散らかった書斎の黒板に複雑な物理の方程式を走り書きした。,알버트는 어지러운 서재의 칠판에 복잡한 물리 방정식을 휘갈겨 썼다.
ローバーの車輪は地形を探索しながら、赤い惑星の岩だらけの表面をきしませて進んだ。,로버의 바퀴는 지형을 탐사하며 붉은 행성의 암석 표면을 삐걱거리는 소리와 함께 나아갔다.
赤い列車が峠を通過する中、雪を頂いた山々が地平線にそびえ立っていた。,붉은 기차가 고개를 통과하는 가운데 눈 덮인 산들이 지평선에 우뚝 솟아 있었다.
ハイカーは頂上に到達し、谷の息をのむような景色を眺めた。,등산객은 정상에 도착하여 계곡의 숨 막히는 풍경을 바라보았다.
今年の初夢は富士山が出てきた。,올해 첫꿈에는 후지산이 나왔다.
短距離走者はレースの号砲が鳴った瞬間にスターティングブロックから飛び出した。,단거리 주자는 출발 총성이 울리는 순간 스타팅 블록을 박차고 나갔다.
ピッチャーは打者を驚かせ急に落ちる鋭いカーブボールを投げた。,투수는 타자를 놀라게 하며 급격히 떨어지는 날카로운 커브볼을 던졌다.
彼女がソース用に緑のバジルの葉を刻むと、新鮮な香りがキッチンに満ちた。,그녀가 소스에 넣을 초록색 바질 잎을 다지자 신선한 향기가 주방을 가득 채웠다.
ジェレミーはフォーマルなイベントに出かける前に鏡でシルクのネクタイを整えた。,제레미는 공식 행사에 참석하기 전에 거울을 보며 실크 넥타이를 매만졌다.
庭師は鋭い大鋏を使ってバラの茂みの伸びすぎた枝を剪定した。,정원사는 날카로운 큰 가위를 사용하여 장미 덤불의 너무 자란 가지를 쳐냈다.
鮮やかな羽の衣装を着たダンサーたちがストリートパレードで精力的にサンバを踊った。,화려한 깃털 의상을 입은 댄서들이 거리 퍼레이드에서 열정적으로 삼바를 췄다.
冷たい風がドアから雪を吹き込む中、子供は自分の体を抱きしめてブルブルと言った。,찬 바람이 문으로 눈을 몰아치는 가운데 아이는 몸을 웅크리며 춥다고 말했다.
市民たちは平和的な抗議活動の間に市民権を行使するために町の広場に集まった。,시민들은 평화적인 시위 활동 중에 시민권을 행사하기 위해 마을 광장에 모였다.
その博物館の展示は天井から吊るされた年代物の飛行機で航空の歴史を強調していた。,그 박물관의 전시는 천장에 매달린 구형 비행기로 항공의 역사를 강조하고 있었다.
警察官は交通量の多い交差点で交通を止めるために威厳を持って手を挙げた。,경찰관은 통행량이 많은 교차로에서 교통을 통제하기 위해 위엄 있게 손을 들었다.
濃霧で視界がほとんどゼロになった。,짙은 안개로 시야가 거의 0이 됐다.
氷の面が割れて、冷たい水がはねた。,얼음의 표면이 갈라져 차가운 물이 튀었다.
裁判官は主要な独占禁止法の事件に関する判決を確定させるために小槌を叩いた。,판사는 주요 독점 금지법 사건에 대한 판결을 확정하기 위해 의사봉을 두드렸다.
コンベンションセンターはドローンやVRヘッドセットを含む最新技術で満たされていた。,컨벤션 센터는 드론과 VR 헤드셋을 포함한 최신 기술로 가득 차 있었다.
庭師は小道に沿って鮮やかなペチュニアを植えるために土に膝をついた。,정원사는 오솔길을 따라 선명한 페튜니아를 심기 위해 흙바닥에 무릎을 꿇었다.
農夫はイナゴの大量発生がトウモロコシ作物を破壊しているのを絶望して眺めた。,농부는 메뚜기 떼가 옥수수 농작물을 망치는 것을 절망적으로 바라보았다.
科学者は化学的な解決策を見つけた後、ユーレカと叫んでフラスコを掲げた。,과학자는 화학적 해결책을 찾아낸 후 유레카라고 외치며 플라스크를 치켜들었다.
家庭教師は図を使って生徒に幾何学の問題を根気強く説明した。,과외 선생님은 도형을 사용하여 학생에게 기하학 문제를 끈기 있게 설명했다.
毛沢東を特集した年代物のポスターが歴史博物館の壁に展示されていた。,마오쩌둥을 다룬 오래된 포스터가 역사 박물관 벽에 전시되어 있었다.
彼女が氷上で完璧な3回転ジャンプを着氷させると観衆は歓声を上げた。,그녀가 은반 위에서 완벽한 3회전 점프를 착지하자 관중들은 환호했다.
フィギュアスケート選手は高速のダブルアクセルジャンプを行うために空中に飛び出した。,피겨 스케이팅 선수는 빠른 더블 악셀 점프를 하기 위해 공중으로 솟구쳤다.
腰から下が麻痺しているにもかかわらず、彼は車椅子バスケットボールで激しく競争した。,하반신이 마비되었음에도 불구하고 그는 휠체어 농구 경기에서 치열하게 경쟁했다.
ロボットアームは組立ラインで車の部品を溶接するために正確に動いた。,로봇 팔은 조립 라인에서 자동차 부품을 용접하기 위해 정밀하게 움직였다.
セバスチャンはクラシックの傑作となるであろうメロディーを作曲しながらチェンバロの前に座っていた。,세바스찬은 고전 명작이 될 멜로디를 작곡하며 하프시코드 앞에 앉아 있었다.
ヨガのインストラクターは完璧なアーチ状に後ろへ曲がることで優れた柔軟性を実演した。,요가 강사는 완벽한 아치 모양으로 허리를 뒤로 젖히며 뛰어난 유연성을 보여주었다.
彼女は皮膚の火傷を和らげるためにアロエベラの植物から葉を折った。,그녀는 피부 화상을 진정시키기 위해 알로에 베라 잎을 꺾었다.
日焼け止めなしでビーチで眠った後、彼の背中は痛々しく日焼けしていた。,자외선 차단제 없이 해변에서 잠든 후 그의 등은 쓰라릴 정도로 햇볕에 탔다.
巨大な宇宙巡洋戦艦はワープ速度での移動に備えるためにエンジンを点火した。,거대한 우주 순양 전함은 워프 속도 이동에 대비해 엔진을 점화했다.
コウテイペンギンたちは南極の棚氷の凍てつく風を生き抜くために身を寄せ合った。,황제펭귄들은 남극 빙붕의 매서운 바람을 견뎌내기 위해 서로 몸을 밀착했다.
祭りの日は善男善女が神社に参拝に来る。,축제 날에는 선남선녀가 신사에 참배하러 온다.
砂浜を裸足で歩くのが好きだ。,모래사장을 맨발로 걷는 걸 좋아한다.
山の麓にある小さな温泉宿に泊まった。,산 기슭에 있는 작은 온천 여관에서 묵었다.
山奥の源泉かけ流しの温泉に泊まりたい。,산속의 원천 그대로 흐르는 온천에 묵고 싶다。
温泉宿のロビーで、久しぶりに会った友人たちと夜更けまで語らった。,온천 여관 로비에서 오랜만에 만난 친구들과 밤늦도록 이야기꽃을 피웠다.
甲板に出ると、潮の香りと強い風が一度に押し寄せてきた。,갑판에 나가자 파도 냄새와 거센 바람이 한꺼번에 밀려왔다.
溶接工が2本の鋼鉄の梁を接合すると、火花が四方八方に飛び散った。,용접공이 두 개의 강철 빔을 접합하자 불꽃이 사방으로 튀었다.
ガソリンスタンドは、当店のすぐそばに24時間営業のスタンドがございます。,주유소는 저희 점포 바로 근처에 24시간 영업하는 곳이 있습니다.
雪の日に温泉へ入り、体の芯まで温まった。,눈 오는 날 온천에 들어가 속까지 따뜻해졌다.
窓辺に座って、海を眺めるだけで癒やされた。,창가에 앉아 바다를 바라보기만 해도 힐링됐다.
巨大な船の舷側に立ち、遠ざかる港に向かって手を振る。,거대한 배의 뱃전에 서서 멀어지는 항구를 향해 손을 흔든다.
活気ある朝市で、地元で採れた新鮮な野菜を買った。,활기찬 아침 시장에서 현지에서 갓 딴 신선한 채소를 샀다.
草津の温泉街を浴衣姿でゆっくりと散策する。,쿠사츠의 온천 거리를 유카타 차림으로 천천히 산책한다.
湖面に山々がくっきりと映る様子が美しかった。,호수 표면에 산들이 또렷이 비치는 모습이 아름다웠다.
この家は築百年を超える古民家だ。,이 집은 지은 지 백 년이 넘은 고가옥이다.
ココナッツの香りがする日焼け止めを買った。,코코넛 향이 나는 선크림을 샀다.
野外フェスは雨でも決行で、泥だらけになって笑った。,야외 페스티벌은 비가 와도 강행이라 진흙투성이가 되어 웃었다.
この程度の雨なら、傘がなくても平気だ。,이 정도 비라면 우산이 없어도 괜찮다.
夏の海には若者たちが砂浜に群れて、夜遅くまで騒いでいた。,여름 바다에는 젊은이들이 모래사장에 떼 지어 모여 늦은 밤까지 떠들어댔다.
彼は古い街並みを巡り歩き、路地の写真を撮り続けた。,그는 오래된 거리들을 돌아다니며 골목 사진을 계속 찍었다.
朝日が差し込む峡谷の底を、澄んだ川が静かに流れていた。,아침 햇살이 비치는 협곡 바닥을 맑은 강물이 조용히 흐르고 있었다.
山間部では急な斜面を利用した棚田で耕作が続けられている。,산간 지역에서는 가파른 비탈을 이용한 계단식 논에서 경작이 계속되고 있다.
松林を抜けると、潮の匂いが強くなった。,소나무 숲을 지나자 바닷내음이 진해졌다.
梅雨の合間に晴れたので、久しぶりに青空を見た。,장마 사이에 개어서 오랜만에 푸른 하늘을 봤다.
常夏の島では、夕暮れでもTシャツ一枚で歩けた。,상시 여름인 섬에서는 해질 무렵에도 티셔츠 한 장으로 걸을 수 있었다.
枝が折れて、雪がどさっと落ちた。,가지가 부러져 눈이 툭 떨어졌다.
砂浜を素足で歩くと、波の冷たさが気持ちいい。,모래사장을 맨발로 걸으면 파도의 차가움이 기분 좋다.
この湖は淡水だから、海の魚は住めない。,이 호수는 담수라서 바다 물고기는 살 수 없다.
満ち潮の時間に合わせて、磯で写真を撮った。,밀물 시간에 맞춰 갯바위에서 사진을 찍었다.
雲の切れ間から日が差して、濡れた道がきらめいた。,구름 사이로 해가 비쳐 젖은 길이 반짝였다.
左手には海が広がり、右手には山が迫る絶景のドライブコースだ。,"왼편에는 바다가 펼쳐지고, 오른편에는 산이 다가오는 절경의 드라이브 코스다."
干潟に集まる渡り鳥の群れは、まさに自然の神秘を感じさせる。,간석지에 모여드는 철새 무리는 그야말로 자연의 신비를 느끼게 한다.
この陵は静かで、鳥の声だけが響いていた。,이 능(무덤 언덕)은 조용해서 새소리만 울려 퍼졌다.
山の天辺から見下ろす雲海は言葉を失う美しさだ。,산꼭대기에서 내려다보는 운해는 말을 잃을 정도의 아름다움이다.
旗本の屋敷跡を見学した。,하타모토 저택 터를 견학했다。
春になると川沿いの堤に桜が咲き誇り、多くの花見客で賑わう。,"봄이 되면 강변 둑에 벚꽃이 흐드러지게 피어, 많은 상춘객으로 붐빈다."
草津温泉の湯畑から、硫黄の香りと湯気が立ち上る。,쿠사츠 온천의 유바타케에서 유황 냄새와 수증기가 피어오른다.
北方の空にオーロラが揺れていた。,북방의 하늘에 오로라가 흔들리고 있었다.
白壁の路地を歩くと、光がやわらかく反射する。,하얀 벽의 골목을 걸으면 빛이 부드럽게 반사된다.
京都には、歴史を感じさせる名所が数多く残っている。,교토에는 역사를 느끼게 하는 명소가 많이 남아 있다.
広大な砂漠が地平線のかなたまで続いている。,광대한 사막이 지평선 너머까지 이어져 있다.
大雨で土砂が崩れ、県道が通行止めになった。,폭우로 토사가 무너져 현도가 통행 금지가 되었다.
この辺りは初めてですか？,이 근처는 처음이세요?
台風で波浪警報が出て、港は閉鎖された。,태풍으로 파랑(해상) 경보가 내려 항구가 폐쇄되었다.
赤いマフラーが雪の中でよく目立つ。,빨간 목도리가 눈 속에서 잘 눈에 띈다.
その崖は、ほぼ垂直に切り立っている。,그 절벽은 거의 수직으로 깎아지른 듯 서 있다.
望遠レンズで山頂の小屋を撮影した。,망원 렌즈로 산꼭대기 오두막을 촬영했다.
嵐の夜、遠くから低い海鳴りが聞こえて不気味だった。,"폭풍우 치는 밤, 멀리서 낮게 울리는 해명 소리가 들려 섬뜩했다."
山道は落石の恐れあり、要注意の看板が立っていた。,산길에는 낙석 우려가 있어 ‘요주의’ 표지판이 서 있었다。
古い遺跡が砂に埋没していた。,오래된 유적이 모래에 매몰되어 있었다.
雲が切れて、遠くに陸地が見えてきた。,구름이 걷히며 멀리 육지가 보이기 시작했다.
朝、山麓のキャンプ場は霧に包まれていた。,아침에 산기슭의 캠핑장은 안개에 둘러싸여 있었다.
腰だめにカメラを構え、街角の一瞬を切り取った。,카메라를 허리 높이로 들고 거리의 순간을 포착했다.
頭上を巨大な旅客機が通過し、轟音で会話がかき消された。,"머리 위를 거대한 여객기가 통과하여, 굉음에 대화가 지워졌다."
海に浮かぶ赤いブイが、航路の安全を示している。,바다에 떠 있는 빨간 부표가 항로의 안전을 표시하고 있다.
眠らないシティの灯りが夜空を明るく照らす。,잠들지 않는 도시의 불빛이 밤하늘을 밝게 비춘다.
秋になると、京都の山々は鮮やかな紅葉に彩られる。,가을이 되면 교토의 산들은 선명한 단풍으로 물든다.
松尾芭蕉が名句を詠んだ山寺を訪れ、石段を登る。,마츠오 바쇼가 명구를 읊은 산사(야마데라)를 방문해 돌계단을 오른다.
彼は包み紙に油の染みを残した脂っこいハンバーガーを食べた後で手を拭いた,그는 포장지에 기름 얼룩을 남긴 기름진 햄버거를 먹은 후 손을 닦았다
空は重苦しい鉛色に変わり午後の激しい雷雨を予感させた,하늘은 무거운 납빛으로 변해 오후의 격렬한 뇌우를 예감하게 했다
その妊婦は赤ん坊が生まれる準備ができたことを知らせる突然の陣痛を感じた,그 임산부는 아기가 태어날 준비가 되었음을 알리는 갑작스러운 진통을 느꼈다
歴史家たちはヨーロッパにおける民主主義の崩壊を理解するためにヒトラーの台頭を分析する,역사학자들은 유럽에서의 민주주의 붕괴를 이해하기 위해 히틀러의 대두를 분석한다
ゲーマーはしばしば色とりどりのライトや高性能な冷却システムで自分のコンピュータをカスタマイズする,게이머는 종종 형형색색의 조명이나 고성능 냉각 시스템으로 자신의 컴퓨터를 사용자 정의한다
ローションを塗らずに浜辺で眠ってしまった後その観光客は痛みを伴う日焼けをして目覚めた,로션을 바르지 않고 해변에서 잠들어 버린 후 그 관광객은 통증을 동반한 햇볕 화상을 입고 깨어났다
その古代の遺跡は地元の人々の間で伝説を呼び起こす神秘的な霧に包まれていた,그 고대 유적은 현지인들 사이에서 전설을 불러일으키는 신비한 안개에 싸여 있었다
ロボット工学の専門家は人間の動きや身振りを模倣する人型機械を開発している,로봇 공학 전문가는 인간의 움직임이나 몸짓을 모방하는 인간형 기계를 개발하고 있다
その大きな類人猿は密生したジャングルの葉の中に静かに座り下の小動物を観察していた,그 커다란 유인원은 빽빽한 정글의 나뭇잎 속에 조용히 앉아 아래의 작은 동물들을 관찰하고 있었다
講演者が単純な生活習慣の選択について説教じみた口調を採用したとき聴衆は不快になった,강연자가 단순한 생활 습관의 선택에 대해 설교하는 듯한 어조를 취했을 때 청중은 불쾌해졌다
彼女は口を素早く覆うことで深刻な会議中の笑いを抑えようとした,그녀는 입을 재빨리 가림으로써 심각한 회의 중의 웃음을 참으려 했다
厚い紫色の霞が都市のスカイラインにかかり夢のような夕方の雰囲気を作り出した,짙은 보라색 안개가 도시의 스카이라인에 걸려 꿈같은 저녁 분위기를 자아냈다
母親はクレヨンで居間の白い壁に落書きをした子供を優しく叱っていた,어머니는 크레파스로 거실의 흰 벽에 낙서를 한 아이를 부드럽게 꾸짖고 있었다
巨大な積乱雲が地平線に形成され接近する激しい嵐を知らせていた,거대한 적란운이 지평선에 형성되어 접근하는 격렬한 폭풍을 알리고 있었다
完璧な夏の午後に白くふわふわした雲が青空をのんびりと漂っていた,완벽한 여름 오후에 하얗고 푹신한 구름이 푸른 하늘을 한가롭게 떠다니고 있었다
トラクターは春の植え付けに向けて畑を準備するために土に深い溝を耕した,트랙터는 봄 파종을 위해 밭을 준비하려고 흙에 깊은 고랑을 갈았다
その家族は毎週日曜日の夕方に食卓で伝統的な食事を一緒に楽しむ,그 가족은 매주 일요일 저녁에 식탁에서 전통적인 식사를 함께 즐긴다
作業員たちは産業建設現場での安全を確保するためにヘルメットと視認性の高いベストを着用する,작업원들은 산업 건설 현장에서의 안전을 확보하기 위해 헬멧과 시인성이 높은 조끼를 착용한다
その巨大なプロジェクトは新しい吊り橋を設計するために土木技師のチームを必要とした,그 거대한 프로젝트는 새로운 현수교를 설계하기 위해 토목 기사 팀을 필요로 했다
現代の航空技術は大陸間の移動をかつてないほど速く身近なものにした,현대의 항공 기술은 대륙 간의 이동을 전례 없이 빠르고 친숙한 것으로 만들었다
制服を着た警官は混雑した交差点で秩序を維持するために必要な権威を代表している,제복을 입은 경찰관은 혼잡한 교차로에서 질서를 유지하기 위해 필요한 권위를 대표하고 있다
登山者は険しく危険な岩の表面で足がかりを見つけるのに苦労した,등산객은 험하고 위험한 바위 표면에서 발디딜 곳을 찾는 데 고생했다
雄大な山々が地平線に対して急激にそびえ立ち地域間の自然の障壁を作り出している,웅장한 산들이 지평선을 향해 가파르게 솟아 있어 지역 간의 자연적인 장벽을 만들어내고 있다
海洋生物学者たちは海洋の健康状態を監視するためにサンゴ礁から慎重に海水を採取している,해양 생물학자들은 해양의 건강 상태를 감시하기 위해 산호초에서 신중하게 해수를 채취하고 있다
その芸術家は肖像画の大まかな輪郭をスケッチするために柔らかい黒鉛のかけらを使用した,그 예술가는 초상화의 대략적인 윤곽을 스케치하기 위해 부드러운 흑연 조각을 사용했다
製造業者は鋼鉄部品を錆や腐食から保護するために亜鉛を使用してコーティングする,제조업체는 강철 부품을 녹이나 부식으로부터 보호하기 위해 아연을 사용하여 코팅한다
写真家は風景に奥行きを出すために前景に鮮やかな赤い花を配置した,사진가는 풍경에 깊이감을 주기 위해 전경에 선명한 붉은 꽃을 배치했다
学生たちは廊下で期末試験の結果を不安そうに待っていた,학생들은 복도에서 기말고사 결과를 불안한 듯 기다리고 있었다
毎年夏になるとその熱心な観光客はカメラで思い出を記録するために有名な名所を訪れる,매년 여름이 되면 그 열정적인 관광객은 카메라로 추억을 기록하기 위해 유명한 명소를 방문한다
レースカーのドライバーはサーキットの最終周で対戦相手を追い抜くために加速した,경주용 자동차 운전자는 서킷의 마지막 바퀴에서 상대방을 추월하기 위해 가속했다
無警戒な歩行者は携帯電話を見ながら大きな水たまりに直接足を踏み入れてしまった,부주의한 보행자는 휴대전화를 보면서 큰 웅덩이에 그대로 발을 딛고 말았다
高いコンクリートの壁が都市を異なる経済を持つ二つの明確な区域に分割した,높은 콘크리트 벽이 도시를 서로 다른 경제를 가진 두 개의 명확한 구역으로 분할했다
高度な顕微鏡により研究者は信じられないほど詳細に細胞構造を観察することができる,고도화된 현미경으로 인해 연구자는 믿을 수 없을 정도로 상세하게 세포 구조를 관찰할 수 있다
遠征隊は南極の過酷で凍えるような状況に備えて装備を準備した,원정대는 남극의 가혹하고 얼어붙을 듯한 상황에 대비해 장비를 준비했다
その患者は腰から下が麻痺したままであったが人生に対して前向きな姿勢を維持した,그 환자는 허리 아래가 마비된 채였지만 인생에 대해 긍정적인 태도를 유지했다
その小さなボートは外海からの避難場所を求めて静かな湾へと静かに漂い込んだ,그 작은 보트는 외해로부터의 피난처를 찾아 조용한 만으로 조용히 떠내려왔다
窓が数ヶ月間閉め切られていた後その部屋は湿ったカビの不快なにおいがした,창문이 몇 달 동안 닫혀 있었던 후 그 방은 눅눅한 곰팡이의 불쾌한 냄새가 났다
上級政策立案者はテレビ放映された公式式典で新しい規制を法律として署名した,고위 정책 입안자는 TV로 중계된 공식 식에서 새로운 규제안을 법률로 서명했다
若者が仕事を求めて都市に移住するにつれてかつて賑やかだった村は過疎化した,젊은이들이 일자리를 찾아 도시로 이주함에 따라 한때 붐비던 마을은 인구가 감소했다
ライオンは囲いの中を行ったり来たりしながら訪れた動物園の客を眺めていた,사자는 우리 안을 왔다 갔다 하면서 방문한 동물원 관람객을 바라보고 있었다
彼らの努力にもかかわらず熟したリンゴは古木の最上部で手が届かないままであった,그들의 노력에도 불구하고 잘 익은 사과는 고목의 꼭대기에서 손이 닿지 않는 채로 있었다
従業員はリラックスした週末から戻った後の月曜日にしばしば疲れや怠さを感じる,종업원은 편안한 주말에서 돌아온 후인 월요일에 종종 피로감이나 나른함을 느낀다
その陽気な子供は公園への歩道をスキップしながら単純な小歌を口ずさんだ,그 명랑한 아이는 공원으로 가는 보도를 깡충깡충 뛰어가며 단순한 콧노래를 흥얼거렸다
伝統的なジャワ舞踊は複雑な手の動きと手の込んだ金色の衣装を伴う,전통적인 자바 무용은 복잡한 손동작과 정교한 금색 의상을 동반한다
足の速いウイングはチームのゴールをお膳立てするためにサイドラインに沿ってボールをドリブルした,발이 빠른 윙어는 팀의 골을 돕기 위해 사이드라인을 따라 공을 드리블했다
その博物館は初期の人間文明によって使用された石で作られた古風な道具を展示していた,그 박물관은 초기 인간 문명에 의해 사용된 돌로 만든 고풍스러운 도구를 전시하고 있었다
研究者は脳が言語音をどのように解釈するかを理解するために音韻処理を研究する,연구자는 뇌가 언어 음을 어떻게 해석하는지를 이해하기 위해 음운 처리를 연구한다
その詩人は朗読された詩句を音楽のように響かせるために多様な韻律とリズムを使用した,그 시인은 낭독된 시구가 음악처럼 울리게 하기 위해 다양한 운율과 리듬을 사용했다
辛い食べ物はしばしば胸部に灼熱感を引き起こす激しい胸焼けの原因となることがある,매운 음식은 종종 흉부에 작열감을 일으키는 심한 속쓰림의 원인이 될 수 있다
広場のすぐ向かいにある百貨店の内部に公衆便所があります,광장 바로 맞은편에 있는 백화점 내부에 공중화장실이 있습니다
今晩7時に窓際の静かな2人用の席を予約したいのですが,오늘 밤 7시에 창가 쪽의 조용한 2인용 자리를 예약하고 싶은데요
アレルギーがあるのでこの料理にピーナッツや乳製品が含まれているか教えていただけますか,알레르기가 있어서 이 요리에 땅콩이나 유제품이 들어 있는지 알려주시겠습니까
今度の週末に海に面したバルコニー付きのダブルルームを予約したいと考えています,이번 주말에 바다 전망의 발코니가 있는 더블룸을 예약하려고 합니다
快適に合うかどうか確認するためにこの革靴のサイズ10を試着したいのですが,발이 편한지 확인하기 위해 이 가죽 구두 10 사이즈를 신어보고 싶은데요
メニューのグリルステーキに完璧に合う辛口の赤ワインを勧めてもらえますか,메뉴의 그릴 스테이크에 완벽하게 어울리는 드라이한 레드 와인을 추천해 주시겠습니까
会議が予想以上に長引いているためフライトの予約を遅い時間に変更する必要があります,회의가 예상보다 길어지고 있어서 비행기 예약을 늦은 시간으로 변경해야 합니다
母の誕生日のプレゼントなのでこのスカーフをギフトとして包んでください,어머니 생일 선물이라서 이 스카프를 선물용으로 포장해 주세요
次の英語案内付き観光は十分後に始まり塔を巡ります,다음 영어 가이드 투어는 10분 후에 시작되며 탑을 둘러봅니다
それは約十五分から二十分かかる快適な散歩道のりです,그것은 약 15분에서 20분 걸리는 쾌적한 산책 코스입니다
角にあるスーパーマーケットには乳児用品の大きな区画があります,모퉁이에 있는 슈퍼마켓에는 유아용품 코너가 크게 있습니다
ここで設定番号を選び硬貨を入れて緑色の開始ボタンを押してください,여기서 설정 번호를 선택하고 동전을 넣은 다음 녹색 시작 버튼을 누르세요
少額の追加料金でオーツ麦のミルクを利用できますが使いましょうか,소액의 추가 요금으로 귀리 우유를 이용할 수 있는데 사용하시겠습니까
今夜は非常に混雑しているため予約なしでは二十分待ちになる可能性があります,오늘 밤은 매우 붐비기 때문에 예약 없이는 20분 대기하게 될 가능성이 있습니다
今朝は交通量が非常に多い可能性があるため急行電車が最も速い選択肢です,오늘 아침은 교통량이 매우 많을 가능성이 있기 때문에 급행열차가 가장 빠른 선택지입니다
この山岳用自転車を持っていくことができます、ただ日没までに返却することを覚えておいてください,"이 산악용 자전거를 가져갈 수 있습니다, 다만 해가 지기 전까지 반납하는 것을 기억해 주세요"
クリック音と刻印が聞こえるまで切符を黄色の投入口に挿入してください,딸깍 소리와 각인되는 소리가 들릴 때까지 표를 노란색 투입구에 넣어주세요
通信網名はゲストであり合言葉は領収書の最下部に印刷されています,통신망 이름은 게스트이며 비밀번호는 영수증 맨 아래에 인쇄되어 있습니다
足により良く合うかどうか確認するために三十八番の大きさをお持ちします,발에 더 잘 맞는지 확인하기 위해 38번 사이즈를 가져오겠습니다
アプリ配車の乗車区域は上層階の三番出口の外に位置しています,앱 호출 차량의 탑승 구역은 위층 3번 출구 밖에 위치해 있습니다
ケーキにご希望の言葉を書くことができます、何と書きましょうか,"케이크에 원하시는 문구를 적을 수 있습니다, 뭐라고 적을까요"
角を曲がったところの郵便局の隣に銀行の支店があります,모퉁이를 돈 곳의 우체국 옆에 은행 지점이 있습니다
二区画まっすぐ進み信号で左に曲がると入り口が見えます,두 블록 똑바로 가서 신호등에서 왼쪽으로 돌면 입구가 보입니다
この観光客用一式には十四日間の無制限データが含まれており費用は二十ドルです,이 관광객용 세트에는 14일간의 무제한 데이터가 포함되어 있으며 비용은 20달러입니다
ここでは瓶詰めの水を飲む方が安全でそれは客室内の冷蔵庫で入手可能です,여기서는 병에 든 물을 마시는 편이 안전하며 그것은 객실 내 냉장고에서 이용 가능합니다
いいえ、これは環状線です、中心部へは五番に乗る必要があります,"아니요, 이건 순환선입니다, 중심부로 가려면 5번을 타야 합니다"
鶏の煮込み料理をお勧めします、それは風味豊かですが唐辛子の代わりに香草を使用しています,"닭고기 조림 요리를 추천합니다, 그것은 풍미가 풍부하지만 고추 대신 향초를 사용하고 있습니다"
区域一から三の月間定期券をここの接触画面で直接購入できます,구역 1에서 3까지의 월간 정기권을 여기 터치스크린에서 직접 구매할 수 있습니다
明日の朝十時に予約の取り消しがありましたのでもしよろしければご案内できます,내일 아침 10시에 예약 취소가 있었으므로 괜찮으시다면 안내해 드릴 수 있습니다
このカードに百ドルを入金し挨拶用の封筒を同封することができます,이 카드에 100달러를 입금하고 인사용 봉투를 동봉할 수 있습니다
恐れ入りますが最前列は完売していますがC列は素晴らしい視界があります,죄송합니다만 맨 앞줄은 매진되었습니다만 C열은 시야가 훌륭합니다
料理長は印刷された献立表にはない焼き野菜のリゾットを調理できます,주방장은 인쇄된 메뉴판에는 없는 구운 채소 리조또를 요리할 수 있습니다
午後二時に上級療法士との空きがありますので予約しましょうか,오후 2시에 상급 치료사와의 빈 시간이 있는데 예약해 드릴까요
かしこまりました、合計を三等分してまもなくカード決済機をお持ちします,"알겠습니다, 합계를 3등분해서 곧 카드 결제기를 가져오겠습니다"
明日の午前正午前にそこに混合チューリップの生け花を確実に配達できます,내일 정오 전에 그곳에 혼합 튤립 꽃꽂이를 확실히 배달할 수 있습니다
朝食は無料であり毎朝六時から十時まで主要なレストランで提供されます,조식은 무료이며 매일 아침 6시부터 10시까지 메인 레스토랑에서 제공됩니다
友人がハイキング中に足首を怪我したので直ちに病院に行く必要があります,친구가 등산 중에 발목을 다쳐서 급히 병원에 가야 합니다
パエリアは注文を受けてから新鮮な状態で作られるため準備に約二十分かかります,파에야는 주문을 받고 나서 신선한 상태로 만들어지기 때문에 준비하는 데 약 20분이 걸립니다
はい、現在まとめ買いをすると二十パーセント割引になる販売促進を行っています,"네, 현재 대량 구매를 하면 20퍼센트 할인이 되는 프로모션을 진행하고 있습니다"
グルテンフリーの区画は四番通路の製パン商品のすぐ隣にあります,글루텐 프리 구역은 4번 통로의 제빵 상품 바로 옆에 있습니다
退室手続きを完了しましたのでタクシーは五分でここに到着します,퇴실 수속을 완료했으므로 택시는 5분 뒤에 이곳에 도착합니다
もしあればオーツミルクか豆乳入りのコーヒーを注文したいのですが,가능하다면 오트 밀크나 두유를 넣은 커피를 주문하고 싶은데요
このレストランでの夕食には予約が必要ですかそれとも予約なしで入れますか,이 레스토랑에서 저녁을 먹으려면 예약이 필요합니까 아니면 그냥 가도 됩니까
地下鉄とバスが3日間乗り放題になるトラベルパスはどこで購入できますか,지하철과 버스를 3일간 무제한으로 탈 수 있는 트래블 패스는 어디서 살 수 있습니까
画面に表示されていないのでロンドン行きBA123便の出発ゲートを探しています,전광판에 안 나와서 그러는데 런던행 BA123편 탑승구가 어디입니까
子供のために離乳食とおむつを買う食料品店を見つける必要があります,아이를 위한 이유식과 기저귀를 살 수 있는 식료품점을 찾아야 합니다
説明書が私の言語ではないのでこの洗濯機の操作を手伝っていただけますか,설명서가 제 언어로 되어 있지 않아서 그러는데 이 세탁기 작동을 좀 도와주시겠습니까
朝のラッシュアワーの交通渋滞中にここから空港に行く最良の方法は何ですか,아침 출근 시간대 교통 체증을 피해 여기서 공항으로 가는 가장 좋은 방법은 무엇입니까
公園や周辺の地域を探索するために1日自転車を借りたいのですが,공원과 주변 지역을 둘러보기 위해 하루 동안 자전거를 빌리고 싶은데요
この都市には夜間の通行を避けるべき危険な地域はありますか,이 도시에는 밤에 다니지 말아야 할 위험한 지역이 있습니까
地元の名物料理を注文したいのですが通常より辛さを控えてください,현지 명물 요리를 주문하고 싶은데 평소보다 덜 맵게 해주세요
チェックアウトした後数時間私の荷物をここの保管室に預けることはできますか,체크아웃 후에 몇 시간 동안 제 짐을 보관실에 맡길 수 있습니까
私は重度のピーナッツアレルギーがあるのでこの食事には絶対に何も入っていないことを確認してください,저는 심한 땅콩 알레르기가 있으니 이 음식에 땅콩이 절대 들어가지 않도록 확인해 주세요
今日のフライトが出発する前にこれらの領収書を処理するための税金還付カウンターはどこにありますか,오늘 비행기가 출발하기 전에 이 영수증들을 처리할 세금 환급 창구는 어디에 있습니까
肩を覆うなどこの寺院に入るために従わなければならない服装規定はありますか,어깨를 가려야 하는 등 이 사원에 들어가기 위해 지켜야 할 복장 규정이 있습니까
明日の朝9時の海岸沿いの町への往復電車の切符を買いたいのですが,내일 아침 9시 해안 마을행 왕복 기차표를 사고 싶은데요
タクシー運転手のためにこの目的地の名前を現地の言葉で書き留めていただけますか,택시 기사님에게 보여주게 이 목적지 이름을 현지어로 적어 주시겠습니까
学生の入場料はいくらですかまた国際学生証は受け付けていますか,학생 입장료는 얼마입니까? 그리고 국제 학생증도 인정됩니까?
都心エリア内の全ゾーンをカバーする電車の1ヶ月定期券を買う必要があります,도심 지역 내 모든 구역을 커버하는 전철 1개월 정기권을 사야 합니다
市場のために現金を下ろせるよう最寄りのATMへの道を教えていただけますか,시장에서 쓸 현금을 인출할 수 있게 가장 가까운 ATM으로 가는 길을 알려주시겠습니까
この地図上で最寄りの地下鉄駅を指し示すかそこへの行き方を説明していただけますか,이 지도에서 가장 가까운 지하철역을 표시해주거나 가는 길을 설명해 주시겠습니까
期間が2週間のデータ無制限のプリペイドSIMカードを購入したいのですが,사용 기간 2주짜리 데이터 무제한 선불 유심 카드를 구매하고 싶은데요
ここの水道水を飲むのは安全ですかそれとも厳密にボトル入りの水を買うことに固執すべきですか,이곳 수돗물을 마셔도 안전합니까 아니면 무조건 생수를 사 마셔야 합니까
防水性があり山でのハイキングに適した耐久性のあるバックパックを探しています,방수 기능이 있고 산행에 적합한 튼튼한 배낭을 찾고 있습니다
この特定の本の在庫があるかまたは注文できるか確認していただけますか,이 책의 재고가 있는지 아니면 주문할 수 있는지 확인해 주시겠습니까
マイレージを使用してエコノミー席をビジネスクラスにアップグレードしたいのですが,마일리지를 사용하여 이코노미석을 비즈니스석으로 업그레이드하고 싶은데요
非常に敏感で乾燥した肌に適したオーガニックスキンケア製品は販売していますか,매우 민감하고 건조한 피부에 적합한 유기농 스킨케어 제품을 판매합니까
"10人の参加者がいるビジネス会議のために会議室を2時間予約する必要があります",참가자 10명 규모의 비즈니스 회의를 위해 회의실을 2시간 예약해야 합니다
今日の午後あなたのスパで1時間の全身マッサージを予約することに興味があります,오늘 오후 귀하의 스파에서 1시간 전신 마사지를 예약하고 싶습니다
請求書を持ってきて合計金額をこれら3枚のクレジットカードで均等に分割していただけますか,계산서를 가져와서 합계 금액을 이 신용카드 3장으로 균등하게 나누어 주시겠습니까
明日の朝までにこの住所に届けられる新鮮なチューリップの花束を探しています,내일 아침까지 이 주소로 배달 가능한 신선한 튤립 꽃다발을 찾고 있습니다
シーフードパエリアを2人前注文しできるだけ早く提供してもらいたいのですが,해산물 파에야를 2인분 주문하고 가능한 한 빨리 받았으면 하는데요
今日これら3つの商品をセットとしてまとめて購入した場合割引はありますか,오늘 이 세 가지 상품을 세트로 묶어서 구매할 경우 할인이 있습니까
