"lemma_id","lemma","jp_pron","kr_pron","kr_mean","level","en_mean"
56506,順逆,じゅんぎゃく,쥰갸쿠,순역 (순리와 거스름),N1,Right and wrong; direct and reverse
50646,脚立,きゃたつ,캬타츠,사다리,N1,stepladder
11728,現地,げんち,겐치,현지,N4,Local; on-site; the actual place
11039,景品,けいひん,케이힌,경품,N1,Prize; premium; free gift
40108,リモコン,リモコン,리모콘,리모컨,N5,remote control
37515,麺,めん,멘,면,N3,noodles
52994,食い縛る,くいしばる,쿠이시바루,악물다,N1,to clench (one's teeth)
11133,決済,けっさい,켓사이,결제,N1,Settlement; payment
8932,急,きゅ,큐,급,N5,Urgent; sudden; steep
9570,切れる,きれる,키레루,끊어지다,N4,To cut well; to snap; to expire; to be sharp
8680,切手,きって,킷테,우표,N3,Postage stamp
9853,逆転,ぎゃくてん,갸쿠텐,역전,N4,Reversal; turn-around
9622,緊急,きんきゅう,킨큐우,긴급,N4,Emergency; urgency
3083,受け取り,うけとり,우케토리,수취,N2,Receipt; receiving
32674,福袋,ふくぶくろ,후쿠부쿠로,복주머니,N1,lucky bag (mystery grab bag)
39209,横,よこ,요코,옆,N4,side; horizontal; width
32876,札,ふだ(さつ),후다(사츠),"표찰, 지폐",N2,tag; label; card; (fuda)
38511,止める,やめる,야메루,그만두다,N5,to stop (something)
30434,販売,はんばい,한바이,판매,N3,sales; marketing; selling
29847,発券,はっけん,핫켄,발권,N4,Issuing a ticket
30076,破片,はへん,하헨,파편,N3,Fragment / splinter
8272,気合い,きあい,키아이,기합,N2,Spirit; shout; energy
10259,靴下,くつした,쿠츠시타,양말,N4,Socks
8961,急遽,きゅうきょ,큐우쿄,"급거, 급하게",N1,Hurriedly; suddenly; urgently
34603,他,ほか,호카,모락,N2,other; another
8213,元旦,がんたん,간탄,"설날,원단",N2,New Year's Day; New Year's morning
16175,終電,しゅうでん,슈우덴,막차,N3,last train
35944,間に合う,まにあわ,마니아와,시간에 대다,N4,to be in time; to serve the purpose
28007,悩む,なやむ,나야무,고민하다,N3,"to be worried, to be troubled"
6519,数,かず,카즈,수,N4,Number; amount
6405,傾げる,かしげる,카시게루,기울이다,N1,To tilt; to lean
2225,いっそ,いっそ,잇소,"차라리, 아주",N1,Rather; sooner; might as well
4855,送る,おくる,오쿠루,보내다,N5,To send; to see someone off; to spend (time)
13138,壊れる,こわれる,코와레루,고장나다,N4,To be broken; to break
25805,伝票,でんぴょう,덴표우,전표,N1,"slip, voucher, bill"
24807,釣り,つり,츠리,"낚시,잔돈",N3,"fishing, angling, change (money)"
22630,食べる,たべる,타베루,먹다,N5,to eat
178124,傘立て,かさたけ,카사타케,우산꽂이,N1,Umbrella stand
19696,静,せい,세이,정,N1,"quiet, stillness"
5161,夥しい,おびただしい,오비타다시이,어마어마한,N1,Abundant; innumerable; tremendous
12298,購入,こうにゅう,코우뉴우,구입,N4,Purchase; buy
34809,褒める,ほめる,호메루,칭찬하다,N3,to praise; to commend
9842,虐殺,ぎゃくさつ,갸쿠사츠,학살,N1,Massacre; slaughter; carnage
4922,教え込む,おしえこむ,오시에코무,철저히 가르치다,N1,To instill; to train; to hammer into
1055,飴,あめ,아메,사탕,N3,Candy; sweets
18224,充電,じゅうでん,쥬우덴,충전,N3,charging (a battery)
18472,城,ぞ(しろ),조(시로),성,N4,castle
15310,支持,しじ,시지,지지,N4,Support; backing; maintenance
67360,名手,めいしゅ,메이슈,명수,N1,Expert; master
15407,従う,したがう,시타가우,따르다,N4,To obey; to follow; to accompany
15312,史実,しじつ,시지츠,사실,N1,Historical fact
63493,珍客,ちんかく,친카쿠,진객(반가운/귀한 손님),N1,Unusual guest
55550,逆立つ,さかだつ,사카다츠,곤두서다,N1,To stand on end (hair); to bristle
53311,擽ったい,くすぐったい,쿠스굿타이,간지럽다,N1,ticklish; embarrassing
41584,虹,にじ,니지,무지개,N4,rainbow
39071,容赦,ようしゃ,요우샤,"용서,용사",N2,pardon; forgiveness; mercy
14379,覚ます,さます,사마수,깨우다,N2,To wake up; to awaken (someone)
14259,札,さつ,사츠,지폐,N4,Banknote; bill; tag; label
34644,保険,ほけん,호켄,보험,N4,insurance; guarantee
32899,復旧,ふっきゅう,훗큐우,복구,N2,restoration; recovery (to original state)
32907,復興,ふっこう,훗코우,복구,N3,reconstruction; revival
34720,蛍,ほたる,호타루,반딧불이,N2,firefly
276748,三拝,さんはい,산하이,삼배,N1,Three worships / Bowing three times
33378,物資,ぶっし,붓시,물자,N3,goods; resources; supplies
9072,九百,きゅうひゃく,큐우햐쿠,구백,N1,Nine hundred
7220,殻,から,카라,껍질,N2,Shell; husk; hull
8204,元日,がんじつ,간지츠,"설날,원단",N2,New Year's Day
7618,慣習,かんしゅう,칸슈우,관습,N2,Custom; habit; convention
60439,凍土,とおど,토오도,동토,N2,Frozen soil; permafrost
28921,寝る,ねる,네루,자다,N5,To sleep / to go to bed
27775,鳴く,なく,나쿠,울다,N3,to sing/cry (animal)
25440,店長,てんちょう,텐쵸우,점장,N1,store manager
34951,本音,ほんね,혼네,본심,N4,real intention; true motive
11711,幻想,げんそう,겐소우,환상,N3,Fantasy; illusion; vision
3593,うんと,うんと,운토,엄청,N1,A great deal; very much
6057,書き写す,かきうつす,카키우츠스,받아적다,N1,To transcribe; to copy
5591,蚊,か,카,모기,N3,Mosquito
3803,餌,えさ,에사,먹이주기,N4,Feed; bait; animal food
24469,捕まえる,つかまえる,츠카마에루,붙잡다,N3,"to catch, to arrest, to seize"
22110,集る,たかる,타카루,꾀여들다,N1,"to gather, to swarm, to extort"
168,間,あいだ,아이다,사이,N5,Interval; space; between
20323,蝉,せみ,세미,매미,N3,cicada
19646,ずばり,ずばり,즈바리,정곡을 찔러,N2,"decisively, frankly, right on the mark"
15694,しぶとい,しぶとい,시부토이,끈질기다,N1,Tenacious; stubborn; persistent
18995,吸う,すう,스우,빨다,N3,"to smoke, to inhale, to suck"
50781,螽斯,きりぎりす,키리기리스,여치,N1,long-horned grasshopper
1668,生き返る,いきかえる,이키카에루,소생하다,N1,To be resuscitated; to come back to life
18860,巣,す,스,"둥지,거미집",N4,"nest, den, hive"
40714,列,れつ,레츠,열,N4,line; row; queue
13215,昆虫,こんちゅう,콘츄으,곤충,N4,Insect; bug
14173,差す-他動詞,さす,사스,"물다, 꽃다, 짚다",N4,To stretch out (hands); to hold (umbrella)
10997,軽率,けいそつ,케이소츠,경솔,N3,Rashness; thoughtlessness; careless
10142,クジュウ,くじゅう,쿠쥬우,구중,N1,Ninety (archaic/rare reading)
9065,九拝,きゅうはい,큐우하이,구배,N1,Kowtow; bowing nine times (respectful)
55730,蜂,はち,하치,벌,N3,Bee; wasp; hornet
38661,優勝,ゆうしょう,유우쇼우,우승,N4,victory; championship
43261,蜜,みつ,미츠,꿀,N2,honey; nectar; molasses
55588,外敵,がいてき,가이테키,외적,N1,Foreign enemy
39400,夜長,よなが,요나가,긴 밤,N2,long night
42641,蟻,あり,아리,개미,N2,ant
40361,厘,りん,린,리,N2,Rin (monetary unit/length)
38684,優先,ゆうせん,유우센,우선,N4,priority
38016,漏れ,もれ,모레,누출,N2,leak; omission
36116,周り,まわり,마와리,주변,N5,circumference; surroundings
36971,みんみん,みんみん,민민,맴맴,N2,buzzing (cicada sound)
36746,見抜く,みぬく,미누쿠,간파하다,N3,to see through; to perceive
32613,副業,ふくぎょう,후쿠교우,부업,N2,side job; sideline
11974,交響,こうきょう,코우쿄우,교향,N1,Symphony
194506,絹糸,きぬいと,키누이토,명주실,N1,Silk thread
11072,競輪,けいりん,케이린,경륜,N1,Bicycle racing
33380,物質,ぶっしつ,붓시츠,물질,N2,matter; substance; material
5698,蚕,かいこ,카이코,누에,N4,Silkworm
33410,ぶつぶつ,ぶつぶつ,부츠부츠,중얼중얼,N3,grumbling; muttering; spots/pimples
172271,虫籠,むしかご,무시카고,곤충 채집통,N1,Insect cage
28768,音色,ねいろ,네이로,음색,N3,Tone color / timbre
8284,黄色い,きいろい,키이로이,노란,N4,Yellow
18659,女王,じょおう,죠오우,여왕,N1,queen
9160,競泳,きょうえい,쿄우에이,경영,N1,Swimming race
29822,蜂蜜,はちみつ,하치미츠,벌꿀,N2,Honey
26924,蜻蛉,とんぼ,톤보,잠자리,N3,dragonfly
7620,観衆,かんしゅう,칸슈우,관중,N1,Spectators; onlookers; audience
8202,願書,がんしょ,간쇼,원서,N1,Application; written petition
23047,台所,だいどごろ,다이도고로,부엌,N4,kitchen
20054,世界,せかい,세카이,세계,N5,"world, society"
7651,勘定,かんじょう,칸죠우,계산,N1,Calculation; bill; account
4174,縁側,えんがわ,엔가와,툇마루,N3,Veranda; porch (traditional Japanese)
3428,裏,うら,우라,뒤,N5,Back; rear; reverse side; inside
5414,音響,おんきょう,온쿄우,음향,N1,Sound; echo; acoustics
23532,地上,ちじょう,치죠우,지상,N2,"above ground, on the earth"
2028,痛む,いたむ,이타무,아프다,N4,To hurt; to feel pain
19286,既に,すでに,스데니,이미,N4,"already, previously"
1176,有り,あり,아리,개미,N3,Existence; (suffix) including
968,油虫,あぶらむし,아부라무시,진디,N1,Aphid; cockroach (slang)
67041,蜜蜂,みつばち,미츠바치,꿀벌,N2,Honeybee
64000,月見,つきみ,츠키미,달맞이,N2,Moon viewing
16025,種,たね(じゅ),타네(쥬),씨(종),N3,Kind; variety; species
52800,益虫,えきちゅう,에키츄우,익충,N1,beneficial insect
20654,専門,せんもん,센몬,전문,N5,"specialty, expertise, major"
66083,働き蜂,はたらきばち,하타라키바치,일벌,N1,Worker bee
39125,幼虫,ゆうちゅう,유우츄우,유충,N2,larva
21810,退治,たいじ,타이지,퇴치,N1,"extermination, suppression"
13419,ごきぶり,ごきぶり,고키부리,바퀴벌레,N2,Cockroach
37097,虫捕り,むしとり,무시토리,벌레잡이,N2,insect catching
15917,謝罪,しゃざい,샤자이,사죄,N4,Apology
9275,驚嘆,きょうたん,쿄우탄,경탄,N1,Admiration; wonder; marvel
14376,様々,さまざま,사마자마,여러,N4,Various; varied
14063,探る,さぐる,사구루,찾다,N2,To feel around; to probe; to explore
48273,蟋蟀,こおろぎ,코오로기,귀뚜라미,N1,cricket (insect)
40358,理論,りろん,리론,이론,N4,theory
56627,鈴虫,すずむし,스즈무시,방울벌레,N1,Bell cricket
9899,仰視,ぎょうし,교우시,앙시 (우러러봄),N1,Looking up
39061,養蚕,ようさん,요우산,양잠,N2,sericulture (silk farming)
40558,礼,れい,레이,예의,N4,bow; gratitude; etiquette
35641,正に,まさに,마사니,바로,N4,exactly; surely; just
9382,局地,きょくち,쿄쿠치,국지,N1,Local; limited area
29076,逃す,のがす,노가스,놓치다,N4,To let go / to miss (an opportunity)
23828,中心,ちゅうしん,츄우신,중심,N4,"center, core, focus"
28238,肉食,にくしょく,니쿠쇼쿠,육식,N1,"carnivorous, meat-eating"
32612,複眼,ふくがわ,후쿠가와,"겹눈,복안",N1,compound eye
33413,物理,ぶつり,부츠리,물리,N4,physics; law of nature
32946,太る,ふとる,후토루,살찌다,N4,to grow fat; to gain weight
33424,無難,ぶなん,부난,무난,N1,safe; acceptable; passable
7199,蚊帳,かや,카야,모기장,N1,Mosquito net
7337,枯れ葉,かれは,카레하,마른 잎,N1,Dead leaf; dry leaf
30372,繁殖,はんしょく,한쇼쿠,번식,N2,breeding; multiplication; reproduction
28695,抜き取る,ぬきとる,누키토루,훔치다,N1,"to extract, to pull out, to pilfer"
24819,吊る,つる,츠루,달다,N3,"to hang, to suspend"
7050,鎌,かま,카마,낫,N4,Sickle; scythe
24534,付く,つく,츠쿠,붙다,N5,"to be attached, to adhere, to accompany"
5456,女,おんな(じょ),온나(죠),여자(여),N5,Woman; female
20893,全滅,ぜんめつ,젠메츠,전멸,N1,"annihilation, total destruction"
3393,生む,うむ,우무,낳다,N4,To give birth to; to produce; to yield
17219,仕業,しわざ,시와자,"소치, 행위",N1,"act, deed, handiwork (often negative)"
21337,そっくり,そっくり,솟쿠리,"전부,그대로",N2,"all, altogether, just like"
1700,生き物,いきもの,이키모노,생물,N2,Living thing; creature
4980,襲う,おそう,오소우,습격하다,N3,To attack; to visit; to succeed to
5112,驚かす,おどろかす,오도로카스,놀래키다,N2,To surprise; to frighten; to astonish
3027,羽化,うか,우카,"번데기가 성충이 됨,우화",N1,Emergence (of an insect); eclosion
334,暁,あかつき,아카츠키,"새벽,그날",N1,Dawn; daybreak; (in the) event of
11437,懸命,けんめい,켄메이,결사적으로 함,N3,Eager; earnest; risky
19405,滑る,すべる,스베루,미끄러지다,N4,"to slide, to slip, to fail an exam"
18924,すいすい,すいすい,스이스이,쓱쓱,N1,"smoothly, easily"
15355,静まり返る,しずまりかえる,시즈마리카에루,아주 조용하다,N4,To fall dead silent
46532,水黽,あめんぼ,아멘보,소금쟁이,N1,water strider
48902,蚊取り,かとり,카토리,모기향,N1,mosquito catcher/repellent
67558,百足,むかで,무카데,지네,N1,Centipede
14590,三十,さんじゅう,산쥬우,삼심,N4,Thirty
37224,群れ,むれ,무레,무리,N3,group; crowd; flock
14039,作物,さくもつ,사쿠모츠,작물,N2,Produce; crops
34681,捕食,ほしょく,호쇼쿠,포식,N2,predation; preying upon
59209,田亀,たがめ,타가메,물장군,N1,Giant water bug
55245,罪業,ざいごう,자이고우,죄업,N1,Sin; crime; karma
47353,芋虫,いもむし,이모무시,애벌레,N1,caterpillar
53412,擬態,ぎだい,기다이,의태,N1,mimicry; camouflage
35467,前足,まえあし,마에아시,앞발,N2,forefoot; front leg
42299,壁蝨,だに,다니,진드기,N1,tick; mite
48516,仰せ,おうせ,오우세,분부,N1,statement (honorific); command
14492,触る,さわる,사와루,만지다,N3,To touch; to feel
13345,業,"わざ(ごう,ぎょう)","와자(고우,교우)",업,N4,Work; karma; deed; act
38417,病,"やまい, やむ(びょう, へい)","야마이, 야무(뵤우, 헤이)",병,N2,illness; disease
36050,丸い,まるい,마루이,둥근,N4,round; circular
35761,待ち構える,まちかまえる,마치카마에루,벼르고 기다리다,N2,to lie in wait; to be on the watch
32967,赴任,ふにん,후닌,부임,N2,moving to a new post
8205,頑丈,がんじょう,간죠우,"튼튼함,완장",N1,Sturdy; solid; durable
2515,嫌,"いや, きらう(けん, げん)","이야, 키라우(켄, 겐)",싫음,N5,Disagreeable; detestable; unpleasant
33428,部品,ぶひん,부힌,부품,N4,parts; accessories; components
912,彼の,あの,아노,저,N5,His; that
62736,抜け殻,ぬけがら,누케가라,허물,N2,Cast-off skin (snake/cicada); shell of a person
7637,関心,かんしん,칸신,관심,N3,Interest; concern
26368,とことん,とことん,토코톤,마지막,N1,"to the end, thoroughly"
30217,針,はり(しん),하리(신),바늘(침),N3,needle; pin; hand (of a clock); sting
2505,妹,いもうと,이모우토,여동생,N5,Younger sister
7665,完成,かんせい,칸세이,완성,N4,Completion; perfection
16166,集団,しゅうだん,슈우단,집단,N2,"group, mass, crowd"
7671,歓声,かんせい,칸세이,환성. 환호성,N4,Cheers; shout of joy
7682,関税,かんぜい,칸제이,관세,N1,Customs duty; tariff
3895,越冬,えっとう,엣토우,월동,N1,Passing the winter; hibernation
68831,洋弓,ようきゅる,요우큐루,양궁,N1,Western bow (archery)
18345,受粉,じゅふん,쥬훈,수분,N1,pollination
28784,願い,ねがい,네가이,소원,N4,Wish / desire / prayer
15397,舌,した,시타,혀,N3,Tongue
9258,共生,きょうせい,쿄우세이,공생,N1,Symbiosis; coexistence
13129,怖い,こわい,코와이,무섭다,N5,Scary; frightening
8550,寄生,きせい,키세이,기생,N4,Parasitism; parasite
180112,虫眼,むしめ,무시메,곤충 눈,N1,Compound eye; insect's eye view
17811,事件,じけん,지켄,사건,N5,"event, incident, case"
27201,毒,どく,도쿠,독,N2,"poison, venom"
68907,幼生,ようせい,요우세이,"유충,유생",N1,Larva; immature stage
38625,有機,ゆうき,유우키,유기,N2,organic
69344,弱虫,よわむし,요와무시,겁쟁이,N1,Coward; weakling
66084,働き者,はたらきもの,하타라키모노,부지런한 일꾼,N1,Hard worker
13121,衣替え,ころもがえ,코로모가에,옷을갈아입음,N2,Seasonal change of clothing
29980,話,はなし,하나시,말,N5,Talk / story
22116,互い,たがい,타가이,서로,N4,"mutual, each other"
54844,凝り性,こりしょう,코리쇼우,열중하는 성격,N1,Fastidious; enthusiastic; perfectionist
25074,敵,てき,테키,적,N4,"enemy, rival"
27768,泣き虫,なきむし,나키무시,울보,N1,crybaby
49582,亀虫,かめむし,카메무시,노린재,N1,stink bug
24527,次,つぎ,츠기,다음,N5,"next, following"
23816,注射,ちゅうしゃ,츄우샤,주사,N2,"injection, shot"
21645,他,た(おか),타(오카),다른,N4,"other, another"
50933,弓道,きゅうどう,큐우도우,궁도,N1,Japanese archery
35091,防虫,ぼうちゅう,보우츄우,방충,N1,mothproofing; insect repellent
17118,知らせ,しらせ,시라세,소식,N4,"notice, news, omen"
9349,強烈,きょうれつ,쿄우레츠,강렬,N3,Strong; intense; severe
44458,やご,やご,야고,"잠자리 유충,수채",N1,dragonfly nymph
63264,羽音,はおと,하오토,날갯짓소리,N1,Sound of wings
63902,早技,はやわざ,하야와자,빠른 손놀림,N1,Quick trick; rapid feat
39882,利益,りえき,리에키,이익,N4,profit; benefit
36533,道程,みちのり,미치노리,"여정,도정",N1,journey; distance; path
36314,幹,みき,미키,줄기,N2,trunk (of a tree); main part
32740,相応しい,ふさわしい,후사와시이,어울리다,N1,appropriate; suitable; fitting
4401,応援,おうえん,오우엔,응원,N3,Support; cheering; aid
8991,休止,きゅうし,큐우시,휴지 (일시 정지),N1,Pause; suspension; cessation
6991,花瓶,かびん,카빈,화분,N4,(Flower) vase
6984,鞄,かばん,카방,가방,N5,Bag; briefcase; basket
10030,空港,くうこう,쿠우코우,공항,N5,Airport
32981,吹雪,ふぶき,후부키,눈보라,N2,snowstorm; blizzard
5979,返る,かえる,카에루,돌아가다,N5,To return; to go back
32978,不服,ふふく,후후쿠,불복함,N1,dissatisfaction; objection
5220,思い,おもい,오모이,"생각, 마음",N4,Thought; feeling; affection
33429,部分,ぶぶん,부분,부분,N3,part; portion; section
29538,歯痒い,はがゆい,하가유이,안타깝다,N1,Impatient / irritatingly slow
27274,土壇場,どたんば,도탄바,막판,N1,"the last moment, critical moment"
7675,間接,かんせつ,칸세츠,간접,N3,Indirect
6591,家族,かぞく,카조쿠,가족,N5,Family
26481,咄嗟,とっさ,톳사,"순간,돌차",N1,"moment, instant"
4799,起きる,おきる,오키루,일어나다,N5,To get up; to occur; to wake up
50932,旧道,きゅうどう,큐우도우,구도로,N1,old road
22518,たどたどしい,たどたどしい,타도타도시이,더듬거리는,N1,"faltering, tottering, awkward"
26487,トットリ,トットリ,톳토리,톳토리 (지명),N1,Tottori (place name)
24298,珍味,ちんみ,친미,진미,N1,delicacy
24598,辻褄,つじつま,츠지츠마,앞뒤,N1,"coherence, consistency"
5577,化,か,카,화,N4,(Suffix for -ization)
2401,命,いのち,이노치,목숨,N4,Life; existence
24553,作り上げる,つくりあげる,츠쿠리아게루,만들어내다,N3,"to build up, to complete, to fabricate"
22695,躊躇う,ためらう,타메라우,망설이다,N2,"to hesitate, to waver"
741,頭,あたま,아타마,머리,N5,Head; top; leader
19478,住む,すむ,스무,살다,N4,"to live, to reside"
16154,収束,しゅうそく,슈우소쿠,"수렴,수속",N1,"convergence, settlement, conclusion"
33950,下手,へた,헤타,서투르다,N4,unskillful; poor; awkward
35816,全く,まったく,맛타쿠,전혀,N4,really; entirely; (not) at all
71274,素っ気ない,そっけない,솟케나이,퉁명스럽다,N1,Cold; blunt; curt
193699,澄まし顔,すましかお,스마시카오,시치미 떼는 얼굴,N1,Composed face / Prim look
17281,新旧,しんきゅう,신큐우,신구,N2,new and old
40336,旅行,りょこう,료코우,여행,N5,travel; trip
13874,坂,さか,사카,고갯길,N1,Slope; hill
13973,砂丘,さきゅう,사큐우,"사구, 모래 언덕",N1,Dune; sand hill
11680,現象,げんしょう,겐쇼우,현상,N4,Phenomenon
11968,高級,こうきゅう,코우큐우,고급,N4,High-class; high-grade; luxury
12119,更新,こうしん,코우신,갱신,N4,Renewal; update
87861,話し掛ける,はなしかける,하나시카케루,말을걸다,N3,To strike up a conversation
71283,艶めかしい,なまめかしい,나마메카시이,요염하다,N1,Voluptuous; seductive; sexy
64054,佃煮,つくだに,츠쿠다니,조림,N1,Tsukudani (food boiled in soy sauce)
66778,水の泡,みずのあわ,미즈노아와,물거품,N1,Coming to nothing; bubbles
37395,目覚ましい,めざましい,메자마시이,눈부시다,N1,remarkable; brilliant; spectacular
35084,呆然,ぼうぜん,보우젠,망연,N1,dumbfounded; in a daze
32982,不平,ふへい,후헤이,불평,N2,complaint; discontent
18529,上司,じょうし,죠우시,상사,N5,"boss, superior"
32990,父母,ふぼ,후보,부모,N2,parents; father and mother
8316,機械,きかい,키카이,기계,N4,Machine; mechanism
36926,見る見る,みるみる,미루미루,보고 있는 동안에,N1,before one's very eyes; quickly
26363,遂げる,とげる,토게루,이루다,N3,"to accomplish, to achieve"
50235,きっかり,かっかり,킷카리,정각,N2,exactly; precisely
8096,がっくり,がっくり,갓쿠리,푹,N1,Heartbroken; crestfallen; sharp drop
7187,醸し出す,かもしだす,카모시다스,자아내다,N2,To exude; to give rise to (an atmosphere)
32991,踏まえる,ふまえる,후마에루,근거로 하다,N2,to be based on; to take into account
33002,踏切,ふみきり,후미키리,건널목,N3,railroad crossing
6330,箇国,かこく,카코쿠,개국,N1,(Counter for) countries
6112,蝸牛,かぎゅう,카규우,달팽이,N1,Snail
14238,さっさと,さっさと,삿사토,얼른,N1,Quickly; promptly
26266,解く,とく,토쿠,풀다,N4,"to untie, to solve, to answer"
24547,熟,つくづく,츠쿠드쿠,"지그시,절실히",N4,"really, carefully, thoroughly"
16274,宿題,しゅくだい,슈쿠다이,숙제,N4,homework
61732,てっきり,てっきり,텟키리,틀림없이,N2,Surely; for certain (often used with incorrect assumptions)
3206,内,うち,우치,"안, 사이",N5,Inside; within; among
782,あっさり,あっさり,앗사리,깔끔히,N2,Easily; simply; lightly (flavor)
48601,がっしり,がっしり,갓시리,다부지다,N2,firmly; solidly built
39481,読み耽る,よみふける,요미후케루,열중해서 읽다,N1,to be absorbed in reading
1171,現われる,あらわれる,아라와레루,나타나다,N4,To appear; to emerge; to come out
24951,定休,ていきゅう,테이큐우,정기휴일,N1,"regular holiday, fixed day off"
19121,少ない,すくない,스쿠나이,적다,N5,"few, little, scarce"
41255,和食,わしょく,와쇼쿠,일식,N2,Japanese food/cuisine
23724,ちゃんと,ちゃんと,챤토,잘,N5,"properly, exactly, perfectly"
44616,不朽,ふきゅう,후큐우,불후,N1,immortal; undying; eternal
21636,ぞんざい,ぞんざい,존자이,거칢,N1,"rough, careless, impolite"
8927,気休め,きやすめ,키야스메,"위안, 입술 서비스",N1,Mere consolation; temporary relief
12803,こっそり,こっそり,콧소리,몰래 살짝,N2,Stealthily; secretly
20842,喘息,ぜんそく,젠소쿠,천식,N1,asthma
15184,試験,しけん,시켄,시험,N5,Examination; test; experiment
13407,誤解,ごかい,고카이,오해,N4,Misunderstanding
21403,蕎麦粉,そばこ,소바코,메밀가루,N1,buckwheat flour
15522,しっとり,しっとり,싯토리,촉촉하다,N2,Moist; damp; calm/settle
13772,裁断,さいだん,사이단,재단,N1,Judgment; cutting (cloth/paper)
10533,車,くるま(しゃ),쿠루마(샤),차,N5,Car; vehicle; wheel
34325,ぺらぺら,ぺらぺら,페라페라,"재잘재잘,술술",N1,fluent; thin/flimsy; flipping pages
37864,もどかしい,もどかしい,모도카시이,답답하다,N1,frustrating; irritatingly slow
38021,脆い,もろい,모로이,깨지기 쉽다,N2,fragile; brittle; weak
38516,ややこしい,ややこしい,야야코시이,복잡하다,N1,complicated; confusing
35192,ぼつぼつ,ぼつぼつ,보츠보츠,드문드문,N1,gradually; here and there; pimples
11321,検察,けんさつ,켄사츠,검찰,N1,Prosecution; prosecutor
7689,感想,かんそう,칸소우,소감,N3,Impressions; thoughts; feedback
18831,尽力,じんりょく,진료쿠,힘쓰다,N2,"efforts, exertion"
7686,簡素,かんそ,칸소,간소,N1,Simple; plain
33005,踏み込む,ふみこむ,후미코무,발을 들여놓다,N1,to step into; to break into; to go deep
33021,踏む,ふむ,후무,밟다,N4,to step on; to tread; to experience
8966,窮屈,きゅうくつ,큐우쿠츠,궁굴(비좁음),N1,Narrow; tight; formal; stiff
12015,高原,こうげん,코우겐,고원,N2,Plateau; tableland
40748,恋愛,れんあい,렌아이,연애,N3,love; romance
29326,歯,は(し),하(시),이(치),N4,Tooth
8092,学究,がっきゅう,갓큐우,학구,N1,Scholar; student
6883,叶える,かなえる,카나에루,이루다,N2,To grant (a wish); to fulfill
5615,甲斐,かい,카이,보람,N1,Worth; effect; result
87854,分かち合う,わかちあう,와카치아우,분담하다,N2,To share
2465,今一,いまいち,이마이치,그저그런것,N1,Not quite; somewhat lacking
27155,動物,どうぶつ,도우부츠,동물,N5,animal
3468,裏目,うらめ,우라메,"뒷면,틀어짐",N1,Contrary result; opposite of what was intended
13355,合格,ごうかく,고우카쿠,합격,N5,Passing an exam; success
1412,案の定,あんのじょう,안노죠우,아니나 다를까,N1,As expected; sure enough
25728,出る,でる,데루,나오다,N6,"to go out, to appear, to leave"
26217,蜥蜴,とかげ,토카게,도마뱀,N2,lizard
17005,所詮,しょせん,쇼센,결국,N1,"after all, in the end"
24744,詰まる,つまる,츠마루,꽉 차다,N4,"to be blocked, to be packed, to be short of"
61478,俗世,ぞくせ,조쿠세,속세,N1,The mundane world; secular life
24584,漬け物,つけもの,츠케모노,절임,N1,"pickles, pickled vegetables"
1670,生き甲斐,いきがい,이키가이,사는 보람,N1,Something worth living for
1649,息,いき,이키,숨,N5,Breath; breathing
22346,只今,ただいま,타다이마,지금,N3,"presently, right now, ""I'm home"""
11933,交歓,こうかん,코우칸,"교류,교환",N1,Exchange of courtesies; fraternization
71247,嫌らしい,いやらしい,이야라시이,불쾌한,N1,Disgusting; lewd; unpleasant
35587,負け,まけ,마케,패배,N2,defeat; loss
19971,製品,せいひん,세이힌,제품,N5,"manufactured goods, product"
19355,素早い,すばやい,스바야이,재빠르다,N3,"quick, nimble, agile"
10405,暗い,くらい,쿠라이,어둡다,N5,Dark; gloomy
38855,ゆったり,ゆったり,윳타리,느긋히,N2,comfortable; loose; relaxed
42887,蛹,さなぎ,사나기,번데기,N2,pupa; chrysalis
15693,渋々,しぶしぶ,시부시부,마지못해,N3,Reluctantly; grudgingly
13359,号泣,ごうきゅう,고우큐으,엉엉울다,N1,Wailing; crying aloud
10207,口コミ,くちこみ,쿠치코미,입소문,N1,Word of mouth
9086,究明,きゅうめい,큐우메이,규명,N1,Investigation; clarify; study
49062,蟷螂,かまきり,카마키리,사마귀,N2,praying mantis
9083,急務,きゅうむ,큐우무,급선무,N2,Urgent business; pressing need
67485,召し上がる,めしあがる,메시아가루,드시다,N2,To eat/drink (honorific)
50532,気紛れ,きまぐれ,키마구레,변덕쟁이,N1,whim; caprice; fickle
36126,満員,まんいん,만인,만원,N3,full (of people); no vacancy
99159,坪数,つぼすう,츠보스우,평수,N1,Area in tsubo
45873,喫緊,きっきん,킷킨,"끽긴, 매우 절박함",N1,urgent; pressing
7374,川岸,かわぎし,카와기시,강가,N2,Riverbank; riverside
51393,総監,そうかん,소우칸,총감,N1,superintendent general
9553,麒麟,きりん,키린,기린,N4,Giraffe; Qilin (mythical beast)
7691,観測,かんそく,칸소쿠,관측,N2,Observation; survey; measurement
4809,奥,おく,오쿠,안쪽,N5,Interior; inner part; back
23945,蝶,ちょう,쵸우,나비,N4,butterfly
20222,接着,せっちゃく,셋챠쿠,접착,N1,"adhesion, bonding"
10319,首,くび,쿠비,목,N4,Neck; head; dismissal
31596,日向ぼっこ,ひなたぼっこ,히나타봇코,햇볕쬐기,N3,basking in the sun
26142,冬眠,とうみん,토우민,동면,N1,hibernation
33925,平和,へいわ,헤이와,평화,N4,peace; harmony
10522,くるくる,くるくる,쿠루쿠루,돌돌,N1,Whirling; round and round
2381,犬,いぬ,이누,개,N5,Dog
793,圧倒,あっとう,앗토우,압도,N4,Overwhelming; overpowering
7718,勘違い,かんちがい,칸치가이,착각,N2,Misunderstanding; misconception
13864,囀り,さえずり,사에즈리,지저귐,N2,Twittering; chirping
33091,振り,ぶり,부리,"모양, 태도",N3,appearance; manner; swing
5873,飼い主,かいぬし,카이누시,사육하는 주인,N2,(Pet) owner
33029,麓,ふもと,후모토,기슭,N2,foot (of a mountain)
30046,撥ねる,はねる,하네루,튕기다,N1,To splash / to hit (by a car)
27020,洞窟,どうくつ,도우쿠츠,동굴,N2,"cave, cavern"
6646,片付け,かたずけ,카타즈케,정리정돈,N3,Tidying up; finishing
26752,鳥,とり,토리,새,N5,bird
18936,水族,すいぞく,스이조쿠,수족,N2,aquatic animals
68285,猛火,もうか,모카,맹화(거센 불),N1,Raging fire
172777,乳搾り,ちちしぼり,치치시보리,착유(젖 짜기),N1,Milking
63365,ぱくぱく,ぱくぱく,파쿠파쿠,뻐끔뻐끔,N5,Gaping; eating heartily
23257,駄目,だめ,다메,공배(안되는 것),N4,"no good, useless, impossible"
23141,打者,だしゃ,다샤,타자,N1,"batter, hitter"
21535,象,ぞ,조,코끼리,N4,elephant
21736,体験,たいけん,타이켄,체험,N4,experience (personal)
5312,泳ぐ,およぐ,오요구,헤엄치다,N5,To swim
21425,素朴,そぼく,소보쿠,소박,N3,"simple, rustic, artless"
15734,縞,しま,시마,"명주,줄",N2,Stripe; bar; streak
15556,質問,しつもん,시츠몬,질문,N5,Question
14463,猿,さる,사루,원숭이,N4,Monkey
34011,変化,へんか,헨카,변화,N5,change; transformation; variation
10949,警視,けいし,케이시,경시,N1,Police Superintendent
957,危ない,あぶない,아부나이,위험한,N4,Dangerous; critical; watch out!
9180,驚愕,きょうがく,쿄우가쿠,경악,N1,Astonishment; shock
35919,窓辺,まどべ,마도베,창가,N3,by the window
90742,飛び移る,とびうつる,토비우츠루,뛰어다니다,N2,To hop/jump across
40315,領有,りょうゆう,료우유우,영유,N1,possession (of land)
84133,ウマ,うま,우마,말,N1,Horse
38939,緩み,ゆるみ,유루미,느슨함,N1,slack; looseness
49365,寒波,かんぱ,칸파,한파,N1,cold wave
34606,保管,ほかん,호칸,보관,N3,storage; custody; keeping
35378,まあ,まあ,마아,뭐,N2,well; I guess; oh my (exclamation)
8656,記帳,きちょう,키쵸우,기장 (장부에 적음),N1,Bookkeeping; entry; signing (a register)
11999,光景,こうけい,코우케이,광경,N3,Scene; sight; view
32591,吹く,ふく,후쿠,불다,N4,to blow (wind)
32707,梟,ふくろう,후쿠로우,부엉이,N2,owl
7362,可愛い,かわいい,카와이이,귀엽다,N5,Cute; adorable; lovely
24556,作り出す,つくりだす,츠쿠리다스,만들어내다,N1,"to create, to manufacture, to invent"
33191,触れ合う,ふれあう,후레아우,교감하다,N1,to come into contact with; to touch
121,愛犬,あいけん,아이켄,애견,N1,Pet dog; beloved dog
7720,官庁,かんちょう,칸쵸우,관청,N2,Government office; authorities
23298,弾丸,だんがん,단간,탄환,N1,"bullet, projectile"
38314,野生,やせい,야세이,야생,N2,wild; growing wild
29147,長閑,のどか,노도카,한가로운,N2,Tranquil / calm / peaceful
28836,鼠取り,ねずみとり,네즈미토리,쥐덫,N1,Mousetrap / speed trap
7727,缶詰め,かんずめ,칸즈메,통조림,N3,Canned food; being cooped up
29955,鳩,はと,하토,비둘기,N3,Pigeon / dove
28642,人間,にんげん,닌겐,인간,N5,"human being, person, mankind"
5299,親子,おやこ,오야코,부모자식,N2,Parent and child
25526,出会う,であう,데아우,만나다,N4,"to meet, to encounter"
5631,海域,かいいき,카이이키,해역,N1,Area of ocean; maritime zone
2731,鸚哥,いんこ,인코,잉꼬,N1,Parakeet; parrot
26775,鳥籠,とりかご,토리카고,새집,N1,birdcage
3380,海,うみ,우미,바다,N5,Sea; ocean
199731,横歩き,よこあるき,요코아루키,횡보하다,N2,Walking sideways
24859,連れる,つれる,츠레루,데리다,N4,to take (someone) along
21368,外側,そとがわ,소토가와,바깥쪽,N2,"exterior, outside"
16905,書簡,しょかん,쇼칸,"서간, 편지",N1,"letter, epistle"
87600,丸投げ,まるなげ,마루나게,"위임,재하청",N1,Dumping work on someone; outsourcing entirely
16352,出港,しゅっこう,슛코우,출항,N1,departure from port
15017,潮,しお,시오,바다,N3,Tide; current; sea water
13150,今回,こんかい,콘카이,이번,N5,This time
2613,色,いろ(しょく),이로(쇼쿠),색,N5,Color; complexion; sensual pleasure
13635,犀,さい,사이,코뿔소,N1,Rhinoceros
34597,吠える,ほえる,호에루,짖다,N4,to bark; to howl; to bellow
10149,鯨,くじら,쿠지라,고래,N4,Whale
10252,くっ付く,ぐっつく,굿츠쿠,달라붙다,N2,To stick; to adhere; to be close
10196,口,くち,쿠치,입,N5,Mouth; opening
44424,壮観,そうかん,소우칸,장관,N2,spectacular sight; grandeur
70647,守宮,やもり,야모리,"도마뱀붙이,수궁",N1,Gecko
39378,よちよち,よちよち,요치요치,아장아장,N3,totteringly (toddler's walk)
35955,真似,まね,마네,흉내,N3,imitation; mimicry
49410,丸薬,がんやく,간야쿠,환약,N1,pill; tablet
51318,刑期,けいき,케이키,형기,N1,term of imprisonment
37189,無闇,むやみ,무야미,함부로,N1,thoughtless; excessive; random
37383,恵み,めぐみ,메구미,은혜,N2,blessing; grace; mercy
37458,めでたい,めでたい,메데타이,경사스럽다,N2,happy; auspicious; joyous
33324,武器,ぶき,부키,무기,N1,weapon; arms
7151,亀,かめ,카메,거북이,N2,Turtle; tortoise
32288,不,"ふ,ぶ","후,부","불,부",N5,un-; non-; negative (prefix)
7746,感度,かんど,칸도,감도,N1,Sensitivity; receptivity
7741,カントウ,かんとう,칸토우,관동,N2,Kanto (region)
33354,豚,ぶた,부타,돼지,N2,pig
12854,異なる,ことなる,코토나루,상이하다,N4,To differ; to vary
7792,幹部,かんぶ,칸부,간부,N1,Management; executive; staff
33854,平原,へいげん,헤이겐,평원,N1,plain; plateau
31157,光る,ひかる,히카루,빛나다,N5,to shine; to glitter; to be bright
191652,巣作り,すずくり,스즈쿠리,둥지짓기,N1,Nesting / Nest building
30632,馬車,ばしゃ,바샤,마차,N2,horse-drawn carriage
28630,鶏,にわとり,니와토리,닭,N2,"chicken, domestic fowl"
28906,眠る,ねむる,네무루,잠들다,N5,To sleep
29043,農場,のうじょう,노우죠우,농장,N1,Farm / plantation
6186,隠す,かくす,카쿠스,숨겨두다,N4,To hide; to conceal
29982,放し飼い,はなしがい,하나시가이,방목,N1,Free-range
27021,道具,どうぐ,도우구,도구,N3,"tool, implement, instrument"
25418,テンジン,てんじん,텐진,천신,N3,Tianjin (place name)
23984,調教,ちょうきょう,쵸우쿄우,조련,N1,training (animals)
34665,欲しい,ほしい,호시이,갖고싶은,N5,wanted; desired
17682,字,じ,지,글자,N4,"character, letter, handwriting"
8778,牙,きば,키바,송곳니,N4,Tusk; fang
6651,象る,かたどる,카타도루,본뜨다,N1,To model after; to symbolize
23524,知識,じしき,지시키,지식,N3,"knowledge, information"
1357,安心,あんしん,안신,안심,N5,Relief; peace of mind
14978,飼育,しいく,시이쿠,사육,N1,Breeding; raising (animals)
23655,着実,しゃくじつ,샤쿠지츠,착실,N1,"steady, sound, trustworthy"
21702,対岸,たいがん,타이간,맞은편,N2,opposite shore
4543,狼,おおかみ,오오카미,늑대,N2,Wolf
41289,渡り鳥,わたりどり,와타리도리,철새,N3,migratory bird
10383,組む,くむ,쿠무,"엇걸다, 끼다",N4,To cross (legs); to partner with; to assemble
3538,鱗,うろこ,우로코,비늘,N3,Scale (of a fish/snake)
39976,栗鼠,りす,리스,다람쥐,N1,squirrel
1616,威嚇,いかく,이카쿠,위협,N2,Threat; intimidation
15739,縞馬,しまうま,시마우마,얼룩말,N1,Zebra
13759,再送,さいそう,사이소우,재전송,N1,Resending
930,家鴨,あひる,아히루,집오리,N2,Duck (domestic)
9347,強力,きょうりょく,쿄우료쿠,강력,N2,Powerful; strong
8821,気味,ぎみ,기미,기분,N3,Sensation; feeling; tendency (suffix)
36437,水切り,みずきり,미즈키리,물수제비,N1,draining water; skimming stones
40229,良家,りょうけ,료우케,양가,N1,good family
66549,編隊,へんたい,헨타이,편대,N1,Formation (planes/ships)
141011,母犬,ははいぬ,하하이누,어미 개,N1,Mother dog
39468,読み込む,よみこみ,요미코미,상세히 읽다,N1,to read in (data); to understand deeply
35775,町並み,まちなみ,마치나미,거리,N3,townscape; row of houses
70774,丸太,まるた,마루타,통나무,N2,Log; beam
34417,包含,ほうがん,호우간,포함,N1,inclusion; comprehension; implication
7807,勘弁,かんべん,칸벤,용서,N1,Forgiveness; tolerance; putting up with
6857,角,かど,카도,"모퉁이, 뿔",N4,Corner; angle; edge
5969,帰り,かえり,카에리,돌아올 때,N5,Return; going home
32132,瓶,びん,빈,병,N3,bottle; jar; vial
33431,部門,ぶもん,부몬,부문,N2,department; division; category
3264,訴える,うったえる,웃타에루,"고소하다, 호소하다",N3,To sue; to complain of; to appeal to
92498,泣き止む,なきやむ,나키야무,울음을 그치다,N3,To stop crying
10187,下す,くだす,쿠다스,내리다,N3,To let down; to pass judgment; to have diarrhea
33031,増やす,ふやす,후야스,증가시키다,N5,to increase; to add to
33047,扶養,ふよう,후요우,부양,N1,support; maintenance (of family)
28806,猫,ねこ,네코,고양아,N5,Cat
27908,七,しち,시치,칠,N5,seven
25624,出来る,できる,데끼루,할 수 있다,N6,"to be able to, to be made"
4396,追う,おう,오우,쫒다,N5,To chase; to pursue; to follow
5092,大人しい,おとなしい,오토나시이,얌전하다,N1,Quiet; gentle; well-behaved
3384,海沿い,うみぞい,우미조이,해안가,N1,Along the coast
25110,てきぱき,てきぱき,테키파키,시원시원,N1,"briskly, promptly"
2678,岩場,いわば,이와바,바위터,N1,Rocky area; crag
34780,哺乳,ほにゅう,호뉴우,포유,N2,lactation; suckling
24322,つ,つ,츠,"개, 번째",N5,"(particle), counter for things"
368,崇める,あがめる,아가메루,숭상하다,N1,To revere; to worship; to adore
12943,瘤,こぶ,코부,혹,N4,Bump; lump; swelling
23453,地学,ちがく,치가쿠,지학,N1,"earth science, geosciences"
1653,行き,いき(ゆき),이키(유키),갈 때,N4,Going; bound for (suffix)
22193,蓄える,たくわえる,타쿠와에루,저장하다,N2,"to store, to save up, to grow (beard)"
67561,むかむか,むかむか,무카무카,부글부글,N4,Feeling sick; nauseated; angry
17418,神聖,しんせい,신세이,신성,N2,"sacred, holy"
39682,駱駝,らくだ,라쿠다,낙타,N1,camel
21837,堆積,たいせき,타이세키,퇴적,N1,"accumulation, pile, deposit"
19491,すやすや,すやすや,스야스야,새근새근,N1,sleeping peacefully (sound)
11917,高価,こうか,코우카,고가,N4,Expensive; high-priced
11815,子犬,こいぬ,코이누,강아지,N3,Puppy
15396,下,した,시타,아래,N5,Below; down; under
13034,込める,こめる,코메루,담다,N4,To include; to put into; to load (a gun)
48881,火成,かせい,카세이,화성,N1,igneous (rock)
65089,ぶかぶか,ぶかぶか,부카부카,헐렁헐렁,N2,Baggy; too big (clothes)
8678,きっちり,かっちり,킷치리,꼭 맞는 모양,N3,Exactly; tightly; precisely
42415,川獺,かわうそ,카와우소,수달,N1,otter
40063,離乳,りにゅう,리뉴우,이유,N1,weaning
36989,無,"ぶ,む","부,무",무,N5,non- (prefix)
36641,密猟,みつりょう,미츠료우,밀렵,N1,poaching
69834,猟師,りょうし,료우시,사냥꾼,N2,Hunter
145614,白化,はっか,핫카,백화,N1,Whitening; bleaching
56798,すばしこい,すばしこい,스바시코이,날쌔다,N1,Nimble; smart; quick
59301,多才,たさい,타사이,다재,N1,Multi-talented
41369,割る,わう,와우,깨다,N3,to divide; to break; to crack
177087,おしゃぶり,おしゃぶり,오샤부리,쪽쪽이,N1,Pacifier; teething ring
33008,踏み出す,ふみだす,후미다스,내딛다,N3,to step forward; to start out
9880,ぎゅっ,ぎゅっ,귯,꽉,N1,Tightly; firmly (squeeze)
33056,フライパン,フライパン,후라이판,프라이팬,N5,frying pan
16239,主眼,しゅがん,슈간,주안점,N1,"main point, primary object"
33449,ぶら下げる,ぶらさげる,부라사게루,"매달다,  늘어뜨리다.",N2,to hang; to suspend; to dangle
1366,安全,あんぜん,안젠,안전,N5,Safety; security
93175,取り合い,とりあい,토리아이,서로 가지려하다,N1,Scramble; struggle for
7346,辛うじて,かろうじて,카로우지테,간신히,N2,Barely; narrowly; with difficulty
12752,答える,こたえる,코타에루,대답하다,N4,To answer; to reply
38558,和らげる,やわらげる,야와라게루,누그러뜨리다,N2,to soften; to alleviate; to moderate
8255,期,き,키,시기,N4,Period; term; stage
31383,密か,ひそか,히소카,몰래 함,N2,secret; private; stealthy
38915,揺らぐ,ゆらぐ,유라구,흔들리다,N2,to shake; to waver; to swing
34366,保育,ほいく,호이쿠,보육,N2,nursing; childcare; upbringing
5665,開眼,かいがん,카이간,"개안, 깨달음",N1,Enlightenment; opening one's eyes (to truth)
3527,嬉しい,うれしい,우레시이,기쁘다,N5,Happy; glad; delightful
36690,見なす,みなす,미나스,"보다, 간주하다",N2,to consider as; to regard
31856,昼寝,ひるね,히루네,낮잠,N3,siesta; nap
22319,称える,たたえる,타타에루,칭송하다,N2,"to praise, to admire, to extol"
29988,放す,はなす,하나스,풀어놓다,N3,To release / to let go
24747,積み上げる,つみあげる,츠미아게루,쌓아올리다,N2,"to pile up, to accumulate"
993,甘える,あまえる,아마에루,응석부리다,N2,To behave like a spoiled child; to depend on
39123,幼稚,ようち,요우치,유치,N3,childish; infantile
26984,同意,どうい,도우이,동의,N2,"agreement, consent, approval"
39371,涎掛け,よだれかけ,요다레카케,턱받이,N1,bib
21825,体制,たいせい,타이세이,체제,N3,"system, structure, establishment"
26645,友,とも,토모,친구,N3,"friend, companion"
11098,消す,けす,케수,지우다,N4,To erase; to turn off; to extinguish
37690,沐浴,もくよく,모쿠요쿠,목욕,N1,bathing; ablution
26382,閉ざす,とざす,토자스,"닫다, 잠그다",N3,"to shut, to close, to lock"
19330,素直,すなお,스나오,솔직,N3,"obedient, honest, frank"
37151,夢中,むちゅう,무츄우,푹 빠져있는,N3,absorbed; obsessed; dazed
19069,隙,すき,스키,틈,N3,"gap, opening, crack, vulnerability"
52268,健診,けんしん,켄신,검진,N2,medical checkup
38564,やんちゃ,やんちゃ,얀챠,"응석,개구쟁이",N1,mischievous; naughty
49418,眼力,がんりき,간리키,"안목,안력",N1,insight; power of observation
53722,五感,ごかん,고칸,오감,N1,the five senses
39265,よし,よし,요시,"좋아, 됐다",N1,all right; good; okay
36632,見詰める,みつめる,미츠메루,지켜보다,N4,to stare at; to gaze
39950,利口,りこう,리코우,영리한,N3,clever; smart; well-behaved
99286,肉類,にくるい,니쿠루이,육류,N1,Meats
102906,老僧,ろうそう,로우소우,노승,N1,Old monk
33403,ぶつかる,ぶつかる,부츠카루,부딪히다,N3,to collide; to bump into; to clash
7459,感,かん,칸,감,N5,Feeling; sensation; emotion
7837,寛容,かんよう,칸요우,관용,N2,Tolerance; generosity
33491,武力,ぶりょく,부료쿠,무력. 병력,N1,military power; force of arms
33471,振り,ぶり,부리,꼴,N5,appearance; manner; (counter for swords)
14076,叫ぶ,さけぶ,사케부,외치다,N2,To shout; to cry out
8229,元来,がんらい,간라이,원래,N1,Originally; essentially
7844,観覧,かんらん,칸란,관람,N2,Viewing; inspection; sightseeing
35734,又,また,마타,또,N5,again; and; also
7851,完了,かんりょう,칸료우,완료,N3,Completion; conclusion
14423,さようなら,さようなら,사요우나라,안녕(작별인사),N5,Goodbye
6276,駆け込む,かけこむ,카케코무,달려가다,N3,To rush into; to take refuge in
1089,謝る,あやまる,아야마루,사과하다,N4,To apologize
3119,後ろ,うしろ,우시로,뒤,N5,Behind; back; rear
36305,磨く,みがく,미가쿠,닦다,N3,to polish; to brush (teeth)
13573,御覧,ごらん,고란,보심,N2,Look; see (honorific)
56826,ずぶ濡れ,ずぶぬれ,즈부누레,흠뻑 젖음,N1,Soaking wet
28922,練る,ねる,네루,"누이다, 짜다",N5,To knead / to polish (a plan)
33185,震わせる,ふるわせる,후루와세루,진동시키다,N1,to shake; to make tremble
63492,団栗眼,どんぐりまなこ,동구리마나코,"동그란 눈, 도토리 같은 눈",N1,Goggle-eyes; round eyes
30509,婆,ば,바,할미,N4,old woman; grandmother
31407,左,ひだり,히다리,왼쪽,N5,left (direction)
27801,投げる,なげる,나게루,던지다,N3,"to throw, to hurl"
26353,溶け合う,とけあう,토케아우,서로 녹아 섞이다,N1,"to melt into each other, to blend"
23844,忠誠,ちゅうせい,츄우세이,충성,N1,"loyalty, allegiance, fidelity"
20187,石鹸,せっけん,셋켄,비누,N1,soap
1522,いいえ,いいえ,이이에,아니요,N3,No
11960,高貴,こうき,코우키,고귀,N1,Noble; high-born
11232,蹴る,ける,케루,차다,N3,To kick
9450,器用,きよう,키요우,재주가 있음,N2,Skillful; handy; clever
139862,ひい,ひ,히,히,N1,One (counting); eek!
253469,ぽーん,ぽうん,포웅,뻥,N5,Pop (sound) / Tossing something
88947,吠え立てる,ほえたてる,호에타테루,짖어대다,N1,To bark furiously
41393,わんわん,わんわん,왕왕,왕왕,N1,bow-wow (barking); sound of wailing
34454,法師,ほうし,호우시,법사,N2,Buddhist priest; monk
36238,見上げる,みやげる,미야게루,올려다보다,N4,to look up at
66196,ぱっちり,ぱっちり,팟치리,휘둥그레,N1,Wide open (eyes)
61858,血眼,ちまなこ,치마나코,혈안,N1,Bloodshot eyes; frantic
55112,紺屋,こんや,콘야,염색집,N1,Dyer's shop; dyer
36331,右手,みぎて,미기테,오른손,N3,right hand
44995,端,はな,하나,코,N4,edge; end; margin
41452,濃紺,のうこん,노우콘,짙은 곤색,N1,dark navy blue
36642,密林,みつりん,미츠린,밀림,N1,jungle; dense forest
262337,初売り,はつうり,하츠우리,첫 판매,N1,First sale of the year
357782,泡々,あわあわ,아와아와,거품,N1,Bubbly / Foamy
229005,しゃかしゃか,しゃかしゃか,샤카샤카,샥샥,N1,Shaking sound / Crispy sound
33507,ぶるぶる,ぶるぶる,부르부르,덜덜,N1,shivering; trembling (with cold/fear)
7205,痒い,かゆい,카유이,가렵다,N3,Itchy
101049,ぎゅう,ぎゅう,규,꽉(죄거나 누르는 모양),N1,Squeeze; tightly
50125,生み付ける,うみつける,우미츠케루,낳다,N2,to lay eggs
5295,親,おや,오야,부모,N4,Parent
3750,駅,えき,에키,역,N5,Station (train)
33517,無礼,ぶれい,부레이,무례,N3,impolite; rude; insolent
27668,仲良く,なかよく,나카요쿠,사이좋게,N3,"on good terms, harmoniously"
31272,低い,ひくい,히쿠이,낮은,N4,low; short
29209,上る,のぼる,노보루,오르다,N5,To go up / to ascend
29146,喉,のど,노도,목,N4,Throat
25129,手首,てくび,테쿠비,손목,N3,wrist
915,あはは,あはは,아하하,아하하,N5,Ahaha (laughter)
9213,強豪,きょうごう,쿄우고우,강호,N1,Powerful (person/team); champion
36418,水遊び,みずあそび,미즈아소비,물놀이,N1,playing with water
24060,頂戴,ちょうだい,쵸우다이,받다,N2,"receiving, getting, please (polite)"
23104,打開,だかい,다카이,타개,N3,breakthrough
23596,乳飲み,ちのみ,치노미,젖먹이,N1,nursing (infant)
204021,ごとん,ごとん,고톤,쿵덕,N2,Thud / Clunk (heavy sound)
54823,擂り,すり,스리,소매치기,N4,Grinding; mashing; pickpocketing
18078,弱小,じゃくしょう,쟈쿠쇼우,약소,N1,small and weak
22152,焚く,たく,타쿠,"지피다,짓다",N3,"to burn, to kindle, to cook (rice)"
20526,先生,せんせい,센세이,선생님,N5,"teacher, master, doctor"
16664,商魂,しょうこん,쇼우콘,상혼,N1,commercial spirit
20519,先人,せんじん,센진,선인,N1,"predecessor, pioneer"
17545,親睦,しんぼく,신보쿠,친목,N1,"friendship, harmony, intimacy"
15884,綽々,しゃくしゃく,샤쿠샤쿠,여유만만함,N1,Calm; leisurely; plenty of room
13183,懇親,こんしん,콘신,"친목,간친",N1,Friendship; intimacy; get-together
10789,ぐるぐる,ぐるぐる,구루구루,동글동글,N1,In circles; round and round
94331,ざあざあ,ざあざあ,자아자아,좍좍,N1,Sound of pouring rain
52435,源平,げんぺい,겐페이,겐페이,N1,Genji and Heike clans
93425,ビワ,びわ,비와,비와,N1,Loquat (fruit)
65028,ぶうぶう,ぶうぶう,부우부우,부릉부릉,N4,Grumbling; oink-oink; honking
55062,魂胆,こんたん,콘탄,꿍꿍이,N1,Plot; intrigue; ulterior motive
39142,洋服,ようふく,요우후쿠,양복,N1,Western-style clothes
70074,霊魂,れいこん,레이콘,영혼,N1,Soul; spirit
63414,ちょこん,ちょこん,쵸콘,"딱,똑",N1,Quietly; small and still
55059,懇切,こんせつ,콘세츠,간절함,N1,Kind; cordial; exhaustive
61675,てくてく,てくてく,테쿠테쿠,터벅터벅,N1,Trudging; walking a long way
64656,肥沃,ひよく,히요쿠,비옥,N1,Fertile; fecund
41412,んー,ん,응,응,N2,hmm; well...
38553,柔らかい,やわらかい,야와라카이,부드럽다,N4,soft; tender (physically)
35811,真っ白,まっしろ,맛시로,새하얀,N2,pure white
38643,友好,ゆうこう,유우코우,우호,N1,friendship
212006,ああん,ああん,아안,앙,N2,Ahh / Oh (sound)
26335,特別,とくべつ,토쿠베츠,특별,N3,"special, particular"
8143,我武者羅,がむしゃら,가무샤라,필사적으로,N1,Reckless; frantic; headlong
7983,画家,がか,가카,화가,N3,Painter; artist
29480,俳優,はいゆう,하이유우,배우,N4,Actor / actress
34956,本場,ほんば,혼바,본고장,N2,home; birthplace; genuine
7853,慣例,かんれい,칸레이,관례,N1,Custom; precedent; convention
32018,美術,びじゅつ,비쥬츠,미술,N4,fine arts
87286,点てる,たてる,타테루,만들다,N1,To make tea (matcha)
3056,浮き世,うきよ,우키요,"덧없는 세상,속세",N2,The fleeting world; transient life
65898,橋桁,はしげた,하시게타,교각 상판,N1,Bridge girder; bridge pier
33111,振り袖,ふりそで,후리소데,긴소매,N2,Furisode (long-sleeved kimono)
62931,懇ろ,ねんごろ,넨고로,친밀,N1,Courteous; intimate; thorough
238576,開催,かいさい,카이사이,개최,N3,Holding (an event) / Opening
31640,響く,ひびく,히비쿠,울려퍼지다,N5,to resound; to echo; to affect
31722,評価,ひょうか,효우카,평가,N4,evaluation; appraisal
28947,年収,ねんしゅう,넨슈우,연수입,N1,Annual income
28409,日課,にっか,닛카,일과,N4,"daily lesson, daily routine"
7854,還暦,かんれき,칸레키,환갑,N1,"60th birthday"
7857,貫禄,かんろく,칸로쿠,관록,N1,Presence; dignity; weight
4979,遅い,おそい,오소이,느리다,N5,Slow; late
524,上げる,あげる,아게루,"올리다, 튀기다",N5,To raise; to lift; to give
28015,習う,ならう,나라우,익히다,N4,"to learn, to take lessons"
1760,生け花,いけばな,이케바나,꽃꽂이,N3,Ikebana (flower arrangement)
22499,建物,たてもの,타테모노,건물,N4,"building, structure"
11516,劇団,げきだん,게키단,극단,N2,Theatrical company
19858,成人,せいじん,세이진,성인,N3,adult
12588,国立,こくりつ,코쿠리츠,국립,N2,National (institution)
19659,狡い,ずるい(こすい),즈루이(코스이),교활한,N2,"sly, cunning, unfair"
57144,上皇,じょうこう,죠우코우,상왕,N1,Abdicated Emperor
17058,庶民,しょみん,쇼민,서민,N2,"common people, masses"
19660,ずるずる,ずるずる,즈루즈루,질질,N1,"slithering, dragging, sipping sound"
9662,近所,きんじょ,킨죠,근처,N4,Neighborhood
12471,木陰,こかげ,코카게,나무그늘,N2,Shade of a tree
11524,激動,げきどう,게키도우,격동,N1,Upheaval; agitation; turbulent (times)
36602,見付ける,みつける,미츠케루,발견하다,N5,to find; to discover
11279,喧嘩,けんか,켄카,싸움,N4,Quarrel; fight
11511,激する,げきする,게키스루,"격해지다, 격분하다",N1,To get excited; to be enraged
11124,穴居,けっきょ,켓쿄,"동굴집,혈거",N1,Cave-dwelling
9228,教室,きょうしつ,쿄우시츠,교실,N4,Classroom
138112,今日は,こんにちわ,콘니치와,안녕하세요,N5,Hello; Good day
67040,墓穴,ぼけつ,보케츠,무덤 구멍; 자멸의 원인,N1,Grave; pitfall (digging one's own)
60466,等比,とうひ,토우히,등비,N1,Geometric ratio
51823,桁違い,けたちがい,케타치가이,엄청난 차이,N1,off the charts; incomparable
39065,用紙,ようし,요우시,용지,N2,blank form; sheet of paper
34641,補欠,ほけつ,호케츠,"보결, 후보",N1,filling a vacancy; substitute; spare
215962,公妨,こうぼう,코우보우,공무,N1,Obstruction of heavy duty (Abbreviation)
137721,忍ばせる,しのばせる,시노바세루,숨겨놓다,N1,To hide; to conceal
38940,緩む,ゆるむ,유루무,풀리다,N3,to slacken; to become loose
7858,漢和,かんわ,칸와,한일,N2,"Chinese-Japanese (e.g., dictionary)"
30329,版画,はんが,한가,판화,N1,woodblock print; art print
8274,気圧,きあつ,키아츠,기압,N2,Atmospheric pressure
32737,塞ぐ,ふさぐ,후사구,막다,N3,to stop up; to block; to occupy
33146,振る,ふる,후루,흔들다,N5,to shake; to wave; to reject
23953,長,ちょう,쵸우,장,N4,"long, leader, head, chief"
25504,展覧,てんらん,텐란,전람,N3,"exhibition, show"
33216,風呂敷,ふろしき,후로시키,보자기,N2,Furoshiki (wrapping cloth)
29963,鼻,はな,하나,코,N4,Nose
3094,動かす,うごかす,우고카스,움직이다,N3,To move; to shift; to operate
30128,嵌める,はめる,하메루,끼우다,N1,To fit into / to deceive
6431,歌手,かしゅ,카슈,가수,N3,Singer
26526,隣り,となり,토나리,옆자리,N5,"next door, neighbor"
26360,解ける,とける,토케루,풀리다,N2,"to be solved, to come untied"
26777,取り決め,とりきめ,토리키메,"결정, 약속",N1,"decision, agreement, settlement"
24138,直,"じき,じか","지키,지카",곧장,N3,"straight, direct, immediately"
22469,縦,たて,타테,"세로, 위아래",N2,"vertical, length, height"
5605,会,かい,카이,회,N5,Meeting; society; association
1514,胃,い,이,위,N4,Stomach
23388,血,ち,치,피,N4,blood
70712,結う,ゆう,유,"땋다, 묶다(머리 등)",N1,To do up (hair); to tie
9698,筋肉,きんにく,킨니쿠,근육,N3,Muscle
19356,素晴らしい,すばらしい,스바라시이,훌륭하다,N3,"wonderful, splendid, magnificent"
17440,心臓,しんぞう,신조우,심장,N3,heart
37098,虫歯,むしば,무시바,충치,N2,cavity; decayed tooth
15276,資質,ししつ,시시츠,자질,N1,Nature; qualities; disposition
15870,車間,しゃかん,샤칸,차간,N1,Distance between vehicles
35374,真,ま,마,진,N3,truth; reality; genuine
13286,婚約,こんやく,콘야쿠,혼약,N2,Engagement; betrothal
38884,指,ゆび,유비,손가락,N4,finger; toe
12836,事,こと,코토,일,N6,Thing; matter; incident
12190,高層,こうそう,코우소우,고층,N2,High-rise; upper layers (atmosphere)
8818,決まり,きまり,키마리,"결정, 규칙",N1,Rule; settlement; custom; embarrassment
10227,口元,くちもと,쿠치모토,입가,N1,Around the mouth
10221,唇,くちびる,쿠치비루,입술,N2,Lips
11169,潔白,けっぱく,켓파쿠,결백,N1,Innocence; purity
38582,結い上げる,ゆいあげる,유이아게루,머리를 땋아 올리다,N1,to tie up (hair)
34281,弁明,べんめい,벤메이,변명,N1,explanation; defense; vindication
40192,両-助数詞,りょう,료우,량,N1,counter for railway cars
37166,胸,むね,무네,가슴,N5,chest; breast; heart
40761,連結,れんけつ,렌케츠,연결,N1,connection; coupling; consolidation
56539,純潔,じゅんけつ,쥰케츠,순결,N1,Purity; chastity
53338,薬指,くすりゆび,쿠스리유비,약지,N1,ring finger
40274,稜線,りょうせん,료우센,능선,N1,ridgeline
51963,傑物,けつぶつ,켓부츠,걸물,N1,extraordinary person
68524,元結い,もとゆい,모토유이,상투 끈,N1,Cord for tying hair
52754,豪傑,ごうけつ,고우케츠,호걸,N1,hero; great man
52216,犬歯,けんし,켄시,송곳니,N1,canine tooth
7102,噛み締める,かみしめる,카미시메루,깨물다,N3,To chew thoroughly; to savor; to reflect upon
29561,履く,はく,하쿠,"신다,입다",N4,To wear (on feet or legs)
33406,ぶつける,ぶつける,부츠케루,던지다,N3,to hit (something) against; to throw at
40034,率,りつ,리츠,률,N4,rate; ratio; percentage
6122,掻く,かく,카쿠,"그리다, 흘리다",N4,To scratch; to paddle; to sweat
28900,眠い,ねむい,네무이,졸리다,N4,Sleepy
7509,考え事,かんがえごと,캉가에고토,갖가지 생각,N2,Something on one's mind; thoughts
8098,学校,がっこう,갓코우,학교,N5,School
32937,太い,ふとい,후토이,굵은,N3,thick; fat
17792,持久,じきゅう,지큐우,지구,N1,"endurance, persistence"
5998,香る,かおる,카오루,향기나다,N1,To smell sweet; to be fragrant
21548,臓器,ぞうき,조우키,장기,N3,"internal organs, viscera"
31318,久しい,ひさしい,히사시이,오래된,N5,long (time)
26604,止まる,"とどまる, とまる","토도마루, 토마루","머물다, 멈추다",N5,"to stop, to halt"
5422,恩師,おんし,온시,은사,N3,One's former teacher
12729,擦る,こする,코스루,비비다,N2,To rub; to scrub; to chafe
852,当てる,あてる,아테루,맞히다,N4,To hit; to apply; to guess; to expose
50565,靴擦れ,くつずれ,쿠츠즈레,신발에 쓸린 상처,N3,shoe sore; blister
698,汗,あせ,아세,땀,N4,Sweat; perspiration
38225,野犬,やけん,야켄,들개,N1,stray dog
27902,撫でる,なでる,나데루,쓰다듬다,N2,"to stroke, to pet, to caress"
1880,移植,いしょく,이쇼쿠,이식,N3,Transplant; migration; porting (software)
19116,救う,すくう,스쿠우,구하다,N4,"to rescue, to save, to help"
31364,肘,ひじ,히지,팔꿈치,N4,elbow
27159,動脈,どうみゃく,도우먀쿠,동맥,N3,artery
19548,擦れ違う,すれちがう,스레치가우,스쳐 지나가다,N2,"to pass each other, to disagree"
47762,浮き出る,うきでる,우키데루,떠오르다,N1,to stand out; to surface
34788,仄か,ほのか,호노카,은은함,N1,faint; dim; slight
18352,授与,じゅよ,쥬요,수여,N2,"awarding, conferring, giving"
17307,神経,しんけい,신케이,신경,N2,"nerve, sensitivity"
42773,噎せる,むせる,무세루,사례들리다,N1,to choke on; to wheeze
17454,診断,しんだん,신단,진단,N3,diagnosis
15549,質的,しつてき,시츠테키,질적,N1,Qualitative
51083,勲功,くんこう,쿤코우,"공훈,훈공",N1,meritorious service
13689,採血,さいけつ,사이케츠,채혈,N1,Drawing blood
195702,凍え死に,こごえじに,코고에지니,얼어죽음,N1,Freezing to death
13823,細胞,さいぼう,사이보우,세포,N4,Cell (biology)
51197,薫風,くんぷう,쿤푸우,훈풍,N1,balmy breeze
10255,靴,くつ,쿠츠,신발,N5,Shoes
65455,踏み外す,ふみはずす,후미하즈스,헛디디다,N1,To miss one's footing; to stray
11119,血管,けっかん,켓칸,혈관,N1,Blood vessel
10029,空軍,くうぐん,쿠우군,공군,N1,Air force
57967,尻餅,しりもち,시리모치,엉덩방아,N1,Falling on one's buttocks
55618,静脈,じょうみゃく,죠우먀쿠,정맥,N1,Vein
57498,食道,しょくどう,쇼쿠도우,식도,N1,Esophagus
54717,音訓,おんくん,온쿤,음훈,N1,On and Kun readings (of Kanji)
31993,びくびく,びくびく,비쿠비쿠,벌벌,N1,trembling; being timid/nervous
7676,関節,かんせつ,칸세츠,관절,N2,Joint (body)
28608,尿,にょう,뇨우,소변,N4,urine
33632,分泌,ぶんぴつ,분피츠,분비,N1,secretion
32945,太腿,ふともも,후토모모,허벅지,N1,thigh
33243,噴火,ふんか,훈카,분화,N2,eruption
161155,拾い,ひろい,히로이,줍기,N1,Picking up; finding
29170,伸びる,のびる,노비루,펴지다,N5,To extend / to stretch / to grow
26429,図書,としょ,토쇼,도서,N5,books
8309,気温,きおん,키온,기온,N3,Temperature (air)
8336,危害,きがい,키가이,위해,N1,Injury; harm; danger
26555,飛び越える,とびこえる,토비코에루,뛰어넘다,N1,"to jump over, to leap across"
24046,調節,ちょうせつ,쵸우세츠,조절,N1,"regulation, adjustment"
8314,器械,きかい,키카이,기계,N1,Instrument; appliance; apparatus
51958,げっぷ,げっぷ,겟푸,트림,N1,burp; belch
8317,企画,きかく,키카쿠,기획,N4,Plan; project; planning
8597,鍛える,きたえる,키타에루,단련하다,N3,To train; to drill; to forge (metal)
5059,弟,おとうと,오토우토,남동생,N4,Younger brother
3546,噂,うわさ,우와사,소문,N5,Rumor; gossip
18800,腎臓,じんぞう,진조우,신장,N2,kidney
22699,保つ,たもつ,타모츠,유지하다,N4,"to keep, to maintain, to preserve"
37226,群れる,むれる,무레루,군집하다,N1,to crowd; to swarm
20080,咳き込む,せきこむ,세키코무,기침하다,N2,to have a coughing fit
11178,血液,けつえき,케츠에키,혈액,N2,Blood
17041,書道,しょどう,쇼도우,서예,N2,calligraphy
20316,背骨,せぼね,세보네,척추,N1,"backbone, spine"
17469,身長,しんちょう,신쵸우,신장,N2,"stature, height"
475,欠伸,あくび,아쿠비,하품,N1,Yawn
22353,正しい,ただしい,타다시이,올바르다,N4,"correct, right, honest"
15949,吃逆,しゃっくり,샷쿠리,딸꾹질,N1,Hiccups
40929,濾過,ろか,로카,여과,N1,filtration; filtering
9571,キロ-kilo,キロ,키로,키로,N5,Kilo (kilogram/kilometer)
11166,血糖,けっとう,켓토우,혈당,N1,Blood sugar
10835,ぐんぐん,ぐんぐん,군군,쑥쑥,N1,Steadily; vigorously
41331,笑い声,わらいごえ,와라이고에,웃음소리,N3,laughter; sound of laughing
35973,真昼,まひる,마히루,한낮,N1,midday; noon
19615,頭蓋,ずがい,즈가이,두개,N2,"skull, cranium"
9825,ギフ,ぎふ,기후,기후 (지명),N1,Gifu
11306,献血,けんけつ,켄케츠,헌혈,N1,Blood donation
10858,郡部,ぐんぶ,군부,군 지역,N1,Rural districts; county areas
53671,氷水,こうりみず,코우리미즈,얼음물,N1,shaved ice; ice water
40149,流行,りゅうこう,류우코우,유행,N4,fashion; trend; epidemic
52577,金将,きんしょう,킨쇼우,금장,N1,Gold General (Shogi)
60403,吊り革,つりかわ,츠리카와,손잡이,N1,Strap (to hang onto in a bus/train)
41193,脇,わき,와키,"겨드랑이,옆",N2,side; armpit; flank
62816,猫背,ねこぜ,네코제,"굽은 등,고양이등",N1,Stoop; hunchback
62783,寝汗,ねあせ,네아세,(잠잘때)식은땀,N1,Night sweats
65238,腹痛,ふくつう,후쿠츠우,복통,N1,Stomachache
62702,糠漬け,ぬかづけ,누카드케,쌀겨절임,N1,Vegetables pickled in rice bran
7531,環境,かんきょう,칸쿄우,환경,N5,Environment; surroundings
8318,規格,きかく,키카쿠,규격,N1,Standard; norm; specification
8344,気軽,きがる,키가루,소탈한. 마음 편한,N2,Carefree; lighthearted; casual
5977,変える,かえる,카에루,바꾸다,N5,To change
33555,分解,ぶんかい,분카이,분해,N2,disassembly; decomposition; analysis
2563,入り口,いりぐち,이리구치,입구,N5,Entrance; way in
4087,選ぶ,えらぶ,에라부,고르다,N5,To choose; to select
181467,晩御飯,ばんごはん,반고항,저녁밥,N4,Dinner / Evening meal
3184,歌う,うたう,우타우,노래부르다,N5,To sing; to recite
24130,聴力,ちょうりょく,쵸우료쿠,청력,N1,hearing ability
13118,転ぶ,ころぶ,코로부,넘어지다,N5,To fall down; to tumble
11047,刑法,けいほう,케이호우,형법,N1,Criminal law
33245,憤慨,ふんがい,훈가이,분개,N2,indignation; resentment
42272,驢馬,ろば,로바,당나귀,N1,donkey; ass
33562,文学,ぶんがく,분가쿠,문학,N4,literature
19571,すんなり,すんなり,순나리,순조롭게,N2,"smoothly, easily, slenderly"
17156,視力,しりょく,시료쿠,시력,N2,"eyesight, vision"
36158,慢性,まんせい,만세이,만성,N2,chronic
616,足首,あしくび,아시쿠비,발목,N2,Ankle
30052,母,はは,하하,엄마,N5,Mother
12229,紅茶,こうちゃ,코우챠,홍차,N3,Black tea
22637,玉,たま,타마,구슬,N5,"ball, sphere, gem"
11075,系列,けいれつ,케이레츠,계열,N1,Series; lineage; group (keiretsu)
12802,骨折,こっせつ,콧세츠,골절,N3,Bone fracture
34591,菠薐,ほうれん,호우렌,시금치,N3,Spinach (usually ほうれん草)
27799,投げ付ける,なげつける,나게츠케루,내던지다,N1,"to throw at, to hurl at"
25612,出掛ける,でかける,데카케루,외출,N5,"to go out, to depart"
38299,休み,やすみ,야스미,쉼,N5,rest; holiday; break
25453,転倒,てんとう,텐토우,넘어지다,N3,"falling down, overturning"
25070,手形,てがた,테가타,"어음, 손도장",N1,"handprint, draft, bill (finance)"
8758,昨日,きのう,키노우,어제,N5,Yesterday
22437,経つ,たつ,타츠,경과하다,N3,"to pass (time), to elapse"
8952,嗅覚,きゅうかく,큐우카쿠,후각,N2,Sense of smell
60171,店屋,てんや,텐야,상점,N1,Shop; store
39128,腰痛,ようつう,요우츠우,요통,N2,lower back pain
19084,スキー-ski,スキー,스키키,스키,N5,"ski, skiing"
19680,姓,せい,세이,성,N2,"surname, family name"
34278,便秘,べんぴ,벤피,변비,N1,constipation
11603,下痢,げり,게리,설사,N1,Diarrhea
8657,貴重,きちょう,키쵸우,귀중,N3,Precious; valuable
49170,寒気,さむき,사무키,한기,N1,the cold; a chill
47434,鋳る,いる,이루,"(금속을) 붓다, 주조하다",N1,to cast (metal); to mint
38989,酔い,よい,요이,취기,N2,drunkenness; motion sickness
40991,肋骨,ろっこつ,롯코츠,늑골,N2,rib
54122,心無い,こころない,코코로나이,무심하다,N1,thoughtless; heartless
87882,控えめ,ひかえめ,히카에메,자제함,N1,Moderate; reserved; humble
102904,翌週,よくしゅう,요쿠슈우,"다음 주,익주",N1,Next week
51485,形相,ぎょうそう,교우소우,"형상, 얼굴 모습",N1,looks; countenance; aspect
375,上がる,あがる,아가루,오르다,N5,To rise; to go up; to enter (a house)
33578,文庫,ぶんこ,분코,문고,N1,library; book collection; paperback
33637,ぶんぶん,ぶんぶん,분분,붕붕,N1,buzzing; humming
37014,昔々,むかしむかし,무카시무카시,옛날옛날,N1,once upon a time
32968,船,ふね,후네,배,N5,ship; boat
25072,手紙,てがみ,테가미,편지,N5,letter
31146,光,ひかり,히카리,빛,N5,light; ray; beam
30003,花火,はなび,하나비,불꽃놀이,N4,Fireworks
29236,乗り,のり,노리,"타기, 분위기",N1,Riding / rhythm
29625,歯茎,はぐき,하구키,잇몸,N1,Gums (teeth)
27385,泥棒,どろぼう,도로보우,도둑,N2,"thief, burglar"
8330,機関,きかん,키칸,기관,N2,Organ; engine; facility; institution
26189,遠く,とおく,토오쿠,멀리,N5,"far away, distant place"
26373,所,ところ,토코로,곳,N5,"place, spot"
17336,信号,しんごう,신고우,신호,N4,"signal, traffic light"
24066,蝶々,ちょうちょう,쵸우쵸우,나비,N1,butterfly
5397,終わる,おわる,오와루,끝나다,N5,To end; to finish
24152,直情,ちょくじょう,쵸쿠죠우,직정,N1,"direct emotion, impulsive"
39194,翌年,よくねん,요쿠넨,다음 해,N1,the following year
196273,背脂,せあぶら,세아부라,돼지비계,N1,Back fat (pork)
23817,駐車,ちゅうしゃ,츄우샤,주차,N3,parking (a vehicle)
8324,季刊,きかん,키칸,계간,N1,Quarterly (publication)
139957,撫で撫で,なでなで,나데나데,쓰담쓰담,N1,Patting; stroking
21373,備え,そなえ,소나에,대비,N1,"preparation, provision, reserve"
12562,黒板,こくばん,코쿠반,칠판,N4,Blackboard
23458,地球,ちきゅう,치큐우,지구,N5,the Earth
19326,砂,"すな(さ, しゃ)","스나(사, 샤)",모래(사),N3,sand
10253,くっ付ける,くっつける,쿳츠케루,붙이다,N1,To attach; to stick together
19181,薄,すすき,스스키,억새,N1,"pampas grass, silver grass"
4507,おお,おお,오오,오오,N5,Oh!; (exclamation of surprise)
17996,自転,じてん,지텐,자전,N5,"rotation, revolution (on axis)"
13914,魚釣り,さかなつり,사카나츠리,낚시,N2,Fishing
36188,真ん丸,まんまる,만마루,아주 동그람,N1,perfect circle; perfectly round
9359,局,きょく,쿄쿠,국,N3,Bureau; office; department; station
37717,文字,もじ,모지,문자,N4,letter; character; script
41291,渡る,わたる,와타루,건너다,N5,to cross over; to go across
50800,曇り,くもり,쿠모리,흐림,N1,cloudiness
137858,芽吹き,めぶき,메부키,싹이 움틈,N1,Budding; sprouting
69999,凛々,りんりん,링링,늠름,N1,Gallant; dignified
44840,係累,けいるい,케이루이,계루,N1,dependents; ties; encumbrances
51336,径行,けいこう,케이코우,경행,N1,conduct; behavior
61940,長靴,ながぐつ,나가구츠,장화,N1,Boots
38779,ゆき,ゆき,유키,눈,N1,going; bound for
64732,干る,ひる,히루,"마르다, 건조해지다",N1,To dry; to ebb
62645,にょろにょろ,にょろにょろ,뇨로뇨로,꿈틀꿈틀,N1,Wiggling; slithering
37892,物事,ものごと,모노고토,모든 것,N3,things; everything
204134,ちょきちょき,ちょきちょき,쵸키쵸키,싹둑싹둑,N1,Snip-snip (cutting sound)
262890,すいー,すいいっ,스이잇,스으윽,N1,Smoothly / Gliding
33685,ぷくぷく,ぷくぷく,푸쿠푸쿠,뻐끔뻐끔,N3,plump; bulging; bubbling
8444,聞こえる,きこえる,키코에루,들리다,N5,To be audible; to be heard
32987,不便,ふべん,후벤,불편,N2,inconvenient
2602,入れ替える,いれかえる,이레카에루,교체하다,N2,To replace; to substitute; to shift
33568,分業,ぶんぎょう,분교우,분업,N1,division of labor
8339,着替える,きがえる,키가에루,갈아신다,N2,To change clothes
196677,何色,なにいろ,나니이로,무슨 색,N1,What color
30961,ぱちぱち,ぱちぱち,파치파치,깜빡깜빡,N3,clapping; crackling; snapping
6258,掛け,かけ,카케,달리기,N1,Credit; installment; (suffix) mid-action
4608,大勢,おうぜい,오우제이,여럿,N4,Many people; crowd
21297,そして,そして,소시테,그리고,N1,"and, and then"
31228,引き算,ひきざん,히키잔,뺄셈,N1,subtraction
38112,八百屋,やおや,야오야,채소가게,N1,greengrocer
30058,憚る,はばかる,하바카루,꺼리다,N2,To hesitate / to be afraid of what others think
10994,係争,けいそう,케이소우,계쟁,N1,Dispute; contention; litigation
4148,円,えん,엔,엔,N3,Yen; circle
61958,柄杓,ヒシャク,名詞,体,N1,Ladle; dipper
2583,入る,"いる,はいる","이루,하이루","들어오다,들어가다",N1,To enter; to go in
13248,今晩,こんばん,콘반,오늘저녁,N2,Tonight; this evening
27258,怒号,どごう,도고우,고함,N1,"angry roar, shout"
24132,朝礼,ちょうれい,쵸우레이,조회,N1,morning assembly/meeting
23430,近く,ちかく,치카쿠,근처,N5,"near, nearby, shortly"
48890,風の子,かぜのこ,카제노코,바람의 아이,N1,child of the wind (hardy child who plays outside in cold)
48947,型紙,かたがみ,카타가미,도안,N1,paper pattern; stencil
22245,竹藪,たけあぶ,타케아부,대나무 숲,N1,bamboo grove/thicket
1979,急ぐ,いそぐ,이소구,서두르다,N5,To hurry; to hasten
36120,回り道,まわりみち,마와리미치,길을 돌아서 감,N1,detour
67882,紛らわしい,まぎらわしい,마기라와시이,헷갈린다,N2,Confusing; misleading
35753,街,まち,마치,거리,N5,city; street; downtown
12237,校長,こうちょう,코우쵸우,교장,N2,Principal; headmaster
19687,正,せい,세이,옳음(정),N2,"justice, regular, original"
17059,庶務,しょむ,쇼무,서무,N1,general affairs
9496,霧,きり,키리,안개,N5,Fog; mist
4394,オウ,おう,오우,왕,N1,"(Phonetic ""Ou"")"
3970,絵の具,えのぐ,에노구,물감,N3,Paints; coloring materials
16585,商家,しょうか,쇼우카,"상가, 상인의 집",N1,merchant family/house
12946,子豚,こぶた,코부타,새끼돼지,N1,Piglet
15622,死ぬ,しぬ,시누,죽다,N5,To die
15077,叱る,しかる,시카루,꾸중하다,N3,To scold
57112,擦り剥く,すりむく,스리무쿠,까이다,N1,To graze; to abrade (skin)
59680,力持ち,ちからもち,치카라모치,"힘이 셈,장사",N2,Strong person
39541,弱い,よわい,요와이,약하다,N5,weak
41153,沸かす,わかす,와카스,끓이다,N2,to boil (water); to excite
88068,切り,きり,키리,자르다,N1,Cutting; end; limit
70285,忘れ物,わすれもの,와스레모노,분실물,N3,Something forgotten
40189,理由,りゆう,리유우,이유,N4,reason
20695,税関,ぜいかん,제이칸,세관,N2,customs (house)
26442,閉じる,とじる,토지루,닫다,N4,"to close, to shut"
33966,蛇,へび,헤비,뱀,N2,snake; serpent
14502,産,さん,산,"생산,산",N2,Birth; production; property
5967,返す,かえす,카에스,"되돌리다, 갚다",N3,To return (something)
8488,汽車,きしゃ,키샤,기차,N2,(Steam) train
21016,装甲,そうこう,소우코우,장갑,N1,"armor, armoring"
8368,聞き取る,ききとり,키키토리,청취,N4,To catch (someone's words); to follow
36695,南,みなみ,미나미,남,N5,south
36277,見返す,みかえす,미카에스,다시보다,N1,to look back; to triumph over
33577,文芸,ぶんげい,분게이,문예,N2,literature and art
839,当て,あて,아테,"목표, 기대, 목적",N1,Aim; goal; expectations; pad
33576,文献,ぶんけん,분켄,문헌,N3,literature; documents; references
24752,積み重ねる,つみかさねる,츠미카사네루,겹겹이 쌓다,N2,"to pile up, to accumulate"
17181,知れる,しれる,시레루,알다,N4,"to become known, to be obvious"
33582,文語,ぶんご,분고,문어,N1,literary language
38378,屋根,やね,야네,지붕,N4,roof
33587,分散,ぶんさん,분산,분산,N2,dispersion; scattering
28405,日曜,にちよう,니치요우,일요,N5,Sunday
23426,近い,ちかい,치카이,가깝다,N5,"near, close"
10882,計,けい,케이,계획,N2,Total; plan; meter
19338,砂浜,すなはま,스나하마,모래사장,N3,sandy beach
15730,島,しま,시마,섬,N5,Island
146543,小学,ぎょうがく,교우가쿠,소학,N3,Elementary school
19702,生育,せいいく,세이이쿠,생육,N2,"growth, breeding, raising"
52034,獣,けもの,케모노,짐승,N2,beast; animal
37267,明記,めいき,메이키,"명시,명기",N2,specifying; writing clearly
12820,小遣い,こずかい,코즈카이,용돈,N2,Pocket money; allowance
39532,喜び,よろこび,요로코비,기쁨,N3,joy; pleasure
73439,モモタロウ,ももたろう,모모타로우,모모타로,N1,Momotaro (Peach Boy)
36788,身振り,みぶり,미부리,몸짓,N1,gesture; motion
173389,泥遊び,どろあそび,도로아소비,흙장난,N1,Playing in the mud
119937,唸り声,うなりごえ,우나리고에,으르렁소리,N2,Groan; roar; growl
35515,曲がる,まがる,마가루,돌다,N5,to turn; to bend; to curve
19726,正確,せいかく,세이카쿠,정확,N4,"accurate, precise, exact"
23633,茶色,ちゃいろ,챠이로,"다색,갈색",N1,brown
12557,国道,こくどう,코쿠도우,국도,N1,National highway
22937,第,だい,다이,제,N5,prefix for ordinal numbers
23463,契る,ちぎる,치기루,"굳게 약속하다, 연을 맺다",N1,"to pledge, to vow"
68098,交わり,まじわり,마지와리,"교제, 사귐",N1,Intercourse; association
59694,契り,ちぎり,치기리,부부의 연,N1,Pledge; vow; fate
19737,世紀,せいき,세이키,세기,N2,century
38347,奴,やつ,야츠,간식,N4,guy; fellow; thing
59713,竹馬,ちくば,치쿠바,죽마,N1,Stilts; bamboo horse
44772,弓,ゆみ,유미,활,N3,bow (archery)
38609,遊園,ゆうえん,유우엔,유원,N1,amusement park (as in 遊園地)
38235,易しい,やさしい,야사시이,쉽다,N4,easy; simple
37542,面倒,めんどう,멘도우,"번거로움,돌봄",N3,trouble; difficulty; care
33588,分子,ぶんし,분시,분자,N1,molecule; numerator; element
33258,紛失,ふんしつ,훈시츠,분실,N1,losing (something); missing
33260,噴出,ふんしゅつ,훈슈츠,분출,N1,spewing; gushing; jetting
7514,考える,かんがえる,캉가에루,생각하다,N5,To think; to consider
9969,銀,ぎん,긴,은,N3,Silver
33596,文章,ぶんしょう,분쇼우,문장,N4,sentence; article; composition
8374,利き目,ききめ,키키메,"효력,우세안",N1,Effect; efficacy
39551,四,よん(し),욘(시),넷(사),N5,four
13327,五,ご,고,오,N5,Five
33265,噴水,ふんすい,훈스이,분수,N2,water fountain
263840,夜御飯,よるごはん,요루고항,저녁밥,N1,Dinner / Evening meal
18264,授業,じゅぎょう,쥬교우,수업,N5,"lesson, class, instruction"
6030,鏡,かがみ,카가미,거울,N4,Mirror
40932,六,ろく,로쿠,"여섯, 육",N4,six
68123,交ぜ織り,まぜおり,마제오리,"혼방, 섞어 짬",N1,Mixed weave
16075,週間,しゅうかん,슈우칸,주간,N4,Week (period of)
27779,無くす,なくす,나쿠스,일어버리다,N3,"to lose something, to get rid of"
16290,趣向,しゅこう,슈코우,취향,N1,"plan, idea, design, gimmick"
38139,野球,やきゅう,야큐우,야구,N5,baseball
35830,待つ,まつ,마츠,기다리다,N5,to wait
3181,歌,うた,우타,노래,N5,Song; poem
5623,階,かい,카이,층,N4,Floor; story; rank
30444,半分,はんぶん,한분,절반,N3,half
34976,本屋,ほんや,혼야,책방,N3,bookstore
36229,三,みつ,미츠,세 개,N5,three
3651,栄光,えいこう,에이코우,영광,N1,Glory; luster; honor
12097,交渉,こうしょう,코우쇼우,교섭,N5,Negotiation; connection
52791,江湖,こうこ,코우코,"세상,강호",N1,the world; the public
2621,色紙,いろがみ,이로가미,색종이,N2,Colored paper; square paper for autographs (Shikishi)
20318,狭い,せまい,세마이,좁다,N4,"narrow, small (area)"
29802,八,はち,하치,팔,N3,Eight
25337,点,てん,텐,점,N5,"point, dot, score"
29677,橋,はし,하시,다리,N5,Bridge
27447,内海,ないかい,나이카이,내해,N1,inland sea
24221,散らかる,ちらかる,치라카루,어지르다,N3,"to be in disorder, to be scattered"
24137,貯金,ちょきん,쵸킨,저축,N4,"savings, deposit"
22707,多用,たよう,타요우,"다용, 많이 씀",N2,"frequent use, being very busy"
47983,顔向け,かおむけ,카오무케,낯을 들고 대함,N1,showing one's face (to the public)
23569,築港,ちっこう,칙코우,축항,N1,harbor construction
19109,好く,すく,스쿠,좋아하다,N1,"to like, to love"
21912,大変,たいへん,타이헨,힘든 일,N4,"terrible, serious, very, difficult"
14344,寂しい,さびしい,사비시이,쓸쓸하다,N4,Lonely; lonesome
35064,防災,ぼうさい,보우사이,방재,N3,disaster prevention
45567,雑穀,ざっこく,잣코쿠,잡곡,N1,cereal grains; millet
35813,真っ直ぐ,まっすぐ,맛스구,곧장,N3,straight; honest
20884,全部,ぜんぶ,젠부,전부,N5,"all, entire, whole"
22101,宝籤,たからくじ,타카라쿠지,복권,N2,lottery
37086,無私,むし,무시,"사심이 없음,무사",N1,selfless; disinterested
42327,皇太后,こうたいごう,코우타이고우,황태후,N1,Empress Dowager
46550,粗,あら-,아라-,"조잡한-,야생-",N2,flaw; defect; rough
33269,紛争,ふんそう,훈소우,분쟁,N2,dispute; conflict; trouble
33612,文体,ぶんたい,분타이,문체,N2,literary style
8392,企業,きぎょう,키교우,기업,N5,Enterprise; business; company
8382,帰京,ききょう,키쿄우,귀경,N1,Returning to Tokyo (the capital)
8388,基金,ききん,키킨,기금,N1,Fund; foundation; endowment
8416,器具,きぐ,키구,기구,N2,Utensil; tool; apparatus
8396,利く,きく,키쿠,"움직이다, 할 수 있다",N4,To be effective; to work; to function
8425,期限,きげん,키겐,기한,N4,Term; period; deadline
8423,棄権,きけん,키켄,기권,N1,Abstention; renunciation; default
12700,誇示,こじ,코지,과시,N1,Display; ostentation; parade
8426,機嫌,きげん,키겐,기분. 비위,N2,Humor; temper; mood
8428,起源,きげん,키겐,기원,N2,Origin; beginning; source
8436,機構,きこう,키코우,기구,N1,Mechanism; organization; structure
8451,記号,きごう,키고우,기호,N2,Symbol; sign; mark
8448,既婚,きこん,키콘,기혼,N2,Married
8465,兆す,きざす,키자스,예고하다,N1,To show signs of; to sprout
7973,概要,がいよう,가이요우,개요,N2,Summary; outline; overview
8069,画像,がぞう,가조우,화상,N2,Image; picture; portrait
7037,壁際,かべぎわ,카베기와,벽측,N2,By the wall
10183,管,かん(くだ),칸(쿠다),관. 속이 빈 둥근 막대,N2,Pipe; tube
7657,冠水,かんすい,칸스이,"침수,관수",N1,Flooding; submersion
8350,機器,きき,키키,기기,N1,Equipment; machinery; device
7466,管,かん,칸,관,N2,Pipe; tube; control
7127,紙袋,かみぶくろ,카미부쿠로,종이봉투,N2,Paper bag
7062,竃,かまど,카마도,부뚜막,N4,Kitchen stove; furnace; hearth
7998,学,がく,가쿠,학,N4,Study; learning; science
8311,幾何,きか,키카,기하,N1,Geometry
7947,慨嘆,がいたん,가이탄,개탄,N1,Lamentation; deploring
7504,感慨,かんがい,칸가이,감개,N1,Deep emotion; strong feelings
7927,概して,がいして,가이시테,대체로,N1,Generally; as a rule
7661,関数,かんすう,칸스우,함수,N1,Function (math)
7501,管轄,かんかつ,칸카츠,관할,N2,Jurisdiction; control
7273,刈り入れ,かりいれ,카리이레,수확,N1,Harvest; reaping
7721,干潮,かんちょう,칸쵸우,간조,N2,Low tide; ebb tide
7558,甘言,かんげん,칸겐,감언 (달콤한 말),N1,Sweet talk; flattery
7645,甘受,かんじゅ,칸쥬,달게 받음,N1,Submission; resignation; bearing
7909,外郭,がいかく,가이카쿠,외곽,N1,Outer wall; shell; outline
8063,賀状,がじょう,가죠우,연하장,N1,New Year's card
19767,生計,せいけい,세이케이,생계,N1,"livelihood, living"
8058,餓死,がし,가시,아사,N1,Starvation; death from hunger
7992,餓鬼,がき,가키,"아귀,악동",N2,Brat; starving ghost; imp
65507,武勇,ぶゆう,부유우,무용,N1,Bravery; military prowess
34651,誇らしい,ほこらしい,호코라시이,자랑스럽다,N1,proud; haughty
53023,誇大,こだい,코다이,과대,N1,exaggeration
19768,清潔,せいけつ,세이케츠,청결,N3,"clean, hygienic, sanitary"
39425,世の中,よのなか,요노나카,세상,N2,the world; society
57739,清純,せいじゅん,세이쥰,청순,N1,Purity; innocence
299628,清書き,せいしょ,세이쇼,"깨끗하게 씀,청서",N2,Clean copy / Fair copy
56302,仕着せ,しきせ,시키세,위에서 내려온 것,N1,Livery; ready-made clothes; hand-me-down
7227,からかう,からかう,카라카우,놀리다,N1,To tease; to banter; to make fun of
8335,飢餓,きが,키가,기아 (굶주림),N2,Hunger; starvation; famine
7182,寡黙,かもく,카모쿠,과묵,N1,Reticent; taciturn; silent
7984,瓦解,がかい,가카이,와해,N1,Collapse; ruin; breakdown
37392,目指す,めざす,메자스,향하다,N4,to aim for; to head toward
7705,寛大,かんだい,칸다이,관대함,N1,Generous; tolerant; lenient
7639,幹事,かんじ,칸지,"총무,간사",N1,Organizer; manager; secretary
7672,管制,かんせい,칸세이,관제,N1,Control; regulation (air traffic)
5772,海水,かいすい,카이스이,해수,N2,Seawater
5361,折る,おる,오루,꺾다,N3,To break; to fold; to bend
33273,奮闘,ふんとう,훈토우,분투,N1,hard struggle; strenuous effort
25034,程度,ていど,테이도,정도,N3,"degree, amount, grade"
33631,分配,ぶんぱい,분파이,분배,N1,distribution; allocation
4579,オオサカ,おおさか,오오사카,오사카,N3,Osaka
227,愛用,あいよう,아이요우,애용,N2,Favorite use; habitual use
33639,分布,ぶんぷ,분푸,분포,N2,distribution
17998,自伝,じでん,지덴,자서전,N1,autobiography
12944,鼓舞,こぶ,코부,고무,N1,Inspiration; encouragement
29016,能楽,のうがく,노우가쿠,노악,N1,Noh music and drama
1169,表わす,あらわす,아라와스,표현하다,N4,To express; to show; to represent
25132,手口,てぐち,테구치,수법,N2,"modus operandi, trick"
10662,勲章,くんしょう,쿤쇼우,훈장,N3,Medal; decoration
16753,正体,しょうたい,쇼우타이,정체,N1,"true identity, true form"
13081,顧慮,こりょ,코료,고려,N1,Consideration; concern
23553,父,ちち(とう),치치(토우),아빠,N5,father
24777,詰める,つめる,츠메루,채워 넣다,N4,"to stuff, to fill, to shorten"
15059,視覚,しかく,시카쿠,시각,N1,Sense of sight; vision
21679,対応,たいおう,타이오우,대응,N4,"correspondence, response, support"
42834,嫡流,ちゃくりゅう,챠크류우,적류,N1,direct line of descent
13048,顧問,こもん,코몬,고문,N1,Advisor; consultant
25619,出来事,できごと,데키고토,있었던 일,N4,"incident, event, occurrence"
11379,謙遜,けんそん,켄손,겸손,N1,Modesty; humility
28413,日記,にっき,닛키,일기,N4,"diary, journal"
15640,偲ぶ,しのぶ,시노부,그리워하다,N2,To recall; to remember (fondly)
26643,共,とも,토모,"공, 더불어",N5,"together, both, all"
34076,変動,へんどう,헨도우,변동,N3,fluctuation; variation; change
20712,是正,ぜせい,제세이,시정,N1,"correction, revision, redress"
14943,死,し,시,죽음,N2,Death
19746,請求,せいきゅう,세이큐우,청구,N2,"claim, demand, billing"
20019,西洋,せいよう,세이요우,서양,N3,"the West, Western countries"
9594,極めて,きわめて,키와메테,극히,N1,Exceedingly; extremely
37854,求める,もとめる,모토메루,"구하다, 요구하다",N5,to seek; to request; to want
9636,禁固,きんこ,킨코,금고,N1,Imprisonment
58651,赤道,せきどう,세키도우,적도,N2,Equator
63102,乗り越す,のりこす,노리코스,넘어가다,N1,To travel past one's station
34380,法,ほう,호우,법,N5,law; act; method
37621,盲腸,もうちょう,모우쵸우,맹장,N1,appendix; cecum
57128,小鼓,こつづみ,코츠드미,작은 북,N1,Small hand drum (kotsuzumi)
8046,学問,がくもん,가쿠몬,학문,N2,Scholarship; study; learning
7963,外泊,がいはく,가이하쿠,외박,N2,Staying out overnight
7976,街路,がいろ,가이로,가로,N2,Street; road
17070,書類,しょるい,쇼루이,서류,N5,"documents, papers"
7527,感泣,かんきゅう,칸큐우,"감격하여 움,감읍",N1,Moved to tears
7822,緩慢,かんまん,칸만,"완만함, 느릿느릿함",N1,Slow; sluggish; slack
32874,二人乗り,ふたりのり,후타리노리,"2인승",N1,two-seater; double riding
7528,緩急,かんきゅう,칸큐우,완급,N1,Emergency; pace; tempo
7654,環状,かんじょう,칸죠우,환상,N1,Circular; ring-shaped
12353,好物,こうぶつ,코우부츠,좋아하는 것,N1,Favorite food
7679,艦船,かんせん,칸센,함선,N1,Vessels; warship; shipping
7696,艦隊,かんたい,칸타이,함대,N1,Fleet; armada
10007,悔い,くい,쿠이,후회,N2,Regret; repentance
7516,鑑みる,かんがみる,칸가미루,비추어 보다,N1,To take into account; to learn from
4877,怒る,おこる,오코루,화내다,N3,To get angry; to scold
33645,文法,ぶんぽう,분포우,문법,N4,grammar
795,アップ-up,アップ,앗푸,업,N5,Up; upload; close-up
16875,勝利,しょうり,쇼우리,승리,N4,"victory, triumph"
15244,子午,しご,시고,자오,N1,North and south; noon and midnight
30734,発条,ばね,바네,스프링,N2,spring (mechanical) (zenmai/bane)
13452,五色,ごしき,고시키,오색,N1,Five colors
201567,仕立て直す,したてなおす,시타테나오스,"(옷을) 고쳐 짓다, 수선하다",N1,To alterations / To remake (clothes)
13408,互角,ごかく,고카쿠,호각,N1,Evenly matched; neck and neck
26679,灯る,ともる,토모루,켜지다,N2,"to be lit, to burn"
35774,町中,まちじゅ,마치쥬,온 동네,N2,all over town; downtown
13481,互選,ごせん,고센,호선 (서로 뽑음),N1,Mutual election
30027,花輪,はなわ,하나와,화환,N1,Wreath
13537,呉服,ごふく,고후쿠,"포목, 옷감",N1,Drapery; kimono cloth
13406,呉越,ごえつ,고에츠,오월,N1,Bitter enemies (living together)
9637,金庫,きんこ,킨코,금고,N2,Safe; vault; treasury
8659,きちんと,きちんと,키친토,제대로,N4,Properly; neatly; accurately
24887,手洗い,てあらい,테아라이,"손을 씻음,화장실",N1,"toilet, restroom, hand-washing"
34482,豊穣,ほうじょう,호우죠우,풍작,N2,fertility; abundance
22380,立ち入る,たちいる,타치이루,출입하다,N3,"to enter, to trespass, to pry into"
9836,義務,ぎむ,기무,의무,N3,Duty; obligation
19200,雀,すずめ,스즈메,참새,N2,sparrow
20730,絶版,ぜっぱん,젯판,절판,N1,out of print
63476,鈍角,どんかく,돈카쿠,둔각,N1,Obtuse angle
66106,蜂の巣,はちのす,하치노스,벌집,N2,Beehive; honeycomb
37896,物作り,ものずくり,모노즈쿠리,제조,N2,manufacturing; craftsmanship
50415,天道,てんとう,텐토우,천도,N2,the sun; path of heaven
20160,世代,せだい,세다이,세대,N4,generation
8582,既存,きそん,키손,기존,N2,Existing; pre-existing
199474,ハレ,はれ,하레,"맑음, 경사스러움",N1,Special occasion / Formal
43550,求道,きゅうどう,큐우도우,구도,N1,seeking after truth; friar
36123,万,まん,만,만 개,N4,ten thousand
37216,無理,むり,무리,무리,N5,impossible; unreasonable; forced
8228,含有,がんゆう,간유우,함유,N1,Containment; content
33341,無事,ぶじ,부지,무사,N3,safety; peace; without mishap
13725,最終,さいしゅう,사이슈우,최종,N4,Final; last
8214,含蓄,がんちく,간치쿠,함축,N1,Implication; significance; connotation
22149,宅,たく,타쿠,"집, 댁",N4,"house, home, husband"
34802,微笑む,ほほえむ,호호에무,미소짓다,N2,to smile
18630,情報,じょうほう,죠우호우,정보,N5,"information, news, data"
17380,新進,しんしん,신신,신진,N1,"rising, up-and-coming"
33644,文房,ぶんぼう,분보우,문방,N3,study (room); (bunbougu) stationery
7228,からから,からから,카라카라,달그락,N1,Dry; parched; rattling sound
14936,市,し,시,시,N5,City; market
29514,墓,はか,하카,묘,N3,Grave / tomb
8193,眼球,がんきゅう,간큐우,안구,N1,Eyeball
28873,熱烈,ねつれつ,네츠레츠,열렬,N1,Ardent / passionate / vehement
2307,糸,いと(し),이토(시),실(사),N3,Thread; string
27072,同舟,どうしゅう,도우슈우,동주,N1,being in the same boat
39036,陽気,ようき,요우키,"양기, 날씨",N1,cheerful; lively
2231,一体,いったい,잇타이,대체,N3,(Repeated) Unity; harmony
12749,答え,こたえ,코타에,답,N4,Answer; reply
25936,トウキョウ,とうきょう,토우쿄우,도쿄,N5,Tokyo
10636,加える,くわえる,쿠와에루,더하다,N3,To add; to include; to increase
3296,移り住む,うつりすむ,우츠리스무,이주하다,N1,To migrate; to move to (a new place)
692,預ける,あずける,아즈케루,맡기다,N2,To entrust; to deposit; to leave
25971,東国,とうごく,토우고쿠,동국 (일본 동쪽 지방),N1,eastern provinces/countries
54912,転び,ころび,코로비,"넘어짐, 전향",N2,Falling; tumbling
19640,ずっと,ずっと,줏토,"훨씬, 쭉",N5,"all the time, by far, long ago"
858,後味,あとあ지,아토아지,뒷맛,N1,Aftertaste
55879,悟性,ごせい,고세이,오성,N1,Understanding; intellect
20750,是非,ぜひ,제히,꼭,N4,"certainly, by all means"
23812,中止,ちゅうし,츄으시,중지,N3,"cancellation, suspension"
23134,山車,だし,다시,산차,N2,festival float
21284,損ねる,そこねる,소코네루,"상하게 하다, 기회를 놓치다",N1,"to harm, to hurt, to fail to"
14299,悟り,さとり,사토리,깨달음,N1,Enlightenment; spiritual awakening
12904,捏ねる,こねる,코네루,이기다,N1,To knead; to mix; to quibble
20311,背広,せびろ,세비로,신사복,N4,business suit
20336,攻める,せめる,세메루,공격하다,N2,"to attack, to assault"
14911,残念,ざんねん,잔넨,"아쉬움,잔념",N2,Regrettable; disappointing
15448,しち,しち,시치,일곱 (접두어),N2,Seven (usually written as 七)
12200,後続,こうぞく,코우조쿠,후속,N1,Succeeding; following
10144,苦渋,くじゅう,쿠쥬우,고심,N1,Bitterness; distress; dilemma
54051,後刻,ごこく,고코쿠,"후각, 나중에",N1,later on
50057,後れ毛,おくれげ,오쿠레게,잔머리,N1,stray hair (at the neck or temple)
40829,連絡,れんらく,렌라쿠,연락,N5,contact; communication
38803,雪深い,ゆきぶかい,유키부카이,눈이 깊다,N1,deep in snow
62323,七色,なないろ,나나이로,일곱 가지 색깔,N2,Seven colors; various
89605,探し歩く,さがしあるく,사가시아루쿠,찾아다니다,N1,To walk around looking for
33281,粉末,ふんまつ,훈마츠,분말,N1,powder; dust
33647,文脈,ぶんみゃく,분먀쿠,문맥,N2,context
20337,責める,せめる,세메루,비난하다,N3,"to blame, to condemn, to torture"
52271,賢人,けんじん,켄진,현인,N1,wise person
8194,頑強,がんきょう,간쿄우,완강,N1,Tenacious; stubborn; robust
8415,危惧,きぐ,키구,기구 (걱정함),N1,Fear; misgivings; apprehension
7076,噛み合わせ,かみあわせ,카미아와세,교합,N1,The set of teeth; bite; engagement (gears)
7786,甲板,かんぱん,칸판,갑판,N1,Deck (ship)
7707,甲高い,かんだかい,칸다카이,"새되다, 높고 날카롭다",N1,High-pitched; shrill
8159,伽藍,がらん,가란,가람,N1,Cathedral; temple building
7057,かまける,かまける,카마케루,얽매이다,N1,To be occupied with; to neglect other things for
8443,聞こえ,きこえ,키코에,"들림, 평판",N1,Reputation; hearing
7808,簡便,かんべん,칸벤,간편,N1,Simple; convenient; easy
7845,官吏,かんり,칸리,관리 (공무원),N1,Government official; civil servant
8169,がる,がる,가루,~하게 여기다,N1,To show signs of; to feel (suffix)
8029,楽団,あくだん,아쿠단,악단,N1,Orchestra; band
15304,指針,ししん,시신,지침,N1,Guideline; pointer; needle
7699,感嘆,かんたん,칸탄,감탄,N1,Admiration; wonder; exclamation
7457,官,かん,칸,관,N1,Government service; bureaucracy
8293,気鋭,きえい,키에이,기예,N1,Spirited; energetic
5412,音楽,おんがく,온가쿠,음악,N5,Music
5084,訪れる,おとずれる,오토즈레루,방문하다,N4,To visit; to arrive; to call on
5089,大人,おとな,오토나,어른,N4,Adult
5622,買い,かい,카이,"사기,삼",N2,Buying; purchase
4963,押す,おす,오스,밀다,N4,To push; to press; to stamp; to recommend
4149,円-助数詞,えん,엔,엔,N5,Counter for Yen
4881,厳か,おごすか,오고스카,엄숙하다,N3,Solemn; majestic; stately
13503,極寒,ごっかん,곳칸,혹한,N1,Extreme cold
5069,男の子,おとこのこ,오토코노코,남자아이,N4,Boy
4108,得る,える,에루,얻다,N5,To get; to gain; to be able to
12531,酷暑,こくしょ,코쿠쇼,혹서,N1,Intense heat
20381,栓,せん,센,"마개, 전",N2,"stopper, cork, tap, bolt"
11342,憲章,けんしょう,켄쇼우,헌장,N1,Charter; constitution
20394,繊維,せんい,센이,섬유,N2,"fiber, textile"
20416,選挙,せんきょ,센쿄,선거,N3,election
28242,肉体,にくたい,니쿠타이,육체,N1,"the body, the flesh"
25150,手摺,てすり,테스리,난간,N1,"handrail, railing"
23286,弾圧,だんあつ,단아츠,탄압,N1,"oppression, suppression"
20772,全快,ぜんかい,젠카이,"완쾌,전쾌",N1,complete recovery (from illness)
20417,宣教,せんきょう,센쿄우,선교,N1,"missionary work, preaching"
20442,宣言,せんげん,센겐,선언,N3,"declaration, proclamation"
20444,先行,せんこう,센코우,선행,N2,"preceding, going first"
39540,輿論,よろん,요론,여론,N2,public opinion
20445,専攻,せんこう,센코우,전공,N3,"major, special study"
36934,見分ける,みわける,미와케루,구별하다,N1,to distinguish; to tell apart
20454,選考,せんこう,센코우,전형,N2,"selection, screening"
20464,戦災,せんさい,센사이,전재,N1,war damage
44915,官憲,かんけん,칸켄,관헌,N1,authorities; the police
20471,洗剤,せんざい,센자이,세제,N3,detergent
61167,善良,ぜんりょう,젠료우,선량,N1,Goodness; virtuous
16146,習性,しゅうせい,슈우세이,습성,N1,"habit, second nature"
14762,財,ざい,자이,재,N4,Wealth; assets; fortune
8083,勝ち,がち,가치,치레,N1,Victory; win
6815,活躍,かつやく,카츠야쿠,활약,N3,Activity; being active; success
6496,微か,かすか,카스카,희미하다,N3,Faint; dim; weak
6319,過去,かこ,카코,과거,N4,Past
6776,勝つ,かつ,카츠,이기다,N4,To win
6689,語る,かたる,카타루,말하다,N4,To talk; to tell; to recite
5996,香り,かおり,카오리,향,N5,Fragrance; aroma
6217,確認,かくにん,카쿠닌,확인,N5,Confirmation; verification
6124,書く,かく,카쿠,쓰다,N5,To write
6293,駆け回る,かけまわる,카케마와루,뛰어다니다,N2,To run around
6233,確保,かくほ,카쿠호,확보,N4,Securing; guarantee
5738,会社,かいしゃ,카이샤,회사,N5,Company; corporation
33651,分野,ぶんや,분야,분야,N3,field; sphere; realm
6333,囲む,かこむ,카코무,둘러싸다,N4,To surround; to encircle
5825,階段,かいだん,카이단,계단,N4,Stairs; staircase
6107,鍵,かぎ,카기,열쇠,N5,Key; lock
6264,駆け上がる,かけあがる,카케아가루,치닫다,N2,To run up (stairs/hill)
6324,囲う,かこう,카코우,"에워싸다, 두르다, 짓다",N2,To enclose; to surround; to keep
33656,分離,ぶんり,분리,분리,N1,separation; detachment; isolation
6396,樫,かし,카시,과자,N2,Oak
6957,金持ち,かねもち,카네모치,부자,N1,Rich person
6277,掛け声,かけごえ,카케고에,구호,N2,Shout of encouragement; call
6747,合戦,がっせん,갓센,"전투,합전",N2,Battle; engagement
6762,河童,かっぱ,캇파,갓파,N2,Kappa (mythical water creature)
5692,会見,かいけん,카이켄,회견,N4,Interview; audience
33662,分類,ぶんるい,분루이,분류,N2,classification; categorization
5721,会合,かいごう,카이고우,회합. 모임,N2,Meeting; assembly
5729,改札,かいさつ,카이사츠,개찰,N3,Ticket gate; examination of tickets
5732,解散,かいさん,카이산,해산,N2,Dissolution; breakup; dispersing
31224,引き下がる,ひきさがる,히키사가루,물러서다,N1,to withdraw; to retire; to back down
5795,改善,かいぜん,카이젠,개선,N4,Improvement
5807,階層,かいそう,카이소우,계층,N1,Layer; hierarchy; stratum
5816,開拓,かいたく,카이타쿠,개척,N2,Reclamation; pioneering; exploitation
5823,会談,かいだん,카이단,회담,N2,Talk; interview; conference
5836,開通,かいつい,카이츠이,개통,N2,Opening to traffic; becoming operational
5844,改定,かいてい,카이테이,개정 (고쳐 다시 정함),N2,Revision (of prices/rules)
5845,改訂,かいてい,카이테이,개정,N1,Revision (of a book/text)
15415,下拵え,したごしらえ,시타고시라에,"사전준비,재료손질",N1,Preliminary preparation (cooking)
5848,快適,かいてき,카이테키,쾌적,N3,Comfortable; pleasant
6433,歌集,かしゅう,카슈우,가집,N1,Anthology of poems
13523,ごとし,ごとし,고토시,같다,N3,Like; as if (classical)
11363,謙譲,けんじょう,켄죠우,겸양,N2,Humility; modesty
20912,前例,ぜんれい,젠레이,전례,N1,precedent
67339,名句,めいく,메이쿠,명구,N1,Famous poem/phrase
57356,先賢,せんけん,센켄,선현,N1,Ancient sages
52219,繭糸,けんし,켄시,견사,N1,silk thread (from cocoon)
142687,鍵穴,かぎあな,카기아나,열쇠구멍,N1,Keyhole
5858,解答,かいとう,카이토우,해답,N2,Answer; solution (to a problem)
5855,回答,かいとう,카이토우,회답. 대답,N3,Reply; answer
5863,街道,かいどう,카이도우,가도,N2,Highway; main road
5881,海抜,かいばつ,카이바츠,해발. 표고,N1,Height above sea level
5892,回復,かいふく,카이후쿠,회복,N4,Recovery; restoration
20074,赤外,せきがい,세키가이,적외,N1,infrared
5903,解放,かいほう,카이호우,해방,N2,Release; liberation
5904,開放,かいほう,카이호우,개방,N2,Opening to the public; leaving open
12625,志す,こころざす,코코로자스,지망하다,N2,To aim at; to aspire to
5926,海洋,かいよう,카이요우,해양,N2,Ocean
33664,分裂,ぶんれつ,분레츠,분열,N2,split; division; fission
6003,価格,かかく,카카쿠,가격,N5,Price; value; cost
6008,係,かかり,카카리,"계, 계원,  담당자",N3,Charge; person in charge
6020,関わる,かかわる,카카와루,관계되다,N3,To be involved; to affect
6079,書留,かきとめ,카키토메,등기우편,N3,Registered mail
6080,書き取り,かきとり,카키토리,받아쓰기,N3,Dictation
33838,閉会,へいかい,헤이카이,폐회,N2,closing of a meeting
6081,書き取る,かきとる,카키토루,받아쓰다. 베껴 쓰다,N1,To write down; to take dictation
10633,桑,くわ,쿠와,뽕,N4,Mulberry
6123,斯く,かく,카쿠,긁다. 할퀴다,N2,Thus; in this way
6126,格,かく,카쿠,격,N4,Status; rank; case (grammar)
6125,核,かく,카쿠,핵,N4,Core; nucleus; nuclear
33849,平均,へいきん,헤이킨,평균,N3,average; mean; balance
6127,欠く,かく,카쿠,빠지다,N2,To lack; to break off
6134,架空,かくう,카쿠우,가공,N2,Aerial; overhead; fictional
6152,覚悟,かくご,카쿠고,각오,N3,Resolution; readiness; resignation
6153,格差,かくさ,카쿠사,격차,N2,Gap; disparity
6156,拡散,かくさん,카쿠산,확산,N2,Diffusion; scattering; spread
33122,振り撒く,ふりまく,후리마쿠,흩뿌리다,N1,to scatter; to distribute
6182,各自,かくじ,카쿠지,각자,N3,Each person; individually
6183,確実,かくじつ,카쿠지츠,확실,N2,Certainty; reliability
6169,各種,かくしゅ,카쿠슈,각종,N2,Every kind; various
6184,拡充,かくじゅう,카쿠쥬우,확충,N2,Expansion; enhancement
6172,隔週,かくしゅう,카쿠슈우,격주,N1,Every other week
362,赤ん坊,あかんぼう,아칸보우,아기,N3,Baby
33040,冬物,ふゆもの,후유모노,겨울옷,N2,winter clothing/goods
33879,平成,へいせい,헤이세이,헤이세이,N1,Heisei Era
42769,反る,そる,소루,휘다,N1,to warp; to curve; to bend back
21262,側面,そくめん,소쿠멘,측면,N1,"side, flank, aspect"
21264,測量,そくりょう,소쿠료우,측량,N2,"measurement, surveying"
34358,歩,ぽ,포,걸음,N4,step; pace; pawn (in Shogi)
62496,そそっかしい,そそっかしい,소솟카시이,"경솔하다, 덜렁대다",N3,Careless; scatterbrained
58475,反らす,そらす,소라스,휘게 하다. 뒤로 젖히다,N1,To bend; to warp; to arch (back)
42796,そっぽ,そっぽ,솟포,다른 쪽,N1,looking away; (turn) the other way
60145,紡ぐ,つむぐ,츠무구,"실을 뽑다, 잣다",N2,To spin (thread/yarn); to weave (a story)
243137,六角,ろっかく,롯카쿠,육각,N1,Hexagon
70730,繭玉,まゆだま,마유다마,고치 모양의 떡,N1,Cocoon
61073,速力,そくりょく,소쿠료쿠,속력,N2,Speed; velocity
17390,真珠,しんじゅ,신쥬,진주,N2,pearl
15235,シコク,シコク,시코쿠,시코쿠 (지명),N1,Shikoku (one of Japan's four main islands)
8210,元祖,がんそ,간소,원조,N1,Founder; originator; pioneer
6179,確信,かくしん,카쿠신,확신,N1,Conviction; belief; confidence
6203,拡張,かくちょう,카쿠쵸우,확장,N2,Expansion; extension
6206,確定,かくてい,카쿠테이,확정,N2,Decision; settlement; finalization
6215,角度,かくど,카쿠도,각도,N3,Angle; viewpoint
6213,獲得,かくとく,카쿠토쿠,획득,N1,Acquisition; possession
6242,確立,かくりつ,카쿠리츠,확립,N1,Establishment; settlement
6303,影,かげ,카게,그림자. 그늘,N3,Shadow; silhouette; reflection
6261,賭け,かけ,카케,"내기,도박",N1,Bet; wager; gamble
32888,付着,ふちゃく,후챠쿠,부착,N1,adhesion; sticking to
6265,駆け足,かけあし,카케아시,뜀걸음,N1,Running; double time; at a gallop
6327,火口,かこう,카코우,화구,N2,Crater (volcano); burner
6339,化合,かごう,카고우,화합,N1,Chemical combination
6358,重なる,かさなる,카사나루,겹치다,N3,To be piled up; to overlap
6364,嵩張る,かさばる,카사바루,부피가 커지다,N1,To be bulky
6385,飾り,かざり,카자리,장식,N4,Decoration; ornament
2402,命懸け,いの치가케,이노치가케,목숨을 ꒑,N1,At the risk of one's life
1073,あやす,あやす,아야스,달래다,N2,To soothe; to humor (a baby)
70070,霊験,れいげん,레겐,영험,N1,Miraculous efficacy
23008,大小,だいしょう,다이쇼우,"크고 작음,대소",N2,"size, large and small, pair of swords"
21745,太鼓,たいこ,타이코,북(태고),N4,drum
12932,小判,こばん,코반,코반 (일본의 옛 화폐),N1,Koban (ancient gold coin)
21750,対抗,たいこう,타이코우,대항,N1,"opposition, antagonism, rivalry"
27113,胴体,どうたい,도우타이,몸통,N1,"torso, trunk, fuselage"
34908,ホンシュウ,ほんしゅう,혼슈우,혼슈 (지명),N1,Honshu (main island of Japan)
37676,目的,もくてき,모쿠테키,목적,N4,purpose; goal
13586,語呂,ごろ,고로,말의 가락,N1,Pun; play on words; euphony
11393,顕著,けんちょ,켄쵸,현저,N1,Remarkable; notable; striking
11346,顕彰,けんしょう,켄쇼우,현창,N1,Honoring; public recognition
26061,当地,とうち,토우치,"이곳, 당지",N1,"this place, this locality"
21768,大使,たいし,타이시,대사,N4,ambassador
21771,大した,たいした,타이시타,대단한,N3,"considerable, great, important"
52061,験,げん,겐,"영험, 효험",N4,effect; omen; efficacy
21775,大して,たいして,타이시테,그다지,N3,"(not) much, (not) very"
11365,懸垂,けんすい,켄스이,"현수, 턱걸이",N1,Pull-up; chin-up; suspension
11101,懸想,けそう,케소우,연모함,N1,Falling in love; adoration
21783,大衆,たいしゅう,타이슈우,대중,N2,"the masses, general public"
21788,対処,たいしょ,타이쇼,대처,N2,"dealing with, coping with"
68518,元帳,もとちょう,모토초,원장(장부),N1,Ledger
21794,対照,たいしょう,타이쇼우,대조,N2,"contrast, comparison"
21796,対象,たいしょう,타이쇼우,대상,N3,"target, object, subject"
59108,台無し,だいなし,다이나시,"잡침, 엉망",N1,Mess; spoiled; ruined
21800,退職,たいしょく,타이쇼쿠,퇴직,N3,"retirement, resignation"
59291,多元,たげん,타겐,다원,N1,Plural; multiple dimensions
47292,灼か,あらたか,아라타카,"영험함, 뚜렷함",N1,miraculous; clear; obvious
40401,臨床,りんしょう,린쇼우,임상,N1,clinical
33152,振るう,ふるう,후루우,떨치다,N2,to exert; to exercise; to flourish
31941,貧血,ひんけつ,힌케츠,빈혈,N1,anemia
33339,武将,ぶしょう,부쇼우,무장,N2,military commander
6904,金棒,かなぼう,카나보우,쇠몽둥이,N1,Iron club; crowbar
6393,火山,かざん,카잔,화산,N3,Volcano
6399,貸し,かし,카시,빚,N3,Loan; lending; debt
33827,平安,へいあん,헤이안,헤이안,N2,peace; tranquility; Heian period
28976,念仏,ねんぶつ,넨부츠,염불,N1,Buddhist prayer
27401,団栗,どんぐり,돈구리,도토리,N1,acorn
2176,一見,いっけん,잇켄,일견,N1,A glance; a look
23939,庁,ちょう,쵸우,청,N1,government office/agency
1086,誤り,あやまり,아야마리,오류,N1,Error; mistake
21992,鷹,たか,타카,매,N2,"hawk, falcon"
19072,好き好き,すきすき,스키스키,각자 취향이 다름,N1,matter of taste
53976,虎穴,こけつ,코케츠,"호랑이 굴,호혈",N1,tiger's den (dangerous place)
38094,矢,や,야,화살,N2,arrow
19252,すっぽん,すっぽん,스폰,자라,N1,soft-shelled turtle
17335,新語,しんご,신고,"신어, 신조어",N1,"new word, neologism"
14721,算用,ざんよう,잔요우,돈계산,N1,Calculation; counting; reckoning
1060,雨降り,あめふり,아메후리,비내림,N1,Rainfall; rainy weather
137415,虎児,こじ,코지,호랑이 새끼,N1,Tiger cub
173050,腕押し,うでおし,우데오시,팔로 밈,N1,Pushing with arms; futile effort
35986,幻,まぼろし,마보로시,환상,N4,phantom; illusion; vision
14282,里,さと,사토,시골,N4,Village; hometown; one's parent's home
48177,縁の下,えんのした,엔노시타,마루 밑,N1,under the floor; (metaphorical) behind the scenes
11760,幻滅,げんめつ,겐메츠,환멸,N1,Disillusionment
49958,川流れ,かわながれ,카와나가레,강물에 떠내려감,N1,being swept away by a river
58718,蓼,たで,타데,여뀌,N4,Water pepper; knotweed
13533,碁盤,ごばん,고반,바둑판,N1,Go board
59043,大樹,たいじゅ,타이쥬,큰 나무,N1,Large tree
11755,玄米,げんまい,겐마이,현미,N1,Brown rice; unpolished rice
10021,食う,くう,쿠우,먹다,N3,To eat; to consume (informal)
44384,幽玄,ゆうげん,유우겐,"그윽함,유현",N1,mysterious profundity; subtle grace
10523,苦しい,くるしい,쿠루시이,괴롭다,N4,Painful; difficult; distressed
39083,楊枝,ようじ,요우지,이쑤시개,N1,toothpick
36916,魅了,みりょう,미료우,매료,N2,fascination; charm
63047,喉元,のどもと,노도모토,목구멍,N1,Throat
35079,坊主,ぼうず,보우즈,"중,까까머리",N2,Buddhist monk; boy (casual); shaven head
52576,光陰,こういん,코우인,세월,N1,time (lit. light and shadow)
270414,暗す,くらす,쿠라스,"어둡게 하다, 눈앞이 캄캄해지다",N1,To spend time (Archaic/Typo for 暮らす?) or Make dark
47521,岩肌,いわはだ,이와하다,바위 표면,N1,bare rock surface
68043,焼け石,やけいし,야케이시,불에 달궈진 돌,N1,"Hot stone (e.g., 焼け石に水)"
35604,馬子,まご,마고,마부,N1,packhorse driver
68474,餅屋,もちや,모치야,떡집,N1,Rice-cake shop; specialist
67607,夢幻,むげん,무겐,몽환,N1,Dreams and illusions; fantasy
62110,泣き面,なきつら,나키츠라,우는 얼굴,N1,Tearful face
58540,素,そ,소,소,N1,Element; raw; plain
6470,果実,かじつ,카지츠,과실. 열매,N3,Fruit; nut; berry
32564,吹き替える,ふきかえる,후키카에루,"개주,대역,더빙",N1,to dub (a film); to substitute
32413,風刺,ふうし,후우시,풍자,N1,satire; irony
17402,信心,しんじん,신진,신심 (신앙심),N1,"faith, belief, devotion"
8984,救護,きゅうご,큐우고,구호,N1,Relief; aid; protection
6415,過失,かしつ,카시츠,과실,N2,Error; blunder; negligence
6434,箇所,かしょ,카쇼,개소. 장소,N2,Passage; place; point
26231,時,とき,토키,때,N5,"time, hour, moment"
4811,置く,おく,오쿠,두다,N5,To put; to place; to leave behind
31433,引っ込む,ひっこむ,힛코무,안으로 들어가다,N1,to draw back; to retire; to cave in
2196,一種,いっしゅ,잇슈,일종,N1,A kind; a species; a variety
29733,始める,はじめる,하지메루,시작한다,N5,To start / to begin
29490,入る,はいる,하이루,들어가다,N6,To enter / to join
28625,庭,にわ,니와,정원,N5,"garden, yard"
27176,道理,どうり,도우리,도리,N1,"reason, logic, truth"
26354,時計,とけい,토케이,시계,N5,"watch, clock"
24444,杖,つえ,츠에,지팡이,N2,"cane, walking stick"
20599,船頭,せんどう,센도우,사공,N1,boatman
1580,家,いえ,이에,집,N5,House; home
24022,調書,ちょうしょ,쵸우쇼,조서,N1,"protocol, record, written report"
71044,徳,とく,토쿠,덕,N2,Virtue; benevolence
18795,人生,じんせい,진세이,인생,N5,life (human)
40607,隷属,れいぞく,레이조쿠,예속,N1,subordination; slavery
21953,大陸,たいりく,타이리쿠,대륙,N2,continent
19787,正誤,せんご,센고,정오,N1,"correct or incorrect, errata"
14531,山河,さんが,산가,산하,N1,Mountains and rivers
11222,煙,けむり,케무리,연기,N4,Smoke
38852,油断,ゆだん,유단,방심,N3,negligence; carelessness
10235,屈強,くっきょう,쿡쿄우,굴강함 (튼튼함),N1,Robust; strong; brawny
856,後,あと,아토,후,N5,After; later; the rest
59096,大敵,たいてき,타이테키,대적,N1,Great enemy
119179,白袴,しろばかま,시로바카마,흰 하카마,N1,White hakama
70921,雪折れ,ゆきおれ,유키오레,눈의 무게로 가지가 부러짐,N1,Broken by snow (branches)
53532,紺屋,こうや,코우야,염색집,N1,dyer; dyehouse
46625,悪銭,あくせん,아쿠센,악전,N1,ill-gotten money
66958,満ち足りる,みちたりる,미치타리루,충분히 만족하다,N1,To be content; to be satisfied
56162,水練,すいれん,스이렌,수영 연습,N1,Swimming practice
37380,目薬,めぐすり,메구스리,안약,N2,eye drops
39089,養生,ようじょう,요우죠우,요양,N1,health preservation; recuperation; curing
63440,兵法,ひょうほう,효우호우,병법,N1,Strategy; art of war
64385,肉汁,にくじゅう,니쿠쥬우,육즙,N1,Meat juice; gravy
62646,睨み付ける,にらみつける,니라미츠케루,노려보다,N1,To glare at
58723,立て板,たていた,타테이타,세워놓은 판자,N1,Flowing (as in 立て板に水 - fluent speech)
45607,文殊,もんじゅ,몬쥬,문수 (보살),N1,Monju (Bodhisattva of Wisdom)
46927,雨垂れ,あまだれ,아마다레,빗방울,N2,raindrops (falling from eaves)
36442,水心,みずごころ,미즈고코로,물의 마음,N1,the current; (mizugokoro) readiness to respond
36169,満天,まんてん,만텐,만천,N1,the whole sky
13243,困難,こんなん,콘난,곤란,N4,Difficulty; hardship
31999,微細,びさい,비사이,미세,N2,microscopic; minute; subtle
87850,投げ掛ける,なげかける,나게카케루,"던져서 걸다,던지다",N2,To throw at; to pose (a question)
7644,感受,かんじゅ,칸쥬,감수,N1,Sensitivity; reception
34739,欲する,ほっする,홋스루,원하다,N1,to want; to desire
7769,完売,かんばい,칸바이,완판,N2,Sold out
6485,過剰,かじょう,카죠우,과잉,N2,Excess; surplus
6484,箇条,かじょう,카죠우,"조목별로 씀,개조",N3,Item; article; clause
32429,風潮,ふうちょう,후우쵸우,풍조,N1,trend; tide; tendency
18578,状態,じょうたい,죠우타이,상태,N5,"state, condition, appearance"
4933,押し進める,おしすすめる,오시스스메루,"강행하다, 밀고 나가다",N1,To push forward; to promote; to advance
19723,政界,せいかい,세이카이,정계,N2,political world
37111,寧ろ,むしろ,무시로,오히려,N2,rather; sooner; preferably
70888,雄弁,ゆうべん,유우벤,웅변,N1,Eloquence
35938,学ぶ,まなぶ,마나부,배우다,N5,to learn; to study
37940,燃やす,もやす,모야스,불태우다,N2,to burn (something)
27548,尚更,なおさら,나오사라,더욱,N1,"all the more, still less"
50592,口伝,くでん,쿠덴,구전,N1,oral tradition/instruction
26091,東南,とうなん,토우난,동남,N2,southeast
3563,上向く,うわむく,우와무쿠,살아나다,N2,To look up; to pick up (market)
1505,井,い,이,우물,N4,Well (for water)
29125,望む,のぞむ,노조무,원하다,N2,To desire / to hope for
12163,後世,こうせい,코우세이,후세,N2,Posterity; future generations
27962,怠ける,なまける,나마케루,게으름 피우다,N1,"to be idle, to neglect, to slack off"
64371,鼻孔,びこう,비코우,콧구멍(비공),N1,Nostril
34775,施す,ほどこす,호도코스,"주다,가하다",N3,to give (alms); to apply; to perform
38539,遣り残す,やりのこす,야리노코스,남겨 두다,N1,to leave unfinished
13834,最良,さいりょう,사이료우,"최선,최량",N1,Best; ideal
23866,中途,ちゅうと,츄우토,중간,N1,"halfway, in the middle"
48921,肩入れ,かたいれ,카타이레,"편듦, 후원",N1,support; backing; partiality
49731,気孔,きこう,키코우,기공,N1,stoma; pore
26489,突発,とっぱつ,톳파츠,돌발,N1,"outbreak, sudden occurrence"
47797,異口,いく,이쿠,이구 (다른 입),N1,different mouths; (with Douon) unanimous
53484,功名,こうみょう,코우묘우,공명,N1,fame; glorious deed
30572,馬鹿,ばが,바가,바보,N4,fool; idiot; trivial
40392,隣国,りんごく,린고쿠,이웃나라,N2,neighboring country
19686,星,せい,세이,성,N1,star
40340,旅費,りょひ,료히,여비,N2,travel expenses
12328,勾配,こうばい,코우바이,"경사,구배",N1,Slope; gradient; grade
9782,技巧,ぎこう,기코우,기교,N1,Technique; art; skill
12433,勾留,こうりゅう,코우류우,구류,N1,Detention; custody
1361,安住,あんじゅう,안쥬우,안주,N1,Settling down; living peaceably
180,相手,あいて,아이테,상대,N5,Partner; opponent; the other party
10727,愚痴,ぐち,구치,푸념,N2,Complaint; grumble; idle complaint
10717,愚者,ぐしゃ,구샤,우자,N1,Fool; idiot
10386,工面,くめん,쿠멘,자금 마련,N1,Raising money; managing
19755,正義,せいぎ,세이기,정의,N2,"justice, righteousness"
8221,願望,かんぼう,칸보우,소망,N1,Desire; wish; aspiration
6809,渇望,かつぼう,카츠보우,갈망,N1,Longing; craving; thirst
32590,副,ふく,후쿠,부,N3,assistant; associate; vice- (prefix)
33650,文面,ぶんめん,분멘,"문면, 글의 내용",N1,content/wording of a letter
14681,産物,さんぶつ,산부츠,산물,N1,Product; result; fruit
6185,各人,かくじん,카쿠진,"각자,각인",N1,Each person
5741,解釈,かいしゃく,카이샤쿠,해석,N2,Interpretation; explanation
32534,吹かす,ふかす,후카스,"피우다,찌다,으스대다",N1,to puff (smoke); to rev (an engine)
5894,怪物,かいぶつ,카이부츠,괴물,N1,Monster
6487,齧る,かじる,카지루,베어 먹다,N2,To gnaw; to nibble; to dabble in
31160,悲観,ひかん,히칸,비관,N2,pessimism; disappointment
29777,果たす,はたす,하타스,다하다,N3,To accomplish / to fulfill
28865,熱意,ねつい,네츠이,열의,N1,Zeal / enthusiasm
27263,土壌,どじょう,도죠우,토양,N1,soil
28511,入管,にゅうかん,뉴우칸,입국 관리,N1,immigration bureau
6556,火星,かせい,카세이,화성,N1,Mars
25424,天性,てんせい,텐세이,천성,N1,"nature, innate disposition"
24707,翼,つばさ,츠바사,날개,N4,wing
5393,終わり,おわり,오와리,끝,N3,End; conclusion
3246,打ち破る,うちやぶる,우치야부루,"타파하다, 격파하다",N1,To defeat; to break; to smash
24795,ツヨシ,つよし,츠요시,츠요시,N1,Tsuyoshi (given name)
155,愛する,あいする,아이스루,사랑하다,N3,To love
13116,殺す,ころす,코로스,죽이다,N2,To kill; to murder
828,厚み,あつみ,아츠미,두께,N1,Thickness
11953,好機,こうき,코우키,호기,N2,Good opportunity; golden chance
9547,気力,きりょく,키료쿠,기력,N1,Willpower; energy; vitality
819,アツシ,あつし,아츠시,아쓰시,N1,Atsushi (common male name)
22355,正す,ただす,타다스,바로하다,N3,"to correct, to rectify, to reform"
39502,より,より,요리,보다,N3,twist; ply (of string)
23518,チサト,せんり,센리,천리,N1,Chisato (given name)
20844,全体,ぜんたい,젠타이,전체,N5,"whole, entire, body"
17909,自体,じたい,지타이,자체,N2,itself
21852,怠惰,たいだ,타이다,나태,N2,"laziness, idleness"
17257,真価,しんか,신카,진가,N2,"true value, real worth"
15229,思考,しごう,시고우,사고,N3,Thought; consideration; thinking
39725,楽観,らっかん,랏칸,낙관,N1,optimism
12012,広言,こうげん,코우겐,"호언, 큰소리침",N1,Boasting; big talk
193735,上善,じょうぜん,죠우젠,상선,N1,Supreme good
58902,大器,たいき,타이키,큰 그릇,N1,Great talent/person; large vessel
38360,宿る,やどる,야도루,깃들다,N3,to dwell; to stay; to be pregnant with
47248,蛙,かえる,카에루,개구리,N3,frog
38909,夢見る,ゆめみる,유메미루,꿈꾸다,N2,to dream of
54131,授ける,さずける,사즈케루,선사하다,N2,to grant; to teach; to impart
42802,諸侯,しょこう,쇼코우,제후,N1,lords; princes; daimyo
43868,王侯,おうこう,오우코우,왕후,N1,princes and nobles; royalty
136027,鍛え,きたえ,키타에,단련,N1,Discipline; training
32747,不思議,ふしぎ,후시기,"예상치 못한,신비한",N4,mystery; wonder; strange
19825,青春,せいしゅん,세이슌,청춘,N2,"youth, springtime of life"
6700,勝ち,かち,카치,승리,N3,Victory; win
7308,軽い,かるい,카루이,가볍다,N5,Light (weight); easy; nimble
8296,消え去る,きえさる,키에사루,사라지다,N1,To vanish; to disappear
8017,学習,がくしゅう,가쿠슈우,학습,N2,Study; learning
16923,職業,しょくぎょう,쇼쿠교우,직업,N2,"occupation, profession"
32005,美酒,びしゅ,비슈,맛있는 술,N1,fine sake; excellent liquor
6573,課税,かぜい,카제이,과세,N2,Taxation; levying a tax
31499,一,ひと,히토,한,N5,one
13429,極く極く,ごくごく,고쿠고쿠,꿀꺽꿀꺽,N3,Very very; extremely
30605,爆発,ばくはつ,바쿠하츠,폭발,N2,explosion; eruption; outburst
6560,稼ぐ,かせぐ,카세구,돈벌이하다,N3,To earn (money); to gain (time)
6566,下線,かせん,카센,밑줄,N2,Underline; underscore
6576,過疎,かそ,카소,과소,N1,Depopulation
13198,痕跡,こんせき,콘세키,흔적,N2,Trace; vestige; evidence
6584,加速,かそく,카소쿠,가속,N2,Acceleration
6596,方,かた(ほう),카타(호우),방면. 방향. 쪽,N5,Person; side (suffix)
3505,売る,うる,우루,팔다,N4,To sell
1766,意見,いけん,이켄,의견,N5,Opinion; view
16732,生ずる,しょうじる,쇼우지루,생기다,N2,"to cause, to arise, to produce"
15800,締める,しめる,시메루,닫다,N5,To tighten; to tie; to shut
66505,見切る,みきる,미키루,볼장 다 보다,N1,To give up on; to abandon; to see through
21688,大海,たいかい,타이카이,큰 바다,N1,"ocean, wide sea"
11963,恒久,こうきゅう,코우큐우,항구,N1,Permanent; eternal
8688,喫煙,きつえん,키츠엔,"끽연, 흡연",N3,Smoking
25830,戸,と,토,문,N3,door
21954,対立,たいりつ,타이리츠,대립,N3,"confrontation, opposition"
25333,天,てん,텐,하늘,N5,"sky, heaven, the top"
29989,話す,はなす,하나수,말하다,N5,To speak / to talk
14937,師,し,시,스승,N4,Teacher; master; specialist
12250,皇帝,こうてい,코우테이,황제,N1,Emperor
51941,洪積,こうせき,코우세키,홍적,N1,diluvium (geology)
12076,皇室,こうしつ,코우시츠,황실,N1,Imperial Household
28927,年,ねん(とし),넨(토시),년(나이),N5,Year / age
40963,露出,ろしゅつ,로슈츠,노출,N1,exposure; disclosure
10398,悔やむ,くやむ,쿠야무,후회하다,N2,To mourn; to regret
8542,傷,きず,키즈,상처,N4,Wound; injury; scar; flaw
37949,貰う,もらう,모라우,받다,N5,to receive; to get
66609,法皇,ほうおう,호우오우,법황,N1,Cloistered Emperor
37472,目眩,めまい,메마이,현기증,N2,dizziness; vertigo
35662,勝る,まさる,마사루,이기다,N1,to excel; to surpass; to outrival
22686,為,ため,타메,위(하여),N6,"sake, purpose, benefit"
69627,重箱,じゅうばこ,쥬우바코,찬합,N1,Nested lacquer boxes
67095,穿る,ほじる,호지루,"후비다,캐다",N1,To pick; to scoop out; to pry into
22377,立ち上がる,たちあがる,타치아가루,일어서다,N3,"to stand up, to rise, to recover"
23102,楕円,だえん,다엔,타원,N2,"ellipse, oval"
6696,課題,かだい,카다이,과제,N4,Task; assignment; challenge
6633,片言,かたこと,카타코토,서투른 말씨,N1,Broken (language); babble
6645,片付く,かたづく,카타두쿠,정리되다,N3,To be put in order; to be settled
6652,刀,かたな,카타나,큰 칼. 도검,N2,Sword; knife
6663,固まり,かたまり,카타마리,덩어리,N2,Lump; mass; cluster
6668,片道,かたみち,카타미치,편도,N3,One way (trip)
6671,傾く,かたむく,카타무쿠,기울다,N2,To lean; to incline; to sink
6682,偏る,かたよる,카타요루,치우치다. 기울다. 균형을 잃다,N2,To be biased; to lean toward one side
6692,傍ら,かたわら,카타와라,"곁,한편",N1,Beside; while; side
6728,画期,かっき,캇키,획기,N2,Epoch-making; ground-breaking
6785,担ぐ,かつぐ,카츠구,짊어지다,N2,To shoulder; to carry; to deceive
6734,括弧,かっこ,캇코,괄호,N2,Parentheses; brackets
6793,活字,かつじ,카츠지,활자,N2,Printing type; movable type
20907,全力,ぜんりょく,젠료쿠,전력,N3,"all one's power, whole energy"
6379,風車,ふうしゃ,후우샤,풍차,N2,Windmill; pinwheel
5911,解明,かいめい,카이메이,해명,N1,Clarification; elucidation
6746,活性,かっせい,캇세이,활성,N2,Activity; activation
24038,長城,ちょうじょう,쵸우죠우,장성,N1,Great Wall
6890,カナザワ,かなざわ,카나자와,카나자와,N1,Kanazawa (city)
6033,輝かしい,かがやかしい,카가야카시이,빛나는,N1,Brilliant; glorious; splendid
6574,風通し,かぜとおし,카제토오시,통풍,N2,Ventilation; flow of air
6084,書き直す,かきなおす,카키나오스,다시 쓰다,N2,To rewrite; to revise
6091,書き残す,かきのこす,카키노코수,써서 남기다,N2,To leave a note/message
22181,逞しい,たくましい,타쿠마시이,늠름하다,N2,"burly, strong, robust"
6861,稼働,かどう,카도우,가동,N2,Operation; work; functioning
6597,片,へん(かた),헨(카타),조각(한짝),N2,One side (prefix)
6618,方々,かたがた,카타가타,분들,N2,People (polite); various places
6295,掛け持ち,かけもち,카케모치,겸직 (두 가지 일을 함),N1,Holding two or more positions
6035,輝き,かがやき,카가야키,반짝임,N2,Radiance; brilliance; sparkle
32542,深々,ふかぶか,후카부카,심심,N1,deeply; profoundly
33233,ふわり,ふわり,후와리,살랑,N2,softly; gently
29327,波,は,하,파,N1,Wave
22198,丈,たけ,타케,기장,N4,"height, stature, length"
15287,詩集,ししゅう,시슈우,시집,N1,Collection of poems
10560,紅,くらない(べに),쿠라나이(베니),"다홍,주홍(홍)",N4,Crimson; deep red; rouge
8933,球,たま(きゅう),타마(큐우),구형의 것. 야구 탁구 따위의 공,N2,Sphere; ball; bulb
9146,鏡,かかみ(きょう),카카미(쿄우),거울(경),N3,Mirror
52126,荒天,こうてん,코우텐,악천후,N1,stormy weather
53574,荒涼,こうりょう,코우료우,황량함,N1,desolate; bleak
35971,疎ら,まばら,마바라,드문드문함,N1,sparse; thin; scattered
23125,打撃,だげき,다게키,타격,N2,"blow, shock, strike, batting"
59303,駄作,ださく,다사쿠,졸작,N1,Poor work; trashy piece
65242,腹背,ふくはい,후쿠하이,앞뒤,N1,Front and back; double-edged
58890,だぶだぶ,だぶだぶ,다부다부,헐렁헐렁,N2,Baggy; loose; overflowing
58204,深紅,しんく,신쿠,심홍,N1,Crimson; deep red
33368,仏教,ぶっきょう,붓쿄우,불교,N1,Buddhism
14818,ざくざく,ざくざく,자쿠자쿠,"서벅서벅,숭덩숭덩",N1,Crunching sound; in abundance (money/gold)
6380,翳す,かざす,카자스,"치켜들다,쬐다",N1,To hold over (head/fire); to screen
6313,陰り,かげり,카게리,그늘,N1,Shadow; gloom; cloudiness
5984,火炎,かえん,카엔,화염,N1,Flame; blaze
6355,佳作,かさく,카사쿠,가작,N1,Good work; fine piece of writing
6326,河口,かこう,카코우,하구,N1,River mouth; estuary
6100,架橋,かきょう,카쿄우,가교,N1,Bridge building; bridging
5814,拐帯,かいたい,카이타이,"횡령, 괴대",N1,Absconding with money
5715,悔恨,かいこん,카이콘,회한,N1,Remorse; regret
5909,皆無,かいむ,카이무,전무함,N1,Nothing; nil; non-existent
5678,解禁,かいきん,카이킨,해금,N1,Lifting a ban
6162,格式,かくしき,카쿠시키,격식,N1,Social status; formality
6757,葛藤,かっとう,캇토우,갈등,N2,Conflict; complication; friction
6243,閣僚,かくりょう,카쿠료우,각료,N1,Cabinet ministers
5927,潰瘍,かいよう,카이요우,궤양,N1,Ulcer
5913,壊滅,かいめつ,카이메츠,괴멸,N1,Destruction; annihilation
5697,懐古,かいこ,카이코,회고,N1,Nostalgia; reminiscing
5935,戒律,かいりつ,카이리츠,계율,N1,Religious precepts; commandment
6116,稼業,かぎょう,카교우,"생업, 가업",N1,Trade; business; occupation
6558,稼ぎ,かせぎ,카세기,벌이,N1,Earnings; income
6745,渇水,かっすい,캇스이,"단수, 물 부족",N1,Drought; water shortage
6777,割愛,かつあい,카츠아이,생략,N1,Omission; sparing; giving up
6279,掛け軸,かけじく,카케지쿠,족자,N2,Hanging scroll
6092,掻き混ぜる,かきまぜ,카키마제,휘저어 섞다,N1,To mix; to stir up
6666,形見,かたみ,카타미,유품,N2,Memento; keepsake
6486,齧り付く,かじりつく,카지리츠쿠,베어물다,N1,To sink one's teeth into; to cling to
6384,風向き,かざむき,카자무키,풍향,N1,Wind direction; situation
5696,回顧,かいこ,카이코,회고,N1,Recollection; review; looking back
5719,悔悟,かいご,카이고,뉘우침,N1,Repentance; penitence
6683,語らい,かたらい,카타라이,"담소, 이야기",N1,Talk; chat; conversation
5704,開口,かいこう,카이코우,"개구, 입을 염",N1,Opening one's mouth; aperture
5793,海鮮,かいせん,카이센,해산물,N1,Seafood
33421,武道,ぶどう,부도우,무도,N2,martial arts
6622,敵討ち,かたきうち,카타키우치,원수를 갚음,N1,Revenge; vengeance
5820,快諾,かいだく,카이다쿠,쾌락 (흔쾌히 수락함),N1,Ready consent
6963,可燃,かねん,카넨,가연성,N1,Flammable; combustible
32570,吹き出す,ふきだす,후키다스,뿜어 나오다,N1,to blow out; to burst out laughing
607,足,あし,아시,발,N5,Foot; leg; gait; pace
154194,キタカゼ,きたかぜ,키타카제,북풍,N1,North wind
39189,翌日,よくじつ,요쿠지츠,익일,N2,the next day
33641,分別,ふんべつ,훈베츠,분별,N2,discretion; judgment; (bunbetsu) separation
23273,誰,だれ,다레,누구,N5,who
37513,面,めん,멘,면,N4,face; surface; mask; side
63342,博する,はくする,하쿠스루,"획득하다,퍼지다",N2,To gain; to win (fame/applause)
56780,従える,したがえる,시타가에루,따르다,N2,To be accompanied by; to subdue
59436,短気,たんき,탄키,성질이 급한,N1,Short-tempered
59517,単数,たんすう,탄스우,단수,N2,Singular (number)
6001,抱え込む,かかえこむ,카카에코무,"떠안다, 감싸쥐다",N1,To hold in one's arms; to take upon oneself
5835,開陳,かいちん,카이친,개진 (의견 등을 밝힘),N1,Statement; presentation
5828,改鋳,かいちゅう,카이츄우,개주,N1,Recoinage; reminting
5734,改竄,かいざん,카이잔,조작,N1,Falsification; alteration; tampering
5990,顔立ち,かおだち,카오다치,"이목구비, 얼굴 생김새",N1,Features; looks
6770,闊歩,かっぽ,캇포,활보,N1,Striding; swaggering
6063,書き替える,かきかえる,카키카에루,"다시 쓰다, 고쳐 쓰다",N1,To rewrite; to renew
6578,仮想,かそう,카소우,가상,N1,Imaginary; virtual; hypothetical
6283,駆け出す,かけだす,카케다스,뛰어나가다,N1,To start running; to dash out
6389,飾り付ける,かざりつける,카자리츠케루,장식하다,N1,To decorate; to adorn
6200,格段,かくだん,카쿠단,"현격,격단",N2,Remarkable; exceptional
6043,書き,がき,가키,쓰기,N1,Writing
6331,過酷,かこく,카코쿠,"지나치게 가혹,과혹",N1,Severe; harsh; cruel
5765,介助,かいじょ,카이죠,보조,N1,Assistance; helping
5891,開封,かいふう,카이후우,개봉,N1,Unsealing; opening a letter
5762,開示,かいじ,카이지,"공개적으로 표시,개시",N1,Disclosure; manifestation
5777,回生,かいせい,카이세이,회생,N1,Resurrection; resuscitation; regeneration
6410,貸し渋り,かししぶり,카시시부리,대출,N1,Reluctance to lend (by banks)
6642,形作る,かたちずくる,카타치즈쿠루,형상화하다,N1,To form; to shape; to mold
5916,買い戻す,かいもどす,카이모도스,되찾다,N1,To buy back; to redeem
31960,頻発,ひんぱつ,힌파츠,빈발,N1,frequent occurrence
6164,隠し事,かくしごと,카쿠시고토,숨기는 일,N1,Secret
41506,ＩＴ,アイティー,아이티,정보 기술,N1,IT (Information Technology)
281457,ごっ,ゴ,고,"퍽, 쿵 (충격음 의성어)",N1,"Thud, Crunch (Onomatopoeia)"
162312,テンジン,テンジン,텐진,텐진 (지명/인명),N1,Tenjin
23841,中世,ちゅうせい,츄우세이,중세,N3,"Middle Ages, medieval times"
22671,賜物,たまもの,타마모노,받은 것,N1,"gift, boon, result/fruit of"
26500,突然,とつぜん,토츠젠,돌연,N5,"suddenly, abruptly"
23442,近寄る,ちかよる,치카요루,접근하다,N2,"to approach, to come near"
23467,地区,ちく,치쿠,지구,N2,"district, sector"
264512,中腹,ちゅうふく,츄우후쿠,"산 중턱,중복",N1,Mid-slope / Halfway up a mountain
32940,懐,ふところ,후토코로,품,N4,pocket; bosom; one's pocketbook
23474,畜産,ちくさん,치쿠산,축산,N1,"animal husbandry, livestock raising"
33176,古びる,ふるびる,후루비루,낡다,N2,to look old; to age
61969,ちやほや,ちやほや,치야호야,우쭈쭈쭈,N1,Pampering; doting on
39835,乱闘,らんとう,란토우,난투,N1,brawl; scuffle
5028,落ちる,おちる,오치루,떨어지다,N5,To fall; to fail (exam); to drop
5082,落とす,おとす,오토수,떨어뜨리다,N4,To drop; to lose; to fail (someone)
5121,おなら,おなら,오나라,방귀,N1,Fart; flatulence
5096,衰える,おとろえる,오토로에루,쇠약해지다,N1,To decline; to weaken; to decay
5265,玩具,おもちゃ,오모챠,장난감,N4,Toy; plaything
5211,御襁褓,おむつ,오무츠,기저귀,N3,Diaper; nappy
5464,女の子,おんなのこ,온나노코,여자아이,N5,Girl
4028,絵本,えほん,에혼,그림책,N4,Picture book
25656,出揃う,でそろう,데소로우,모두 나오다,N2,to appear all together
4083,偉い,えらい,에라이,장하다,N2,Great; celebrated; eminent; (also: exhausted)
3739,絵書き,えかき,에카키,그림그리기,N3,Painter; artist
5261,面白い,おもしろい,오모시로이,재미있다,N5,Interesting; funny; pleasant
4271,鉛筆,えんぴつ,엔피츠,연필,N5,Pencil
23791,中高生,ちゅうこうせい,츄우코우세이,중고생,N1,junior and senior high school students
4293,えー,えい,에이,엉,N2,Uh; well; (expression of surprise/hesitation)
3653,英語,えいご,에이고,영어,N4,English (language)
4917,惜しい,おしい,오시이,아깝다,N2,Regrettable; disappointing; precious; a waste
4885,驕る,おごれる,오고레루,"뽐내다, 사치하다",N2,To be proud; to be arrogant
5119,同じく,おなじく,오나지쿠,마찬가지로,N2,Similarly; likewise
4987,恐れる,おそれる,오소레루,두려워하다,N4,To fear; to be afraid of
3667,英字,えいじ,에이지,영자,N1,English letter; roman script
3658,映写,えいしゃ,에이샤,영사,N1,Projection (of a movie)
32399,風雨,ふうう,후우우,비바람,N1,wind and rain; storm
3735,英和,えいわ,에이와,영일,N2,"English-Japanese (e.g., dictionary)"
3765,液体,えきたい,에키타이,액체,N3,Liquid; fluid
3911,閲覧,えつらん,에츠란,열람,N2,Inspection; reading; browsing
4090,襟,えり,에리,옷깃,N4,Collar; lapel
4176,延期,えんき,엔키,연기,N3,Postponement; adjournment
4179,演技,えんぎ,엔기,연기,N3,Acting; performance
4177,婉曲,えんきょく,엔쿄쿠,완곡,N1,Euphemism; roundabout; indirect
4186,園芸,えんげい,엔게이,원예,N2,Horticulture; gardening
4200,演出,えんしゅつ,엔슈츠,연출,N2,Production; direction (play/movie)
4211,援助,えんじょ,엔죠,원조,N2,Assistance; aid; support
4225,演説,えんぜつ,엔제츠,연설,N4,Speech; address
4224,沿線,えんせん,엔센,연선,N2,Along a railway line
4227,演奏,えんそう,엔소우,연주,N4,Musical performance
293324,スマホ,スマホ,스마호,스마트폰,N1,Smartphone
32712,父兄,ふけい,후케이,부형,N1,guardians; parents and older brothers
32397,風合い,ふうあい,후우아이,감촉,N2,texture; feel (of cloth)
32046,美徳,びとく,비토쿠,미덕,N1,virtue
32439,風聞,ふうぶん,후우분,풍문,N1,rumor; report
23900,中立,ちゅうりつ,츄우리츠,중립,N2,"neutrality, indifference"
62256,長編,ちょうへん,쵸우헨,장편,N2,Long novel; feature-length film
62358,直角,ちょっかく,춋카쿠,직각,N2,Right angle
61628,敵軍,てきぐん,테키군,적군,N2,Enemy army
150355,ちょくちょく,ちょくちょく,쵸쿠쵸쿠,종종,N1,Often; frequently
95063,大荒れ,おおあれ,오오아레,매우 사납게 날뜀,N1,Very stormy; rough
4278,遠方,えんぽう,엔포우,"먼 곳, 원방",N2,Distant place; long way
32932,不貞腐れる,ふてくされる,후테쿠사레루,"뒤틀리다, 샐쭉해지다",N1,to become sulky; to pout
22885,短編,たんぺん,탄펜,단편,N2,short story/film
28422,ニッコウ,ニッコー,닛코,닛코 (지명) / 일광(햇빛),N1,Nikko / Sunlight
32838,敷設,ふせつ,후세츠,부설,N1,laying (cable/rail); construction
33920,併用,へいよう,헤이요우,병용,N1,using together; combined use
33921,並立,へいりつ,헤이리츠,병립,N1,standing side by side; coexistence
24372,墜落,ついらく,츠이라쿠,추락,N1,"falling, crashing (from a height)"
4280,円満,えんまん,엔만,원만,N1,Harmonious; peaceful; satisfactory
4290,遠慮,えんりょ,엔료,"사양,겸손,원려",N4,Reserve; hesitation; restraint
156,合図,あいず,아이즈,신호,N3,Sign; signal
449,握手,あくしゅ,아쿠슈,악수,N3,Handshake
46433,青白い,あおじろい,아오지로이,창백하다,N2,pale; pallid; bluish-white
14632,山中,さんちゅう,산츄우,산중,N3,In the mountains
179131,ＴＶ,ティーブイ,티부이,텔레비전,N1,TV (Television)
23840,中枢,ちゅうすう,츄우스우,중추. 가장 중요한 부분,N2,"center, pivot, backbone"
20822,前進,ぜんしん,젠신,전진,N2,"advance, progress, moving forward"
20026,成立,せいりつ,세이리츠,성립,N2,"formation, establishment, materialization"
40224,料金,りょうきん,료우킨,요금,N4,fee; charge; fare
40776,練習,れんしゅう,렌슈우,연습,N5,practice
20332,攻め,せめ,세메,"공격, 공세",N1,"attack, offense"
18861,酢,す,스,식초,N2,vinegar
46511,赤らむ,あからむ,아카라무,붉어지다. 홍조를 띠다,N1,to redden; to blush
52692,香気,こうき,코우키,향기,N1,fragrance; aroma
51282,香車,きゅうしゃ,큐우샤,향차,N1,Lancer (Shogi piece)
46632,あくどい,あくどい,아쿠도이,"짙다,악랄하다",N1,vicious; gaudy; excessive
19077,隙間,すきま,스키마,틈. 겨를. 짬,N3,"crevice, crack, gap"
90973,ＥＴＣ,イーティーシー,이티시,전자 요금 징수 시스템 / 기타 등등,N1,ETC (Electronic Toll Collection) / Et cetera
4355,おい,おい,오이,"조카,야",N2,Hey!; (also used to address equals/inferiors)
885,穴,あな,아나,구멍,N3,Hole; deficit; vacancy; flaw
835,圧力,あつりょく,아츠료쿠,압력,N1,Pressure; stress
33119,振り払う,ふりはらう,후리하라우,뿌리치다,N1,to shake off; to brush away
97200,有り難い,ありがたい,아리가타이,고맙다,N3,Grateful; thankful
49485,移り香,うつりが,우츠리가,"잔향, 옷 등에 밴 향기",N1,lingering scent
68969,養蜂,ようほう,요우호우,양봉,N1,Beekeeping
63216,廃藩,はいはん,하이한,폐번(번을 없앰),N1,Abolition of clans (Meiji era)
33999,編,へん,헨,편,N2,compilation; volume; chapter
32695,服用,ふくよう,후쿠요우,복용,N2,taking medicine
46836,宛て名,あてな,아테나,수신인명,N2,addressee; recipient's name
46854,跡継ぎ,あとつぎ,아토츠기,후계자,N1,heir; successor
17779,次期,じき,지키,차기,N1,next term/period
23769,宙返り,ちゅうがえり,츄우가에리,공중제비,N1,"somersault, loop-the-loop"
44911,あべこべ,あべこべ,아베코베,뒤바뀜,N1,contrary; opposite; upside down
47298,荒っぽい,あらっぽい,아랏포이,거칠다,N1,rough; coarse; wild
32701,福利,ふくり,후쿠리,복리,N1,welfare; well-being
47460,色香,いろか,이로카,"색향, 미색과 향기",N1,color and fragrance; charm
32965,船酔い,ふなよい,후나요이,배멀미,N1,seasickness
32920,仏,ふつ,후츠,부처,N1,Buddha; the deceased; France
33006,踏み締める,ふみしめる,후미시메루,밟아 다지다,N1,to step firmly on
33713,プラモデル,プラモデル,푸라모데루,프라모델,N1,plastic model
21112,相談,そうだん,소우단,상담,N5,"consultation, discussion"
32081,秒間,びょうかん,뵤우칸,초간,N1,interval of seconds
4368,追い込む,おいこむ,오이코무,몰아넣다,N2,To corner; to drive into; to exert oneself
19894,生存,せいぞん,세이존,생존,N2,"survival, existence"
32218,ぴょんぴょん,ピョンピョン,푱푱,깡충깡충,N1,"Hop hop, Boing boing"
176043,メンデル,メンデル,멘데루,멘델 (유전학자),N1,Mendel
120216,ＲＮＡ,アールエヌエー,아루에누에,리보핵산,N1,RNA (Ribonucleic Acid)
30206,原っぱ,はらっぱ,하랏파,들판,N1,open field; empty lot
24385,通貨,つうか,츠우카,통화,N2,currency
39477,読み解く,よみとく,요미토쿠,해독하다,N1,to decipher; to figure out
29277,乗る,のる,노루,타다,N5,To ride / to board / to participate
30001,甚だしい,はなはなしい,하나하나시이,극심하다,N2,Extreme / excessive
10200,口数,くちかず,쿠치카즈,말수,N1,Number of words; talkativeness
47823,異見,いけん,이켄,이견,N1,different opinion; objection
61422,候文,そうろうぶん,소우로우분,소로문 (고전 문체),N1,Epistolary style (classical formal writing)
7952,害虫,がいちゅう,가이츄우,해충,N3,Harmful insect; pest
4376,追い出す,おいだす,오이다스,몰아내다,N1,To expel; to drive out; to kick out
31675,紐解く,ひもとき,히모토키,펼쳐읽다,N1,to read (a book); to unravel
30256,春,はる,하루,봄,N5,spring
1894,苛める,いじめる,이지메루,괴롭히다,N4,To tease; to bully; to torment
31866,卑劣,ひれつ,히레츠,비열,N1,mean; base; despicable
27464,内視,ないし,나이시,내시,N1,"internal inspection, introspection"
2409,祈る,いのる,이노루,빌다,N4,To pray
24352,一日,いちにち,이치니치,하루,N5,"the first day of the month, one day"
1895,移住,いじゅう,이쥬우,이주,N2,Migration; immigration
1901,異常,いじょう,이죠우,이상,N3,Abnormality; strangeness; disorder
1934,泉,いずみ,이즈미,샘,N2,Spring; fountain
1946,何れ,いずれ,이즈레,언젠가,N2,Which; anyway; sooner or later
1951,異性,いせい,이세이,이성,N1,The opposite sex
40947,碌に,ろくに,로쿠니,제대로,N1,properly; adequately (usually negative)
34513,報知,ほうち,호우치,경보,N1,information; news; intelligence
1966,以前,いぜん,이젠,이전,N3,Ago; previously; before
1967,依然,いぜん,이젠,여전,N2,Still; as yet; as ever
1993,板,いた,이타,판,N3,Board; plank; sheet
2000,委託,いたく,이타쿠,위탁,N1,Trust; consignment; entrusting
14979,椎茸,しいたけ,시이타케,버섯,N1,Shiitake mushroom
12269,喉頭,こうとう,코우토우,후두,N1,Larynx
12454,港湾,こうわん,코우완,항만,N1,Harbor; port
96892,ＡＴＰ,エーティーピー,에티피,아데노신 3인산,N1,ATP (Adenosine Triphosphate)
177662,フィボナッチ,フィボナッチ,피보낫치,피보나치 (수열),N1,Fibonacci
60101,天敵,てんてき,텐테키,천적,N1,Natural enemy
45507,稲妻,いなずま,이나즈마,번개,N1,lightning; thunderbolt
55727,樹皮,じゅひ,쥬히,나무껍질,N1,Bark (of a tree)
50277,頂,いただき,이타다키,꼭데기,N4,summit; top
47180,稲光,いなびかり,이나비카리,번개 ＝いなずま,N1,flash of lightning
31920,広まる,ひろまる,히로마루,퍼지다,N2,to spread; to propagate
33865,閉山,へいざん,헤이잔,"폐산,폐광",N1,closing of a mountain (to climbers/mining)
31575,一人,ひとり,히토리,혼자,N5,one person
31098,日,ひ,히,일,N6,day; sun
7498,感覚,かんかく,칸카쿠,감각,N3,Sense; sensation; feeling
30399,反対,はんたい,한타이,반대,N4,opposite; opposition
47557,陰気,いんき,인키,음침,N1,gloom; melancholy; dismal
31270,挽く,ひく,히쿠,"켜다,깎다",N2,to grind; to saw; to mill
18524,条項,じょうこう,죠우코우,조항,N1,"clause, article, provision"
36558,密室,みっしつ,밋시츠,밀실,N1,closed room; secret room
7053,構え,かまえ,카마에,자세,N1,Posture; stance; preparation
4389,老いる,おいる,오이루,늙다,N1,To grow old
15494,執行,しっこう,싯코우,집행,N1,Execution; enforcement; performance
12089,絞首,こうしゅ,코우슈,교수,N1,Strangulation; hanging
94877,ＴＣＰ,ティーシーピー,티시피,전송 제어 프로토콜,N1,TCP (Transmission Control Protocol)
4426,黄金,おうごん,오우곤,황금,N2,Gold; golden
213,ＩＰ,アイピー,아이피,아이피 (인터넷 프로토콜/지식재산),N1,IP (Internet Protocol / Intellectual Property)
176280,ラプラス,ラプラス,라푸라스,라플라스 (수학자),N1,Laplace
11958,綱紀,こうき,코우키,"기강, 강기",N1,Law and order; discipline
57560,生硬,せいこう,세이코우,생경,N1,Stiff; crude; unpolished
52150,硬度,こおど,코오도,경도,N1,hardness
35123,暈かす,ぼかす,보카스,흐리게하다,N1,to shade; to blur; to equivocate
48988,絞り,しぼり,시보리,조임,N1,tie-dyeing; aperture (camera); squeezing
68691,締め殺す,しめころす,시메코로스,목 졸라 죽이다,N1,To strangle to death
18897,推敲,すいこう,스이코우,퇴고,N1,"polishing (writing), revision"
3644,永久,えいきゅう,에이큐우,영구,N3,Eternity; perpetuity; immortality
30191,払う,はらう,하라우,"털다, 내다",N4,to pay; to brush away; to pay (attention)
11986,興行,こうぎょう,코우교우,흥행,N1,Entertainment business; performance
37643,燃え移る,もえうつる,모에우츠루,불이 번지다,N1,to catch fire; to spread (fire)
31937,品,ひん,힌,품,N1,article; item; quality; dignity
117215,フェルマー-外国,フェルマー,페루마,페르마 (수학자),N1,Fermat
16651,将校,しょうこう,쇼우코우,장교,N1,(military) officer
11073,敬礼,けいれい,케이레이,경례,N1,Salute; bow; courtesy
3219,打ち切る,うちきる,우치키루,끊다,N2,To stop; to discontinue; to abort
36304,磨き上げる,みがきあげる,미가키아게루,열심히 닦다,N1,to polish up
8151,柄,がら,가라,무늬,N2,Pattern; design; character; handle
3221,打ち消す,うちけす,우치케스,부인하다,N2,To deny; to contradict; to drown out
43234,酵母,こうぶ,코우부,효모,N1,yeast
3222,打ち込む,うちこむ,우치코무,몰두하다,N1,To drive in; to devote oneself to; to input (data)
3252,団扇,うちわ,우치와,부채,N1,Round paper fan
61256,草稿,そうこう,소우코우,초고,N1,Draft; manuscript
45698,秘,ひ,히,비,N1,secret; hidden
31234,引き立つ,ひきだつ,히키다츠,끌어올려지다,N2,to look better; to improve; to stand out
31229,引き締まる,ひきしまる,히키시마루,단단히 죄어지다,N3,to become tense; to tighten
3738,ええ,ええ,에에,네. 예,N4,Yes (informal/polite); well...
3747,液,えき,에키,액. 즙,N2,Liquid; fluid; sap
31658,向日葵,ひまわり,히마와리,해바라기,N3,sunflower
31846,肥料,ひりょう,히료우,비료,N2,fertilizer; manure
31715,票,ひょう,효우,표,N2,vote; ballot; slip
48128,縁談,えんだん,엔단,혼담,N1,marriage proposal; match
15279,使者,ししゃ,시샤,사신,N1,Messenger
20236,切迫,せっぱく,셋파쿠,절박,N1,"pressure, urgency, tension"
166905,シアオシン,シアオシン,시아오신,샤오싱 (중국 인명/지명),N1,Xiaoxin / Shaoxing
91544,ＤＩＹ,ディーアイワイ,디아이와이,직접 만들기 (가구 등),N1,DIY (Do It Yourself)
94862,ＰＤＦ,ピーディーエフ,피디에후,문서 파일 포맷 (PDF),N1,PDF (Portable Document Format)
17274,新型,しんがた,신가타,신형,N1,"new model, new style"
20722,絶食,ゼッショク,젯쇼쿠,"절식, 단식",N1,Fasting
91737,ＳＭＳ,エスエムエス,에스에무에스,문자 메시지 서비스,N1,SMS (Short Message Service)
61399,素麺,そうめん,소우멘,소면,N1,Soumen (thin wheat noodles)
62928,年貢,ねんぐ,넨구,연공,N2,Land tax (feudal); tribute
67003,貢ぐ,みつぐ,미츠구,"바치다, 돈을 대주다",N1,To support (financially); to pay tribute
66999,貢ぎ物,みつぎもの,미츠기모노,공물,N1,Tribute; offering
45961,煙突,えんとつ,엔토츠,굴뚝,N2,chimney
31833,ひらひら,ひらひら,히라히라,팔랑팔랑,N2,fluttering; flapping
30297,腫れる,はれる,하레루,부어오르다,N2,to swell; to be inflamed
6714,勝ち目,かちめ,카치메,승산,N1,Chance of winning
4449,王女,おうじょ,오우죠,왕녀,N2,Princess
14935,子,し,시,자,N1,Child
12055,降参,こうさん,코우산,항복,N2,Surrender; submission
4808,億,おく,오쿠,억,N4,"100 million"
53946,おどおど,おどおど,오도오도,주뼛주뼛,N1,tremblingly; timidly
31644,皮膚,ひふ,히후,피부,N2,skin
1270,彼れ,あれ,아레,저것,N5,(Archaic/rare) That person/thing
1725,幾多,いくた,이쿠타,수많은,N1,Many; numerous
29247,乗り降り,のりおり,노리오리,타고내림,N1,Getting on and off
41189,我が輩,わがはい,와가하이,"이 몸, 나 (거만하거나 옛스러운 표현)",N1,I (Archaic/Haughty)
34729,発起,ホッキ,홋키,"발기, 제안",N1,"Proposal, Promotion"
34745,発端,ホッタン,홋탄,발단,N1,"Origin, Beginning"
28632,人,にん,닌,인,N1,"person, human being"
9885,行,ぎょう,교우,행 (줄),N3,Line (of text); row
87108,お手上げ,おてあげ,오테아게,"어쩔 도리가 없음, 두 손 듦",N1,Giving up; throwing up one's hands
67452,目利き,めきき,메키키,안목,N1,Connoisseur; expert eye
31523,一言,ひとこと,히토코토,말 한 마디,N5,a single word
5659,絵画,かいが,카이가,회화,N3,Painting; picture
22074,高まり,たかまり,타카마리,고조,N1,"rise, swell, elevation"
7896,害,がい,가이,해 (해로움),N2,Harm; injury; damage
16652,小康,しょうこう,쇼우코우,소강,N1,"lull, brief remission"
183901,大とろ,おおとろ,오오토로,참치 뱃살,N1,Otoro (Fatty tuna)
237330,仕上げ,しあげ,시아게,마무리,N2,Finishing / Completion
5653,開会,かいかい,카이카이,개회. 개막,N2,Opening of a meeting/event
5656,会館,かいかん,카이칸,회관,N3,Meeting hall; assembly hall
5671,階級,かいきゅう,카이큐우,계급,N2,Class; rank; grade
263672,栗御飯,くりごはん,쿠리고항,밤밥,N2,Chestnut rice
205500,畑仕事,はた(け)しごと,하타(케)시고토,밭일,N3,Field work / Farming
4442,往診,おうしん,오우신,왕진,N1,Doctor's house call
219322,爪研ぎ,つめとぎ,츠메토기,손톱갈이,N1,Nail sharpening / Cat scratcher
192334,綿飴,わたあめ,와타아메,솜사탕,N1,Cotton candy
4457,応接,おうせつ,오우세츠,응접,N3,Reception; interview
4462,応対,おうたい,오우타이,응대,N2,Receiving (guests); dealing with
4465,横断,おうだん,오우단,횡단,N3,Crossing; traversing
4483,往復,おうふく,오우후쿠,왕복,N3,Round trip; correspondence
4486,欧米,おうべい,오우베이,구미,N2,Europe and America; the West
204312,ぱか,ぱか,파카,팍,N1,Clip-clop (sound) / Opening widely
204759,ぴよぴよ,ぴよぴよ,피요피요,삐약삐약,N1,Peep peep (chick sound)
35065,忙殺,ぼうさつ,보우사츠,망살 (매우 바쁨),N1,being very busy; being snowed under
5453,音독,おんどく,온도쿠,음독,N2,On-reading (of kanji)
19472,速やか,すみやか,스미야카,"빠름, 신속함",N3,"speedy, prompt, immediate"
19773,正弦,せいげい,세이게이,"sine,정현",N1,sine (mathematics)
7930,外出,がいしゅつ,가이슈츠,외출. 나들이,N3,Going out
5736,開始,かいし,카이시,개시,N3,Start; commencement
5742,回収,かいしゅう,카이슈우,회수,N3,Collection; recovery; withdrawal
5763,怪獣,かいじゅう,카이쥬우,괴수,N1,Monster
5743,改修,かいしゅう,카이슈우,개수. 수리,N2,Repair; improvement; renovation
5767,会場,かいじょう,카이죠우,회장,N5,Assembly hall; venue
4488,応募,おうぼ,오우보,응모,N4,Application; subscription; entry
30180,腹,はら,하라,"배, 부아",N3,abdomen; stomach; belly; one's true intentions
4497,応用,おうよう,오우요우,응용,N3,Application; practical use
4531,大いに,おおいに,오오이니,대단히,N3,Very much; greatly; highly
4542,大方,おおかた,오오카타,대개,N1,Perhaps; almost; the majority
4559,大柄,おおがら,오오가라,덩치가 큼,N1,Large build; large pattern
4574,大袈裟,おおげさ,오오게사,과장함,N2,Exaggerated; grandiose
253359,どーん,どうん,도운,펑,N3,Boom / Bang (impact sound)
4587,大雑把,おおざっぱ,오오잣파,대충대충함,N1,Rough; broad; sketchy; sloppy
4601,大筋,おおすじ,오오스지,큰 줄기,N1,Outline; main points; gist
243138,一流,いちりゅう,이치류우,일류,N2,First-class / Top-notch
4611,大空,おおぞら,오오조라,넓은 하늘,N1,The sky; firmament
4647,大通り,おおどおり,오오도오리,넓은 길. 큰 거리,N3,Main street; boulevard
4667,大幅,おおはば,오오하바,대폭,N3,Substantial; drastic; large-scale
17289,心筋,しんきん,신킨,심근,N1,myocardium (heart muscle)
4714,公,おおやけ,오오야케,공공,N3,Public; official; open
4712,大家,おおや,오오야,집 주인,N2,Landlord; landlady; master; expert
4718,大凡,おおよそ,오오요소,대강,N2,Roughly; about; general
4732,可笑しい,おかしい,오카시이,웃기다. 이상하다,N4,Funny; strange; amusing
4768,拝む,おがむ,오가무,공손히 절하다. 기도하다,N2,To worship; to pray; to see (humble)
3591,運転,うんてん,운텐,운전,N4,Driving; operation; working
2140,銀杏,いちょう,이쵸우,은행나무,N1,Ginkgo tree; ginkgo nut
12194,梗塞,こうそく,코우소쿠,경색,N1,Infarction; blockage
31774,評判,ひょうばん,효우반,평판,N3,reputation; fame; rumor
24418,痛切,つうせつ,츠우세츠,통절,N1,"keen, acute, poignant"
35107,防備,ぼうび,보우비,방비,N1,defense; preparations
12414,黄葉,こうよう,코우요우,노란 잎,N1,Yellowing of leaves (autumn)
39794,卵黄,らんおう,란오우,"달걀 노른자,난황",N2,egg yolk
93738,五入,ごにゅう,고뉴우,오입,N2,Rounding up (as in 四捨五入)
37220,無料,むりょう,무료우,무료,N3,free (of charge)
63879,継ぎ,つぎ,츠기,이음,N1,Patch; joint; succession
267446,冊,さつ,사츠,편,N3,Counter for books
49433,黄,き,키,노랑,N4,yellow
37907,物忘れ,ものわすれ,모노와스레,건망증,N1,forgetfulness
59882,筒,つつ,츠츠,"통,대롱",N4,Tube; pipe; cylinder
4773,沖,おき,오키,바다 멀리,N3,Offing; open sea
22368,漂う,ただよう,타다요우,떠다니다,N4,"to drift, to float, to waft"
4802,補う,おぎなう,오기나우,보충하다,N3,To compensate for; to supplement
4813,屋外,おくがい,오쿠가이,옥외,N3,Outdoors; outside
4819,屋上,おくじょう,오쿠죠우,옥상,N4,Rooftop
4835,臆病,おくびょうな,오쿠뵤우나,겁이 많은,N1,Cowardice; timidity
17573,信用,しんよう,신요우,신용,N3,"confidence, trust, credit"
196888,出入り,でいり,데이리,출입,N3,Coming and going / Entrance and exit
4843,遅らせる,おくらせる,오쿠라세루,늦추다,N2,To delay; to postpone; to put off
4874,怠る,おこたる,오코타루,게을리하다,N2,To neglect; to be negligent; to miss
4899,収まる,おさまる,오사마루,수습되다,N3,To fit into; to be settled; to subside
31387,潜める,ひそめる,히소메루,찌푸리다,N1,to hide; to conceal; to lower (voice)
4956,伯父,おじ,오지,아저씨,N5,Uncle (older than parent)
195185,大降り,おおぶり,오오부리,많이 쏟아짐,N1,Heavy rain / Downpour
4919,押し入れ,おしいれ,오시이레,벽장,N4,Closet (traditional Japanese style)
4929,押し切る,おしきる,오시키루,강행하다. 무릅쓰다,N1,To overcome (resistance); to push through
211197,桑,そう,소,뽕나무,N1,Mulberry
249814,纏め直す,まとめなおす,마토메나오스,다시 정리하다,N1,To reorganize / To summarize again
4931,押し込む,おしこむ,오시코무,밀고 들어가다,N1,To push into; to cram
4947,惜しむ,おしむ,오시무,아끼다,N3,To regret; to be reluctant to; to value
4949,御洒落,おしゃれ,오샤레,멋쟁이,N3,Stylish; fashionable; smart
348582,買い直す,かいなおす,카이나오스,다시 사다,N1,To buy again / Repurchase
4983,恐らく,おそらく,오소라쿠,"아마,어쩌면",N2,Perhaps; likely; probably
4986,恐れ入る,おそれいる,오소레이루,송구스러워하다,N1,To be sorry; to be filled with awe; to be surprised
4988,恐ろしい,おそろしい,오소로시이,무섭다,N3,Terrible; dreadful; frightening
17941,実質,じっしつ,짓시츠,실질,N1,"substance, essence, real"
4989,教わる,おそわる,오소와루,배우다,N3,To be taught; to learn (from someone)
31205,引き,ひき,히키,끌어당김,N1,pull; tug; influence; discount
31112,日当たり,ひあたり,히아타리,볕이 듦,N1,exposure to the sun; sunny place
31341,日差し,ひざし,히자시,햇볕,N3,sunlight; rays of the sun
5006,煽てる,おだてる,오다테루,"치켜세우다, 부추기다",N1,To flatter; to cajole
31294,飛行,ひこう,히코우,비행,N5,flight; aviation
46979,右舷,うげん,우겐,우현,N1,starboard (right side of a ship)
154378,余弦,よげん,요겐,"cosine,여현",N1,Cosine
35872,松原,まつばら,마츠바라,소나무 밭,N1,pine grove
61596,手遅れ,ておくれ,테오쿠레,때늦음,N1,Too late
61642,適性,てきせい,테키세이,적성,N1,Aptitude; suitability
56896,窄む,す(つ)ぼむ,스(츠)보무,오므라들다,N1,To narrow; to get smaller; to close
52299,舷側,げんそく,겐소쿠,"뱃전,현측",N1,ship's side; gunwale
36267,見送り,みおくり,미오쿠리,보류,N1,seeing someone off; waiting and seeing
24725,潰れる,つぶれる,츠부레루,뭉개지다,N3,"to be smashed, to go bankrupt, to be worn down"
24728,壺,つぼ,츠보,"단지,항아리",N3,"pot, jar, vase"
195546,川魚,かわうお,카와우오,민물고기,N1,River fish
25525,出会い,であい,데아이,만남,N3,"encounter, meeting"
24739,躓く,つまずく,츠마즈쿠,걸려 넘어지다,N2,"to stumble, to trip"
16425,首脳,しゅのう,슈노우,수뇌,N2,"head, leader, top (of organization)"
5031,おっかない,おっかない,옷카나이,무섭다,N1,Frightening; scary
30622,化け,ばけ,바케,귀신,N3,disguise; transformation
5037,仰る,おっしゃる,옷샤루,言う의 높임말. 말씀하시다,N4,To say; to speak (honorific)
25115,適用,てきよう,테키요우,적용,N2,application (of a rule/law)
17063,所望,しょもう,쇼모우,"소망, 바라는 바",N1,"desire, wish, request"
5081,落とし物,おとしもの,오토시모노,유실물,N4,Lost property
25119,手際,てぎわ,테기와,솜씨,N1,"performance, skill, dexterity"
221222,掛け流し,かけながし,카케나가시,(온천물을) 계속 흘려보냄,N1,Free-flowing (hot spring)
31414,左手,ひだりて,히다리테,왼손,N2,left hand
5102,脅す,おどす,오도스,위협하다,N1,To threaten; to menace; to intimidate
25627,出会す,でくわす,데쿠와스,맞닥뜨리다,N2,"to happen across, to come across"
25139,手頃,てごろ,테고로,적당한,N1,"reasonable, handy, suitable"
193583,准将,じゅんしょう,준쇼,준장,N1,Brigadier General / Commodore
5094,劣る,おとる,오토루,뒤떨어지다,N2,To be inferior to; to be worse than
5115,同い年,おないどし,오나이도시,동갑,N1,Same age
5138,各々,おのおの,오노오노,각각,N2,Each; respectively; everyone
5152,伯母,おば,오바,"백모,아줌마",N5,Aunt (older than parent)
5159,怯える,おびえる,오비에루,무서워하다. 겁내다,N1,To be frightened; to be terrified
5165,脅かす,おびやかす,오비야카스,"위협하다, 놀라게하다",N2,To threaten; to startle; to scare
5199,溺れる,おぼれる,오보레루,물에 빠지다. 탐닉하다,N2,To drown; to indulge in
5201,御前,ごぜん,고젠,어전,N4,"You (informal/rude); (also ""omae"" - presence)"
194948,大助かり,おおだすかり,오다스카리,큰 도움이 됨,N1,Big help / Great relief
193728,辱しめ,はずかしめ,하즈카시메,"모욕, 치욕",N1,Humiliation / Insult
11706,源泉,げんせん,겐센,원천,N2,Source; fountainhead
53120,手回し,てまわし,테마와시,"손으로 돌림,준비",N1,preparations; arrangements
25144,手品,てじな,테지나,마술,N2,"magic trick, sleight of hand"
25145,手順,てじゅん,테쥰,수순. 순서. 절차,N3,"procedure, process, sequence"
25146,手錠,てじょう,테죠우,수갑. 쇠고랑,N2,"handcuffs, manacles"
189362,当たり外れ,あたりはずれ,아타리하즈레,"적중과 빗나감, 복불복",N1,Hit or miss / Success or failure
25188,鉄,てつ,테츠,철,N2,"iron, steel"
260755,六根,ろっこん,록콘,육근(불교 용어),N1,The six roots of perception (Buddhism)
25120,てく,てく,테쿠,~하면서 가다,N1,"walking (colloquial from ""teku-teku"")"
25167,鉄鋼,てっこう,텟코우,철강,N1,iron and steel
61713,手近,てじか,테지카,손에 가까운,N1,Near; handy; familiar
59781,手筈,てはず,테하즈,"준비,계획",N1,Arrangement; plan
25171,徹する,てっする,텟스루,"철저히 하다, 일관하다",N1,"to sink in, to penetrate, to do thoroughly"
25205,手伝い,てつだい,테츠다이,도와주는 일,N3,"help, assistance, helper"
25209,鉄道,てつどう,테츠도우,철도,N3,"railroad, railway"
59879,照り返す,てりかえす,테리카에스,반사하다,N1,To reflect (light/heat)
25185,鉄砲,てっぽう,텟포우,철포,N2,"gun, firearms"
25216,徹夜,てつや,테츠야,철야,N4,staying up all night
25233,手拭い,てぬぐい,테누구이,수건,N2,(hand) towel
61731,鉄橋,てっきょう,텟쿄우,철교,N2,Iron bridge; railway bridge
59898,手分け,てわけ,테와케,분담,N1,Division of labor
48076,円周,えんしゅう,엔슈우,원주. 원둘레,N2,circumference
37471,目減り,めべり,메베리,"감소,저하",N1,loss in weight/value
5203,御負け,おまけ,오마케,덤,N2,Discount; bonus; giveaway; exaggeration
5238,思い込む,おもいこむ,오모이코무,믿어버리다,N3,To be under the impression; to set one's heart on
5263,重たい,おもたい,오모타이,무겁다. 묵직하다,N3,Heavy; massive; sluggish
5276,主に,おもに,오모니,주로,N2,Mainly; primarily
195715,刀創,とうそう,토소,도창(칼에 다친 상처),N1,Sword wound
212627,フルイケ,フルイケ,후루이케,후루이케(성씨),N1,Old pond (referencing Basho's haiku)
5283,趣,おもむき,오모무키,정취,N4,Meaning; effect; appearance; taste
5284,赴く,おもむく,오모무쿠,향하여 가다,N1,To go; to proceed; to head toward
5314,凡そ,およそ,오요소,대략,N3,About; roughly; generally
5315,及び,および,오요비,및,N3,And; as well as
213191,双胴,そうどう,소도,쌍동(몸체가 둘임),N1,Catamaran / Double hull
5318,及ぼす,およぼす,오요보스,미치게 하다,N2,To exert; to cause; to exercise
31678,百,ひゃく,햐쿠,백,N3,hundred
5324,折,おり,오리,때,N4,Occasion; opportunity; moment
5325,檻,おり,오리,우리,N4,Cage; pen; jail cell
5337,折り返す,おりかえす,오리카에스,되돌려 오다,N2,To turn back; to call back; to fold back
5355,織物,おりもの,오리모노,직물,N2,Textile; fabric; hosiery
5360,居る,おる,오루,いる의 낮춤말,N5,To be; to exist (animate)
5368,俺,おれ,오레,남자의 자칭. 나,N4,"I (masculine, informal)"
5373,折れる,おれる,오레루,꺾이다,N4,To break; to be folded; to yield
193334,防ぎ,ふせぎ,후세기,방어,N1,Defense / Prevention
1768,威厳,いげん,이겐,위엄,N1,Dignity; majesty; gravity
193008,列外,れつがい,레츠가이,열외,N1,Out of line / Exception
23456,知己,ちき,치키,"지기, 아는 사람",N1,"acquaintance, friend"
25381,転校,てんこう,텐코우,"전교. 전학, 전근",N1,changing schools
19945,聖堂,せいどう,세이도우,성당,N1,"church, cathedral, temple"
10038,空中,くうちゅう,쿠우츄우,공중,N2,In the air; mid-air
44414,胴,どう,도우,"몸통, 몸체",N4,torso; trunk; body
10047,空腹,くうふく,쿠우후쿠,"배고픔, 공복",N2,Hunger; empty stomach
69591,利他,りた,리타,이타,N1,Altruism
10060,区画,くかく,쿠카쿠,구획,N1,Division; section; compartment
10061,区間,くかん,쿠칸,구간,N3,Section; interval; segment
10068,茎,くき,쿠키,줄기,N4,Stem; stalk
10074,区切り,くぎり,쿠기리,(일)단락,N1,Punctuation; pause; end; settlement
10075,区切る,くぎる,쿠기루,단락을 짓다,N2,To punctuate; to partition; to divide
10108,鎖,くさり,쿠사리,사슬,N2,Chain
25384,天国,てんごく,텐고쿠,천국,N3,"paradise, heaven"
10117,櫛,くし,쿠시,빗,N2,Comb
10137,籤,くじ,쿠지,제비뽑기,N3,Lot; lottery
10141,籤引き,くじびき,쿠지비키,제비뽑기,N1,Drawing lots; lottery
53060,克己,こっき,콧키,극기,N1,self-mastery; self-control
10148,苦情,くじょう,쿠죠우,고충. 불평. 불만,N2,Complaint; grievance
25761,伝言,でんごん,덴곤,전언,N3,"verbal message, word"
10134,苦心,くしん,쿠신,고심,N2,Hard work; pains; trouble
10162,屑,くず,쿠즈,쓰레기,N2,Waste; scrap; trash
37701,潜る,もぐる,모구루,"숨다,잠수하다",N2,to dive; to go under; to pass through
39949,利己,りこ,리코,이기,N1,self-interest; egoism
4489,横暴,おうぼう,오우보우,횡포,N1,Violence; tyranny; high-handedness
16404,出動,しゅつどう,슈츠도우,출동,N1,"dispatch, mobilization"
16384,出版,しゅっぱん,슛판,출판,N3,publishing
16417,首都,しゅと,슈토,수도,N3,capital city
16424,主任,しゅにん,슈닌,주임,N1,"person in charge, head, chief"
31763,瓢箪,ひょうたん,효우탄,호리병,N1,gourd; calabash
25432,天体,てんたい,텐타이,천체,N1,celestial body
183231,統,すべる,스베루,통틀다,N4,Governance / Rule / Lineage
30438,半端,はんぱ,한파,반쪽,N2,remnant; fragment; half-hearted
196594,懐メロ,ナツメロ,나츠메로,흘러간 옛 노래,N1,Nostalgic melody / Oldies
228812,豚汁,ぶたじる,부타지루,돼지고기 된장국(톤지루),N1,Tonjiru (Pork and vegetable soup)
214641,消つ,けつ,케츠,"끄다, 없애다(고어)",N1,To extinguish / To erase (Archaic)
306758,滅び行く,ほろびゆく,호로비유쿠,멸망해가다,N1,Perishing / Decaying
30840,晩成,ばんせい,반세이,"만성, 늦게 이루어짐",N1,late bloomer (taise-bansei)
16438,主婦,しゅふ,슈후,주부,N3,housewife
16444,手法,しゅほう,슈호우,수법,N2,"technique, method"
16450,主役,しゅやく,슈야쿠,주역,N2,"leading part, star"
16451,主要,しゅよう,슈요우,주요,N2,"chief, main, principal"
16644,証言,しょうげん,쇼우겐,증언,N3,"testimony, witness"
25931,陶器,とうき,토우키,도기,N2,"pottery, ceramics"
25935,等級,とうきゅう,토우큐우,등급,N2,"grade, class, rank"
16678,詳細,しょうさい,쇼우사이,상세,N3,"details, particulars"
16706,昇進,しょうしん,쇼우신,승진,N3,"promotion, advancement"
51698,下戸,げこ,게코,술을 못하는 사람,N1,non-drinker
34925,本籍,ほんせき,혼세키,본적,N1,permanent domicile; registered address
16728,小数,しょうすう,쇼우스우,소수,N2,"decimal, fraction"
31718,表,ひょう,효우,표,N3,table; list; surface; front
31570,一目,ひとめ,히토메,첫눈,N2,a glance; a look
25952,峠,とうげ,토우게,산마루. 고개,N2,"mountain pass, peak, crisis"
25948,統計,とうけい,토우케이,통계,N3,statistics
25958,登校,とうこう,토우코우,등교,N1,attendance at school
25969,統合,とうごう,토우고우,통합,N1,"integration, unification"
16730,称する,しょうする,쇼우스루,칭하다,N1,"to call, to name, to pretend"
25980,東西,とうざい,토우자이,동서,N2,"east and west, Orient and Occident"
27004,動機,どうき,도우키,동기,N2,"motive, motivation"
25983,投資,とうし,토우시,투자,N4,investment
26011,当時,とうじ,토우지,당시. 그 무렵,N4,"at that time, in those days"
26000,投書,とうしょ,토우쇼,투서,N2,"letter to the editor, contribution"
26022,登場,とうじょう,토우죠우,등장,N3,"entry (on stage), appearance"
16745,消息,しょうそく,쇼우소쿠,소식,N2,"news, tidings, whereabouts"
16757,承諾,しょうだく,쇼우다쿠,승낙,N2,"consent, acceptance"
26030,統制,とうせい,토우세이,통제,N1,"regulation, control"
16760,承知,しょうち,쇼우치,"앎, 승낙",N2,"knowledge, consent, acceptance"
16768,象徴,しょうちょう,쇼우쵸우,상징,N2,symbol
16771,商店,しょうてん,쇼우텐,상점,N4,"shop, store"
16773,焦点,しょうてん,쇼우텐,초점,N2,"focus, focal point"
16790,消毒,しょうどく,쇼우도쿠,소독,N3,"disinfection, sterilization"
16797,小児,しょうに,쇼우니,소아,N2,"infant, small child"
16800,商人,しょうにん,쇼우닌,상인,N2,"merchant, trader"
5384,卸売り,おろしうり,오로시우리,도매(상),N1,Wholesale
24663,勤める,つとめる,츠토메루,역할을 맡다,N3,"to work for, to be employed"
5390,疎か,おろそか,오로소카,소홀한,N1,Negligent; careless
5402,恩,おん,온,은혜,N2,Favor; obligation; debt of gratitude
5416,恩恵,おんけい,온케이,은혜,N2,Grace; benefit; blessing
5442,温帯,おんたい,온타이,온대,N2,Temperate zone
5445,温暖,おんだん,온단,온난,N3,Warm; mild (climate)
5451,温度,おんど,온도,온도,N4,Temperature
5481,温和,おんわ,온와,온화,N1,Mild; gentle; quiet
36491,溝,みぞ,미조,골,N4,ditch; groove; gap (between people)
5578,可,か,카,가,N2,"Passable; acceptable; ""can"""
5626,改悪,かいあく,카이아쿠,개악,N1,Deterioration; change for the worse
5636,会員,かいいん,카이인,회원,N3,Member
5639,海運,かいうん,카이운,해운,N1,Maritime transport; shipping
4752,女将,おかみ,오카미,여관 주인,N2,Landlady; hostess (especially of a ryokan)
30577,ばかり,ばかり,바카리,(안좋은 것)만. -한 지 얼마 안됐음,N5,only; just; about
63150,廃坑,はいこう,하이코우,폐광,N1,Abandoned mine
5236,思い切る,おもいきる,오모이키루,"단념하다,결심하다",N1,To make up one's mind; to give up
30604,爆破,ばくは,바쿠하,폭파,N1,blast; demolition
4555,大型,おおがた,오오가타,대형,N3,Large-sized; large-scale
4356,甥,おい,오이,조카,N4,Nephew
21473,そろそろ,そろそろ,소로소로,시간이 다 되어가는 모양. 슬슬. 이제,N4,"gradually, soon, it's about time"
25379,天候,てんこう,텐코우,천후. 기후. 날씨,N3,weather (conditions)
4586,大騒ぎ,おおさわぎ,오오사와기,큰 소동,N1,Uproar; fuss; commotion
4472,応答,おうとう,오우토우,응답,N2,Response; reply; answer
4169,宴会,えんかい,엔카이,연회,N2,Party; banquet
5432,温水,おんすい,온스이,온수,N2,Warm water
4853,贈り物,おくりもの,오쿠리모노,선물,N3,Gift; present
5418,音源,おんげん,온겐,음원,N1,Sound source
5080,貶める,おとしめる,오토시메루,깎아내리다,N1,To look down on; to disparage; to humble
280091,アバダ,アバダ,아바다,아바다 (주문),N1,Avada
26329,特売,とくばい,토쿠바이,특매,N3,"special sale, bargain sale"
26326,特派,とくは,토쿠하,특파,N2,"dispatch, send on special mission"
26345,特有,とくゆう,토쿠유우,특유,N2,"peculiar to, unique to"
21744,太古,たいこ,타이코,태고,N1,"ancient times, antiquity"
12021,孝行,こうこう,코우코우,효행,N1,Filial piety
59462,炭坑,たんこう,탄코우,탄광,N1,Coal mine
92288,崩れ掛ける,くずれかける,쿠즈레카케루,무너지기 시작하다,N1,To be about to collapse
65923,古株,ふるかぶ,후루카부,"고참,고목",N1,Old-timer; veteran
207991,出禁,できん,데킨,출입금지,N1,Banned from entering
263210,太巻き,ふとまき,후토마키,굵은 김밥,N1,Thick sushi roll
194256,校訓,こうこん,코우콘,교훈,N1,School motto
38462,山寺,やまでら,야마데라,산사,N2,mountain temple
50068,行い,おこない,오코나이,행실,N1,deed; conduct; behavior
52178,坑道,こうどう,코우도우,갱도,N1,tunnel; shaft (mine)
47380,行火,あんか,안카,행화,N1,foot warmer (portable)
17473,進呈,しんてい,신테이,진정. 진상,N1,"presentation, gift"
32721,不孝,ふこう,후코우,불효,N1,lack of filial piety
30624,化ける,ばける,바케루,둔갑하다,N1,to take the form of; to disguise oneself
26756,取り上げる,とりあげる,토리아게루,집어 들다,N2,"to take up, to pick up, to adopt"
26750,取り,とり,토리,단속,N2,"taking, catcher"
3645,影響,えいきょう,에이쿄우,영향,N5,Influence; effect; impact
5480,音量,おんりょう,온료우,음량,N3,Volume (sound)
3728,鋭利,えいり,에이리,예리,N1,Sharp; keen (blade/intellect)
3715,鋭敏,えいびん,에이빈,예민,N1,Sharp; sensitive; keen
3767,駅伝,えきでん,에키덴,"역전,역마",N1,Long-distance relay race
3910,悦楽,えつらく,에츠라쿠,"열락, 즐거움",N1,Pleasure; enjoyment; delight
3883,越境,えっきょう,엣쿄우,월경 (경계를 넘음),N1,Border-crossing; transgression
3887,謁見,えっけん,엣켄,알현,N1,Audience (with a dignitary/monarch)
4210,円熟,えんじゅく,엔쥬쿠,원숙,N1,Maturity; ripeness; mellowing
5467,怨念,おんねん,온넨,원념,N1,Grudge; malice; deep-seated hatred
3682,永続,えいぞく,에이조쿠,영속,N1,Permanence; continuation
4847,送り先,おくりさき,오쿠리사키,수신자,N1,Destination; address to send to
14448,更に,さらに,사라니,"더욱이, 한층 더",N1,Furthermore; again; more
4194,塩酸,えんさん,엔산,염산,N1,Hydrochloric acid
4189,縁故,えんこ,엔코,연고,N1,Relation; connection; influence
26758,取り扱う,とりあつかう,토리아츠카우,다루다,N2,"to handle, to treat, to deal in"
26761,鳥居,とりい,토리이,기둥문,N2,torii gate (Shinto)
4260,縁日,えんにち,엔니치,잿날,N1,Festival day; fair
5180,汚物,おぶつ,오부츠,오물,N1,Filth; dirt; waste; excrement
267130,グラム,グラム,구라무,그램 (단위),N1,Gram
26763,取り入れる,とりいれる,토리이레루,받아들이다,N2,"to harvest, to take in, to adopt"
35164,母性,ぼせい,보세이,모성,N1,maternity; motherhood
12088,攻守,こうしゅ,코우슈,공수,N1,Offense and defense
26772,取り替える,とりかえる,토리카에루,교환하다,N4,"to exchange, to replace"
12256,更迭,こうてつ,코우테츠,경질,N1,Reshuffle; dismissal; change
9499,切り替え,きりかえ,키리카에,전환,N2,Switching over; renewal; change
26780,取り組む,とりくむ,토리쿠무,맞서 싸우다,N3,"to tackle, to grapple with"
40884,労使,ろうし,로우시,노사,N1,labor and management
26782,取り消す,とりけす,토리케스,취소하다,N3,"to cancel, to retract"
26795,取り締まる,とりしまる,토리시마루,단속하다,N1,"to manage, to control, to supervise"
26797,取り調べる,とりしらべる,토리시라베루,취조하다,N1,"to investigate, to examine"
37927,桃,もも,모모,복숭아,N2,peach
26801,取り立てる,とりたてる,토리타테루,"거두다,내세우다",N1,"to collect (debts), to appoint"
26812,取り付ける,とりつける,토리츠케루,설치하다,N2,"to install, to furnish, to reach (agreement)"
63475,度忘れ,どわすれ,도와스레,깜빡 잊어버림,N1,Sudden lapse of memory
5215,汚名,おめい,오메이,오명,N1,Bad name; stigma; dishonor
4496,凹面,おうめん,오우멘,오목한 면,N1,Concave surface
4500,往来,おうらい,오우라이,왕래,N1,Traffic; coming and going; street
4436,押収,おうしゅう,오우슈우,압수,N1,Seizure; confiscation
4399,押印,おういん,오우인,날인,N1,Affixing a seal; stamping
4914,押し,おし,오시,"미는 힘, 강압",N1,Pressure; weight; push
4454,旺盛,おうせい,오우세이,왕성,N1,Full of (vigor/curiosity); energetic
4463,殴打,おうだ,오우다,구타,N1,Blow; strike; assault
30175,流行る,はやる,하야루,유행하다,N2,to be popular; to spread; to flourish
25875,等,など(とう),나도(토우),등. 따위,N4,"and so forth, class, grade"
30186,払い込む,はらいこむ,하라이코무,납부하다,N2,to pay in; to deposit
4151,宴,うたげ(えん),우타게(엔),연회,N4,Feast; banquet; party
4417,奥義,おうぎ,오우기,오의,N1,Secrets; mysteries (of an art/skill)
5450,穏当,おんとう,온토우,온당,N1,Proper; reasonable; moderate
4662,大燥ぎ,おおはしゃぎ,오오하샤기,몹시 들뜸,N2,Making a great fuss; being in high spirits
3872,絵図,えじ,에지,그림도,N1,Drawing; illustration; diagram
5646,買い置き,かきおき,카키오키,사서 비치함,N1,Buying in advance; hoarding
19673,背,せ,세,"등,키",N3,"back, height, stature"
30190,払い戻す,はらいもどす,하라이모도스,환불하다,N3,to refund; to repay
3812,会釈,えしゃく,에샤쿠,가벼운 인사,N1,Salutation; greeting; nod
30208,はらはら,はらはら,하라하라,조마조마,N2,to be in suspense; fluttering (leaves/tears)
3919,会得,えとく,에토쿠,"득도, 터득",N2,Understanding; mastery; grasp
5592,課,か,카,과,N4,Lesson; section; department
5316,及び腰,およびごし,오요비고시,엉거주춤,N1,Half-hearted attitude; hesitant
18965,水分,すいぶん,스이분,수분. 물기,N2,"moisture, water content"
5328,織り上げる,おりあげる,오리아게루,다 짜내다 (직조),N1,To finish weaving
5332,折々,おりおり,오리오리,그때그때,N2,Occasionally; now and then
5448,音程,おんてい,온테이,음정,N1,Interval (music); pitch
4511,大暴れ,おおあばれ,오오아바레,"난동,대활약",N1,Rampage; wild behavior
3771,役務,えきむ,에키무,"역무, 서비스",N1,Service; labor; duties
4357,老い,おい,오이,"노화, 늙음",N1,Old age; aging
4170,遠隔,えんかく,엔카쿠,원격,N1,Remote; distant; isolated
5582,日,か,카,일,N4,Day; sun
4796,置き物,おきもの,오키모노,장식물,N1,Ornament; decorative object
5107,踊り子,おどりこ,오도리코,무희,N1,Dancing girl; dancer
3744,絵柄,えがら,에가라,그림의 모양,N1,Design; pattern; composition
4406,謳歌,おうか,오우카,구가,N1,Glorification; enjoying the blessings of
17820,時効,じこう,지코우,시효,N1,"prescription, statute of limitations"
9897,行幸,ぎょうこう,교우코우,"행차,행행",N1,Imperial visit
67087,暮春,ぼしゅん,보슌,모춘(늦봄),N1,Late spring
62099,渚,なぎさ,나기사,"해변,강가",N4,Beach; shore
28239,肉親,にくしん,니쿠신,육친,N1,blood relative
33857,平衡,へいこう,헤이코우,평형,N1,equilibrium; balance
24980,停車,ていしゃ,테이샤,정차,N3,stopping of a vehicle
19782,製鋼,せいこう,세이코우,제강,N1,steelmaking
30755,ばら蒔く,ばらまく,바라마쿠,흩뿌리다,N1,to scatter; to distribute widely
3302,器,うつわ,우츠와,그릇,N4,Vessel; container; ability; caliber
2004,致す,いたす,이타스,"가져오다,하다",N5,To do (humble); to cause; to bring about
3390,海辺,うみべ,우미베,바닷가,N3,Seashore; beach; seaside
28249,憎らしい,にくらしい,니쿠라시이,얄밉다,N2,"odious, hateful, detestable"
3395,梅,うめ,우메,매실,N3,Plum (Japanese apricot)
2639,祝い,いわい,이와이,축하,N4,Celebration; festival; gift
35126,簿記,ぼき,보키,부기,N1,bookkeeping
2990,植える,うえる,우에루,심다,N4,To plant; to set (type)
2217,一斉,いっせい,잇세이,일제히,N4,Simultaneous; all at once
2964,植木,うえき,우에키,화분,N3,Garden tree; potted plant
3304,腕,うで,우데,"팔, 실력",N5,Arm; skill; ability
3266,鬱陶しい,うっとうしい,웃토우시이,성가시다,N1,Gloomy; annoying; troublesome
3581,うんざり,うんざり,운자리,몹시 싫증 남,N2,Tedious; bored; fed up with
2589,海豚,いるか,이루카,돌고래,N2,Dolphin
3612,絵,え,에,그림,N4,Picture; painting; drawing
335625,憎しむ,にくしむ,니쿠시무,증오하다,N1,To hate / To detest
2006,悪戯,いたずら,이타즈라,장난,N2,Mischief; prank; trick
2265,一歩,いっぽ,잇포,한 걸음,N2,A step
2517,嫌々,いやいや,이야이야,싫어싫어,N4,Unwillingly; reluctantly
2866,いー,い,이,他,N1,"(Phonetic ""E"")"
3294,移り変わり,うつりかわり,우츠리카와리,변천,N1,Change; transition; vicissitude
2587,要る,いる,이루,필요하다,N3,To need; to want
28254,逃げ出す,にげだす,니게다스,도망치다,N1,"to run away, to escape"
28274,濁る,にごる,니고루,탁해지다,N2,"to become muddy, to get cloudy"
28361,偽物,にせもの,니세모노,위조품,N2,"fake, imitation, forgery"
43103,度量衡,どりょうこう,도료우코우,도량형,N1,weights and measures
138065,丸齧り,まるかじり,마루카지리,통째로 베어 먹음,N1,Biting into (a whole fruit)
40065,理念,りねん,리넨,이념,N2,ideal; ideology; concept
14932,士,し,시,사,N1,Gentleman; scholar; samurai (suffix)
12257,鋼鉄,こうてつ,코우테츠,강철,N1,Steel
10986,系図,けいず,케이즈,계보,N1,Family tree; genealogy
28387,日時,にちじ,니치지,일시,N3,date and time
28389,日常,にちじょう,니치죠우,일상,N3,"ordinary, regular, everyday"
28421,日光,にっこう,닛코우,일광. 햇볕,N2,"sunlight, sunshine"
28483,鈍る,にぶる,니부루,무디어지다,N1,"to become dull, to weaken"
40363,林,ばやし(りん),바야시(린),숲(림),N1,woods; grove
119510,食感,しょっかん,숏칸,식감,N4,Texture (of food)
143175,良し,よし,요시,좋다,N1,Good; alright!
87399,牡丹餅,ぼたもち,보타모치,보타모치(찹쌀떡),N1,Botamochi (sweet rice ball)
26459,途中,とちゅう,토츄우,도중,N4,"on the way, en route"
3022,魚心,うおごころ,우오고코로,물고기의 마음,N1,(Part of Uogokoro-areba-mizugokoro) Mutual favor
2038,至る,いたる,이타루,이르다,N2,To arrive at; to reach; to lead to
2054,一々,いちいち,이치이치,일일이,N4,One by one; separately; in detail
2059,一応,いちおう,이치오우,일단. 어떻든,N2,For the time being; tentatively; just in case
2063,一概,いちがい,이치가이,"무식하게,싸잡아",N1,Unconditionally; as a rule
2086,著しい,いちじるしい,이치지루시이,현저하다. 두드러지다,N2,Remarkable; striking; considerable
2142,一様,いちよう,이치요우,한결같음,N1,Uniform; even; alike
2147,一律,いちりつ,이치리츠,일률적으로,N1,Uniform; even; across the board
2153,一連,いちれん,이치렌,일련,N1,A series; a chain; a sequence
2157,一家,いっか,잇카,일가,N2,A house; a family; a household
2163,一括,いっかつ,잇카츠,일괄,N2,All together; batch; lump sum
2171,一挙,いっきょ,잇쿄,일거,N1,At one stroke; with one effort
2177,一見,いっけん,잇켄,일견. 얼핏 보기에는,N1,(Repeated) A first-time guest; a stranger
2205,一心,いっしん,잇신,일심,N1,Wholehearted; one mind
2232,一帯,いったい,잇타이,일대. 일원,N2,A region; a zone; whole area
2235,一旦,いったん,잇탄,일단. 잠시,N2,Once; for a moment; temporarily
2237,一致,いっち,잇치,일치,N3,Agreement; union; coincidence
30227,張り切る,はりきる,하리키루,기운이 넘치다,N2,to be enthusiastic; to be full of vigor
2242,一定,いってい,잇테이,일정,N3,Fixed; settled; constant
2291,移転,いてん,이텐,이전,N2,Moving; transfer; relocation
2331,緯度,いど,이도,위도,N2,Latitude
2332,異動,いどう,이도우,이동 (지위 직책의 변동),N2,Change; reshuffle (of personnel)
2319,従兄弟,いとこ,이토코,사촌,N3,Cousin (male)
2394,居眠り,いねむり,이네무리,앉아서 조는 일. 졸음. 말뚝잠,N3,Napping; dozing
2408,祈り,いのり,이노리,기도,N3,Prayer
2421,威張る,いばる,이바루,뽐내다,N2,To be haughty; to brag; to lord it over
2414,違反,いはん,이한,위반,N3,Violation; offense; breach
2432,衣服,いふく,이후쿠,의복,N2,Clothes; clothing; garment
18470,乗,じょう,죠우,승,N2,"power (math), multiplication, riding"
2473,今更,いまさら,이마사라,이제 와서. 새삼스럽게,N2,Now (after all this time); too late
2479,未だ,いまだ(に),이마다(니),아직,N2,As yet; still; (with negative) not yet
2498,移民,いみん,이민,이민,N2,Emigration; immigration; immigrant
2524,卑しい,いやしい,이야시이,"천하다,비열하다",N2,Greedy; vulgar; low-born
2531,愈,いよいよ,이요이요,드디어,N2,More and more; finally; at last
13360,合金,ごうきん,고우킨,합금,N1,Alloy
11705,厳選,げんせん,겐센,엄선,N1,Careful selection
81399,フナヤマ,ふなやま,후나야마,후나야마,N1,Funayama (name)
30296,晴れる,はれる,하레루,(날씨가) 개다,N4,to clear up; to be dispelled
177546,食わす,くわす,쿠와스,먹이다,N1,To feed; to outwit
12061,鋼材,こうざい,코우자이,강재,N1,Steel materials
9336,強要,きょうよう,쿄우요우,강요,N1,Coercion; extortion; forcing
119145,生剥,なまはげ,나마하게,"요괴,나마하게",N1,Namahage (ogre); peeling raw
87551,歌い継ぐ,うたいつぐ,우타이츠구,"계속 부르다,전승하여 부르다",N1,To pass on a song (through generations)
62898,寝巻き,ねまき,네마키,잠옷,N2,Nightclothes; pajamas
40759,連携,れんけい,렌케이,연계,N2,cooperation; link; coordination
30533,黴菌,ばいきん,바이킨,"세균,미균",N2,bacteria; germ
2344,以内,いない,이나이,이내,N4,Within; inside of
2534,意欲,いよく,이요쿠,의욕,N2,Will; desire; ambition
2538,以来,いらい,이라이,이래,N2,Since; henceforth
2540,苛々,いらいら,이라이라,신경질남. 짜증남,N3,Irritation; annoyance; impatience
2581,衣料,いりょう,이료우,"옷감,의료",N1,Clothing; garments
2580,医療,いりょう,이료우,의료,N4,Medical treatment/care
2582,威力,いりょく,이료쿠,위력,N1,Power; might; authority
29367,廃棄,はいき,하이키,폐기,N1,Disposal / abandonment
30542,賠償,ばいしょう,바이쇼우,배상,N1,reparation; indemnity; compensation
2588,衣類,いるい,이루이,의류,N1,Clothes; clothing
2611,入れ物,いれもの,이레모노,용기,N2,Container; vessel; receptacle
2633,異論,いろん,이론,이론,N2,Different opinion; objection
2643,祝う,いわう,이와우,축복하다,N4,To celebrate; to congratulate
63146,拝啓,はいけい,하이케이,근계(편지 머릿말),N2,Dear... (formal letter opening)
2679,言わば,いわば,이와바,말하자면,N2,So to speak; as it were
2694,所謂,いわゆる,이와유루,이른바,N2,The so-called; what is called
2717,印鑑,いんかん,인칸,인감,N1,Seal; stamp (official)
2720,隠居,いんきょ,인쿄,은거,N1,Retirement; retired person
2768,引退,いんたい,인타이,은퇴,N2,Retirement (from sports/public life)
2861,引用,いんよう,인요우,인용,N2,Quotation; citation
87443,病み付く,やみつく,야미츠쿠,"중독되다,병이 들다",N2,To become addicted to; to be obsessed
2991,飢える,うえる,우에루,굶주리다,N2,To starve; to hunger for
3038,受かる,うかる,우카루,합격되다,N3,To pass (an exam)
3059,浮く,うく,우쿠,뜨다,N3,To float; to be loose; to be leftover
3076,承る,うけたまわる,우케타마와루,접수하다,N3,To hear; to receive (orders/request) (humble)
138865,荒らし,あらし,아라시,트롤링,N1,Trolling; vandalism; storm
3078,受け継ぐ,うけつぐ,우케츠구,계승하다,N3,To inherit; to succeed to
3079,受け付け,うけつけ,우케츠케,접수,N4,Reception desk; acceptance
3080,受け付ける,うけつける,우케츠케루,접수하다,N3,To accept; to receive (applications)
142752,雪玉,ゆきだま,유키다마,눈뭉치,N1,Snowball
3088,受け持つ,うけもつ,우케모츠,"맡다,담임하다",N1,To be in charge of; to take responsibility for
93712,腸炎,ちょうえん,초엔,장염,N1,Enteritis
30551,売店,ばいてん,바이텐,매점,N3,shop; stand; stall
87881,広め,ひろめ,히로메,"널찍함, 약간 넓음",N1,Somewhat wide; widespread
63303,はきはき,はきはき,하키하키,또박또박,N3,Briskly; clearly; smartly
63408,剥げる,はげる,하게루,벗겨지다,N1,To peel off; to fade
29371,配給,はいきゅう,하이큐우,배급,N2,Distribution / rationing
47238,命乞い,いのちごい,이노치고이,살려달라고 빔,N1,begging for one's life
29377,俳句,はいく,하이쿠,하이쿠(단형시),N3,Haiku poem
30556,売買,ばいばい,바이바이,매매,N3,buying and selling; trade
29378,配偶,はいぐう,하이구우,배우(자),N1,Spouse
30597,莫大,ばくだい,바쿠다이,막대,N2,enormous; vast; immense
29379,背景,はいけい,하이케이,배경,N3,Background / context
29380,拝見,はいけん,하이켄,"보다, 배견",N4,Seeing (humble)
29391,廃止,はいし,하이시,폐지,N1,Abolition / repeal
30966,ぱちんこ,ぱちんこ,파친코,파친코,N1,Pachinko
30712,罰,ばつ,바츠,벌,N4,punishment; penalty; (bachi) divine retribution
8039,学費,がくひ,가쿠히,학비,N2,School expenses; tuition
28353,二十,にじゅう,니쥬우,이십,N5,twenty
3138,薄い,うすい,우스이,"얇다,옅다",N4,Thin; weak (taste); pale (color)
3157,薄める,うすめる,우스메루,엷게 하다,N2,To dilute; to water down
30688,罰する,ばっする,밧스루,벌하다. 처벌하다,N2,to punish; to penalize
3419,埋める,うめる,우메루,메우다,N4,To bury; to fill up (a gap); to plug
66847,店屋,みせや,미세야,"가게, 상점",N2,Shop; store
27550,直し,なおし,나오시,"수리, 고침",N1,"correction, repair"
3178,嘘吐き,うそつき,우소츠키,거짓말쟁이,N1,Liar
3209,打ち明ける,うちあける,우치아케루,털어놓다,N3,To confide; to reveal; to speak one's mind
30723,ばてる,ばてる,바테루,지치다,N1,to be exhausted; to be worn out
58308,清流,せいりゅう,세이류우,청류,N1,Clear stream
3253,内訳,うちわけ,우치와케,내역,N2,Breakdown; itemization (of expenses)
30293,破裂,はれつ,하레츠,파열,N2,explosion; rupture; breaking off
30797,晩,ばん,반,밤,N4,evening; night
42855,羞じらう,はじらう,하지라우,수줍어하다,N1,to feel shy; to blush
3280,写す,うつす,우츠스,"베끼다,사진찍다",N4,To copy; to photograph; to transcribe
3281,映す,うつす,우츠스,비치게 하다,N3,To project; to reflect; to mirror
29735,恥じる,はじる,하지루,부끄러이 여기다,N1,To feel ashamed
3292,俯く,うつむく,우츠무쿠,고개를 숙이다,N2,To look down; to hang one's head
3299,移る,うつる,우츠루,이동하다,N3,To move (house); to pass (time); to be contagious
3297,写る,うつる,우츠루,찍히다,N3,To be photographed; to be copied
3300,虚ろ,うつろ,우츠로,얼빠짐,N1,Hollow; blank; vacant
3309,腕前,うでまえ,우데마에,실력,N1,Ability; skill; facility
29713,橋渡し,はしわたし,하시와타시,"다리를 놓음,중개",N1,Mediation / bridge-building
3319,促す,うながす,우나가스,촉구하다,N3,To urge; to prompt; to stimulate
3329,頷く,うなずく,우나즈쿠,끄덕이다,N3,To nod; to agree
3338,唸る,うなる,우나루,웅웅 소리를 내다,N2,To groan; to roar; to growl
198653,ばってん,ばってん,밧텐,×표 ＝ばつ,N1,However / But (Dialect) / X mark
29740,筈,はず,하즈,#NAME?,N4,Expectation / should be
24077,町人,ちょうにん,쵸우닌,조닌 (도시 상공업자),N1,"townsman, merchant (Edo period)"
3370,埋まる,うまる,우마루,메워지다,N3,To be buried; to be filled up
3392,有無,うむ,우무,유무,N2,Existence; yes or no; presence
21408,聳え立つ,そびえたつ,소비에타츠,우뚝 솟다,N1,"to tower, to soar high"
15073,顰める,しかめる,시카메루,찡그리다,N3,To frown; to scowl
13919,酒場,さかば,사카바,술집,N2,Bar; tavern
13358,号外,ごうがい,고우가이,호외,N1,Extra (newspaper)
87914,話し合い,はなしあい,하나시아이,논의,N3,Discussion; negotiation
87862,話し合う,はなしあう,하나시아우,서로 이야기하다,N4,To discuss; to talk over
45312,戦況,せんきょう,센쿄우,전황,N1,war situation
29741,恥ずかしい,はずかしい,하즈카시이,창피하다,N4,Embarrassing / shy
104473,石造り,いしづくり,이시즈쿠리,석조(돌로 만듦),N1,Made of stone
87652,牛丼,ぎゅうどん,규돈,규동(소고기 덮밥),N1,Gyudon (Beef bowl)
103034,豆粒,まめつぶ,마메츠부,콩알,N1,Bean size; tiny bit
168321,励まし,はげまし,하게마시,격려,N2,Encouragement
160529,てかり,てかり,테카리,번들거림,N1,Gloss; shine
29473,敗北,はいぼく,하이보쿠,패배,N3,Defeat
30057,幅,はば,하바,폭,N3,Width / range
7115,雷,かみなり,카미나리,천둩,N3,Thunder; lightning
30065,阻む,はばむ,하바무,저지하다,N2,To obstruct / to prevent
8113,合点,がてん,가텐,"납득, 이해",N1,Consent; understanding; agreement
3416,梅干し,うめぼし,우메보시,매실 장아찌,N2,Pickled plum
3434,裏返す,うらがえす,우라가에스,뒤집다,N2,To turn over; to turn inside out
3440,裏口,うらぐち,우라구치,뒷문,N2,Back door; rear entrance
30071,省く,はぶく,하부쿠,생략하다,N2,To omit / to save
3456,占う,うらなう,우라나우,점치다,N2,To tell fortunes; to predict
30741,場面,ばめん,바멘,장면,N4,scene; setting; scenario
3467,恨む,うらむ,우라무,원망하다,N2,To bear a grudge; to resent
3472,羨ましい,うらやましい,우라야마시이,부럽다,N3,Envious; jealous
30154,生やす,はやす,하야스,기르다,N1,"to grow (a beard, etc.); to cultivate"
30144,早口,はやくち,하야쿠치,말이 빠름,N3,Fast talking
29700,燥ぐ,はしゃぐ,하샤구,까불다,N1,To be in high spirits / to frolic
3473,羨む,うらやむ,우라야무,부러워하다,N2,To envy; to be jealous of
17642,ＣＧ,シージー,시이지이,CG,N1,computer graphics
3481,売り上げ,うりあげ,우리아게,매상,N4,Sales; turnover
3485,売り切れ,うりきれ,우리키레,품절. 매진,N3,Sold out
30224,針金,はりがね,하리가네,철사,N2,wire
3478,売り,うり,우리,팖,N4,Sale; selling
3492,売り出す,うりだす,우리다스,출시하다,N1,To put on sale; to become popular
3507,潤う,うるおう,우루오우,"습기를 띠다, 풍족해지다",N1,To be moist; to become rich; to benefit
3534,売れ行き,うれゆき,우레유키,판매 동향,N2,Sales; demand
3535,売れる,うれる,우레루,팔리다,N3,To sell; to be popular; to be well-known
3542,浮気,うわき,우와키,바람기,N1,Fickleness; unfaithfulness; affair
3561,上回る,うわまわる,우와마와루,상회하다. 많아지다,N1,To exceed; to surpass
3570,運,うん,운,운. 운수,N4,Luck; fortune; fate
3574,運営,うんえい,운에이,운영,N2,Management; administration; operation
13911,肴,さかな,사카나,안주,N1,Side dish for sake; snacks
3575,運河,うんが,운가,운하,N3,Canal; waterway
177459,富み栄える,とみさかえる,토미사카에루,부유하게 번영하다,N1,To prosper
3587,運送,うんそう,운소우,운송,N1,Shipping; transport; forwarding
3590,運賃,うんちん,운친,운임. 교통 요금,N3,Freight rates; fare; shipping charge
3568,うん,うん,운,응,N2,Yes (informal); (grunt of effort)
3597,云々,うんぬん,운눈,운운,N1,And so on; so and so
3599,運搬,うんぱん,운판,운반,N1,Transport; carriage
3601,運輸,うんゆ,운유,운수,N1,Transportation; transit
92241,品揃え,しなぞろえ,시나조로에,구색 갖추기,N1,Product lineup; assortment
87417,見飽きる,みあきる,미아키루,보기 지겨워지다,N1,To be tired of looking at
88002,両腕,りょううで,료우데,양팔,N1,Both arms
118754,夜風,よかぜ,요카제,밤바람,N2,Night breeze
104881,小箱,こばこ,코바코,작은 상자,N1,Small box
119277,翌春,よくはる,요쿠하루,이듬해 봄,N1,Next spring
62902,覚まし,さまし,사마시,"깨우는 것, 깨는 것",N1,Awakening; sobering up
103151,雄牛,おうし,오우시,수소,N1,Bull
7943,凱旋,がいせん,가이센,개선 (승리하고 돌아옴),N1,Triumphant return
5015,落ち合う,おちあう,오치아우,만나다,N1,To meet; to come together
2066,一丸,いちがん,이치간,한 덩어리,N1,One body; wholehearted; as one
2625,色遣い,いろずかい,이로즈카이,색채 사용,N1,Color scheme; use of color
136686,雄犬,おすいぬ,오스이누,수캐,N1,Male dog
28214,苦味,にがみ,니가미,쓴맛,N1,bitterness
154873,桟敷席,さじきせき,사지키세키,관람석,N1,Box seating; pit
3371,生まれ,うまれ,우마레,태어나다,N1,Birth; lineage; origin
2513,いや,いや,이야,이야,N1,No; (exclamation of doubt/denial)
3431,裏方,うらかた,우라카타,뒷바라지하는 사람,N1,Stagehand; person working behind the scenes
2129,一夜,いちや,이치야,하룻밤,N2,One night; overnight
2615,色褪せる,いろあせる,이로아세루,퇴색하다,N1,To fade; to lose color
2521,違約,いやく,이야쿠,위약,N1,Breach of contract
3232,打ち解ける,うちとける,우치토케루,허물없이 사귀다,N2,To open one's heart; to become friendly
3278,映し出す,うつしだす,우츠시다스,"비추다, 투영하다",N1,To project; to reflect; to show
3312,うとうと,うとうと,우토우토,꾸벅꾸벅,N1,Dozing; nodding off
2257,逸品,いっぴん,잇핀,일품,N1,Gem; masterpiece; excellent article
2212,逸する,いっする,잇스루,벗어나다,N2,To lose (a chance); to miss; to deviate
2718,因果,いんが,인가,인과,N1,Cause and effect; fate; misfortune
2734,隠語,いんご,인고,은어,N1,Jargon; cant; secret language
119490,雑味,ざつみ,자츠미,잡미(깔끔하지 않은 맛),N1,Off-flavor; impurity in taste
31973,美,び,비,미,N3,beauty; beautiful
2863,韻律,いんりつ,인리츠,운율,N1,Rhythm; meter (poetry)
3174,右折,うせつ,우세츠,우회전,N1,Right turn
3420,羽毛,うもう,우모우,깃털,N1,Feathers; plumage; down
32009,微笑,びしょう,비쇼우,미소,N2,smile
25615,出来,でき,데키,"결과, 완성도",N1,"yield, result, workmanship"
2453,違法,いほう,이호우,위법,N3,Illegal; law-breaking
30317,反映,はんえい,한에이,반영,N2,reflection; influence
2636,違和,いわ,이와,위화 (위화감),N1,Disharmony; physical disorder; (often Iwakann - feeling of being out of place)
3374,生まれ変わる,うまれかわる,우마레카와루,다시태어나다,N2,To be reborn; to start a new life
3458,裏庭,うらにわ,우라니와,뒷마당,N2,Backyard; rear garden
2476,戒める,いましめる,이마시메루,"훈계하다, 금하다",N1,To admonish; to caution; to warn
137165,報,ほう,호우,"보답,소식",N1,News; report; reward
50469,義憤,ぎふん,기분,의분,N1,righteous indignation
23168,脱穀,だっこく,닷코쿠,탈곡,N1,threshing
30318,繁栄,はんえい,한에이,번영,N2,prosperity
64140,引き止める,ひきとめる,히키토메루,만류하다. 말리다,N2,To detain; to restrain; to stop
13397,拷問,ごうもん,고우몬,고문,N1,Torture
30328,反感,はんかん,한칸,반감,N1,antipathy; animosity; resentment
64211,引き分ける,ひきわける,히키와케루,비기다,N2,To tie (a game); to pull apart
31107,非,ひ,히,비- (부정),N3,fault; error; non- (prefix)
64856,左利き,ひだりきき,히다리키키,왼손잡이,N2,Left-handed; a drinker
37993,盛り土,もりつち,모리츠치,성토,N1,embankment; mound of earth
34724,歩調,ほちょう,호쵸우,보조,N1,pace; step; cadence
29708,走り込み,はしりこみ,하시리코미,달리기,N1,Running practice / distance running
5317,及ぶ,およぶ,오요부,미치다. 달하다. 이르다,N2,To reach; to match; to amount to
5347,折り畳む,おりたたむ,오리타타무,접어 개다,N2,"To fold up (e.g., umbrella/map)"
3540,彷徨く,うろつく,우로츠쿠,서성거리다,N1,To loiter; to wander about
2475,戒め,いましめ,이마시메,"훈계,응징,포박",N1,Caution; lesson; commandment
2164,一巻,いっかん,잇칸,"일권, 한 권",N1,One volume; a roll
2112,一倍,いちばい,이치바이,갑절,N1,Double; (with negative) not even once
2169,一騎,いっき,잇키,말을 탄 무사 한 명,N1,A single horseman
3453,占い,うらない,우라나이,점 (복채),N2,Fortune-telling; divination
3046,浮き浮き,うきうき,우키우키,들떠서 싱글벙글하는 모양,N1,Cheerful; buoyant; happy
2194,一室,いっしつ,잇시츠,"한 방,일실",N1,One room
3164,疼く,うずく,우즈쿠,"욱신거리다, 쑤시다",N1,To ache; to tingle; to throb
3531,売れっ子,うれっこ,우렛코,인기인,N1,Favorite; popular person
2124,一目,いつもく,이츠모쿠,한 눈,N2,A glance; a look; a glimpse
2575,入り交じる,いりまじる,이리마지루,뒤섞이다,N1,To be mixed together
32067,微妙,びみょう,비묘우,미묘,N2,subtle; delicate; (slang) questionable
2554,入り江,いりえ,이리에,"만, 어귀",N1,Inlet; bay; creek
3127,後ろめたい,うしろめたい,우시로메타이,뒤가 켕기다,N1,Feeling guilty; having a bad conscience
30341,反響,はんきょう,한쿄우,반향,N1,echo; reverberation; reaction
2859,隠滅,いんめつ,인메츠,인멸,N1,Destruction; suppression (of evidence)
17911,自宅,じたく,지타쿠,자택,N3,one's own home
3215,打ち勝つ,うちかつ,우치카츠,"이기다, 극복하다",N1,To conquer; to overcome; to defeat
244551,びり,びり,비리,꼴찌,N1,Last place / Ripping sound
3405,埋め込む,うめこむ,우메코무,"파묻다, 매립하다",N1,To embed; to bury; to implant
3506,潤い,うるおい,우루오이,보습,N1,Moisture; richness; profit
12537,酷似,こくじ,코쿠지,혹사 (매우 닮음),N2,Resemblance; being very similar
3072,請け負い,うけおい,우케오이,도급,N1,Contract (for work); undertaking
3193,歌声,うたごえ,우타고에,노랫소리,N2,Singing voice
2227,一掃,いっそう,잇소우,일소,N1,Clean sweep; clearing out; eradication
2767,引率,いんそつ,인소츠,인솔,N1,Leading; commanding (a group)
2027,悼む,いたむ,이타무,애도하다,N1,To mourn; to lament
30816,番組,ばんぐみ,반구미,방송 프로그램,N4,program (TV/Radio)
9605,金,きん,킨,금,N1,Gold; money
194093,昼飯,ひるめし,히루메시,점심,N1,Lunch (Casual)
30345,半径,はんけい,한케이,반경,N2,radius
139297,宝箱,たからばこ,타카라바코,보물상자,N1,Treasure chest
30348,反撃,はんげき,한게키,반격,N1,counterattack
30352,判子,はんこ,한코,도장,N2,hanko (personal seal/stamp)
30353,反抗,はんこう,한코우,반항,N2,resistance; opposition; defiance
97756,単離,たんり,탄리,단리(분리해 냄),N1,Isolation (science/chemistry)
65449,独りでに,ひとりでに,히토리데니,저절로,N2,Automatically; by itself
53805,獄舎,ごくしゃ,고쿠샤,"옥사, 감옥",N1,prison; jail
30824,番号,ばんごう,반고우,번호,N5,number
41501,標識,ひょうしき,효우시키,표지,N2,sign; mark; beacon
4270,燕尾,えんび,엔비,연미,N1,Swallowtail (as in a tuxedo)
39666,落書き,らくがき,라쿠가키,낙서,N1,graffiti; scribbling
30362,犯罪,はんざい,한자이,범죄,N2,crime
32232,ぴん,ぴん,핀,핀,N2,first; top; (also) pin/bolt
93746,ＳＮＳ,エスエヌエス,에스에누에스,소셜 네트워크 서비스,N1,SNS (Social Networking Service)
32133,敏感,びんかん,빈칸,민감,N1,sensitive; susceptible
30375,判事,はんじ,한지,판사,N2,judge
30380,繁盛,はんじょう,한죠우,번성,N2,prosperity; flourishing business
30385,反する,はんする,한스루,위반되다. 어긋나다,N3,to oppose; to be contrary to
30388,反省,はんせい,한세이,반성,N3,reflection; regret; soul-searching
30855,番地,ばんち,반치,번지,N2,house number; address
93919,明,みん,민,명(명나라),N1,Bright; light (often a name)
67908,紋白,もんしろ,몬시로,무늬흰,N1,Cabbage white (butterfly)
30410,判定,はんてい,한테이,판정,N3,judgment; verdict; ruling
30414,半島,はんとう,한토우,반도,N2,peninsula
30429,犯人,はんにん,한닌,범인,N4,criminal; offender
30864,晩年,ばんねん,반넨,"말년,만년",N1,one's later years
30431,反応,はんのう,한노우,반응,N4,reaction; response
9784,疑獄,ぎごく,기고쿠,의혹,N1,Scandal; corruption case
30865,万能,ばんのう,반노우,만능,N1,all-purpose; almighty
30439,反発,はんぱつ,한파츠,반발,N2,repulsion; rebellion; backlash
31118,延いては,ひいては,히이테하,나아가서는,N1,consequently; by extension
31131,冷える,ひえる,히에루,싸늘해지다,N4,to grow cold; to feel chilly
36729,源,みなもと,미나모토,근원,N2,source; origin
31137,控え室,ひかえしつ,히카에시츠,대기실,N1,waiting room; anteroom
31163,日帰り,ひがえり,히가에리,당일치기,N3,day trip
31213,引き受ける,ひきうける,히키우케루,떠맡다,N3,to undertake; to accept; to take charge
31214,引き起こす,ひきおこす,히키오코스,야기하다,N1,to cause; to induce; to provoke
31216,引き返す,ひきかえす,히키카에스,되돌아가다,N2,to turn back; to return
31227,引き下げる,ひきさげる,히키사게루,"인하하다, 낮추다",N1,to lower; to reduce; to pull down
31232,引き摺る,ひきずる,히키즈루,질질 끌다,N1,to drag; to trail; to prolong
31236,引き出す,ひきだす,히키다스,인출하다,N3,to pull out; to withdraw; to elicit
31245,引き取る,ひきとる,히키토루,"물러가다,떠맡다",N2,to take back; to collect; to take charge of
31259,卑怯,ひきょう,히쿄우,비겁한,N2,cowardice; meanness; unfairness
31288,髭,ひげ,히게,수염,N4,beard; mustache; whiskers
31287,卑下,ひげ,히게,비하,N2,self-abasement; humility
31289,悲劇,ひげき,히게키,비극,N2,tragedy
31281,否決,ひけつ,히케츠,부결,N1,rejection; negation
16140,囚人,しゅうじん,슈우진,"수인, 죄수",N1,"prisoner, convict"
35736,股,また,마타,가랑이,N2,crotch; thigh; groin
31293,非行,ひこう,히코우,비행,N1,delinquency; misconduct
31369,比重,ひじゅう,히쥬우,비중,N1,specific gravity; relative importance
31358,秘書,ひしょ,히쇼,비서,N1,secretary
31390,浸す,ひたす,히타스,담그다. 잠그다,N2,to soak; to dip; to steep
31422,引っ掛かる,ひっかかる,힛카카루,걸리다,N2,to be caught in; to be cheated; to be stuck
31423,引っ掻く,ひっかく,힛카쿠,세게 긁다. 할퀴다,N2,to scratch; to claw
228611,前震,ぜんしん,젠신,전진(본 지진 전의 지진),N1,Foreshock (earthquake)
33344,侮辱,ぶじょく,부죠쿠,모욕,N2,insult; affront; slight
32821,夫人,ふじん,후진,부인,N2,wife; Mrs.; Madam
65933,古傷,ふるきず,후루키즈,오래된 상처,N2,Old wound; a scar; a past mistake
70744,丸洗い,まるあらい,마루아라이,그대로 세탁,N1,Washing the whole thing
67159,ぽつぽつ,ぽつぽつ,포츠포츠,점점; 비가 조금씩 오는 모양,N1,Bit by bit; gradually; spots
31428,引っ繰り返る,ひっくりかえる,힛쿠리카에루,뒤집히다,N2,to be overturned; to fall down
31474,日付け,ひずけ,히즈케,날짜,N3,date; dating
31441,筆者,ひっしゃ,히쌰,필자,N2,writer; author
31442,必修,ひっしゅう,힛슈우,필수,N1,required (subject); compulsory
70328,老骨,ろうこつ,로코츠,노골(늙은이의 몸),N1,Old bones; old person
31468,必需,ひつじゅ,히츠쥬,필수,N2,necessary; essential (goods)
66361,骨折り,ほねおり,호네오리,뼈를 깎는 노력,N1,Effort; pains; trouble
31470,必然,ひつぜん,히츠젠,필연,N2,inevitable; necessary
31453,匹敵,ひってき,힛테키,필적,N1,matching; rivaling; equaling
31476,否定,ひてい,히테이,부정,N2,negation; denial
31513,人柄,ひとがら,히토가라,인품,N2,personality; character
31526,人込み,ひとごみ,히토고미,붐빔. 북적임,N3,crowd of people
31524,一頃,ひところ,히토코로,한때,N1,once; some time ago
31531,等しい,ひとしい,히토시이,같다. 동등하다,N2,equal; equivalent
31533,人質,ひとじち,히토지치,인질,N1,hostage
69479,重罪,じゅうざい,쥬우자이,중죄,N1,Felony; serious crime
31534,一筋,ひとすじ,히토스지,한 줄기,N2,a line; earnestly; devotedly
45649,襖,ふすま,후스마,미닫이 벽,N2,Fusuma (sliding paper door)
31546,一通り,ひととおり,히토토오리,대강,N2,ordinary; in general; briefly
71560,使い古す,つかいふるす,츠카이후루스,오래 써서 낡다,N1,To wear out
31564,一先ず,ひとまず,히토마즈,일단,N1,for the time being; first of all
31571,人目,ひとめ,히토메,사람들 눈,N1,public eye; glimpse
69296,雌雄,しゆう,시유,"자웅(암수), 승패",N1,Male and female; victory or defeat
31573,一休み,ひとやすみ,히토야스미,잠깐 쉼,N2,a short rest; a breather
31577,独り,ひとり,히토리,혼자,N2,alone; by oneself
31591,日取り,ひどり,히도리,날짜를 정함. 택일. 정한 날짜,N1,fixed date; schedule
31581,独り言,ひとりごと,히토리고토,혼잣말,N2,soliloquy; talking to oneself
31601,非難,ひなん,히난,비난,N2,criticism; blame; censure
31602,皮肉,ひにく,히니쿠,"피육, 빈정거림, 비꼼",N2,irony; sarcasm; cynicism
31611,捻る,ひねる,히네루,비틀다,N2,to twist; to wrench; to turn on (a tap)
41757,鞭打つ,むちうつ,무치우츠,채찍질하다,N1,to whip; to flog; to urge on
67497,雌蕊,めしべ,메시베,암술,N1,Pistil
68694,示し,しめし,시메시,"본보기, 훈계",N1,Example; lesson; sign
64677,不通,ふつう,후츠우,불통,N2,Interruption; suspension (traffic/comm)
60772,土星,どせい,도세이,토성,N1,Saturn
5827,懐中,かいちゅう,카이츄우,회중,N2,Pocket; inside one's clothes
33067,ふらふら,ふらふら,후라후라,휘청휘청,N1,dizzy; unsteady; aimlessly
33103,振り仮名,ふりがな,후리가나,후리가나,N2,Furigana (reading aid)
3351,奪い取る,うばいとる,우바이토루,"가로채다, 빼앗다",N1,To snatch; to plunder; to seize
31620,日の出,ひので,히노데,해돋이,N2,sunrise
33113,振り出す,ふりだす,후리다스,흔들어뽑다,N1,to draw (a bill/check); to shake out
33090,不利,ふり,후리,불리,N2,disadvantage; handicap
31629,火花,ひばな,히바나,불꽃,N1,spark
31625,批判,ひはん,히한,비판,N4,criticism; judgment
31639,響き,ひびき,히비키,울림,N2,echo; sound; resonance
31634,批評,ひひょう,히효우,비평,N2,criticism; review; commentary
31693,日焼け,ひやけ,히야케,피부가 햇볕에 탐,N1,sunburn; suntan
65888,浮力,ふりょく,후료쿠,부력,N1,Buoyancy
66144,分量,ぶんりょう,분료우,분량,N2,Quantity; amount
31685,百科,ひゃっか,햣카,백과,N2,encyclopedia; many subjects
68454,持ち駒,もちごま,모치고마,"가진 말(장기), 예비 인원",N1,Captured pieces (shogi); resources
31790,費用,ひよう,히요우,비용,N3,cost; expense
31738,標語,ひょうご,효우고,표어,N1,motto; slogan; catchword
70655,遣り込める,やりこめる,야리코메루,말로 제압하다,N1,To corner; to silence (in an argument)
31743,表紙,ひょうし,효우시,표지,N3,front cover; binding
31754,標準,ひょうじゅん,효우쥰,표준,N2,standard; level; criterion
31780,表面,ひょうめん,효우멘,표면,N4,surface; face; exterior
31785,評論,ひょうろん,효우론,평론,N2,criticism; critique
31787,ひょっと,ひょっと,횻토,"어쩌면, 혹시",N2,by chance; possibly; suddenly
31823,平たい,ひらたい,히라타이,평탄하다,N1,flat; even; simple
31099,比,ひ,히,비,N2,ratio; comparison
31864,比例,ひれい,히레이,비례,N1,proportion; ratio
31882,疲労,ひろう,히로우,피로,N2,fatigue; weariness
71619,乗り過ごす,のりすごす,노리스고스,(내릴 곳을) 지나치다,N1,To overshoot one's stop
31889,広げる,ひろげる,히로게루,펼치다,N4,to spread; to expand; to open
70578,末寺,まつじ,마츠지,말사(본산에 속한 절),N1,Branch temple
31911,広場,ひろば,히로바,광장,N3,plaza; public square; courtyard
69317,衆寡,しゅうか,슈카,중과(많음과 적음),N1,Numbers (large vs small)
69531,愁傷,しゅうしょう,슈쇼,"수상(근심과 슬픔), 애도",N1,Grief; sorrow
31536,人だかり,ひとだかり,히토다카리,많은 사람이 모임,N2,crowd; throng
31880,披露,ひろう,히로우,선보이다,N4,announcement; introduction; showing
30397,半袖,はんそで,한소데,반소매,N1,short sleeves
66728,法主,ほっす,홋스,법주(한 종파의 우두머리),N1,Head of a Buddhist sect
68646,油脂,ゆし,유시,유지(기름),N1,Fats and oils
31013,ぱらぱら,ぱらぱら,파라파라,톡톡,N1,falling in drops; flipping pages
30967,ぱっ,ぱっ,팟,팟,N2,suddenly; in a flash
30395,搬送,はんそう,한소우,"이송,반송",N1,"conveyance; transport (to hospital, etc.)"
31758,表する,ひょうする(あらわす),효우스루(아라와스),표하다,N1,to express; to show
31885,広がり,ひろがり,히로가리,넓어짐,N1,spread; expanse; extent
31691,冷やかす,ひやかす,히야카스,"놀리다,식히다",N1,to tease; to banter; to window-shop
23810,駐在,ちゅうざい,츄우자이,주재,N2,"residence, stay, stationing"
16801,承認,しょうにん,쇼우닌,승인,N2,"approval, recognition"
11424,見聞,けんぶん,켄분,견문,N1,Information; observation; experience
2022,痛ましい,いたましい,이타마시이,"애처롭다, 가슴 아프다",N1,Pitiful; heart-rending; tragic
33846,平気,へいき,헤이키,아무렇지도 않음,N3,unconcerned; cool; alright
33855,並行,へいこう,헤이코우,병행,N2,parallel; going side by side
33858,閉口,へいこう,헤이코우,질림,N1,being stumped; being annoyed; shutting up
33861,閉鎖,へいさ,헤이사,폐쇄,N3,closure; shutdown; lockout
33866,兵士,へいし,헤이시,병사,N3,soldier
33875,平日,へいじつ,헤이지츠,평일,N3,weekday; ordinary day
33877,平常,へいじょう,헤이죠우,평상,N1,normal; usual; ordinary
33891,兵隊,へいたい,헤이타이,"병사,병대",N2,soldier; sailor; troops
33911,平方,へいほう,헤이호우,평방,N2,square (measurement)
33912,平凡,へいぼん,헤이본,평범,N3,ordinary; common; mediocre
33917,平野,へいや,헤이야,평야,N2,plain; open field
33923,並列,へいれつ,헤이레츠,병렬,N1,parallel; side by side
31548,人通り,ひとどおり,히토도오리,사람의 왕래,N2,pedestrian traffic
31599,雛祭り,ひなまつり,히나마츠리,히나마츠리,N1,Doll Festival (March 3rd)
31231,引き締める,ひきしめる,히키시메루,긴장시키다,N1,to tighten; to brace; to economize
31239,引き継ぐ,ひきつぐ,히키츠구,계승하다,N1,to take over; to inherit; to succeed
30220,張り上げる,はりあげる,하리아게루,내지르다,N1,to shout out; to raise (one's voice)
30209,孕む,はらむ,하라무,"품다, 배다",N1,to become pregnant; to be filled with
31406,日溜まり,ひだまり,히다마리,햇볕 드는 곳,N1,sunny spot
30299,ハロウィーン,ハロウィーン,할로위인,할로윈,N1,Halloween
30416,半年,はんとし,한토시,반년,N1,half a year
28078,馴れ馴れしい,なれなれしい,나레나레시이,친압하다. 허물없다. 무례하다,N1,"over-familiar, cheeky"
22627,食べ歩く,たべあるく,타베아루쿠,여기저기 먹으러 다니다,N1,"to go around eating, food touring"
20846,前代,ぜんだい,젠다이,전대,N2,"previous generation, previous era"
12499,漕ぎ着ける,こぎつける,코기츠케루,겨우 목표에 도달하다,N1,To reach (a goal); to pull to (shore)
3145,薄着,うすぎ,우스기,얇은 옷,N1,Light clothing
3230,打ち付ける,うちつける,우치츠케루,부딪치다,N2,To strike (against); to nail (down)
33933,辟易,へきえき,헤키에키,질려서 물러남,N1,being fed up; shrinking back; being nonplussed
2021,板前,いたまえ,이타마에,요리사 (주방장),N1,Chef (especially of Japanese cuisine)
3154,薄まる,う스まる,우스마루,옅어지다,N1,To become weak; to be diluted
2405,命拾い,いのちびろい,이노치비로이,"구사일생, 목숨을 건짐",N1,Narrow escape from death
68876,舎監,しゃかん,샤칸,사감(기숙사 감독),N1,Dormitory warden
2119,一抹,いちまつ,이치마츠,일말,N1,"A touch of; a tinge of (e.g., sadness)"
3349,乳母,うば,우바,유모,N1,Wet nurse
3552,浮つく,うわつく,우와츠쿠,"들뜨다, 경박해지다",N1,To be flighty; to be fickle
68217,宿屋,やどや,야도야,여관,N1,Inn
66988,墨汁,ぼくじゅう,보쿠주,먹물,N1,India ink
69937,旅情,りょじょう,료조,여정(나그네의 정),N1,Traveler's feelings
69640,秋分,しゅうぶん,슈분,추분,N1,Autumnal equinox
69386,臭気,しゅうき,슈키,취기(악취),N1,Stink; odor
36824,未聞,みもん,미몬,미문,N2,unheard of (usually with kigo-)
43155,隔たる,へだたる,헤다타루,벌어지다,N2,to be distant; to be separated
67405,明文,めいぶん,메분,명문(명확한 문장/규정),N1,Express provision; clear text
33944,凹む,へこむ,헤코무,움푹 패다. 찌부러지다,N2,to be dented; to be sunken; to feel depressed
52578,今上,きんじょう,킨죠우,금상,N1,the reigning Emperor
33915,平面,へいめん,헤이멘,평면,N1,plane; level surface
98924,丙種,へいしゅ,헤이슈,병종,N1,Class C; third type
34422,箒,ほうき,호우키,빗자루,N2,broom
31578,独り歩き,ひとりあるく,히토리아루쿠,혼자 걸어감,N1,walking alone; standing on one's own
2891,ＥＵ,イーユー,이유,유럽 연합,N1,EU (European Union)
31140,皮革,ひかく,히카쿠,피혁,N1,leather; hide
31111,干上がる,ひあがる,히아가루,바짝 마르다,N1,to dry up; to parched
31676,干物,ひもの,히모노,건어물,N1,dried fish/food
10156,燻る,くすぶる,쿠스부루,"그을리다, 연기나다",N1,To smolder; to linger
30681,伐採,ばっさい,밧사이,벌채,N1,lumbering; deforestation; felling
30585,麦芽,ばくが,바쿠가,맥아,N1,malt
3602,運用,うんよう,운요우,운용,N2,Application; investment; operation
2604,入れ替わる,いれかわる,이레카와루,"교체되다, 바뀌다",N1,To change places; to be replaced
31329,久々,ひさびさ,히사비사,오래간만,N2,after a long time
2267,一方,いっぽう,잇포우,"한쪽, 한편",N1,One side; on the other hand; (suffix) keep doing
66777,水鳥,みずとり,미즈토리,물새,N1,Waterfowl
2709,院,いん,인,원,N1,Institution; temple; house (suffix)
3382,海風,うみかぜ,우미카제,바닷바람,N1,Sea breeze
31149,光り輝く,ひかりかがやく,히카리카가야쿠,빛나다,N1,to shine brilliantly; to glitter
2254,一髪,いっぱつ,잇파츠,일발,N1,A hair; (Part of Kiki-ippatsu) hair's breadth
3208,打ち,うち,우치,때림,N1,Strike; hit; (prefix)
30212,波乱,はらん,하란,파란,N1,commotion; disturbance; ups and downs
31253,引き払う,ひきはらう,히키하라우,퇴거하다,N1,to vacate; to move out
17002,書籍,しょせき,쇼세키,서적. 책,N2,"books, publications"
31238,引き継ぎ,ひきつぎ,히키츠기,인수인계,N1,handover; takeover
31359,避暑,ひしょ,히쇼,피서,N1,summering; going to a summer resort
31561,人減らし,ひとへらし,히토헤라시,인원감축,N1,reduction in personnel; layoffs
18683,徐々,じょじょ,죠죠,서서히. 점차,N3,"gradually, slowly"
30193,腹黒い,はらぐろい,하라구로이,음흉하다,N1,black-hearted; malicious; scheming
31750,表彰,ひょうしょう,효우쇼우,표창,N3,commendation; award
30446,反復,はんぷく,한푸쿠,반복,N1,repetition; iteration
17007,所属,しょぞく,쇼조쿠,소속,N2,"affiliation, membership"
31370,批准,ひじゅん,히쥰,비준,N1,ratification
30450,繁忙,はんぼう,한보우,"번망, 매우바쁨",N1,busy; pressure of business
30455,半面,はんめん,한멘,반면,N1,half of the face; the other side
30324,頒価,はんか,한카,"배포 가격,반가",N1,selling price (of a publication)
30365,藩主,はんしゅ,한슈,번주,N1,feudal lord (daimyo)
30804,晩夏,ばんか,반카,늦여름,N1,late summer
30863,番人,ばんにん,반닌,"파수꾼, 지키는 사람",N1,watchman; guard
31826,平手,ひらて,히라테,손바닥,N1,palm; open hand
172925,防ぎ止める,ふせぎとめる,후세기토메루,막아내다,N1,To check; to curb; to stop
67005,北叟笑む,ほくそえむ,호쿠소에무,회심의 미소를 짓다,N1,To chuckle; to gloat
70132,礼服,れいふく,레후쿠,예복,N1,Formal wear; ceremonial dress
66763,紡織,ぼうしょく,보쇼쿠,방직,N1,Spinning and weaving
66923,法令,ほうれい,호우레이,법령,N1,Laws and ordinances
34430,封建,ほうけん,호우켄,봉건,N2,feudal; feudalism
193511,晴れ男,はれおとこ,하레오토코,"날씨 요정(남), 맑은 날을 부르는 남자",N1,Man who brings sunny weather
34025,偏向,へんこう,헨코우,편향,N1,polarization; bias; tendency
63377,白墨,はくぼく,하쿠보쿠,"백묵, 분필",N1,Chalk
3465,恨み,うらみ,우라미,"원한, 원망",N1,Grudge; resentment; malice
33388,物体,ぶったい,붓타이,물체,N1,body; object
56556,根,ね(こん),네(콘),뿌리(근),N1,Root; origin; persistence
26017,当日,とうじつ,토우지츠,당일,N3,"that day, the appointed day"
118467,両家,りょうけ,료케,양가(양쪽 집안),N1,Both families
63707,通気,ついき,츠이키,통기,N2,Ventilation
45580,びしょぬれ,びしょぬれ,비쇼누레,흠뻑,N1,soaking wet; drenched
68096,混じり物,まじりもの,마지리모노,불순물,N1,Impurities; mixture
53827,差し入れる,さしいれる,사시이레루,들여오다,N1,to insert; to send in (to a prisoner)
31425,筆記,ひっき,힛키,필기,N3,writing; taking notes
30820,蛮行,ばんこう,반코우,만행,N1,barbarity; savage act
30837,蛮人,ばんじん,반진,야만인,N1,savage; barbarian
31096,妃,ひ,히,왕비,N1,princess; consort
13282,混迷,こんめい,콘메이,혼미,N1,Turmoil; confusion; chaos
31284,披見,ひけん,히켄,"열람,피견",N1,inspecting; reading (a letter)
169806,雑物,まぜもの,마제모노,"혼합물, 섞음질한 것",N1,Miscellaneous items; impurities
51018,旧盆,きゅうぼん,큐우본,음력 오봉,N1,Bon festival (lunar calendar)
28876,根強い,ねづよい,네즈요이,뿌리 깊다,N1,Deep-seated / firmly rooted
31692,飛躍,ひやく,히야쿠,도약,N2,leap; jump; rapid progress
54945,収量,しゅうりょう,슈우료우,수확량,N1,Yield; crop
27320,土嚢,どのう,도노우,모래주머니,N1,sandbag
66048,分出,ぶんしゅつ,분슈츠,분출(나누어 냄),N1,Secretion; separation
3469,恨めしい,うらめしい,우라메시이,원망스럽다,N1,Reproachful; resentful; regrettable
22888,担保,たんぽ,탄포,담보,N1,"security, guarantee, collateral"
27886,夏場,なつば,나츠바,여름철,N1,"summertime, summer season"
25350,添加,てんか,텐카,첨가,N1,"addition, annexing"
21978,絶える,たえる,타에루,끊어지다,N3,"to die out, to cease"
671,明日,"あした,あす","아시타,아스",내일,N5,Tomorrow
65892,恥じ入る,はじいる,하지이루,몹시 부끄러워하다,N1,To feel deeply ashamed
18430,純度,じゅんど,쥰도,순도,N1,purity
46731,足留め,あしどめ,아시도메,"발을 묶음, 금족",N1,detention; confinement; keeping indoors
37225,蒸れ,むれ,무레,땀,N2,stuffiness; humidity
599,欺く,あざむく,아자무쿠,속이다,N2,To deceive; to delude; to cheat
17854,自称,じしょう,지쇼우,자칭,N1,"self-proclaimed, so-called"
16408,出没,しゅつぼつ,슈츠보츠,출몰,N1,"appearing and disappearing, haunting"
16389,出奔,しゅっぽん,슛폰,"도망, 가출",N1,"absconding, flight, running away"
35144,撲滅,ぼくめつ,보쿠메츠,박멸,N1,eradication; extermination
265,青痣,あおあざ,아오아자,멍,N1,Bruise (blue mark)
71508,未読,みどく,미도쿠,미독(아직 읽지 않음),N1,Unread
66373,帆柱,ほばしら,호바시라,돛대,N1,Mast
69397,落丁,らくちょう,라쿠쵸우,"빠진 페이지,낙정",N1,Missing page (in a book)
67174,身投げ,みなげ,미나게,투신(몸을 던짐),N1,Throwing oneself (into a river/sea)
66332,没,ぼっ,봇,죽음(몰),N4,Rejection; death; discard
67775,凡百,ぼんぴゃく,본퍄쿠,"평범,범백",N1,Common; ordinary; various
35181,勃興,ぼっこう,봇코우,발흥,N1,sudden rise; emergence
7694,肝臓,かんぞう,칸조우,간장,N2,Liver
32875,負担,ふたん,후탄,부담,N3,burden; load; responsibility
7997,学,がく,가쿠,학,N2,Study; learning; science
5849,回転,かいてん,카이텐,회전,N2,Rotation; revolution; turnover
4367,追い越す,おいこす,오이코스,앞지르다,N2,To pass; to overtake
47139,営み,いとなみ,이토나미,작업,N2,work; life; activity
36352,御輿,みこし,미코시,가마,N2,Mikoshi (portable shrine)
4694,大晦日,おおみそか,오오미소카,섣달 그믐날,N2,New Year's Eve
33603,分数,ぶんすう,분스우,분수,N2,fraction (math)
2034,痛める,いためる,이타메루,다치다,N2,To injure; to damage; to cause pain
24767,爪,つめ,츠메,손톱,N2,"nail, claw, talon"
38916,揺らす,ゆらす,유라스,흔들다,N3,to shake; to rock (something)
3594,うんと,うんと,운토,훨씬 더,N2,(Repeated) With a great effort
31105,費,ひ,히,비,N4,cost; expense
251424,よいよい,よいよい,요이요이,(추임새)좋구나 좋아,N2,Yoiyoi (chant) / Locomotor ataxia (archaic)
87838,向き合う,むきあう,무키아우,마주하다,N3,To face each other; to confront
68433,凭れる,もたれる,모타레루,기대다,N2,To lean against; to lie heavy on stomach
582,浅ましい,あさましい,아사마시이,"비열하다,한심하다",N1,Wretched; miserable; shameful
70456,童歌,わらべうた,와라베우타,전래 동요,N1,Children's song; nursery rhyme
68030,櫓,やぐら,야구라,망루,N1,Oar; scull; tower/turret
67935,門閥,もんばつ,몸바츠,문벌,N1,Lineage; pedigree
37743,持ち上げる,もちあげる,모치아게루,들어올리다,N4,to lift up; to flatter
68762,下肥,しもごえ,시모고에,인분 비료,N1,Night soil; manure
29339,灰,はい,하이,재,N2,Ash
30603,博徒,ばくと,바쿠토,도박꾼,N1,gambler
66105,分銅,ふんどう,훈도우,분동,N1,Counterweight; scale weight
31852,翻る,ひるがえる,히루가에루,"펄럭이다, 뒤집히다",N1,to flutter; to wave; to flip
38525,やら,やら,야라,~인지,N2,and so on; or (particle)
20441,先月,せんげつ,센게츠,전월,N2,last month
21811,体重,たいじゅう,타이쥬우,체중,N3,body weight
37211,村人,むらびと,무라비토,마을사람,N2,villager
28005,悩ます,なやます,나야마스,괴롭히다,N2,"to afflict, to torment, to harass"
33975,減らす,へらす,헤라스,줄이다,N4,to decrease; to reduce
21864,大抵,たいてい,타이테이,대개,N2,"mostly, usually"
35346,ぽろぽろ,ぽろぽろ,포로포로,부슬부슬,N1,dropping (tears/grains); trickling
35935,学び,まなび,마나비,배움,N2,learning; study
14362,作法,さほう,사호우,작법,N3,Manners; etiquette; way
26561,飛び出す,とびだす,토비다스,튀어나오다,N4,"to jump out, to rush out"
8563,季節,きせつ,키세츠,계절,N5,Season
21377,供える,そなえる,소나에루,올리다,N3,to offer (to a deity/spirit)
17688,次,"つぎ,つぐ(じ,し)","츠기,츠구(지,시)",다음(차),N2,"next, subsequent"
25249,手袋,てぶくろ,테부쿠로,장갑,N3,"gloves, mittens"
26830,鳥肌,とりはだ,토리하다,"소름,닭살",N2,goosebumps
22330,叩く,たたく,타타쿠,"치다, 탕진하다",N3,"to strike, to clap, to knock, to criticize"
12662,腰,こし,코시,허리,N2,Waist; lower back; hips
9965,儀礼,ぎれい,기레이,의례,N2,Etiquette; courtesy; protocol
23718,茶碗,ちゃわん,챠완,차완,N2,"rice bowl, teacup"
9534,切り離す,きりはなせる,키리하나세루,잘라내다,N2,To detach; to separate; to disconnect
32862,再び,ふたたび,후타타비,재차,N2,again; once more
33165,古里,ふるさと,후루사토,고향,N1,hometown; birthplace
8464,兆し,きざし,키자시,조짐,N3,Sign; omen; indication
6571,風邪,かぜ,카제,바람,N5,Cold (illness); flu
30315,範囲,はんい,한이,범위,N3,extent; scope; range
31851,翻す,ひるがえす,히루가에스,"뒤집다, 몸을 나리다",N1,to flutter; to wave; to reverse (a decision)
5974,帰り道,かえりみち,카에리미치,돌아오는 길,N3,The way back; the way home
4916,押し上げる,おしあげる,오시아게루,밀어 올리다,N1,To push up; to boost
21642,た,た,타,다,N6,(past tense suffix)
12564,酷評,こくひょう,코쿠효우,혹평,N1,Harsh criticism; scathing review
25489,天命,てんめい,텐메이,천명,N3,"fate, destiny, heaven's will"
41371,悪い,わるい,와루이,나쁘다,N5,bad; evil
19877,整然,せいぜん,세이젠,정연,N2,"orderly, regular, well-organized"
3439,裏切る,うらぎる,우라기루,배신하다,N4,To betray; to go back on
55428,諸表,じょひょう,죠효우,제표,N1,Various tables/schedules
37117,無実,むじつ,무지츠,"사실이 아님,무실",N1,innocence; false accusation
27183,道路,どうろ,도우로,도로,N5,"road, highway, street"
20198,摂取,せっしゅ,셋슈,섭취,N2,"intake, ingestion, adoption"
23012,大事,だいじ,다이지,중요한 것,N5,"important, valuable, serious matter"
11173,決,"きまる,きめる(けつ)","키마루,키메루(케츠)",정해지다(결),N2,Decision; vote
789,斡旋,あっせん,앗센,알선,N3,Mediation; agency; recommendation
38671,友人,ゆうじん,유우진,친구,N5,friend
24535,吐く,つく,츠쿠,뱉다,N3,"to breathe out, to vomit, to tell (a lie)"
14951,詞,し,시,사,N4,Words; lyrics; poetry
14807,財務,ざいむ,자이무,재무,N1,Financial affairs
18437,準備,じゅんび,쥰비,준비,N5,"preparation, arrangements"
28810,寝込む,ねこむ,네코무,골아떨어지다,N1,To be confined to bed (illness) / to fall asleep
24545,尽くす,つくす,츠쿠스,다하다,N4,"to exhaust, to serve, to do one's best"
182494,風呂上がり,ふろあがり,후로아가리,목욕 후,N2,Just after a bath
87480,かっと,かっと,캇토,"확, 쨍, 욱",N2,Flare up; suddenly
66206,米食,べいしょく,베이쇼쿠,"쌀밥,미식",N1,Rice-based diet
69480,習作,しゅうさく,슈사쿠,습작,N1,Study; exercise (art)
13674,最強,さいきょう,사이쿄우,최강,N1,Strongest
41381,割れる,われる,와레루,깨지다,N4,to break; to crack; to split
67777,凡夫,ぼんぷ,봄푸,범부(평범한 사내),N1,Ordinary person; mortal
36363,見殺し,みごろし,미고로시,죽게 내버려둠,N1,letting someone die; leaving to their fate
68268,綿布,めんぷ,멤푸,면직물,N1,Cotton cloth
8960,救急,きゅうきゅう,큐우큐우,구급,N4,First aid; emergency
67723,娘心,むすめごころ,무스메고코로,"처녀의 마음, 소녀 감성",N1,A girl's heart
34917,本日,ほんじつ,혼지츠,오늘,N4,today
21481,損益,そんえき,손에키,손익,N1,profit and loss
69373,雷鳴,らいめい,라이메,뇌명(천둥소리),N1,Thunder
67108,細面,ほそおもて,호소오모테,갸름한 얼굴,N1,Oval/slender face
70842,真綿,まわた,마와타,"솜, 명주솜",N1,Floss silk
18874,水位,すいい,스이이,수위,N2,water level
68279,麺類,めんるい,멘루이,면류,N1,Noodles
68836,謡曲,ようきょく,요쿄쿠,요곡(노래),N1,Noh chant
37562,も,も,모,도,N6,also; too
6895,悲しみ,かなしみ,카나시미,슬픔,N2,Sadness; sorrow
32846,不足,"ふそく,ぶそく","후소쿠,부소쿠",부족,N5,shortage; lack; insufficiency
25653,です,です,데스,입니다,N6,to be (polite copula)
3282,移す,うつす,우츠스,옮기다,N3,To move; to transfer; to infect
33334,武士,ぶし,부시,무사,N3,samurai; warrior
2317,糸口,いとぐち,이토구치,실마리,N1,Thread end; clue; beginning
33003,踏み切る,ふみきれる,후미키레루,들어가다,N2,to take the plunge; to jump off
31686,百貨,ひゃっか,햣카,백화,N1,department store (as in 百貨店)
31768,氷점,ひょうてん,효우텐,빙점,N1,freezing point
1976,忙しい,いそがしい,이소가시이,바쁘다,N5,Busy
601,鮮やか,あざやか,아자야카,선명하다,N3,Vivid; bright; brilliant; skillful
6029,科学,かがく,카가쿠,과학,N4,Science
31331,氷雨,ひさめ,히사메,"진눈깨비, 찬 비",N1,icy rain; sleet
31732,票決,ひょうけつ,효우케츠,표결,N1,voting; division
31772,漂白,ひょうひゃく,효우햐쿠,표백,N1,bleach; bleaching
25206,手伝う,てつだう,테츠다우,돕다,N5,"to help, to assist"
21507,尊重,そんちょう,손쵸우,존중,N3,"respect, esteem"
40314,良薬,りょうやく,료우야쿠,"좋은 약,양약",N2,good medicine
31782,漂流,ひょうりゅう,효우류우,표류,N1,drifting; afloat
38663,夕食,ゆうしょく,유우쇼쿠,석식,N4,dinner; evening meal
28034,並べる,ならべる,나라베루,정렬하다,N4,"to line up, to set up, to display"
24233,地理,ちり,치리,지리,N4,geography
41791,福,ふく,후쿠,복,N2,fortune; luck; blessing
23252,騙す,だます,다마스,"속이다,달래다",N3,"to deceive, to trick"
10728,ぐちゃぐちゃ,ぐちゃぐちゃ,구챠구챠,엉망진창,N3,Sloppy; messy; mushy
34907,本社,ほんしゃ,혼샤,본사,N3,head office; headquarters; this shrine
20216,拙速,せっそく,셋소쿠,졸속,N1,"rough and ready, hasty"
18003,自動,じどう,지도우,자동,N5,automatic
18791,人事,じんじ,진지,인사,N4,"human affairs, personnel"
17446,信託,しんたく,신타쿠,신탁,N2,"trust, entrusting"
37427,目玉,めだま,메다마,계란,N2,eyeball; main attraction; centerpiece
40998,露天,ろてん,로텐,노천,N1,open-air
14431,皿,さら,사라,그릇,N4,Plate; dish
38774,歪み,ゆがみ,유가미,왜곡,N1,distortion; warp; strain
13517,毎,ごと,고토,~마다,N4,Every; each (usually kana)
87195,聞き飽きる,ききあきる,키키아키루,듣기 지겨워지다,N1,To be tired of hearing
12512,国王,こくおう,코쿠오우,국왕,N2,King
8809,基本,きほん,키혼,기본,N4,Basics; fundamentals
68985,羊毛,ようもう,요모,양모,N1,Wool
70790,丸裸,まるはだか,마루하다카,알몸,N1,Stark naked
9523,切り出す,きりだす,키리다스,말을 꺼내다,N1,To start talking; to cut out (timber/stone)
69371,雷名,らいめい,라이메이,"명성, 뇌명",N1,Fame; renown
69435,辣腕,らつウァン,라츠완,"유능한,민완",N1,Shrewd; capable
70727,守り神,まもりがみ,마모리가미,수호신,N1,Guardian deity
35894,的,まと,마토,과녁,N2,target; mark; object
70097,麗人,れいじん,레진,미인,N1,Beautiful woman
34501,法則,ほうそく,호우소쿠,법칙,N3,law; rule
34938,本題,ほんだい,혼다이,본래 주제,N2,main question; the subject at hand
263152,ぴゅーん,ぴゅうん,퓨운,쓩,N1,Whizzing sound / Zoom
32085,病気,びょうき,뵤우키,병,N5,illness; sickness
95930,チンジャオロース,チンジャオロース,칭쟈오로우스,칭쟈오로스,N1,Pepper steak (Qingjiao Rousi)
22425,達者,たっしゃ,탓샤,능숙한,N2,"skillful, healthy, robust"
5158,帯,おび,오비,허리띠,N2,Belt; sash (obi)
8121,月,がつ,가츠,월,N5,Month; moon
5660,海外,かいがい,카이가이,해외,N5,Overseas; abroad
24636,慎む,つつしむ,츠츠시무,삼가다,N3,"to be discreet, to refrain, to be modest"
26058,灯台,とうだい,토우다이,등대,N3,lighthouse
2045,偉大,いだい,이다이,위대,N3,Great; grand; magnificent
28917,狙う,ねらう,네라우,노리다,N4,To aim at
2703,員,いん,인,원,N5,Member; personnel (suffix)
18456,自由,じゆう,지유우,자유,N5,"freedom, liberty"
16269,縮図,しゅくず,슈쿠즈,축도,N1,"epitome, scale copy, miniature"
21461,其れ,"それ, そのれ",소노레,"그것, 그러므로",N5,that (it)
26233,解き明かす,ときあかす,토키아카수,풀어서 밝혀내다,N2,"to explain, to dispel (doubts)"
990,甘い,あまい,아마이,달다,N5,Sweet; sugary; naive; soft (on someone)
11816,鯉幟,こいのぼり,코이노보리,물고기깃발,N3,Carp streamer (Children's Day)
36846,都,みやこ(と),미야코(토),수도(도),N2,capital; metropolis
97585,侮り,あなどり,아나도리,업신여김,N1,Contempt; disdain
28209,苦い,にがい,니가이,쓰다,N4,bitter
34727,ホッカイドウ,ほっかいどう,홋카이도우,홋카이도,N5,Hokkaido
31268,引く-他動詞,ひく,히쿠,"걸리다, 당기다",N5,to pull; to subtract; to quote; to lead
31427,引っ繰り返す,ひっくりかえす,힛쿠리카에스,뒤집다. 뒤엎다. 쓰러뜨리다. 넘어뜨리다,N2,to turn over; to knock down; to reverse
23883,中盤,ちゅうばん,츄우반,중반,N1,middle stage (of a game or contest)
19398,全て,すべて,스베테,모두,N5,"all, whole, entirely"
55975,新兵,しんぺい,신페이,신병,N1,Recruit; new soldier
13095,此れ,これ,코레,이들. 이것들,N5,This (usually written in kana)
269,青い,あおい,아오이,푸르다,N5,Blue; green; pale; inexperienced
68047,まごつく,まごつく,마고츠쿠,허둥대다,N1,To be confused; to be flustered
17653,ＣＤ,シーディー,시이디이,CD,N5,CD (compact disc)
68332,百聞,ひゃくぶん,햐쿠분,백문,N2,Hearing a hundred times
41180,分かる,わかる,와카루,알다,N5,to understand; to know
70195,烈火,れっか,렉카,열화(맹렬한 불),N1,Raging fire
27374,奴隷,どれい,도레이,노예,N2,"slave, servitude"
19761,背比べ,せいくらべ,세이쿠라베,키 재기,N2,comparing heights
13637,祭,まつり(さい),마츠리(사이),축제(제),N4,Festival
15755,締まる,しまる,시마루,잠기다,N3,To be tight; to be firm; to be closed
22780,担架,たんか,탄카,담가. 들것,N2,"stretcher, litter"
21834,態勢,たいせい,타이세이,태세,N2,"attitude, posture, preparedness"
70609,山肌,やまはだ,야마하다,"산 표면, 산세",N1,Mountain surface
69448,欄外,らんがい,란가이,난외(여백),N1,Margin (of a page)
69604,陸橋,りっきょう,릭쿄,육교,N1,Overpass; land bridge
37798,もっと,もっと,못토,더,N4,more
39015,用意,ようい,요우이,"주의, 준비",N4,preparation; provision
14928,史,し,시,사,N4,History; annals
11621,限,げん,겐,한,N4,Limit; bounds
13352,豪雨,ごうう,고우우,폭우,N3,Heavy rain; downpour
32759,負傷,ふしょう,후쇼우,부상,N3,injury; wound
24455,使い分け,つかいわけ,츠카이와케,구분하여 씀,N1,using different things for different purposes
7188,醸す,かもす,카모스,"빚다, 자아내다",N2,To brew; to cause; to bring about
5699,解雇,かいこ,카이코,해고,N3,Dismissal; firing
5568,か,か,카,인지,N6,(Question particle); or; (suffix for days)
7089,神々,かみがみ,카미가미,신들,N1,Gods; deities
5308,親元,おやもと,오야모토,부모님,N1,One's parents' home
31308,被災,ひさい,히사이,재해,N4,being a victim of (disaster)
31668,罷免,ひめん,히멘,파면,N1,dismissal; discharge
30543,陪食,ばいしょく,바이쇼쿠,귀인을 모시고 식사,N1,dining with a superior
36134,万が一,まんがいち,만가이치,만일,N2,if by some chance; worst case
30060,羽ばたく,はばたく,하바타쿠,날갯짓하는,N2,To flap wings
3229,打ち出す,うちだす,우치다스,내놓다,N2,To announce; to work out (a policy); to begin to beat
1054,雨,あめ,아메,비,N5,Rain
654,紫陽花,あじさい,아지사이,수국,N1,Hydrangea
26578,飛ぶ,とぶ,토부,날다,N5,"to fly, to hop"
27438,ない,ない,나이,않다,N6,"there is no, non-existent"
155169,愛し合う,あいしあう,아이시아우,서로 사랑하다,N1,To love each other
98442,寝心地,ねごこち,네고코치,잠자리,N2,Sleeping comfort
69364,来世,らいせ,라이세,내세,N1,The next world; afterlife
62873,熱量,ねつりょう,네츠료우,열량,N1,Amount of heat; calories
68820,羊羹,ようかん,요칸,양갱,N1,Yokan (sweet bean jelly)
69912,緑陰,りょくいん,료쿠인,녹음(나무 그늘),N1,Shade of trees
35697,ます,ます,마스,#NAME?,N6,polite verb ending
70170,脇腹,わきばら,와키바라,옆구리,N1,Side (of the torso); flank
753,辺り,あたり,아타리,근처,N4,Vicinity; neighborhood; around
70621,惑い,まどい,마도이,"망설임, 미혹",N1,Delusion; perplexity
70503,腕章,わんしょう,완쇼,완장,N1,Armband
22378,立ち上げる,たちあげる,타치아게루,시작하다,N3,"to start up, to launch (business/software)"
23071,大仏,だいぶつ,다이부츠,대불,N1,Great Buddha statue
20987,早期,そうき,소우키,조기,N3,early stage
65795,冷や,ひや,히야,"찬물, 찬 술",N1,Cold sake; cold water
49594,聞き込み,ききこみ,키키코미,탐문,N1,investigation; canvassing for info
19946,青銅,せいどう,세이도우,청동,N2,bronze
17341,震災,しんさい,신사이,"지진 재해,지진",N1,earthquake disaster
70962,湯冷まし,ゆざまし,유자마시,끓여서 식힌 물,N1,Boiled water (cooled)
60084,爪先,つまさき,츠마사키,발끝,N1,Tiptoe; toe
49033,齧り付く,かじりつく,카지리츠쿠,덮석 물다,N1,to sink one's teeth into; to cling to
40237,両国,りょうこく,료우코쿠,양국,N4,both countries
10735,ぐったり,ぐったり,굿타리,녹초가 되어,N1,Limp; exhausted; weary
15543,失言,しつげん,시츠겐,실언,N2,Slip of the tongue; verbal blunder
13354,豪快,ごうかい,고우카이,호쾌,N2,Exciting; heroic; splendid
41059,論点,ろんてん,론텐,논점,N1,point at issue
34527,法的,ほうてき,호우테키,법적,N1,legal; forensic
9362,曲,きょく,쿄쿠,곡,N4,Tune; piece (music)
16565,賞,しょう,쇼우,상,N4,"prize, award"
34800,微笑ましい,ほほえましい,호호에마시이,미소가지어지는,N1,heartwarming; pleasant
34386,法案,ほうあん,호우안,법안,N2,bill (legislative)
33163,古く,ふるく,후루쿠,옛날,N3,anciently; formerly
24555,作り込む,つくりこむ,츠쿠리코무,만들어 넣다,N2,"to put effort into making, to build in"
14383,さ迷う,さまよう,사마요우,헤메다,N1,To wander; to roam
6595,方,ほう(かた),호우(카타),분,N3,Direction; way; person (polite)
70506,腕白,わんぱく,완파쿠,장난꾸러기,N2,Naughty; mischievous
7793,患部,かんぶ,칸부,환부,N1,Affected part (of body)
26121,闘病,とうびょう,토우뵤우,투병,N2,fighting against a disease
5279,重み,おもみ,오모미,무게,N3,Weight; importance; dignity
2742,飲酒,いんしゅ,인슈,음주,N3,Drinking alcohol
31544,人手,ひとで,히토데,"일손, 인수",N3,hand; manpower; someone else's hands
243323,一節,いっせつ,잇세츠,한 구절,N2,A passage / A verse
2347,田舎育ち,いなかそだち,이나카소다치,시골에서 자람,N1,Country-bred; raised in the country
118697,品数,しなかず,시나카즈,상품 수,N1,Number of items
29031,農作,のうさく,노우사쿠,농작,N2,Farming / crops
103165,雪道,ゆきみち,유키미치,눈길,N3,Snowy road
1222,歩き回る,あるきまわる,아루키마와루,걸어서 돌아다니다,N3,To walk around; to roam
28655,人数,いんずう,인주우,사람 수,N3,number of people
93439,衣,い,이,의,N4,Clothes; coating (food)
104349,板塀,いたべい,이타베이,판자,N1,Wooden fence
69328,予鈴,よれい,요레,예령(예비 종),N1,First bell; warning bell
69593,律儀,りちぎ,리치기,"의리가 두터움, 성실함",N1,Honesty; integrity; faithful
27891,ナツメ,なつめ,나쯔메,나츠메,N1,jujube (date)
41324,和洋,わよう,와요우,화양 (일본과 서양),N1,Japanese and Western
12214,広大,こうだい,코우다이,광대,N3,Vast; extensive; huge
27749,流れ,ながれ,나가레,"흐름,절차",N4,"flow, stream, current"
39470,読み進める,よみすすめる,요미스스메루,읽어 나가다,N1,to read on; to continue reading
69756,柳腰,りゅうよう,류요,"유요(버들 허리, 가냘픈 허리)",N1,Slender waist
311,赤色,あかいろ,아카이로,붉은색,N1,Red color
26436,閉じ込める,とじこめる,토지코메루,가두다,N1,"to lock up, to confine"
11249,券,けん,켄,권,N3,Ticket; coupon; bond
24487,付き合い,つきあい,츠키아이,교제,N3,"association, socializing, dating"
22952,大王,だいおう,다이오우,대왕,N1,great king
16687,少子,しょうし,쇼우시,저출생,N3,"declining birthrate, having few children"
70033,流罪,るざい,루자이,유죄(귀양),N1,Exile; banishment
62955,膿,うみ,우미,고름,N4,Pus
21085,ソウセキ,そうせき,소우세키,소세키,N1,Soseki (Natsume Soseki)
54107,心苦しい,こころぐるしい,코코로구루시이,미안해 마음이 괴롭다,N1,feeling bad about; painful
51801,削り節,けずりぶし,케즈리부시,가다랑어포 등 깎은 것,N1,dried bonito flakes
20175,説教,せっきょう,셋쿄우,설교,N1,"sermon, preaching, scolding"
17470,進捗,しんちょく,신쵸쿠,진척,N3,"progress, under way"
11601,下落,げらく,게라쿠,하락,N2,Depreciation; decline; fall
45923,秘伝,ひでん,히덴,비전,N2,secret; mystery; trade secret
10829,軍,ぐん,군,군,N4,Army; force; troops
8831,機密,きみつ,키미츠,기밀,N3,Secrecy; confidential; secret
38723,遊歩,ゆうほ,유우호,"산책,유보",N1,walking; stroll
8864,客室,きゃくしつ,캬쿠시츠,객실,N1,Guest room; cabin
36517,満ち溢れる,みちあふれる,미치아후레루,가득 차서 넘치다,N1,to be full of; to overflow with
35051,防御,ぼうぎょ,보우교,방어,N1,defense; safeguard
30294,晴れ間,はれま,하레마,잠깐 갠 날,N1,break in the clouds; interval of sunlight
64083,引き立てる,ひきたてる,히키타테루,돋보이게 하다,N3,To favor; to promote; to set off (to advantage)
6515,課する,かする,카스루,부과하다,N2,To impose; to levy; to assign
30183,払い,はらい,하라이,지불,N1,payment; bill; sweeping stroke (calligraphy)
30528,媒介,ばいかい,바이카이,매개,N1,mediation; agency; vector (science)
30548,媒体,ばいたい,바이타이,매체,N1,medium; media
27095,動ずる,どうずる,도우즈루,동요하다,N2,"to be perturbed, to be shaken"
10197,口当たり,くちあたり,쿠치아타리,입에 닿는 느낌,N1,Taste; palate; mouthfeel
4230,延滞,えんたい,엔타이,연체,N1,Delay; arrears; overdue
4633,大粒,おおつぶ,오오츠부,알이 굵음,N1,Large grain; large drop
2118,一望,いちぼう,이치보우,일망,N3,A sweeping view; bird's-eye view
2628,彩る,いろどる,이로도루,물들이다,N3,To color; to paint; to decorate
98723,各駅,かくえき,카쿠에키,각역,N1,Every station
47829,居心地,いごごち,이고고치,기분(머무를때의),N1,comfort (at home/place)
68340,燃え盛る,もえさかる,모에사카루,활활타다,N2,To be in full blaze
69738,蛇尾,だび,다비,사미(뱀 꼬리),N1,"Ending weakly (from ""Dragon head, snake tail"")"
69758,粒々,りゅうりゅう,류류,알알이; 낟알,N1,Grains; lumps
69195,夜露,よつゆ,요츠유,밤이슬,N1,Night dew
70852,夕涼み,ゆうすずみ,유스즈미,저녁 바람을 쐼,N1,Enjoying the evening cool
69869,糧道,りょうどう,료도,양도(식량 보급로),N1,Supply route
67673,蒸し風呂,むしぶろ,무시부로,"증기탕, 사우나",N1,Steam bath; sauna
68293,猛禽,もうきん,모킨,맹금류,N1,Bird of prey
68742,揺らめく,ゆらめく,유라메쿠,흔들리다,N1,To waver; to flicker
71112,激辛,げきから,게키카라,매우 매움,N1,Extra spicy
68261,面前,めんぜん,멘젠,면전,N2,In front of one; presence
45653,備長,びんちょう,빈쵸우,비장,N1,Bincho (high-quality charcoal)
41459,焼酎,しょうちゅう,쇼우츄우,소주,N1,Shochu (distilled liquor)
39642,来訪,らいほう,라이호우,내방,N1,visit; call
38216,夜景,やけい,야케이,야경,N3,night view
38499,山々,やまやま,야마야마,산들,N3,mountains
715,遊び,あそび,아소비,놀이,N3,Play; game; amusement; slack
38131,焼き鳥,やきとり,야키토리,야키토리,N2,yakitori (grilled chicken)
26010,当事,とうじ,토우지,당사,N1,the matter in question
22929,台,だい,다이,대,N3,"stand, rack, platform, counter for machines"
38944,揺れ,ゆれ,유레,흔들림,N3,shaking; vibration; tremor
1662,勢い,いきおい,이키오이,기세,N3,Force; vigor; momentum; trend
38438,山崩れ,やまくずれ,야마쿠즈레,산사태,N1,landslide
36195,満塁,まんるい,만루이,만루,N2,bases loaded (baseball)
17502,新入,しんにゅう,신뉴우,신입,N3,"newly entered, newcomer"
36111,円やか,まろやか,마로야카,"둥근 모양,순함",N2,mellow; mild; smooth
35989,侭,まま,마마,~인 채,N5,as it is; just as (mama)
35187,没頭,ぼっとう,봇토우,몰두,N2,absorption; immersion; devotion
20694,税,ぜい,제이,세,N4,"tax, duty"
1119,洗う,あらう,아라우,씻다,N5,To wash; to inquire into
21189,ソウル,ソウル,소우루,서울,N1,Seoul (capital of South Korea)
1722,育児,いくじ,이쿠지,육아,N3,Childcare; nursing
20720,絶賛,ぜっさん,젯산,"극찬,절찬",N1,"high praise, rave review"
17343,新作,しんさく,신사쿠,신작,N4,"new work, new production"
9000,救出,きゅうしゅつ,큐우슈츠,구출,N2,Rescue; salvage
32722,不幸,ふこう,후코우,불행,N2,unhappiness; misfortune; bereavement
27060,同士,どうし,도우시,"동류,-끼리",N3,"fellow, companion, among (e.g., women)"
12882,孤独,こどく,코도쿠,고독,N2,Solitude; loneliness
38583,唯一,ゆいいつ,유이이츠,유일,N3,only; sole; unique
37801,最も,もっとも,못토모,가장,N3,most; extremely
29859,発車,はっしゃ,핫샤,발차,N2,Departure of a vehicle
7052,構う,かまう,카마우,상관하다,N2,To mind; to care about; to entertain
7733,観点,かんてん,칸텐,관점,N2,Point of view; perspective
1898,以上,いじょう,이죠우,이상,N5,More than; this is all; since
68126,安値,やすね,야스네,싼 가격,N1,Low price
57201,寸秒,すんびょう,슨뵤우,"촌초, 아주 짧은 시간",N1,A moment; a split second
6369,嵩む,かさむ,카사무,커지다,N2,To pile up; to increase (costs)
52234,賢者,けんじゃ,켄쟈,현자,N2,wise man; sage
39991,理性,りせい,리세이,이성,N2,reason; rationality
40197,涼,りょう,료우,시원함,N1,coolness
38669,友情,ゆうじょう,유우죠우,우정,N3,friendship
37634,盲目,もうもく,모우모쿠,맹목,N2,blindness; blind
38990,よいしょ,よいしょ,요이쇼,이영차 (무거운 짐을 들 때). (よいしょする의 형태로) 치켜세우다. 부추기다,N2,heave-ho; (slang) flattery
37146,無知,むち,무치,무지,N2,ignorance
37186,無謀,むぼう,무보우,무모,N2,reckless; thoughtless
36164,満足,まんぞく,만조쿠,만족,N3,satisfaction; contentment
34266,鞭撻,べんたつ,벤타츠,편달,N1,encouragement; urging; whipping
22633,多忙,たぼう,타보우,"다망, 바쁨",N3,very busy
30614,暴露,ばくろ,바쿠로,폭로,N2,exposure; disclosure; revelation
30539,買収,ばいしゅう,바이슈우,인수,N1,acquisition; buyout; bribery
32992,不満,ふまん,후만,불만,N3,dissatisfaction; discontent
32548,深める,ふかめる,후카메루,깊게하다,N3,to deepen; to heighten
30576,馬鹿馬鹿しい,ばかばかしい,바카바카시이,어리석다,N2,absurd; ridiculous
606,葦,あし,아시,갈대,N4,Reed; rush
10069,釘,くぎ,쿠기,못,N2,Nail; spike
30485,ハート,ハート,하아토,하트,N1,heart (shape/feeling)
3385,生み出す,うみだす,우미다스,낳다,N2,To create; to produce; to bring forth
30812,板金,ばんきん,반킨,판금,N1,sheet metal
30331,半額,はんがく,한가쿠,반액,N1,half price
31226,引き下げ,ひきさげ,히키사게,인하,N1,reduction; cut; lowering
3186,疑い,うたがい,우타가이,의심,N4,Doubt; suspicion; uncertainty
324,証し,あかし,아카시,증거,N1,Proof; evidence; testimony
30964,ぱちん,ぱちん,파친,톡,N1,clicking sound; (pachinko)
1810,意志,いし,이시,의지,N1,Will; volition; determination
11844,校,こう,코으,"교, 학교",N4,School; proof (printing)
10320,首筋,くびすじ,쿠비스지,목덜미,N1,Nape of the neck
703,焦る,あせる,아세루,초조해하다,N3,To be in a hurry; to be impatient; to panic
6557,化石,かせき,카세키,화석,N2,Fossil
1621,如何なる,いかなる,이카나루,어떠한,N2,Any kind of; what sort of
8811,希望,きぼう,키보우,희망,N4,Hope; wish; aspiration
6902,奏でる,かなでる,카나데루,연주하다,N2,To play (an instrument)
1389,安定,あんてい,안테이,안정,N4,Stability; equilibrium
8261,機,き,키,기,N5,Machine; opportunity; aircraft
19848,静寂,せいじゃく,세이쟈쿠,정적,N2,"silence, stillness, quiet"
33822,へい,へい,헤이,헤이,N2,Hey!; Yes (humble)
31338,膝,ひざ,히자,무릎,N4,knee; lap
38538,遣り直す,やりなおす,야리나오수,다시 시작하다,N2,to do over; to start again
6590,数える,かぞえる,카조에루,세다,N4,To count
6024,カガ,かが,카가,카가,N1,Kaga (province/city)
6849,カトウ,かとう,카토우,가토,N2,Kato (surname)
17234,真,しん,신,진정,N3,"truth, reality, genuine"
30303,ハン,はん,한,한,N1,half; stamp; group (phonetic)
29724,始まる,はじまる,하지마루,시작되다,N5,To begin / to start
26568,飛び回る,とびまわる,토비마와루,"날아다니다, 누비다",N2,"to fly about, to bustle about"
4952,押し寄せる,おしよせる,오시요세루,몰려들다. 밀어닥치다,N3,To surge; to rush toward; to crowd
5233,思い返す,おもいかえす,오모이카에스,다시 생각하다,N1,To rethink; to change one's mind; to recall
24456,使い分ける,つかいわける,츠카이와케루,구분해서 사용하다,N1,"to use properly, to use different things for different purposes"
22653,魂,たましい,타마시이,영혼,N3,"soul, spirit"
137240,弾き,はじき,하지키,구슬,N3,Playing (strings); repulsion
23402,チェ,체,체,채,N1,(interjection of tongue-clicking/irritation)
13625,さあ,さあ,사아,"자, 어서",N1,Come; now; well
40341,利用,りよう,리요우,이용,N5,use; utilization
21823,対する,たいする,타이스루,대하다,N5,"to face, to be towards, to contrast"
12312,効能,こうのう,코우노우,효능,N1,Efficacy; benefit; effect
11382,ケンタ,けんた,켄타,켄타(사람이름),N3,Kenta (name) / Quince
21290,素材,そざい,소자이,소재,N4,"material, raw material, subject matter"
1218,或いは,あるいは,아루이하,혹은,N1,Or; perhaps; possibly
227562,部屋係,へやがかり,헤야가카리,객실 담당,N1,Room attendant / Concierge
11952,好奇,こうき,코우키,호기,N2,Curiosity
48425,肩凝り,かたこり,카타코리,어깨 결림,N2,stiff shoulder
37134,難しい,むずかしい,무즈카시이,어려운,N5,difficult
53156,言の葉,ことのは,코토노하,"말, 단어, 시가",N1,words; lyrics
61352,雑煮,ぞうに,조우니,떡국,N1,Zoni (New Year's soup with mochi)
210481,数多く,かずおおく,카즈오오쿠,수많다,N3,Numerous / Many
159,愛想,あいそ,아이소,"붙임성,애상",N2,"Civility; sociability; (often ""aiso"" - friendliness)"
2334,移動,いどう,이도우,이동,N4,Movement; transfer; migration
12841,孤島,ことう,코토우,"외딴 섬,고도",N1,Solitary island
3379,生まれる,うまれる,우마레루,생겨나다,N5,To be born; to come into existence
41161,若手,わかて,와카테,젊은,N3,young person; newcomer
9555,着る,きる,키루,입다,N5,To wear (on upper body)
8842,キムラ,きむら,키무라,키무라,N1,Kimura (surname)
87836,語り合う,かたりあう,카타리아우,이야기를 나누다,N3,To talk together
2895,雨,あめ(う),아메(우),비(우),N4,Rain
169,間柄,あいだがら,아이다가라,사람들 사이의 관계,N1,Relation(ship); terms
33980,遜る,へりくだる,헤리쿠다루,겸양하다,N1,to humble oneself; to be modest
87796,螺貝,にじがい,니지가이,나조개,N1,Conch shell
63115,のろのろ,のろのろ,노로노로,느릿느릿,N1,Slowly; sluggishly
61247,草原,そうげん,소우겐,초원,N3,Grassland; prairie
61234,雑巾,ぞうきん,조우킨,걸레,N2,Dustcloth; cleaning rag
60997,取り次ぐ,とりつぐ,토리츠구,중개하다,N1,To act as an intermediary; to announce a visitor
33543,分,ぶん,분,"분, 몫",N4,part; segment; status; degree
20214,接戦,せっせん,셋센,접전,N2,"close game, tight race"
7581,韓国,かんこく,칸코쿠,한국,N3,South Korea
15994,車両,しゃりょう,샤료우,차량,N3,Vehicle; rolling stock; railroad car
2614,色合い,いろあい,이로아이,색감,N2,Coloring; shade; tone
30931,パク,パク,파쿠,박,N2,eating/snapping sound; (paku-paku)
18654,常連,じょうれん,죠우렌,단골,N2,regular customer
241118,仕事帰り,しごとがえり,시고토가에리,퇴근,N3,On the way home from work
33870,弊社,へいしゃ,헤이샤,회사,N1,our company (humble)
7640,感じ,かんじ,칸지,느낌,N3,Feeling; sense; impression
28846,熱狂,ねっきょう,넷쿄우,열광,N1,Enthusiasm / frenzy / craze
4981,遅く,おそく,오소쿠,늦게,N4,Late; slowly
2309,イトウ,いとう,이토우,이토,N2,Ito (common surname)
29249,乗り換え,のりかえ,노리카에,환승,N2,Transfer (train/bus)
200,生憎,あいにく,아이니쿠,공교롭게도. 마침,N2,Unfortunately; unluckily
27000,動画,どうが,도우가,영상,N2,"video, moving image"
100694,声掛け,こえがけ,코에가케,말을 거는 것,N2,Calling out; greeting
27734,眺め,ながめ,나가메,경치,N2,"view, scene, outlook"
356,明かり,あかり,아카리,등불,N4,Light; illumination; lamp
26661,共々,ともども,토모도모,함께,N1,"together, with"
45642,ストリーミング,ストリーミング,스토리밍구,스트리밍,N5,streaming
70530,山荒らし,やまあらし,야마아라시,호저(산미치광이),N1,Porcupine; ravaging mountains
69236,夜更かし,よふかし,요후카시,밤샘,N3,Staying up late
11560,下駄,げた,게타,"나막신,게다",N1,Geta (traditional Japanese wooden clogs)
37385,巡り,めぐり,메구리,순회,N2,tour; cycle; circulation
62245,情け深い,なさけぶかい,나사케부카이,정이 깊다,N1,Compassionate; kind-hearted
62273,謎々,なぞなぞ,나조나조,수수께끼,N2,Riddle; puzzle
11376,喧騒,けんそう,켄소우,소음,N2,Tumult; bustle; noise
434,飽きる,あきる,아키루,싫증나다,N3,To get tired of; to lose interest
59657,近付き,ちかずき,치카즈키,친하게 지냄,N1,Acquaintance; approach
22061,タカハシ,たかはし,타카하시,다카하시,N2,Takahashi (surname)
34771,程,ほど,호도,정도,N2,extent; degree; (as a particle) about
734,温かみ,あたたかみ,아타타카미,따뜻함,N1,Warmth
62348,何とぞ,なにとぞ,나니토조,제발. 부디. 아무쪼록,N2,Please; kindly
52597,光栄,こうえい,코우에이,영광,N2,honor; glory
25258,手前,てまえ,테마에,앞쪽,N3,"before, this side, one's standpoint"
14447,更なる,さらなる,사라나루,한층 더,N1,Even more; further
36387,見知る,みしる,미시루,면식이 있다,N2,to recognize; to know
20869,前任,ぜんにん,젠닌,전임,N1,"predecessor, previous post"
64512,西日,にしび,니시비,석양. 저녁해,N1,Setting sun; afternoon sun
14285,サトウ,さとう,사토우,사토,N3,Sato (common surname)
48973,かねがね,かねがね,카네가네,전부터,N1,for some time; already
9021,球場,きゅうじょう,큐우죠우,구장,N2,Baseball stadium; ball park
8693,着付け,きつけ,키츠케,옷입기,N1,Dressing (someone) in a kimono
37260,銘菓,めいか,메이카,명과,N1,famous confection
62833,螺子回し,ねじまわし,네지마와시,드라이버,N1,Screwdriver
63242,廃油,はいゆ,하이유,폐유,N1,Waste oil
8417,奇遇,きぐう,키구우,기우 (우연한 만남),N1,Strange coincidence; unexpected meeting
32077,秒,びょう,뵤우,초,N2,second (time)
6104,掻き分ける,かきわける,카키와케루,헤치고 나가다,N1,To push through; to elbow aside
32291,府,ふ,후,부,N4,prefecture (Osaka/Kyoto); government office
30278,遥々,はるばる,하루바루,아득히,N1,from afar; all the way
3375,生まれ育つ,うまれそだつ,우마레소다츠,태어나서 자라다,N2,To be born and raised
22992,醍醐,だいご,다이고,"크림,제호",N1,"daigo (the best part), pith, nectar"
27940,名乗る,なのる,나노루,자기 이름을 대다,N1,"to call oneself, to give one's name"
17840,自社,じしゃ,지샤,자사,N1,one's own company
16035,朱印,しゅいん,슈인,"찍은 도장,주인",N1,Red seal; stamp
48315,遠路,えんろ,엔로,"먼 길, 원로",N1,long way; great distance
2514,否,いや,이야,아냐,N2,(Repeated) No; nay
13787,サイトウ,さいとう,사이토우,사이토,N2,Saito (common surname)
13779,裁定,さいてい,사이테이,재정,N1,Ruling; arbitration
60557,通りすがり,とうりすがり,토우리스가리,지나가던던,N1,Passing by; passerby
436,呆れる,あきれる,아키레루,어이없다. 기가 막히다,N2,To be amazed; to be appalled; to be fed up
9489,切らす,きらす,키라스,다 쓰다,N2,To run out of; to be short of
64416,冷え性,ひえしょう,히에쇼우,냉한 체질,N1,Sensitivity to cold
49349,鉋,かんな,칸나,대패,N1,plane (woodworking tool)
64984,未,ひつじ,히츠지,"12간지의 미",N2,Not yet
441,悪,あく,아쿠,악,N3,(Repeated) Vice; badness
34098,へえ,へえ,헤에,아,N1,Oh!; Really? (exclamation)
60535,灯籠,とうろう,토우로우,등롱,N2,Lantern (stone or hanging)
34363,ホアン-外国,ホアン,호안,호안,N1,Juan (foreign name)
87265,炊き込む,たきこむ,타키코무,다른 걸 섞어 밥을 짓다,N1,To cook together (rice with other ingredients)
153670,貢税,ぐぜい,구제이,"조세,공세",N1,Tribute; tax
87292,垂れ下がる,たれさがる,타레사가루,늘어지다,N1,To hang down; to dangle
68210,宿帳,やどちょう,야도쵸우,숙박부,N1,Hotel register
67622,ほろ苦い,ほろにがい,호로니가이,쌉쌀하다,N1,Bittersweet
67676,虫干し,むしぼし,무시보시,바람에 말림,N1,Airing out (clothes/books)
65599,日の入り,ひのいり,히노이리,일몰,N2,Sunset
65405,膨らます,ふくらます,후쿠라마스,부풀리다,N2,To expand; to swell; to puff out
60303,詰め物,つめもの,츠메모노,채워 넣는 것,N1,Filling; stuffing; padding
65373,不評,ふひょう,후효우,"평판이 나쁨, 악평",N1,Bad reputation; unpopular
60491,倒木,とうぼく,토우보쿠,"쓰러진 나무,도목",N1,Fallen tree
64914,ぷい,ぷい,푸이,휙,N1,Abruptly (leaving in a huff)
39300,ヨシダ,よしだ,요시다,요시다,N1,Yoshida (surname)
65082,ふかふか,ふかふか,후카후카,푹신푹신,N1,Soft; fluffy
61225,壮挙,そうきょ,소우쿄,장거,N1,Heroic deed; grand enterprise
38529,遣り甲斐,やりがい,야리가이,하는 보람,N1,worth doing; rewarding
63032,後添い,のちぞい,노치조이,"후처, 후실",N1,Second wife
62817,寝言,ねごと,네고토,잠꼬대,N1,Sleep-talking; nonsense
65068,更かす,ふかす,후카스,(밤을) 새우다,N1,To stay up late
63285,鋼,はがね,하가네,강철,N1,Steel
61266,相思,そうし,소우시,상사 (서로 생각함),N1,Mutual love
61550,貞淑,ていしゅく,테이슈크,정숙,N1,Chaste; virtuous (woman)
35878,マツモト,まつもと,마츠모토,마츠모토,N1,Matsumoto (surname)
32943,太っ腹,ふとっぱら,후톳빠라,"너그러움, 배포가 큼",N1,generous; big-hearted
479,悪魔,あくま,아쿠마,악마,N2,Devil; demon; fiend
65289,歩留まり,ぶどまり,부도마리,수율,N1,Yield (production)
30753,ばらばら,ばらばら,바라바라,산산이,N2,scattered; in pieces; disjointed
6398,菓子,かし,카시,과자,N4,Sweets; candy; pastry
17488,しんどい,しんどい,신도이,힘이들다,N2,"tired, weary, draining"
30635,バショウ,ばしょう,바쇼우,바쇼우,N1,Japanese fiber banana (basho)
31207,引き合い,ひきあい,히키아이,서로 당김,N1,reference; comparison; inquiry
39813,乱心,らんしん,란신,미침,N2,insanity; losing one's mind
23122,だけ,だけ,다케,~만,N6,"only, just, as much as"
28033,並べ立てる,ならべたてる,나라베타테루,늘어놓다,N1,"to list, to enumerate, to set out"
38456,ヤマダ,やまだ,야마다,사람이름,N5,Yamada (surname)
87283,吹き出る,ふきでる,후키데루,뿜어나오다,N1,To gush out; to sprout
141906,喝上げ,かつあげ,카츠아게,"공갈, 협박",N2,Extortion; shakedown
87855,分け合う,わけあう,와케아우,서로 나누다,N1,To share; to divide
70407,路肩,ろかた,로카타,갓길,N1,Shoulder of a road
37945,最寄り,もより,모요리,가장 가까운,N2,nearest; nearby
36841,土産,みやげ,미야게,토산,N4,souvenir; gift
12351,後部,こうぶ,코우부,후부,N1,Rear; back part
41322,喚く,わめく,와메쿠,외치다,N2,to shout; to scream; to cry out
60288,瞳孔,どうこう,도우코우,동공,N3,Pupil (of the eye)
26023,蕩尽,とうじん,토우진,탕진,N2,"squandering, dissipation"
5434,音声,おんせい,온세이,음성,N1,Voice; sound; audio
15872,車外,しゃがい,샤가이,차 밖,N1,Outside the car
47750,浮き足,うきあし,우키아시,들뜬발,N1,getting cold feet; wavering
54350,粗目,ざらめ,자라메,"굵은 설탕, 거칢",N2,Coarse mesh; granulated sugar (Zarame)
12918,此の世,このよ,코노요,현세,N1,This world; this life
9814,議題,ぎだい,기다이,의제,N2,Topic for discussion; agenda
54524,溺れ死に,おぼれじに,오보레지니,익사,N1,Drowning to death
4775,置き,おき,오키,~간격,N1,Placing; putting; interval (suffix)
10112,腐れ縁,くされえん,쿠사레엔,악연,N1,Inseparable relation; fatal bond
52318,切れ目,きれめ,키레메,끊어진 자국. 잘린 곳,N2,break; pause; gap
61107,善女,ぜんにょ,젠뇨,선녀,N1,Pious woman; good woman
61344,壮図,そうと,소우토,장도 (큰 계획),N1,Grand plan; ambitious project
61056,泉水,せんすい,센스이,"못, 샘물",N1,Garden pond; fountain
8776,規範,きはん,키한,규범,N2,Model; standard; norm
480,飽くまで,あくまで,아쿠마데,어디까지나,N2,To the end; persistently; purely
3033,浮かぶ,うかぶ,우카부,뜨다,N4,To float; to come to mind
61117,浅薄,せんぱく,센파쿠,천박함,N1,Shallow; superficial
3510,煩い,うるさい,우루사이,"시끄럽다, 잔소리가 많다",N5,Noisy; annoying; fussy
61562,定礎,ていそ,테이소,정초 (주춧돌 놓기),N1,Cornerstone; foundation stone
509,明ける,あける,아케루,(날이)밝다,N3,To dawn; to end (year/season)
497,明け方,あけがた,아케가타,새벽녘,N2,Dawn; daybreak
52404,近眼,きんがん,킨간,"근시,근안",N2,nearsightedness
51429,上目,うわめ,우와메,눈을치뜸,N1,upturned eyes; looking up
52541,恋煩い,こいわずらい,코이와즈라이,상사병,N1,lovesickness
60777,土蔵,どぞう,도조우,"흙창고, 토조",N1,Storehouse (with thick earthen walls)
46737,足踏み,あしぶみ,아시부미,제자리걸음,N1,stepping; hesitation; stalemate
30468,氾濫,はんらん,한란,범람,N3,flooding; overflowing; deluge
4284,円安,えんやす,엔야스,엔저,N1,Weak yen (currency exchange)
31874,拾い上げる,ひろいあげる,히로이아게루,주워 올리다,N2,to pick up
14236,昨今,さっこん,삿콘,작금,N1,Nowadays; these days
36813,耳鳴り,みみなり,미미나리,이명,N1,ringing in the ears
31648,疲弊,ひへい,히헤이,피폐,N2,exhaustion; impoverishment
21568,蔵書,ぞうしょ,조우쇼,장서,N1,"book collection, library"
26771,取り返す,とりかえす,토리카에스,되찾다,N1,"to regain, to get back"
29400,背信,はいしん,하이신,배신,N1,Breach of trust / betrayal
41244,災い,わざわい,와자와이,재앙,N1,calamity; catastrophe; misfortune
69204,淀む,よどむ,요도무,"고이다, 정체하다",N2,To stagnate; to settle
31340,膝頭,ひざがしら,히자가시라,무릎,N1,kneecap
7835,勧誘,かんゆう,칸유우,권유,N2,Invitation; solicitation; canvassing
13065,雇用,こよう,코요우,고용,N2,Employment; hire
28234,難い,にくい,니쿠이,어렵다,N4,"difficult, hard to (suffix)"
23067,代表,だいひょう,다이효우,대표,N4,"representative, delegation"
34507,放題,ほうだい,호우다이,마음대로 함,N2,as much as one likes (suffix)
7894,外,がい,가이,외,N3,Outside; external
172082,焼き上がる,やきあがる,야키아가루,잘 구워지다,N1,To be freshly baked/cooked
19458,隅々,すみずみ,스미즈미,구석구석,N2,every nook and cranny
7495,看過,かんか,칸카,간과,N1,Oversight; ignoring; passing over
2856,陰謀,いんぼう,인보우,음모,N1,Conspiracy; plot; intrigue
18050,地道,じみち,지미치,견실,N1,"steady, honest, sober"
67085,干し物,ほしもの,호시모노,널어둔 빨래,N1,Laundry (for drying); dried goods
61423,挿話,そうわ,소우와,"삽화, 에피소드",N1,Episode; anecdote
17148,市立,しりつ,시리츠,시립,N1,municipal city-run
61194,桑園,そうえん,소우엔,"뽕나무 밭, 상원",N1,Mulberry plantation
61459,俗事,ぞくじ,조쿠지,세속적인 일,N1,Mundane affairs; worldly matters
36330,右隅,みぎすみ,미기스미,오른쪽 구석,N1,right corner
2158,一過,いっか,잇카,"한 번 지나감, 일과",N1,Passing; transient
529,憧れる,あこがれる,아코가레루,동경하다,N3,To long for; to admire; to adore
15047,しか,しか,시카,~밖에,N5,Only; nothing but
61449,賊軍,ぞくぐん,조쿠군,적군,N1,Rebel army
62920,粘液,ねんえき,넨에키,점액,N1,Mucus
16729,少数,じょうすう,죠우스우,소수,N1,"minority, few"
38224,焼ける,やける,야케루,"타다, 구워지다",N2,to be roasted; to be burnt
38914,揺らぎ,ゆらぎ,유라기,흔들림,N1,fluctuation; wavering
15531,室,しつ,시츠,"방, 실",N4,Room
9882,魚,ぎょ,교,어,N4,Fish
14608,山積,さんせき,산세키,산적,N1,Piled up; mountain (of work/problems)
9982,ギンザ,ぎんざ,긴자,긴자,N2,Ginza
39795,乱獲,らんかく,란카쿠,남획,N1,overfishing; overhunting
539,麻,あさ,아사,삼,N4,Hemp; flax; linen
11451,堅牢,けんろう,켄로우,견고,N1,Strong; solid; robust
8732,機内,きない,키나이,기대,N2,Inside the plane; in-flight
38639,有権,ゆうけん,유우켄,유권,N1,powerful; (yukensha) voter
540,浅い,あさい,아사이,얕다,N4,Shallow; superficial; early
49976,築き上げる,きずきあげる,키즈키아게루,쌓아올리다,N2,to build up; to establish
68192,待ち合わせる,まちあわせる,마치아와세루,만나다,N3,To meet up
32714,更ける,ふける,후케루,(밤이) 깊어지다,N2,to grow late (night); to advance (season)
53230,愚行,ぐこう,구코우,우행,N1,folly; foolish act
32745,節,"ふし(せつ,せち)","후시(세츠,세치)",마디(절),N4,joint; knot; melody; point
7680,観戦,かんせん,칸센,관전,N1,Watching a game/match
29935,発明,はつめい,하츠메이,발명,N2,Invention
12685,呼称,こしょう,코쇼우,호칭,N1,Name; designation; title
638,足元,あしもと,아시모토,발밑,N4,At one's feet; gait; footing
283880,ぱち物,ぱちもん,파치몬,짝퉁,N1,Fake / Knock-off product
27710,長続き,ながつずき,나가츠즈키,오래계속됨,N1,"long-lasting, continuing for a long time"
347900,令和,れいわ,레이와,레이와,N1,Reiwa (Current Japanese era)
60900,弔い,とむらい,토무라이,"조문, 장례",N1,Mourning; funeral
689,預かる,あずかる,아즈카루,맡아 보관하다,N3,To keep; to take charge of; to look after
24503,ツキジ,つきじ,츠키지,츠키지,N1,Tsukiji (place name)
17976,実情,じつじょう,지츠죠우,실정,N1,"real condition, actual state"
13916,魚屋,さかなや,사카나야,생선가게,N1,Fishmonger; fish shop
22386,断ち切る,たちきる,타치키루,근절하다,N1,"to cut off, to sever, to break (habits)"
87310,履き替える,はきかえる,하키카에루,갈아신다,N2,To change (shoes/socks)
37302,明晰,めいせき,메이세키,명석,N1,clear; distinct; lucid
10377,汲み取る,くみとる,쿠미토루,수렴하다,N1,To scoop up; to empathize; to understand
22128,炊き上がる,かきあがる,카키아가루,(밥이)지어지다,N1,to be cooked (rice)
37773,持ち主,もちぬし,모치누시,소유자,N3,owner; possessor
62630,尿意,にょうい,뇨이,요의(오줌 마려움),N1,Urge to urinate
15154,試金,しきん,시킨,시금,N1,Touchstone; assaying
4790,オキナワ,おきなわ,오키나와,오키나와,N1,Okinawa
4836,奥深い,おくふかい,오쿠후카이,깊숙하다,N2,Profound; deep; far back
31447,ひっそり,ひっそり,힛소리,조용히,N2,quietly; still; deserted
65351,人任せ,ひとまかせ,히토마카세,남에게 맡김,N1,Leaving it to others
65440,生き恥,いきはじ,이키하지,살아서 겪는 수치,N1,Living in dishonor
17823,自国,じこく,지코쿠,자국,N1,one's own country
710,彼処,あそこ,아소코,저기,N5,Over there; that place
26191,遠ざける,とうざける,토우자케루,멀어지다,N2,to keep at a distance
35037,貿易,ぼうえき,보우에키,무역,N4,trade; commerce
23159,脱却,だっきゃく,닷캬쿠,"벗어남,탈각",N1,"ridding oneself of, freeing oneself"
21490,尊厳,そんげん,손겐,존엄,N1,"dignity, sanctity"
21079,創生,そうせい,소우세이,창생,N1,"creation, genesis"
13396,傲慢,ごうまん,고우만,오만,N1,Arrogance; pride
62067,沖天,ちゅうてん,추텐,충천(하늘을 찌름),N1,Soaring into the sky
9560,切れ,きれ,키레,조각,N1,Piece; slice; sharpness; counter
63357,白昼,はくちゅう,하쿠츄우,"백주,대낮",N1,Broad daylight
54758,恩人,おんじん,온진,은인,N1,Benefactor; patron
11344,検証,けんしょう,켄쇼우,검증,N1,Verification; inspection
44440,混み合う,こみあう,코미아우,붐비다,N2,to be crowded; to be packed
40692,劣化,れっか,렛카,열화,N1,deterioration; degradation
35931,眼差し,まなざし,마나자시,눈빛,N1,look; gaze
34777,程遠い,ほどとおい,호도토오이,동떨어지다,N1,far from; distant
5924,回遊,かいゆう,카이유우,회유,N1,Excursion; migration (fish); wandering
22601,旅先,たびさき,타비사키,여행지,N4,"one's destination, place of travel"
31060,ぱんぱん,ぱんぱん,판판,빵빵,N2,bulging; full; snapping sound
29893,発表,はっぴょう,핫표우,발표,N5,Announcement / presentation
27124,同調,どうじょう,도우죠우,동조,N1,"alignment, synchronization, sympathy"
218168,雨除け,あまよけ,아마요케,비막이,N1,Rain shelter / Cover
6773,且つ,かつ,카츠,동시에,N1,And; also; at the same time
26062,統治,とうち,토우치,통치,N1,"rule, governance, reign"
6168,各社,かくしゃ,카쿠샤,각사,N1,Each company
26071,到底,とうてい,토우테이,도저히,N2,"(not) by any means, (not) at all"
98938,東口,ひがしぐち,히가시구치,동쪽 출입구,N2,East exit
102458,当店,とうてん,토우텐,당점(저희 점포),N2,This store
3579,運行,うんこう,운코우,운행,N2,Service (bus/train); operation; motion
3389,生みの親,うみのおや,우미노오야,낳아준 부모,N1,Biological parent; originator; founder
65871,箱物,はこぶつ,하코부츠,세금낭비 건물,N1,Large public buildings (often criticized as wasteful)
724,値,あたえ,아타에,값,N2,Value; price; numerical value
735,温まる,あたたまる,아타타마루,따뜻해지다,N3,To warm up; to get warm
62039,衷心,ちゅうしん,츄우신,진심,N1,One's innermost heart; sincerity
752,当たり,あたり,아타리,"당첨,당,촉감",N2,(Repeated) A bite (fishing); success
755,当たり前,あたりまえ,아타리마에,당연함,N3,Natural; obvious; common
771,彼方此方,あちこち,아치코치,여기저기,N2,Here and there; everywhere
26079,尊い,とうとい,토우토이,귀하다,N2,"precious, valuable, noble"
17043,初日,しょにち,쇼니치,초일,N3,"first day, opening day"
17260,深海,しんかい,신카이,심해,N2,deep sea
26080,到頭,とうとう,토우토우,마침내,N4,"finally, at last"
26084,尊ぶ,とうとぶ,토우토부,공경하다. 존경하다. 존중하다,N3,"to value, to prize, to respect"
62188,丁数,ちょうすう,쵸우스우,정수,N1,Number of pages; number of pieces (tofu)
51151,裏表,うらおもて,우라오모테,"겉과 속,표리",N1,both sides; reverse; duplicity
26092,盗難,とうなん,토우난,도난,N2,"theft, robbery"
14895,惨死,ざんし,잔시,"참혹하게 죽음, 참사",N1,Tragic death
26096,当人,とうにん,토우닌,당사자,N1,the person in question
26112,当番,とうばん,토우반,당번,N2,being on duty
61541,丁字,ていじ,테이지,丁자,N1,T-shape; clove
65520,冬枯れ,ふゆがれ,후유가레,겨울이 되어 초목이 시듦; 불경기,N1,Withered in winter
12772,こだわる,こだわる,코다와루,하나하나 신경쓰다,N2,To be particular about; to fuss over
37531,免責,めんせき,멘세키,면책,N2,exemption from responsibility; disclaimer
12558,国内,こくない,코쿠나이,국내,N2,Domestic; internal
65317,船着き,ふなつき,후나츠키,선착장,N1,Harbor; landing place
62592,煮豆,にまめ,니마메,조림콩,N1,Boiled beans
54591,表門,おもてもん,오모테몬,정문,N1,Front gate; main gate
62709,ぬかるみ,ぬかるみ,누카루미,"진창, 질퍽한 곳",N1,Muddy road; quagmire
40170,流暢,りゅうちょう,류우쵸우,유창,N1,fluent (speech)
36234,未,み,미,미,N4,not yet (prefix)
24448,遣い,"つかい,-づかい","츠카이,-드카이","씀,심부름꾼,-상태",N2,"use, mission, messenger"
18159,重,じゅう,쥬우,중,N3,"heavy, layered, serious"
19802,清算,せいさん,세이산,청산,N1,"liquidation, settlement"
137307,欠き氷,かきごうり,카키고우리,빙수,N2,Shaved ice (Kakigori)
27764,泣き叫ぶ,なかさけぶ,나카사케부,울부짖다,N1,"to cry out, to scream"
67194,霧笛,むてき,무테키,뱃고동,N1,Foghorn
120055,刻,こく,코쿠,각,N4,Time; moment; carving
273396,冷えピタ,ひえぴた,히에피타,히에피타,N1,Cooling gel sheet (Brand name)
769,彼方,あっち,앗치,저쪽,N4,That way; yonder; over there
9638,均衡,きんこう,킨코우,균형,N2,Equilibrium; balance
31690,冷や汗,ひやあせ,히야아세,식은땀,N3,cold sweat
29560,吐く,はく,하쿠,내쉬다,N3,To vomit / to breathe out
138466,満タン,まんたん,만땅,"가득, 만탱크",N2,Full tank
228448,請う,こう,코우,청하다,N2,To beg / To request
7225,カラオケ,カラオケ,카라오케,노래방방,N1,Karaoke
176128,凹み,へこみ,헤코미,움푹 파인 곳,N1,Dent; hollow; depression
7872,カーナビ,カーナビ,카아나비,자동차 네비,N5,Car navigation system
67057,未踏,みとう,미토우,미답(가보지않은),N2,Untrodden; unexplored
29626,育む,はぐくむ,하구쿠무,키우다,N3,To raise / to nurture
6211,格闘,かくとう,카쿠토우,격투,N1,Hand-to-hand fighting; grappling
68306,申し付ける,もうしつける,모우시츠케루,분부하다,N1,To instruct; to tell (honorific)
9639,近郊,きんこう,킨코우,근교,N2,Suburbs; outskirts
26819,取々,とりどり,토리도리,각양각색,N4,"various, diverse"
61524,停学,ていがく,테이가쿠,정학,N1,Suspension from school
25450,店頭,てんとう,텐토우,가게 앞,N2,"storefront, counter"
60485,糖分,とうぶん,토우분,당분,N1,Sugar content
2182,一刻,いっこく,잇코쿠,일각,N1,A moment; an instant
65330,人波,ひとなみ,히토나미,인파,N1,Crowd of people (lit. wave of people)
5964,返し,かえし,카에시,반환,N1,Return; revenge; change (money)
64773,皮相,ひそう,히소,"피상, 겉모습",N1,Superficial
65717,被服,ひふく,히후쿠,피복(옷),N1,Clothing; raiment
34055,編成,へんせい,헨세이,편성,N1,composition; organization; compilation
24754,積み込み,つみこむ,츠미코무,적재,N1,loading
65201,腹案,ふくあん,후쿠안,복안(마음속의 생각/계획),N1,Tentative plan; plan in one's mind
55474,外装,がいそう,가이소우,외장,N1,Exterior; casing; packaging
9715,勤勉,きんべん,킨벤,근면,N3,Diligence; industry
16456,主流,しゅりゅう,슈류우,주류,N1,mainstream
9992,吟味,ぎんみ,긴미,"음미, 자세히 조사",N2,Careful selection; scrutiny; testing
16053,週明け,しゅうあけ,슈우아케,한 주가 시작됨,N1,Beginning of the week
16558,礁,しょう,쇼우,초,N4,"reef, sunken rock"
14564,珊瑚,さんご,산고,산호,N1,Coral
773,悪化,あっか,앗카,악화,N3,Deterioration; worsening
36993,無一文,むいちもん,무이치몽,무일푼,N2,penniless
11614,弦,げん,겐,현,N2,String (of an instrument); bowstring; chord
34176,別途,べっと,벳토,별도,N2,separately; special
38937,許し,ゆるし,유르시,"허가, 용서",N2,forgiveness; permission
36473,店先,みせさき,미세사키,가게 앞,N3,storefront
34017,返却,へんきょく,헨쿄쿠,반납,N3,return (of a borrowed item); repayment
6881,適う,かなう,카나우,적합하다,N1,To suit; to conform; to satisfy
35029,某,ぼう,보우,모,N4,a certain (prefix); so-and-so
33094,振り上げる,ふりあげる,후리아게루,치켜들다,N2,to swing up; to brandish
92522,溺れ死ぬ,おぼれしぬ,오보레시누,익사하다,N2,To drown to death
80174,ヒガシグチ,ひがしぐち,히가시구치,동쪽 출입구,N1,East Exit
66117,撥,ばち,바치,채,N2,Plectrum; drumstick
5780,改姓,かいせい,카이세이,개성,N1,Change of surname
29521,儚い,はかない,하카나이,덧없다,N2,Fleeting / transient / vain
29774,果たして,はたして,하타시테,과연,N2,As was expected / really?
3567,うわ,うわ,우와,우와,N1,Wow!; (exclamation of surprise)
63934,腹芸,はらげい,하라게,"배짱, 담력; 직접 말하지 않고 마음을 전하는 기술",N1,Mental communication; stomach performance
11650,原形,げんけい,겐케이,원형,N2,Original form
814,厚かましい,あつかましい,아츠카마시이,뻔뻔하다,N2,Impudent; shameless; brazen
28787,願う,おねがう,오네가우,원하다,N5,To wish / to hope / to beg
64534,肘掛け,ひじかけ,히지카케,팔걸이,N1,Armrest
28222,握り締める,にぎりしめる,니기리시메루,쥐다,N3,"to grasp tightly, to squeeze"
13433,極秘,ごくひ,고쿠히,극비,N2,Top secret; absolute secrecy
63770,馬匹,ばひつ,바히츠,마필(말),N1,Horses
10370,組み込む,くみこむ,쿠미코무,"편입하다,삽입하다",N2,To insert; to include; to incorporate
786,圧縮,あっしゅく,앗슈쿠,압축,N2,Compression; condensation
794,圧迫,あっぱく,앗파쿠,압박,N2,Pressure; oppression; coercion
65182,筆先,ふでさキ,후데사키,붓끝,N1,Tip of the brush; writing
834,誂える,あつらえる,아츠라에루,(양복을)맞추다,N1,To order (custom-made); to have made
842,当て字,あてじ,아테지,취음자,N1,Ateji (phonetic kanji usage)
27499,内定,たいてい,타이테이,내정,N1,"unofficial offer, tentative decision"
849,当て嵌まる,あてはまる,아테하마루,꼭 들어맞다,N2,To apply (to); to fit; to hold true
24524,付き物,つきもの,츠키모노,따라다니는 것,N1,"accessory, something that inevitably accompanies"
40909,労働,ろうどう,로우도우,노동,N4,labor; work
850,当て嵌める,あてはめる,아테하메루,끼워맞추다,N2,To apply; to adapt; to fit in
869,後回し,あとまわし,아토마와시,"뒤로 미룸, 뒷전",N2,Putting off; postponing
11673,元首,げんしゅ,겐슈,(국가)원수,N2,Head of state
22301,助け,たすけ,타스케,도움,N2,"help, assistance, rescue"
65767,姫松,ひめまつ,히메마츠,반송(소나무의 일종),N1,Small pine tree
1892,苛め,いじめ,이지메,괴롭힘,N2,Bullying; teasing
63187,肺臓,はいぞう,하이조,폐장(허파),N1,Lungs
40970,路上,ろじょう,로죠우,노상,N3,on the street
39869,理,り,리,리,N4,reason; logic; truth
21017,走行,そうこう,소우코우,주행,N3,"running (a vehicle), traveling"
22118,多額,たがく,타가쿠,"거액,다액",N1,large amount (of money)
63238,俳味,はいみ,하이미,"해학적인 맛, 하이카이의 정취",N1,Haiku-like taste; wit; elegance
20949,草,そう,소우,초,N4,"grass, weed, herb"
10988,形成,けいせい,케이세이,형성,N2,Formation; molding
11201,蹴飛ばす,けとばす,케토바스,걷어차다,N2,To kick away; to reject
50661,首飾り,くびかざり,쿠비카자리,목걸이,N2,necklace
39479,読み取る,よみとる,요미토루,읽어들이다,N2,to read (someone's mind/code)
31765,漂着,ひょうちゃく,효우챠쿠,표착,N1,drifting ashore
38717,郵便,ゆうびん,유우빈,우편,N3,mail; postal service
11440,倹約,けんやく,켄야쿠,검약,N2,Thrifty; frugality; economy
4188,演劇,えんげき,엔게키,연극,N1,Play; drama; theater
4514,大慌て,おおあわて,오오아와테,대혼란,N1,Great hurry; panic; frantic
28794,葱,ねぎ,네기,파,N4,Green onion / spring onion
22708,便り,たより,타요리,소식,N2,"news, tidings, letter"
34600,頬張る,ほうばる,호우바루,볼에 음식을 물다,N1,to stuff one's cheeks
87751,甲,こう(かぶ),코우(카부),갑,N2,Back of hand; instep; shell
29576,白菜,はくさい,하쿠사이,배추,N1,Chinese cabbage
894,貴方,あなた,아나타,당신,N5,You (polite)
922,暴れる,あばれる,아바레루,난동부리다,N2,To act violently; to rage; to struggle
935,浴びる,あびる,아비루,뒤집어쓰다,N5,To bathe in; to be showered with
963,油絵,あぶらえ,아부라에,유화,N2,Oil painting
951,溢れる,あふれる,아후레루,넘치다,N4,To overflow; to flood
1001,雨具,あまぐ,아마구,우비,N1,Rain gear
1000,甘口,あまくち,아마쿠치,단맛. 단맛을 좋아함,N2,Sweet (flavor); flattery
1026,甘やかす,あまやかす,아마야카스,오냐오냐하다,N2,To pamper; to spoil (a child)
1034,余る,あまる,아마루,남다,N2,To remain; to be left over; to be too many
1050,編む,あむ,아무,뜨개질하다,N2,To knit; to braid; to compile
1068,危うい,あやうい,아야우이,위태롭다,N3,Dangerous; critical; narrow (escape)
1072,怪しい,あやしい,아야시이,수상하다. 의심스럽다,N3,Suspicious; fishy; doubtful
1076,操る,あやつる,아야츠루,조종하다,N2,To manipulate; to operate; to master (language)
1082,危ぶむ,あやぶむ,아야부무,위험스럽게 여기다,N2,To fear; to doubt; to be anxious about
1081,あやふや,あやふや,아야후야,애매모호,N1,Uncertain; vague; non-committal
1108,荒い,あらい,아라이,거칠다,N3,Rough; wild; violent (behavior)
1135,荒らす,あらす,아라스,"황폐화하다,휩쓸다",N2,To devastate; to lay waste; to break into
13337,語彙,ごい,고이,어휘,N2,Vocabulary
1137,粗筋,あらすじ,아라스지,줄거리,N2,Outline; summary; gist
63227,廃物,はいぶつ,하이부츠,폐물,N1,Waste; junk
1138,争い,あらそい,아라소이,다툼. 싸움. 분쟁,N3,Dispute; conflict; quarrel
1140,争う,あらそう,아라소우,다투다,N3,To argue; to compete; to fight
1201,有りの侭,ありのまま,아리노마마,있는 그대로. 실제대로. 사실대로,N1,As it is; plain; factually
1204,有り触れる,ありふれる,아리후레루,흔하다,N1,To be common; to be trite
1277,彼是,あれこれ,아레코레,이것저것,N3,This and that; various things
1282,荒れる,あれる,아레루,거칠어지다,N2,To be rough; to be stormy; to fall into ruin
63899,流行り廃り,はやりすたり,하야리스타리,유행을 타다,N1,Rise and fall (of a trend)
60458,同輩,どうはい,도우하이,"동료,동배",N1,Peer; equal
63338,薄情,はくじょう,하쿠죠우,박정,N1,Heartless; thin-skinned
11442,兼用,けんよう,켄요우,겸용,N2,Dual use; serving two purposes
63336,麦秋,ばくしゅう,바쿠슈우,"음력 4~5월,맥추",N1,Wheat harvest season (early summer)
9697,筋トレ,きんとれ,킨토레,근육 트레이닝,N1,Weight training; muscle training
52052,光沢,こうたく,코우타쿠,광택. 윤,N3,gloss; luster; polish
11733,原点,げんてん,겐텐,원점,N2,Origin (starting point); datum point
11742,原爆,げんばく,겐바쿠,원폭,N2,Atomic bomb
32762,不信,ふしん,후신,불신,N2,distrust; suspicion; infidelity
30135,早い,はやく,하야쿠,빨리,N5,Early
12338,好評,こうひょう,코우효우,호평,N2,Popularity; favorable reputation
70175,脇道,わきみち,와키미치,옆길,N2,Side road; digression
29081,軒下,のきした,노키시타,처마 밑,N3,Under the eaves
9616,金閣,きんかく,킨카쿠,금각,N2,Golden Pavilion
8472,キシ,きし,키시,해안,N2,Xy (rare); or Kish (surname context)
4613,大損,おおぞん,오오존,큰 손해,N2,Heavy loss
27692,流し込む,ながしこむ,나가시코무,들이붓다,N2,"to pour into, to wash down"
2055,一員,いちいん,이치인,일원,N1,A member
26139,逃亡,とうぼう,토우보우,도망,N1,"escape, flight, desertion"
39257,汚れ,よごれ,요고레,때,N2,dirt; filth; impurity
194068,力仕事,ちからしごと,치카라시고토,힘 쓰는 일,N2,Physical labor
14788,財政,ざいせい,자이세이,재정,N2,Finance; public finances
38198,薬物,やくぶつ,야쿠부츠,약물,N1,drugs; chemical substance
2088,一族,いちぞく,이치조쿠,일족,N2,Family; clan; kinsmen
35586,鮪,まぐろ,마구로,참치,N4,Tuna (Maguro)
17766,自覚,じかく,지카쿠,자각,N2,"self-awareness, consciousness"
65760,臍の緒,へそのお,헤소노오,탯줄,N2,Umbilical cord
24429,通販,つうはん,츠우한,"통신판매,통판",N2,"mail order, online shopping"
24809,吊り上げる,つりあげる,츠리아게루,낚아올리다,N1,"to hang up, to hoist, to hike (prices)"
14142,差し込む,さしこむ,사시코무,꽂다,N4,To insert; to plug in; to shine in
1291,泡,あわ,아와,거품,N3,Bubble; foam; froth
64658,尾翼,びよく,비요쿠,미익(꼬리 날개),N1,Tail fin; empennage
202059,母牛,ははうし,하하우시,어미 소,N1,Mother cow
92423,捲り上げる,まくりあげる,마쿠리아게루,걷어올리다,N2,To roll up (sleeves)
2116,一部,いちぶ,이치부,일부,N4,One part; a portion; a copy (of a book)
20671,線量,せんりょう,센료우,선량,N2,dose (radiation)
97342,港町,みなとまち,미나토마치,항구마을,N3,Port town
17835,自在,じざい,지자이,자유자재,N2,"freely, at will"
95247,子牛,こうし,코우시,송아지,N2,Calf
1298,合わす,あわす,아와스,맞추다,N1,To join; to combine; to match
62094,昼飯,ひるめし(ちゅうはん),히루메시(츄우한),점심밥,N2,Lunch
1304,慌ただしい,あわただしい,아와타다시이,정신없는,N3,Busy; hurried; restless
65393,余り物,あまりもの,아마리모노,남은 재료,N1,Leftovers; surplus
64013,榛の木,はりのき,하리노키,오리나무,N1,Alder tree
1306,慌てる,あわてる,아와테루,황급해하다,N4,To panic; to be flurried; to hurry
14836,雑貨,ざっか,잣카,잡화,N2,Miscellaneous goods; general merchandise
64747,日銭,ひぜに,히제니,하루 벌이,N1,Daily income; pocket money
1312,哀れ,あわれ,아와레,불쌍한. 가련한,N2,Pity; sorrow; misery; pathos
15260,視察,しさつ,시사츠,시찰,N2,Inspection; observation
13696,再現,さいげん,사이겐,재현,N3,Reproduction; reenactment
65555,藤棚,ふじだな,후지다나,등나무 시렁,N1,Wisteria trellis
61132,船便,せんびん,센빈,선편,N1,Surface mail; sea mail
40178,留年,りゅうねん,류우넨,유급,N2,repeating a school year
46815,厚手,あつで,아츠데,두툼한 것,N2,"thick (fabric, paper, etc.)"
13758,最善,さいぜん,사이젠,최선,N2,Best; utmost
32036,びっしり,びっしり,빗시리,빽빽,N2,closely packed; crowded
31204,匹,ぴき,피키,마리(동물 세는 단위),N3,counter for small animals/fish
29511,生える,はえる,하에루,생기다,N3,To grow / to spring up
7688,完走,かんそう,칸소우,완주,N1,Finishing the race
6252,嗅ぐ,かぐ,카구,냄새를 맡다,N3,To smell; to sniff
105225,書き出す,かきだす,카키다스,적어내다,N1,To write out; to start writing
29803,鉢,はち,하치,"사발,화분",N2,Bowl / pot
28691,抜き,ぬき,누키,제외함,N2,"without, excluding, removing"
2359,稲作,いなさく,이나사쿠,벼농사,N2,Rice cultivation
13780,最適,さいてき,사이테키,최적,N2,Optimum; best-suited
26138,謄本,とうほん,토우혼,등본,N1,"certified copy, transcript"
5668,回忌,かいき,카이키,회기,N1,Death anniversary
24251,賃上げ,ちんあげ,친아게,임금인상,N3,"wage hike, pay raise"
24881,手足,てあし,테아시,손발,N1,"hands and feet, limbs"
68444,私物,しぶつ,시부츠,"개인 물건,사물",N2,Private property
56633,雀蜂,すずめばち,스즈메바치,말벌,N2,Hornet (lit. sparrow bee)
23332,断絶,だんせつ,단세츠,단절,N2,"extinction, severance, interruption"
57670,触角,しょっかく,숏카쿠,"더듬이,촉각",N1,Antenna; feeler
17185,白,しろ,시로,하양,N2,"white, innocence"
54678,織る,おる,오루,(옷감을)짜다,N2,To weave
54456,萎びる,しなびる,시나비루,시들다,N1,To wither; to shrivel; to fade
1321,案,あん,안,안,N5,Plan; idea; draft; expectation
50737,切り株,きりかぶ,키리카부,그루터기,N1,stump
15263,資産,しさん,시산,자산,N2,Assets; property; fortune
12627,心遣い,こころずかい,코코로즈카이,마음씀씀이,N1,Consideration; thoughtfulness; care
21546,増額,ぞうがく,조우가쿠,증액,N1,increase in amount
20174,接客,せっきゃく,셋캬쿠,접객,N1,"serving customers, hospitality"
17843,自主,じしゅ,지슈,자주,N2,"independence, autonomy"
6662,片方,かたほう,카타호우,한쪽,N2,One of a pair; one side
4228,遠足,えんそく,엔소쿠,소풍,N4,Excursion; outing; field trip
4528,オオイタ,だいぶ(おおいた),다이부(오오이타),상당히,N3,Oita (prefecture)
4724,大笑い,おうわらい,오우와라이,큰웃음,N2,Great laughter; hearty laugh
15421,親しむ,したしむ,시타시무,친하게 지내다,N2,To be close to; to become familiar with
53028,子宝,こだから,코다카라,자식,N2,treasure of children
1323,安易,あんい,안이,안이한,N3,Easy; simple; easy-going
37027,無休,むきゅう,무큐우,무휴,N1,without a holiday; open daily
11086,華厳,けごん,케곤,화엄,N1,Kegon (school of Buddhism); splendor
1329,案外,あんがい,안가이,예상 외로,N3,Unexpectedly
1331,暗記,あんき,안키,암기,N3,Memorization
55104,守衛,しゅえい,슈에이,수위,N1,Guard; doorkeeper
59571,短波,たんぱ,탄파,단파,N1,Shortwave
1347,暗殺,あんさつ,안사츠,암살,N1,Assassination
60000,抓る,つねる,츠네루,꼬집다,N2,To pinch
60040,円ら,つぶら,츠부라,둥글고 귀여운,N1,Round (eyes)
55762,呪文,じゅもん,쥬몬,주문,N2,Spell; charm; incantation
34577,法要,ほうよう,호우요우,법요,N2,Buddhist memorial service
55575,下がり,さがり,사가리,물려주다,N1,Drop; fall; hanging
58125,臣下,しんか,신카,신하,N2,Subject; retainer; vassal
59407,垂れ込む,たれこむ,타레코무,드리우다,N2,To overhang; to hang over; to inform (police)
33593,文書,ぶんしょ,분쇼,문서,N4,document; paper; letter
28713,主,あるじ,아루지,주인,N2,"master, head, owner"
38592,夕,ゆう,유우,저녁,N4,evening
29452,這い這い,はいはい,하이하이,기엄기엄,N1,Crawling (of a baby)
27435,名,な,나,이름,N3,"name, reputation"
32709,河豚,ふく,후쿠,복어,N3,pufferfish; fugu
13343,合,ごう,고우,"홉,개,차례",N2,Joining; unit of measurement (0.18L)
34250,勉学,べんがく,벤가쿠,면학,N1,study; pursuit of knowledge
68514,元栓,もとせん,모토센,밸브,N2,Main valve; stopcock
4513,大雨,おおあめ,오오아메,큰비,N4,Heavy rain
16928,食材,しょくざい,쇼쿠자이,식재,N3,"ingredients, foodstuff"
29731,初めて,はじめて,하지메테,처음,N5,For the first time
8071,がた,がたっ,가탓,쿵,N1,(Suffix) around; toward; side
68046,孫子,まごこ,마고코,손자,N1,Sun Tzu; grandchildren
13695,歳月,としつき(さいげつ),토시츠키(사이게츠),세월,N2,Time; years
40977,路線,ろせん,로센,노선,N3,route; line; alignment
26339,匿名,とくめい,토쿠메이,익명,N3,"anonymity, pseudonym"
7821,巻末,かんまつ,칸마츠,권말,N2,End of a book
60248,導管,どうかん,도우칸,도관,N2,Conduit; pipe; duct (anatomy)
5652,階下,かいか,카이카,아래층,N1,Downstairs
62097,中腹,ちゅうふく,츄우후쿠,"산 중턱,중복",N2,Mountainside; halfway up
60664,どくどく,どくどく,도쿠도쿠,쿵쿵,N1,Gushing; thumping (heart)
5883,会費,かいひ,카이히,회비,N2,Membership fee; dues
37000,向かい,むかい,무카이,맞은 편,N1,opposite; across the street
24651,綴る,つずる,츠즈루,잇대다,N1,"to spell, to write, to bind"
22636,弾,たま,타마,탄약,N3,"bullet, shot, shell"
6053,書き上げる,かきあげる,카키아게루,써 내다,N3,To finish writing
10701,偶然,ぐうぜん,구우젠,우연,N2,By chance; coincidence; accidental
1352,暗算,あんざん,안잔,암산,N1,Mental arithmetic
1358,暗示,あんじ,안지,암시,N1,Hint; suggestion
1364,安静,あんせい,안세이,안정,N2,Rest; quiet; repose
1406,あんな,あんな,안나,저런,N4,Such; that sort of
57103,擂り鉢,すりばち,스리바치,절구공이,N3,Mortar (grinding bowl)
24239,ちりんちりん,ちりんちりん,치린치린,찌링찌링,N1,ting-a-ling (bell sound)
40770,連載,れんさい,렌사이,연재,N1,serialization
56524,双六,すごろく,스고로쿠,스고로쿠(쌍륙),N1,Sugoroku (board game)
20167,石灰,せっかい,셋카이,석회,N1,lime (calcium oxide)
21118,装着,そうちゃく,소우챠쿠,장착,N1,"equipping, wearing, attaching"
60129,罪科,つみとが,츠미토가,죄와 과오,N1,Crime; offense
20740,絶妙,ぜつみょう,제츠묘우,절묘,N1,"exquisite, superb, miraculous"
18100,若干,じゃっかん,쟛칸,약간,N2,"some, few, a number of"
15778,使命,しめい,시메이,사명,N2,Mission; errand
20780,前期,ぜんき,젠키,전기,N1,"first half, early period"
55748,書架,しょか,쇼카,서가,N1,Bookshelf; bookstand
18124,砂利,じゃり,쟈리,자갈,N2,"gravel, pebbles"
9810,義足,ぎそく,기소쿠,의족,N1,Artificial leg; prosthetic leg
15908,社交,しゃこう,샤코우,사교,N2,Social life; social intercourse
57314,製靴,せいか,세이카,"제화, 신발 제조",N1,Shoemaking
50826,旧称,きゅうしょう,큐우쇼우,옛 이름,N2,old name
15934,謝絶,しゃぜつ,샤제츠,사절,N2,Refusal; rejection
33209,風呂,ふろ,후로,욕조,N4,bath
1408,案内,あんない,안나이,안내,N4,Guidance; information; invitation
18199,従事,じゅうじ,쥬우지,종사,N2,"engaging in, pursuing"
1512,意,い,이,뜻,N4,Mind; meaning; will; intention
28856,熱帯,ねったい,넷타이,열대,N3,Tropics / tropical zone
26658,灯す,ともす,토모스,밝히다,N1,"to light (a lamp), to ignite"
59589,競り合う,せりあう,세리아우,경합하다,N1,To compete with; to emulate
38309,安らか,やすらか,야스라카,편안함,N2,peaceful; tranquil
16077,修学,しゅうがく,슈우가쿠,수학,N2,Learning; study
16081,周期,しゅうき,슈우키,주기,N2,Cycle; period
194741,嗽薬,うがいぐすり,우가이구스리,가글액,N1,Gargle medicine / Mouthwash
1543,言い付ける,いいつける,이이츠케루,이르다,N2,To tell (someone to do); to order; to tell on someone
24089,重複,じゅうふく,쥬우후쿠,중복,N2,"overlap, duplication, redundancy"
54969,今暁,こんぎょう,콘교우,"금조, 오늘 새벽",N1,This morning; at dawn today
16089,衆議,しゅうぎ,슈우기,중의,N2,Public discussion; popular opinion
16092,就業,しゅうぎょう,슈우교우,"일을 시작함,취업",N2,Employment; starting work
1569,委員,いいん,이인,위원,N4,Committee member
16041,州,しゅう,슈우,주,N4,State; province; sandbar
56394,自業,じごう,지고우,자업 (자업자득),N1,One's own act (usually bad)
58151,供え,そなえ,소나에,"제물, 비치",N1,Offering
1568,医院,いいん,이인,의원,N1,Clinic; doctor's office
1588,家出,いえで,이에데,가출,N1,Running away from home
1611,以下,いか,이카,이하,N4,Below; following; less than
59689,地峡,ちきょう,치쿄우,지협,N1,Isthmus
1638,意外,いがい,이가이,의외,N4,Unexpected; surprising
1640,医学,いがく,이가쿠,의학,N4,Medical science; medicine
58443,空色,そらいろ,소라이로,하늘색,N1,Sky blue
1618,生かす,いかす,이카스,살리다,N4,To make use of; to let live; to revive
1622,如何に,いかに,이카니,자못,N1,How; how much; in what way
1707,意義,いぎ,이기,의의,N3,Meaning; significance; worth
1709,異議,いぎ,이기,이의,N1,Objection; dissent; protest
1661,生き生き,いきいき,이키이키,생생하게,N3,Lively; vividly
59765,手縫い,てぬい,테누이,손바느질,N1,Hand-sewn
1679,行き違い,い(ゆ)きちがい,이(유)키치가이,서로 엇갈림,N1,Passing each other; misunderstanding
1724,育成,いくせい,이쿠세이,육성,N2,Cultivation; training; fostering
1730,幾分,いくぶん,이쿠분,어느 정도,N2,Somewhat; to some extent
13830,採用,さいよう,사이요우,채용,N3,Adoption; employment; hiring
25221,手作り,てずくり,테즈쿠리,수제,N3,"handmade, homemade"
21394,其の,その,소노,그,N6,that (near listener)
18198,十字,じゅうじ,쥬우지,십자,N2,cross
8552,既成,きせい,키세이,기성,N2,Established; existing; accomplished
36802,見守る,みまもり,미마모리,지킴이,N3,to watch over; to guard
54983,権現,ごんげん,곤겐,신령(권현),N1,Avatar; incarnation of a Buddha
55867,湖水,こすい,코스이,호수,N1,Lake water; lake
16520,私有,しゆう,시유우,사유,N2,private ownership
16095,集計,しゅうけい,슈우케이,집계,N2,"aggregation, tallying, totaling"
16099,襲撃,しゅうげき,슈우게키,습격,N2,"attack, raid, assault"
16151,修繕,しゅうぜん,슈우젠,수선,N2,"repair, mending"
38481,山登り,やまのぼり,야마노보리,등산,N1,mountain climbing
69235,呼び鈴,よびりん,요비린,초인종,N1,Doorbell; call bell
35128,募金,ぼきん,보킨,모금,N2,fundraising; collection of donations
65055,仏壇,ぶつだん,부츠단,불단,N3,Buddhist altar
59206,高ぶる,たかぶる,타카부루,"흥분하다, 고조되다",N1,To be excited; to be proud/arrogant
5975,顧みる,かえりみる,카에리미루,뒤돌아보다,N2,To look back; to review; to consider
57126,上弦,じょうげん,죠우겐,상현 (달),N1,First quarter (moon)
58655,昔年,せきねん,세키넨,"석년, 지난날",N1,Years gone by
58557,昔時,せきじ,세키지,"석시, 옛날",N1,Old times
57561,諸姉,しょし,쇼시,자매 여러분,N1,Ladies; sisters (formal address)
6409,畏まる,かしこまる,카시코마루,황공하여 삼가다,N1,To sit respectfully; to obey respectfully
1687,行き届く,いきとどく,이키토도쿠,두루 미치다,N2,To be thorough; to be attentive
18164,獣医,じゅうい,쥬우이,수의사,N1,veterinarian
1783,以後,いご,이고,이후,N3,After this; from now on
1770,以降,いこう,이코우,이후,N2,From ... on; hereafter
16359,出社,しゅっしゃ,슛샤,출사. 출근,N3,going to work (to the office)
1772,意向,いこう,이코우,의향,N2,Intention; inclination; view
1773,移行,いこう,이코우,이행,N1,Switchover; migration; transition
1803,いざ,いざ,이자,막상,N2,Now; come (exclamation)
55720,朱肉,しゅにく,슈니쿠,인주,N1,Red ink pad (for seals)
59028,台紙,だいし,다이시,대지 (받침 종이),N1,Mount; backing paper
56749,捨て子,すてご,스테고,"기아, 버려진 아이",N1,Abandoned child; foundling
54582,表書き,おもてがき,오모테가키,겉봉에 쓴 글,N1,Address (on an envelope); inscription
34674,保守,ほしゅ,호슈,보수,N2,conservation; maintenance; conservative
34751,頬っぺた,ほっぺた,홋페타,뺨,N2,cheek
33845,兵器,へいき,헤이키,병기,N2,weapons; arms; ordnance
29505,蠅,はえ,하에,파리,N4,Fly (insect)
16362,出生,しゅっしょう,슛쇼우,출생,N2,birth
19819,静止,せいし,세이시,정지,N2,"stillness, repose, standing still"
20001,精密,せいみつ,세이미츠,정밀,N3,"precise, minute, exact"
10420,苦楽,くらく,쿠라쿠,고락,N2,Pleasures and pains
18351,樹木,じゅもく,쥬모쿠,수목,N2,"trees and shrubs, arbor"
22143,焚き火,たきび,타키비,모닥불. 횃불,N3,"bonfire, open-air fire"
23114,妥協,だきょう,다쿄우,타협,N3,compromise
29155,野原,のはら,노하라,들판,N2,Field / plain
22846,単調,たんちょう,탄쵸우,단조,N2,"monotonous, dull"
29890,葉っぱ,はっぱ,핫파,잎사귀,N1,Leaf
30033,羽根,はね,하네,날개,N3,Feather / shuttlecock / blade
21966,対話,たいわ,타이와,대화,N3,"dialogue, conversation"
19740,正規,せいき,세이키,정규,N2,"regular, formal, legal"
24136,調和,ちょうわ,쵸우와,조화,N2,"harmony, accord"
24415,通常,つうじょう,츠우죠우,통상. 보통,N2,"usual, ordinary, normal"
18485,上位,じょうい,죠우이,상위,N2,"superior, high rank"
18458,助,じょ,죠,조,N2,"help, assistance, assistant"
26986,動員,どういん,도우인,동원,N2,mobilization
17476,進展,しんてん,신텐,진전,N2,"progress, development, expansion"
16402,出題,しゅつだい,슈츠다이,출제,N2,setting a question (exam)
25422,転ずる,てんじる,텐지루,바꾸다,N3,"to turn, to shift, to change"
16386,出品,しゅっぴん,슛핀,출품,N2,"exhibiting, display"
16422,主導,しゅどう,슈도우,주도,N2,"leadership, initiative"
2201,一生,いっしょう,잇쇼우,일생,N4,Whole life; lifetime
12737,小銭,こぜに,코제니,잔돈,N3,Small change; coins
36084,丸で,まるで,마루데,마치,N4,quite; entirely; as if
29850,発光,はっこう,핫코우,발광,N1,Luminescence / emission of light
30107,浜辺,はまべ,하마베,해변,N3,Beach / seaside
29597,白鳥,はくちょう,하쿠쵸우,백조,N2,Swan
21475,そわそわ,そわそわ,소와소와,들썩들썩,N2,"restlessly, nervously"
19683,所為,せい,세이,때문에,N4,"cause, fault, reason"
8103,合衆,がっしゅう,갓슈우,합중,N1,Union; united (as in USA)
17915,時代,じだい,지다이,시대,N5,"era, period, age"
18997,数,"かず, かぞえる(すう, す)","카즈, 카조에루(스우, 수)",수,N4,"number, amount"
16615,正月,しょうがつ,쇼우가츠,정월,N4,"New Year, January"
16951,植物,しょくぶつ,쇼쿠부츠,식물,N4,"plant, vegetation"
10906,計画,けいかく,케이카쿠,계획,N5,Plan; project; schedule
5655,改革,かいかく,카이카쿠,개혁,N4,Reform; innovation
6291,駆け引き,かけひき,카케히키,술수,N1,Bargaining; strategy; haggling
5114,驚く,おどろく,오도로쿠,놀라다,N5,To be surprised; to be astonished
2011,頂く,いただく,이타다쿠,받다,N5,To receive; to eat/drink (humble); to crown
727,与える,あたえる,아타에루,주다,N5,To give; to bestow; to cause (damage)
1747,池,いけ,이케,연못,N4,Pond; pool
87432,燃え尽きる,もえつきる,모에츠키루,번아웃되다,N1,To burn out
36024,迷い込む,まよいこむ,마요이코무,헤메다,N2,to go astray; to wander into
63675,費え,ついえ,츠이에,"비용, 지출",N1,Expense; cost; waste
55255,宿する,しゅくする,슈쿠스루,"머무르다, 깃들다",N1,To lodge; to dwell; to contain
58805,世襲,せしゅう,세슈우,세습,N1,Hereditary
57630,緒戦,しょせん,쇼센,"첫 경기, 서전",N1,First battle; opening of a war
59496,端緒,たんしょ,탄쇼,단초,N1,Beginning; clue
57774,序幕,じょまく,죠마쿠,서막,N1,Prologue; first act
55114,自縛,じばく,지바쿠,자박,N1,Binding oneself; self-restraint
56085,穂状,すいじょう,스이죠우,이삭 모양,N1,Spicate; ear-like (botany)
56949,試着,しちゃく,시챠쿠,"시착, 입어봄",N1,Trying on (clothes)
54621,親心,おやごころ,오야고코로,"부모의 마음, 친심",N1,Parental love/heart
57184,錠剤,じょうざい,죠우자이,정제,N1,Tablet; pill
54646,親譲り,おやゆずり,오야유즈리,부모로부터 물려받음,N1,Inherited from one's parents
56332,色欲,しきよく,시키요쿠,색욕,N1,Sexual desire; lust
54964,こんがり,こんがり,콘가리,노릇노릇하게,N1,Golden brown (toasted/fried)
56020,迅雷,じんらい,진라이,"신뢰, 빠른 천둥",N1,Sudden thunder; lightning fast
56156,水陸,すいりく,스이리쿠,수륙,N1,Land and water
57298,静穏,せいおん,세이온,"정온, 고요함",N1,Calm; tranquil; serene
56623,静々,しずしず,시즈시즈,조용조용히,N1,Quietly; slowly; solemnly
58399,薪水,しんすい,신스이,"신수, 땔감과 물",N1,Firewood and water; cooking
58181,仁義,じんぎ,진기,인의,N1,Humanity and justice; code of honor
58678,立つ瀬,たつせ,타츠세,"체면, 서 있을 자리",N1,Position; footing (social/moral)
58435,粗野,そや,소야,조야함,N1,Rustic; rude; coarse
57920,精粗,せいそ,세이소,"정조, 정교함과 거침",N1,Quality (fine or coarse)
55530,酒仙,しゅせん,슈센,주선 (술고래),N1,"Great drinker; ""sake saint"""
57243,浅学,せんがく,센가쿠,천학,N1,Shallow knowledge
12122,行進,こうしん,코우신,행진,N3,March; parade
38780,雪,ゆき,유키,눈,N5,snow
7071,神,かみ,카미,신,N5,God; deity; spirit
41176,若者,わかもの,와카모노,젊은이,N5,young people; youth
32594,服,ふく,후쿠,옷,N5,clothes; (counter for doses of medicine)
19387,素振り,そぶり,소부리,거동,N1,"behavior, manner, practice swing"
33364,部長,ぶちょう,부쵸우,부장,N4,head of department; manager
33046,不要,ふよう,후요우,불필요,N3,unnecessary; unneeded
30701,罰点,ばってん,밧텐,가위표,N1,demerit mark
29937,初詣で,はつもうで,하츠모우데,새해 첫 참배로,N3,First New Year's shrine visit
29640,励ます,はげます,하게마스,격려하다,N3,To encourage / to cheer up
27893,夏休み,なつやすみ,나츠야스미,여름방학,N5,summer vacation
6699,価値,かち,카치,가치,N5,Value; worth; merit
5691,解決,かいけつ,카이케츠,해결,N5,Settlement; solution
5876,開発,かいはつ,카이하츠,개발,N5,Development; exploitation
3274,打つ,うつ,우츠,찍다,N5,To hit; to strike; to type; to inject
3074,受け答え,うけこたえ,우케코타에,응대,N1,Answering; response
809,熱い,あつい,아츠이,뜨거운,N5,Hot (to the touch); passionate
24778,積り,つもり,츠모리,작정,N5,"intention, plan, conviction"
23451,違う,ちがう,치가우,다른,N5,"to differ, to be wrong"
34252,勉強,べんきょう,벤쿄우,공부,N5,study; diligence; discount (slang)
198267,黴菌,ばいきん,바이킨,세균,N1,Germ / Bacteria / Mold
34663,星,ほし,호시,별,N5,star
1798,勇ましい,いさましい,이사마시이,용맹하다. 씩씩하다,N3,Brave; valiant; stirring
21510,そんな,そんな,손나,그런,N5,"such, that kind of"
20870,前年,ぜんねん,젠넨,전년,N2,"previous year, last year"
1811,意思,いし,이시,의사,N2,Intention; purpose; mind
1886,意地,いじ,이지,근성,N3,Obstinacy; willpower; pride; nature
20503,戦時,せんじ,센지,전시,N2,wartime
18237,十分,じゅうぶん,쥬우분,십분(충분히),N4,"sufficient, enough, plenty"
16074,週刊,しゅうかん,슈우칸,주간,N2,Weekly publication
13147,婚姻,こんいん,콘인,혼인,N1,Marriage
34190,別人,へつじん,헤츠진,딴 사람,N1,different person; someone else
55908,固体,こたい,코타이,고체,N1,Solid (matter)
34021,返金,へんきん,헨킨,환불,N2,refund; repayment
10943,警察,けいさつ,케이사츠,경찰,N5,Police
48092,円陣,えんじん,엔진,원진,N2,circle (formation)
9425,拠点,きょてん,쿄텐,거점,N2,Base; foothold; hub
8674,喫する,きっする,킷스루,마시다,N1,To eat; to drink; to smoke; to suffer (defeat)
136401,社章,しゃしょう,샤쇼우,"회사 배지,사장",N1,Company badge
61606,手懸け,てがけ,테가케,실마리,N2,Clue; handhold
65756,碑銘,ひめい,히메이,"비석에 새긴 글,비명",N1,Inscription
37884,物語,ものがたり,모노가타리,이야기,N5,story; tale
58450,深浅,しんせん,신센,심천 (깊고 얕음),N1,Depth (deep or shallow)
58429,染め物,そめもの,소메모노,염색물,N1,Dyeing; dyed goods
58330,新酒,しんしゅ,신슈,햇술,N1,New sake
56046,素足,すあし,스아시,맨발,N1,Bare feet
56264,火鉢,ひばち,히바치,화로,N1,Hibachi (charcoal brazier)
39107,溶接,ようせつ,요우세츠,용접,N1,welding
7214,通う,かよう,카요우,"다니다, 통하다",N4,To commute; to attend; to frequent
35874,末尾,まつび,마츠비,말미,N1,end (of a text); tail
49994,尾頭,おかしら,오카시라,머리꼬리,N1,head and tail (whole fish)
5222,重い,おもい,오모이,무겁다,N5,Heavy; serious; slow
7023,被る,かぶる,카부루,쓰다,N4,To put on (head); to pour or bask in; to suffer
32476,増える,ふえる,후에루,늘다,N5,to increase; to multiply
31995,尾行,びこう,비코우,미행,N1,shadowing; tailing; following
5194,覚える,おぼえる,오보에루,익히다,N4,To remember; to memorize; to learn; to feel
31590,酷い,ひどい,히도이,심하다,N4,terrible; cruel; severe
31424,引っ掛ける,ひっかける,힛카케루,걸치다,N1,to hang (something) on; to cheat; to splash
29793,肌,はだ,하다,피부,N4,Skin
29005,脳,のう,노우,뇌,N3,Brain
28863,熱,あつい(ねつ),아츠이(네츠),열,N4,Heat / fever / passion
27628,中々,なかなか,나카나카,좀처럼,N4,"considerably, quite, not easily"
26508,整える,ととのえる,토토노에루,"갖추다, 정리하다",N5,"to put in order, to prepare"
14040,昨夜,さくや,사쿠야,어젯밤,N5,Last night
25754,電気,でんき,덴키,전기,N4,"electricity, electric light"
15098,式,しき,시키,식,N5,Ceremony; formula; style
3595,運動,うんどう,운도우,운동,N5,Exercise; movement; campaign
3097,動く,うごく,우고쿠,움직이다,N5,To move; to operate; to function
21903,台風,たいふう(ん),타이후우(운),태풍,N5,typhoon
41407,を,お,오,을,N6,particle (direct object marker)
1705,生きる,いきる,이키루,살다,N4,To live; to exist
359,明るい,あかるい,아카루이,환하다,N5,Bright; cheerful; familiar with
20551,洗濯,せんたく,센타쿠,세탁,N5,"laundry, washing"
18581,冗談,じょうだん,죠우단,농담,N4,joke
17530,新聞,しんぶん,신분,신문,N4,newspaper
1888,維持,いじ,이지,유지,N3,Maintenance; preservation
46921,雨曝し,あまざらし,아마자라시,비를 맞춤,N1,weather-beaten; exposed to rain
11809,恋しい,こいしい,코이시이,그립다,N3,Dear; beloved; missed
16737,小説,しょうせつ,쇼우세츠,소설,N5,"novel, fiction"
34782,骨,ほね,호네,뼈,N4,bone
9688,緊張,きんちょう,킨쵸우,긴장,N5,Tension; nervousness; strain
14753,座,ざ,자,자리,N2,Seat; place; theater; constellation
35067,帽子,ぼうし,보우시,모자,N4,hat; cap
14656,参道,さんどう,산도우,참도,N2,Approach to a temple/shrine
13740,最上,さいじょう,사이죠우,최상,N1,Best; highest; supreme
10945,経済,けいざい,케이자이,경제,N5,Economy; economics
87444,そう-伝聞,そう,소우,~라고 한다,N4,"""I heard..."" (hearsay suffix)"
59991,田地,でんじ,덴지,전지 (논밭),N1,Rice field; farm land
59075,泰然,たいぜん,타이젠,태연함,N1,Calm; composed; unmoved
59153,逮夜,たいや,타이야,제사 전날 밤,N1,Eve of a death anniversary
59090,台地,だいち,다이치,대지 (고원),N1,Plateau; tableland
59233,滝壺,たきつぼ,타키츠보,폭포수 떨어지는 곳,N1,Plunge pool; basin of a waterfall
59264,拓本,たくほん,타쿠혼,탁본,N1,Rubbing (of an inscription)
59263,諾否,だくひ,다쿠히,낙부 (수락 여부),N1,Yes or no; consent or refusal
54836,懲らす,こらす,코라스,응징하다,N1,To punish; to discipline
31873,広い,ひろい,히로이,넓다,N5,wide; spacious
30633,場所,ばしょ,바쇼,장소,N5,place; location; room/space
30255,張る,はる,하루,덮다,N5,to stretch; to spread; to tighten; to be expensive
30506,場,ば,바,곳,N5,place; spot; scene
27735,眺める,ながめる,나가메루,조망하다,N5,"to gaze at, to look at"
6801,活動,かつどう,카츠도우,활동,N5,Activity; action
25365,天気,てんき,텐키,날씨,N5,weather
22522,棚,たな,타나,선반,N5,"shelf, rack"
1711,幾,いく,이쿠,"기, 몇",N4,How many; some (prefix)
21351,そっと,そっと,솟토,살짝,N4,"quietly, softly, secretly"
29532,測る,はかる,하카루,재다,N5,To measure / to survey
29273,乗り物,のりもの,노리모노,탈것,N1,Vehicle
39662,楽,らく,라쿠,"락, 편안함",N4,comfort; ease; music
29542,吐き気,はきけ,하키케,구역질,N1,Nausea
29728,始め,はじめ,하지메,시작,N2,Beginning / start
29299,のんびり,のんびり,논비리,느긋하게,N4,Leisurely / carefree
28790,寝顔,ねがお,네가오,자는 얼굴,N1,One's sleeping face
28773,姉,あね,아네,누나,N4,Older sister
29994,鼻血,はなじ,하나지,코피,N1,Nosebleed
19725,性格,せいかく,세이카쿠,성격,N4,"character, personality"
29257,乗り越える,のりこえる,노리코에루,이겨내다,N4,To climb over / to overcome
29966,鼻歌,はなうた,하나우타,콧노래,N1,Humming
17410,信ずる,しんじる,신지루,믿다,N5,"to believe, to trust"
13950,先,さき,사키,"전, 앞, 지",N5,Ahead; future; destination; tip
12285,行動,こうどう,코우도우,행동,N5,Action; movement; behavior
9994,ぎいぎい,ぎいぎい,기이기이,삐걱삐걱,N1,Creaking; squeaking
8283,黄色,きいろ(おうしょく),키이로(오우쇼쿠),노랑,N2,Yellow
7847,管理,かんり,칸리,관리,N5,Management; administration; control
4925,教える,おしえる,오시에루,가르쳐주다,N5,To teach; to tell; to inform
826,集まる,あつまる,아츠마루,모이다,N5,To gather; to assemble; to collect
1995,痛い,いたい,이타이,아프다,N5,Painful; sore
39399,夜中,よなか,요나카,밤중,N4,middle of the night
37417,珍しい,めずらしい,메즈라시이,희귀한,N4,rare; unusual; new
29768,畑,はたけ,하타케,밭,N5,Field / farm / specialty
36235,身,み,미,몸,N5,body; self; position
34282,便利,べんり,벤리,편리,N4,convenient; useful
35592,負ける,まける,마케루,지다,N4,to lose; to be defeated; to yield
65779,眉目,びもく,비모쿠,미목(용모),N1,Features; looks; face
56125,水痘,すいとう,스이토우,수두,N1,Chickenpox
56901,慕わしい,したわしい,시타와시이,사랑스럽다,N1,Dear; beloved; longed for
59163,平らげる,たいらげる,타이라게루,"평정하다, 먹어치우다",N1,To eat up; to subjugate; to flatten
59212,宝船,たからぶね,타카라부네,보물선,N2,Treasure ship
55630,開扉,かいひ,카이히,개폐,N1,Opening a door (esp. of a shrine)
57831,星図,せいず,세이주,성도 (별자리 지도),N1,Star chart
58394,耗弱,こうじゃく,코우쟈쿠,심신 소모,N1,Weakening; mental impairment
54529,月夜,つきよ,츠키요,달밤,N1,Moonlit night
56351,馬力,ばりき,바리키,마력,N1,Horsepower
54838,凝り,こり,코리,"뭉침, 결림",N1,Stiffness (muscles); obsession; absorption
3030,伺う,うかがう,우카가우,여쭙다,N4,To visit; to ask; to hear (humble)
33232,ふわふわ,ふわふわ,후와후와,후와후와(의태어),N3,fluffy; soft; restless
32442,風鈴,ふうりん,후우린,풍경,N3,wind chime
16321,主人,しゅじん,슈진,주인,N3,"master, head of house, husband"
7394,躱す,かわす,카와스,피하다,N2,To dodge; to parry; to sidestep
511,開ける,あける,아케루,열다,N5,To open (something)
6763,活発,かっぱつ,캇파츠,활발,N2,Vigor; active; lively
87817,ぶつかり合う,ぶつかりあう,부츠카리아우,서로 부딪치다,N2,To collide; to clash
19728,生活,せいかつ,세이카츠,생활,N5,"life, livelihood, living"
20778,全額,ぜんがく,젠가쿠,전액,N2,"full amount, total"
15234,試行,しこう,시코우,시행,N1,Trial; test
52199,源五郎,げんごろう,겐고로우,물방개,N1,diving beetle
4363,追い掛ける,おいかける,오이카케루,쫓아가다,N4,To chase; to run after
5399,オン-on,おん,온,온,N5,On (preposition/switch)
30503,ば,ば,바,~하면,N5,place; occasion; (conditional particle)
4274,塩分,えんぶん,엔분,염분,N1,Salt content; salinity
1809,医師,いし,이시,의사,N5,Doctor; physician
1827,意識,いしき,이시키,의식,N4,Consciousness; awareness
4533,覆う,おおう,오오우,뒤덮다,N3,To cover; to hide; to wrap
30178,ハラ,はら,하라,벌판,N2,hara (belly; field; or common surname prefix)
27879,懐かしむ,なつかしむ,나츠카시무,그리워하다,N1,"to yearn for, to miss"
30113,歯磨き,はみがき,하미가키,"양치,치약",N2,Tooth brushing / toothpaste
31262,引き分け,ひきわけ,히키와케,"비김, 무승부",N1,draw; tie (in a game)
29761,旗,はた,하타,국기,N5,Flag
25682,出番,でばん,데반,나갈 차례,N1,one's turn
22920,打,だ,다,"타, 때림, ~방",N2,"dozen, strike (baseball)"
17985,実務,じつむ,지츠무,실무,N2,"business practice, practical business"
102311,周年,しゅうねん,슈우넨,주년,N2,Anniversary
18769,人為,じんい,진이,인위,N1,"human work, artificial"
11822,こう,こう,코우,이렇게. 이렇게 해서,N3,Like this; this way
16949,食費,しょくひ,쇼쿠히,식비,N1,food expenses
68615,盛り合わせ,もりあわせ,모리아와세,모둠,N1,Assortment; platter
95040,反,はん,한,반,N4,Anti-; unit of area; opposition
14432,皿洗い,さらあ라이,사라아라이,설거지,N1,Dishwashing
49405,冠,かんむり,칸무리,관,N4,crown; diadem
102400,小旗,こばた,코바타,작은 깃발,N1,Small flag
59480,絶倫,ぜつりん,젯린,절륜,N1,Peerless; extraordinary (stamina/strength)
13657,再開,さいかい,사이카이,재개,N1,Reopening; resumption
58334,声涙,せいるい,세이루이,목소리와 눈물,N1,Voice choked with tears
13155,今期,こんき,콘키,이번 분기,N2,This term; this period
12057,口座,こうざ,코우자,구좌,N3,(Bank) account
59270,茸,"たけ,きのこ","타케,키노코",버섯,N2,Mushroom
58816,世俗,せぞく,세ぞ쿠,세속,N1,Worldly; secular; mundane
50956,玄人,くろうと,쿠로우토,전문가,N2,professional; expert
57253,全巻,ぜんかん,젠칸,전권,N1,The whole volume/series
59115,耐熱,たいねつ,타이네츠,내열,N1,Heat-resistant
51330,敬具,けいぐ,케이구,"삼가 아룀,경구",N2,Sincerely yours (letter closing)
38415,山間,やまあい,야마아이,산간,N2,among mountains; mountain valley
37047,向け,むけ,무케,~용,N4,intended for; for the use of
6563,仮設,かせつ,카세츠,가설,N1,Temporary construction; hypothesis
8996,キュウシュウ,きゅうしゅう,큐우슈우,큐슈,N1,Kyushu (Japan's third largest island)
3770,駅前,えきまえ,에키마에,역 앞,N5,In front of the station
46932,雨粒,あまつぶ,아마츠부,빗방울,N1,raindrop
4985,恐れ,おそれ,오소레,우려,N4,Fear; horror; anxiety; risk
1363,案ずる,あんじる,안지루,걱정하다,N1,To worry; to ponder; to plan
20191,石膏,せっこう,셋코우,석고,N1,"gypsum, plaster"
27631,中庭,なかにわ,나카니와,안뜰,N1,"courtyard, quadrangle"
1911,偉人,いじん,이진,위인,N2,Great man
152486,葉先,はさき,하사키,잎 끝,N1,Leaf tip
102579,柄物,がらもの,가라모노,무늬 있는 물건,N1,Patterned cloth/goods
136313,ツル,つる,츠루,두루미,N2,Crane; vine; pickaxe
19692,精,せい,세이,"정,기력",N4,"spirit, vitality, essence"
90757,積み上がる,つみあがる,츠미아가루,쌓이다,N2,To pile up
174056,読み聞かせる,よみきかせる,요미키카세루,읽어주다,N2,To read aloud to someone
71035,艶,つや(えん),츠야(엔),"윤기,윤(요염,염)",N4,Gloss; luster; charm
66378,帆船,はんせん,한센,범선,N1,Sailing ship
52253,原書,げんしょ,겐쇼,원서,N2,original book/text
53176,理,り,리,이치,N4,reason; logic; principle
50949,切り立つ,きりたつ,키리타츠,깎아지른 듯 솟아있다,N2,to be precipitous; to be steep
50413,おでん,おでん,오뎅,어묵,N5,Oden (hot pot dish)
51890,公人,こうじん,코우진,공인,N1,public figure
41288,渡り歩く,わたりあるく,와타리아루쿠,일을 찾아 떠돌아다니다,N1,to wander from place to place
42892,邪気,じゃき,쟈키,"사악한 기운,사기",N1,malice; evil spirit; playfulness
30356,犯行,はんこう,한코우,범행,N1,crime; criminal act
25496,天文,てんもん,텐몬,천문,N2,astronomy
15041,塩水,しおみず(えんすい),시오미즈(엔스이),소금물(염수),N1,Salt water; brine
40769,連鎖,れんさ,렌사,연쇄,N2,chain; linkage
36447,水溜まり,みずたまり,미즈타마리,물웅덩이,N2,puddle
36843,土産物,みやげもの,미야게모노,토산물,N1,souvenir
32181,ぴかぴか,ぴかぴか,피카피카,반짝반짝,N2,glittering; sparkling; brand new
30394,帆走,はんそう,한소우,"돛으로 항해,범주",N1,sailing
33107,振り込む,ふりこむ,후리코무,지나가다,N2,to pay via bank transfer
12635,心許ない,こころもとない,코코로모토나이,어쩐지 불안하다,N1,Unreliable; uncertain; uneasy
32030,美大,びだい,비다이,미대,N1,art university
30026,離れる,はなれる,하나레루,떠나다,N5,To separate / to leave
29285,暖簾,のれん,노렌,"천 간판, 포렴",N2,Shop curtain / reputation
29848,発見,はっけん,핫켄,발견,N4,Discovery
29603,白髪,しらが(はくはつ),시라가(하쿠하츠),백발,N2,White/grey hair
28762,値上げ,ねあげ,네아게,가격 인상,N3,Raising prices / price hike
19656,ずらり,ずらり,즈라리,즐비하게,N2,"in a row, in a line"
15984,社名,しゃめい,샤메이,사명,N1,Company name
13815,財布,さいふ,사이후,지갑,N4,Wallet; purse
11027,鶏肉,とり(けい)にく,토리(케이)니쿠,닭고기,N4,Chicken meat
11115,決壊,けっかい,켓카이,붕괴,N2,Collapse; breach; bursting
33373,物件,ぶっけん,붓켄,물건,N2,article; property; case
31580,独り暮らし,ひとりぐらし,히토리구라시,독신 생활,N3,living alone
49373,乾板,かんぱん,칸판,건판,N1,dry plate (photography)
28771,値打ち,ねうち,네우치,값어치,N1,Value / worth / price
40628,例文,れいぶん,레이분,예문,N2,example sentence
6388,飾り付け,かざりずけ,카자리즈케,장식,N2,Decoration; arrangement
28780,寝かす,ねかす,네카스,재우다,N1,To put to sleep / to lay something on its side
203296,じゃりじゃり,じゃりじゃり,쟈리쟈리,지금지금,N2,Crunchy / Gritty (sound/texture)
27488,内装,ないそう,나이소우,"인테리어,내장",N1,"interior decor, interior finish"
4036,笑み,えみ,에미,미소,N2,Smile
16419,取得,しゅとく,슈토쿠,취득,N3,acquisition
87302,降り止む,ふりやむ,후리야무,그치다,N1,To stop (raining/snowing)
12480,小型,こが타,코가타,소형,N2,Small size; miniature
39554,四十,よんずう,욘주우,사십,N2,forty
87895,早め,はやめ,하야메,"이름, 빠름",N5,Early; ahead of time
3676,衛生,えいせい,에이세이,위생,N2,Hygiene; sanitation; health
39469,読み応え,よみごたえ,요미고타에,읽은 느낌,N2,worth reading
87682,噂話,うわさばなし,우와사바나시,소문,N3,Gossip; rumor
4373,生い立ち,おいたつ,오이타츠,성장사,N1,Upbringing; personal history; background
18873,推移,すいい,스이이,추이,N2,"transition, change, fluctuation"
21595,増幅,ぞうふく,조우후쿠,증폭,N1,amplification
38472,山並み,やまなみ,야마나미,산줄기,N1,mountain range
54328,座右,ざゆ,자유,좌우,N1,At one's side; constant companion
17829,自作,じさく,지사쿠,자작,N1,"one's own work, self-made"
26582,途方,とほう,토호우,방도,N2,"way, means, reason"
28816,値下げ,ねさげ,네사게,가격 인하,N2,Price reduction / discount
2146,一理,いちり,이치리,일리,N2,Some truth; a point (in an argument)
2314,いとおしい,いとおしい,이토오시이,사랑스러운,N1,Lovely; dear; precious
37253,銘,めい,메이,명,N4,inscription; signature; brand
28820,螺子,ねじ,네지,나사,N2,Screw
28829,捩じれる,ねじれる,네지레루,뒤틀리다,N1,To be twisted / to be distorted
2544,苛立ち,いらだち,이라다치,조바심,N1,Irritation; annoyance
1778,異国,いこく,이코쿠,이국,N1,Foreign country; strange land
21860,体調,たいちょう,타이쵸우,몸 상태,N4,"physical condition, state of health"
831,集め,あつめ,아츠메,모으기,N1,Collecting; gathering (noun)
56049,水圧,すいあつ,수이아츠,수압,N1,Water pressure
1802,遺産,いさん,이산,유산,N3,Heritage; legacy; inheritance
1046,編み物,あみもの,아미모노,뜨개질,N2,Knitting; knitted goods
208227,色鮮やか,いろあざやか,이로아자야카,빛깔이 곱다,N1,Vivid colors / Colorful
50052,送り返す,おくりかえす,오쿠리카에스,돌려보내다,N1,to send back
54227,躍らす,おどらす,오도라스,뛰게 하다,N1,to make dance; to excite
49444,気宇,きう,키우,"기개와 도량,기우",N1,magnanimity; scale of mind
51146,羽翼,うよく,우요쿠,"날개,우익",N1,wings; supporters
53667,凍り付く,こうりつく,코우리츠쿠,얼어붙다,N3,to freeze up
53919,示威,じい,지이,시위,N1,demonstration; show of force
50192,胃弱,いじゃく,이쟈쿠,위가 약함,N1,indigestion; weak stomach
49962,川開き,かわびらき,카와비라키,강의 개장식,N1,festival to open the river season
50596,客車,きゃくしゃ,캬쿠샤,객차,N1,passenger car (train)
51558,暁天,ぎょうてん,교우텐,"효천, 새벽하늘",N1,dawn
35672,真下,ました,마시타,바로 아래,N1,right under; directly below
28834,鼠,ねずみ,네즈미,쥐,N3,Mouse / rat
53408,業病,ごうびょう,고우뵤우,업보로 걸리는 병(업병),N1,incurable disease
52423,剣舞,けんぶ,켄부,검무,N1,sword dance
28844,値段,ねだん,네단,값. 가격,N4,Price / cost
28851,熱心,ねっしん,넷신,열심,N3,Enthusiastic / eager / earnest
53718,股間,ごかん,고칸,고간,N1,crotch; groin
49875,枯れ木,かれき,카레키,"고목, 마른 나무",N1,withered tree
49461,気後れ,きおくれ,키오쿠레,기가 죽음,N1,diffidence; getting cold feet
28853,熱する,ねっする,넷스루,뜨겁게 하다,N2,To heat up / to become excited
28857,熱中,ねっちゅう,넷츄우,열중,N3,Being absorbed in / nuts about
28881,粘り,ねばり,네바리,끈기,N1,Stickiness / persistence
28884,粘る,ねばる,네바루,비벼서 버티다,N1,To be sticky / to persevere
28886,値引き,ねびき,네비키,에누리,N2,Discount / reduction
28896,寝坊,ねぼう,네보우,늦잠을 잠,N4,Sleeping in late / oversleeping
28898,根回し,ねまわし,네마와시,물밑작업,N1,Laying the groundwork (behind the scenes)
28901,眠たい,ねむたい,네무타이,졸리다,N4,Sleepy / drowsy
28913,狙い,ねらい,네라이,겨눔. 겨냥. 표적. 목적,N2,Aim / target / objective
28936,年賀,ねんが,넨가,연하,N3,New Year's greetings
28933,年鑑,ねんかん,넨칸,연감,N1,Yearbook / almanac
28934,年間,ねんかん,넨칸,연간,N4,Period of a year / annual
28937,念願,ねんがん,넨간,염원. 소원,N2,One's heart's desire
28942,年号,ねんごう,넨고우,연호,N1,Era name
28959,年中,ねんじゅう,넨쥬우,"1년 내내",N3,All year round
28953,燃焼,ねんしょう,넨쇼우,연소 (불탐),N2,Combustion / burning
28963,年代,ねんだい,넨다이,년대,N4,Age / era / period
28982,燃料,ねんりょう,넨료우,연료,N3,Fuel
28983,年輪,ねんりん,넨린,연륜. 나이테,N2,Annual ring (tree)
28994,野,の,노,들,N2,Field / plain
29022,農業,のうぎょう,노우교우,농업,N3,Agriculture
52101,幻覚,げんかく,겐카쿠,환각,N1,hallucination
29026,農耕,のうこう,노우코우,농경,N1,Farming / tillage
29034,農産,のうさん,노우산,농산,N2,Agricultural products
29047,農村,のうそん,노우손,농촌,N3,Agricultural community / rural village
29049,農地,のうち,노우치,농지,N1,Agricultural land
29051,濃度,のうど,노우도,농도,N2,Concentration / density
1977,急ぎ,いそぎ,이소기,급한,N3,Haste; hurry; urgent
52170,言行,げんこう,겐코우,언행,N1,words and deeds
618,足腰,あしこし,아시코시,다리와 허리,N1,Legs and loins; lower body
52524,碁石,ごいし,고이시,바둑돌,N1,Go stone
50609,功徳,くどく,쿠도쿠,공덕,N1,pious act; merit; virtue
51942,巧拙,こうせつ,코우세츠,"교졸, 솜씨의 좋고 나쁨",N1,skill; dexterity
51296,興趣,きょうしゅ,쿄우슈,흥취,N1,interest; pleasure
35687,真面目,まじめ,마지메,성실. 진지함,N4,serious; honest; sober
35694,交じる,まじる,마지루,섞이다,N3,to be mixed; to be blended
35696,交わる,まじわる,마지와루,"교차하다,교제하다",N2,to intersect; to cross; to associate
35700,麻酔,ますい,마스이,마취,N2,anesthesia
35708,マスコミ,マスコミ,마스코미,매스컴,N2,mass media; mass communication
35723,貧しい,まずしい,마즈시이,가난한,N3,poor; needy
35717,益々,ますます,마스마스,점점,N2,more and more; increasingly
35735,又,また,마타,"또, 다시",N5,fork; crotch (often spelled 股)
29056,納入,のうにゅう,노우뉴우,납입,N1,Payment / delivery
92592,移し替える,うつしかえる,우츠시카에루,옮겨담다,N2,To transfer; to pour into another container
1558,言い分,いいぶん,이이분,주장,N2,One's say; claim; objection
53977,苔むす,こけむす,코케무스,이끼가 끼다,N3,to grow mossy
102477,戸,こ,코,호,N1,Door
53686,戸外,こがい,코가이,옥외,N1,outdoors
51883,孝心,こうしん,코우신,효심,N1,filial piety
51827,御璽,ぎょじ,교지,어새,N1,Privy Seal (of Japan)
48987,鹿の子,かのこ,카노코,"어린 사슴, 가노코 무늬",N1,fawn; dappled pattern
49808,狩り込み,かりこみ,카리코미,"전정, 깎아 다듬기",N1,roundup (police); shearing/pruning
49075,噛み合う,かみあう,카미아우,맞물리다,N2,to gear with; to mesh; to engage
51844,蹴散らす,けちらす,케치라스,차 흩뜨리다,N1,to kick around; to disperse
53616,酢酸,さくさん,사쿠산,"초산, 아세트산",N1,acetic acid
54119,心尽くし,こころずくし,코코로즈쿠시,정성을 다함,N1,kindness; hospitality
53561,高覧,こうらん,코우란,"고람, 봐주심 (높임말)",N1,your inspection (honorific)
52537,金糸,きんし,킨시,금실,N1,gold thread
49042,壁土,かべつち,카베츠치,벽흙,N1,wall mud; plaster
53264,腐らす,くさらす,쿠사라스,부패시키다,N1,to rot; to spoil; to corrode
51572,系譜,けいふ,케이후,계보,N1,genealogy; lineage
52434,権柄,けんぺい,켄페이,권세,N1,authority; power
49952,千鳥,ちどり,치도리,물떼새,N2,plover; zigzag pattern
50890,球体,きゅうたい,큐우타이,구체,N1,sphere
53658,郡,ぐん,군,군,N1,district; county
46479,赤蜻蛉,あかとんぼ,아카톤보,고추잠자리,N1,red dragonfly
46695,あさって,あさって,아삿테,모레,N5,day after tomorrow
47682,引力,いんりょく,인료쿠,인력,N2,gravity; attraction
47727,嗽,うがい,우가이,양치질,N2,gargling; rinsing mouth
47863,転た寝,うたたね,우타타네,선잠,N1,dozing; napping
41343,割,わり,와리,"비, 비례",N3,ratio; proportion; ten percent
41355,割り込む,わりこむ,와리코무,새치기하다,N1,to cut in; to muscle in
41372,悪口,わるくち,와루쿠치,욕,N2,slander; bad-mouthing
41378,我,われ,와레,나,N4,self; ego; I
41382,我々-代名詞,われわれ,와레와레,우리들,N2,we; us (wareware - pronoun)
41283,ワタナベ,わたなべ,와타나베,와타나베,N2,Watanabe (common surname)
48766,呵責,かしゃく,카샤쿠,가책,N1,remorse; pangs (of conscience)
47324,行灯,あんどん,안돈,사방등,N2,paper lantern; oil lamp
48039,垣,かき,카키,담,N1,fence; hedge; wall
43123,虐げる,しいたげる,시이타게루,"학대히다, 누명을 씌우다",N1,to oppress; to tyrannize
43163,臼歯,きゅうし,큐우시,어금니,N1,molar tooth
45886,ぎらり,ぎらり,기라리,번뜩,N1,sharp flash; glare
48717,鉄鉱,てっこう,텟코우,철광,N1,iron ore
47546,今し方,いましがた,이마시가타,방금 전,N1,just now; a moment ago
47833,遺恨,いこん,이콘,"유한, 원한",N1,grudge; enmity; rancor
47418,炒り豆,いりまめ,이리마메,볶은 콩,N1,parched beans; roasted beans
48502,語り草,かたりぐさ,카타리구사,화젯거리,N1,topic of conversation; legend
43002,師範,しはん,시한,사범,N1,instructor; teacher; master
45840,脈絡,みゃくらく,먀쿠라쿠,맥락,N1,logical connection; coherence; vein
47331,有り金,ありがね,아리가네,가진 돈 전부,N1,all the money one has
47844,勇む,いさい,이사이,기운이 솟다,N1,to be in high spirits; to be emboldened
29064,農民,のうみん,노우민,농민,N3,Farmers / peasants
29068,農薬,のうやく,노우야쿠,농약,N2,Agricultural chemicals / pesticides
29082,軒並み,のきなみ,노키나미,"줄줄이,집집마다",N1,Row of houses / across the board
29090,鋸,のこ,노코,톱,N2,Saw (tool)
29093,残り,のこり,노코리,나머지,N2,Remnant / residue / left over
41199,湧き出す,わきだす,와키다스,솟아나다,N1,to gush out; to spring forth
29118,覗く,のぞく,노조쿠,엿보다,N2,To peek / to look into
29119,除く,のぞく,노조쿠,빼다,N3,To exclude / to remove
29141,乗り取る,のりとる,노리토루,점령하다,N1,To hijack / to take over
29191,延べ,のべ,노베,누적수,N1,Total / aggregate
29195,述べる,のべる,노베루,진술하다,N4,To state / to express / to mention
29201,上り,のぼり,노보리,상행,N3,Ascent / up-train (toward Tokyo)
29219,飲み込む,のみこむ,노미코무,"삼키다,이해하다",N1,To swallow / to understand
29240,糊,のり,노리,풀,N2,Paste / starch / glue
29250,乗り換える,のりかえる,노리카에루,환승하다,N4,To transfer / to change (opinions)
29258,乗り込む,のりこむ,노리코무,올라타다,N2,To board / to get into
29294,暢気,のんき,논키,무사태평,N2,Carefree / optimistic / easygoing
29325,刃,は,하,칼날,N2,Blade / edge
29345,灰色,はいいろ,하이이로,회색,N3,Grey / ash-colored
29394,拝借,はいしゃく,하이샤쿠,"빌려씀,배차",N1,Borrowing (humble)
29407,排除,はいじょ,하이죠,배제,N1,Exclusion / elimination
29409,排水,はいすい,하이스이,배수,N2,Drainage
29417,敗戦,はいせん,하이센,패전,N1,Defeat
29430,配達,はいたつ,하이타츠,배달,N3,Delivery
29434,配置,はいち,하이치,배치,N2,Arrangement / deployment
29465,配布,はいふ,하이후,배포,N2,Distribution
29469,配分,はいぶん,하이분,배분,N2,Allocation / distribution
29488,配慮,はいりょ,하이료,배려. 심려,N2,Consideration / care
29495,配列,はいれつ,하이레츠,배열,N1,Arrangement / array
29321,は,わ,와,것,N6,Particle (topic marker)
29510,映える,はえる,하에루,"빛나다, 돋보이다",N3,To shine / to look attractive / to stand out
29515,破壊,はかい,하카이,파괴,N2,Destruction / disruption
29534,葉書,はがき,하가키,엽서,N5,Postcard
29536,剥がす,はがす,하가스,벗기다. 떼다,N2,To tear off / to peel off
29517,博士,はかせ,하카세,박사,N2,Doctorate / PhD / expert
29520,捗る,はかどる,하카도루,진척되다,N1,To make progress
29541,破棄,はき,하키,파기,N1,Annulment / disposal / revocation
29564,掃く,はく,하쿠,쓸다. 털다,N3,To sweep / to brush
29624,剥ぐ,はぐ,하구,벗기다,N1,To flay / to strip off
29587,薄弱,はくじゃく,하쿠쟈쿠,"빈약,박약",N1,Weak / flimsy
29583,拍手,はくしゅ,하쿠슈,박수,N4,Applause / clapping
29588,白状,はくじょう,하쿠죠우,자백,N1,Confession
29628,歯車,はぐるま,하구루마,톱니바퀴,N2,Gear / cogwheel
41391,湾入,わんにゅう,완뉴우,만입,N1,inlet; indentation of the coast
39382,ヨット-yacht,ヨット,욧토,요트,N5,yacht
29642,励む,はげむ,하게무,힘쓰다,N3,To strive / to be diligent
29669,破産,はさん,하산,파산,N2,Bankruptcy
29678,端,はし,하시,가장자리,N3,Edge / corner
41392,腕力,わんりょく,완료쿠,완력,N1,physical strength; brute force
41235,和語,わご,와고,와고 (순일본어),N1,native Japanese word (Wago)
47154,異な,いな,이나,이상한,N1,strange; curious; odd
32102,病人,びょうにん,뵤우닌,"환자,병인",N1,sick person; patient
37891,物腰,ものごち,모노고치,태도,N1,manner; demeanor
30751,ばらつき,ばらつき,바라츠키,산포,N2,variation; dispersion; scattering
52412,鍵盤,けんばん,켄반,건반,N1,keyboard
7852,官僚,かんりょう,칸료우,관료,N1,Bureaucrat; bureaucracy
21657,体,たい,타이,체,N4,"body, style, form"
39969,履修,りしゅう,리슈우,이수,N1,taking a course (study)
30337,半球,はんきゅう,한큐우,반구,N1,hemisphere
6088,垣根,かきね,카키네,울타리,N2,Fence; hedge
20894,全面,ぜんめん,젠멘,전면,N1,"whole surface, full scale"
16803,証人,しょうにん,쇼우닌,증인,N2,witness
6564,仮説,かせつ,카세츠,가설,N2,Hypothesis
10794,ぐるり,ぐるり,구루리,"둘레,주위",N1,Around; surroundings
90416,沈み掛ける,しずみかける,시즈미카케루,가라앉기 시작하다,N1,To be about to sink/set
5404,音,おん,온,음,N3,Sound; noise; (also: On-reading)
89131,塗り直す,ぬりなおす,누리나오스,다시 칠하다,N1,To repaint; to recoat
14611,三千,さんぜん,산젠,삼천,N1,Three thousand
4468,王朝,おうちょう,오우쵸우,왕조,N2,Dynasty
29688,梯子,はしご,하시고,사다리,N2,Ladder
3263,訴え,うったえ,웃타에,"호소, 소송",N3,Lawsuit; complaint; appeal
50980,黒潮,くろしお,쿠로시오,쿠로시오,N1,Kuroshio (Japan Current)
37674,木造,もくぞう,모쿠조우,목조,N2,wooden; made of wood
92424,掃き集める,はきあつめる,하키아츠메루,쓸어모으다,N1,To sweep together
3162,薄れる,うすれる,우스레루,"희미해지다, 옅어지다",N1,To fade; to grow thin
66667,方形,ほうけい,호케이,방형(네모꼴),N1,Square shape
571,朝晩,あさばん,아사반,아침저녁,N1,Morning and evening
20795,全校,ぜんこう,젠코우,전교,N1,the whole school
34839,保留,ほりゅう,호류우,보류,N1,reservation; suspension; deferment
11994,工具,こうぐ,코우구,공구,N2,Tool; implement
24153,直接,ちょくせつ,쵸쿠세츠,직접,N1,"direct, immediate, personal"
35531,巻き込む,まきこむ,마키코무,감아넣다,N2,to involve; to drag into; to roll up
805,圧,あつ,아츠,압,N4,Pressure; force
42188,教鞭,きょうべん,쿄우벤,교편,N1,teaching staff; (to take up) teaching
61083,戦地,せんち,센치,"전선,전지",N1,Battlefield; the front
41368,割安,わりやす,와리야스,저가,N1,comparatively cheap
29743,外す,はずす,하즈스,떼어 내다,N3,To remove / to disconnect / to miss
27938,菜の花,なのはな,나노하나,유채꽃,N1,"canola flowers, rapeseed blossoms"
22320,戦い,たたかい,타타카이,싸움,N3,"battle, fight, conflict"
12396,校門,こうもん,코우몬,교문,N2,School gate
9529,切り取る,きりとる,키리토루,도려내다,N2,To cut off; to tear out
39484,読む,よむ,요무,읽다,N5,to read
9099,急落,きゅうらく,큐우라쿠,급락,N1,Plummeting; sharp drop (price)
65356,不買,ふばい,후바이,불매,N1,Boycott
12072,行使,こうし,코우시,행사,N1,Exercise; use (of rights/power)
39401,夜泣き,よなき,요나키,밤에 우는 것,N1,crying at night (of a baby)
39450,予報,よほう,요호우,예보,N3,forecast; prediction
39139,曜日,ようび,요우비,요일,N2,day of the week
41033,論,ろん,론,론,N2,argument; theory; debate
39147,用法,ようほう,요우호우,용법,N2,directions for use; usage
39161,要領,ようりょう,요우료우,요령,N2,knack; point; trick
102694,湖面,こめん,코멘,호수 수면,N3,Lake surface
32576,拭き取る,ふきとる,후키토루,닦아내다,N1,to wipe off; to mop up
104996,焼き色,やきいろ,야키이로,구운 빛깔,N1,Browned color (cooking)
30667,罰金,ばっきん,밧킨,벌금,N2,fine; penalty money
11488,芸人,げいにん,게이닌,연예인,N1,Performer; entertainer
5770,開場,かいじょう,카이죠우,개장,N1,Opening of a venue
5239,思い知らす,おもいしらず,오모이시라즈,절감하게하다,N1,To teach someone a lesson; to make someone realize
15470,視聴,しちょう,시쵸우,시청,N2,Viewing and listening (TV/audio)
31562,人前,ひとまえ,히토마에,사람들 앞,N3,presence of others; in public
29745,弾む,はずむ,하즈무,"튀다, 기세가 오르다",N3,To bounce / to be stimulated
29748,外れる,はずれる,하즈레루,빠지다. 벗겨지다,N3,To be disconnected / to miss
29758,破損,はそん,하손,파손,N3,Damage / breakage
29795,裸,はだか,하다카,알몸,N2,Naked / nude
87281,吹き荒れる,ふきあれる,후키아레루,몰아치다,N1,To blow violently (storm)
15265,資材,しざい,시자이,자재,N1,Materials; supplies
13181,今春,こんしゅん,콘슌,이번 봄,N1,This spring
11627,現役,げんいき,겐이키,현역,N1,Active duty; active service
3585,運勢,うんせい,운세이,운세,N1,Fortune; luck
54900,転がり込む,ころがりこむ,코로가리코무,굴러 들어가다(오다),N1,To roll in; to come one's way; to take refuge in
862,後書き,あとがき,아토가키,"후기,추신",N1,Postscript; afterword
628,足取り,あしどり,아시도리,"걸음,발자취",N1,Gait; step; trend (market)
496,明け,あけ,아케,끝난 뒤,N2,Dawn; end (of a period)
1690,行き止まり,いきどまり,이키도마리,막다름,N1,Dead end; cul-de-sac
47381,弄う,いらう,이라우,만지작거리다,N1,to play with; to fiddle with
38443,山里,やまざと,야마자토,산골,N2,mountain village
43644,友禅,ゆうぜン,유우젠,유젠 (염색 기법),N1,Yuzen (type of textile dyeing)
39169,余暇,よか,요카,여가,N1,leisure; spare time
39173,予期,よき,요키,예기,N2,expectation; anticipation
39174,余興,よきょう,요쿄우,여흥,N1,side show; entertainment
37766,持ち出す,もちだす,모치다스,반출,N1,to take out; to carry out
39175,預金,よきん,요킨,예금,N1,deposit; bank account
39184,抑圧,よくあつ,요쿠아츠,억압,N1,oppression; suppression
39188,浴室,よくしつ,요쿠시츠,욕실,N2,bathroom
39191,抑制,よくせい,요쿠세이,억제,N1,restraint; inhibition; control
39195,欲張り,よくばり,요쿠바리,욕심이 많은,N3,greed; greedy person
39204,余計,よけい,요케이,괜한,N3,unnecessary; extra; surplus
39225,横切る,よこぎる,요코기루,가로지르다,N3,to cross; to traverse
39233,寄越す,よこす,요코스,넘겨주다,N3,to send; to hand over
39256,汚す,よごす,요고스,더럽히다,N3,to make dirty; to stain
39242,横綱,よこずな,요코즈나,요코즈나,N1,Yokozuna (sumo grand champion)
39262,予算,よさん,요산,예산,N5,budget; estimate
39272,善し悪し,よしあし,요시아시,"좋고 나쁨, 옳고 그름",N1,good and/or bad; quality
39341,予習,よしゅう,요슈우,예습,N4,preparation for a lesson
39350,止す,よす,요스,그만두다,N2,to stop; to quit; to give up
39358,余所,よそ,요소,다른 곳,N2,elsewhere; another place
39360,予想,よそう,요소우,예상,N4,expectation; forecast
33828,平易,へいい,헤이이,평이,N1,easy; plain; simple
29907,発育,はついく,하츠이쿠,발육,N1,Growth / development
6992,過敏,かびん,카빈,과민,N1,Oversensitive; nervous
11260,間,けん,켄,간,N1,Interval; space; room; between
241944,支払い日,しはらいび,시하라이비,지급일,N1,Payment day
58592,立ち上る,たちのぼる,타치노보루,피어오르다,N3,To rise (smoke/steam); to stand up
47555,言い返す,いいかえす,이이카에스,말대꾸하다,N1,to talk back; to retort
5056,音,おと(おん),오토(온),소리(음),N5,Sound; noise
24585,付ける,つける,츠케루,붙이다,N5,"to attach, to join, to apply"
2102,一人前,いちにんまえ,이치닌마에,한 사람 몫,N1,Adult; full-fledged; one portion
87897,多め,おおめ,오오메,좀 많은 정도,N2,A little more; generous portion
2144,一覧,いちらん,이치란,일람,N1,List; catalog; overview
29912,発音,はつおん,하츠온,발음,N4,Pronunciation
27417,丼,どんぶり,돈부리,덮밥그릇,N2,"bowl, bowl of food"
140702,召し,めし,메시,불러들임,N1,Food/drink (honorific); summons
24489,月明かり,つきあかり,츠키아카리,달빛,N2,moonlight
21957,大量,たいりょう,타이료우,대량,N2,"large quantity, mass"
1336,案件,あんけん,안켄,안건,N2,Matter; case; item (on agenda)
18377,順位,じゅんい,쥰이,순위,N2,"rank, order, precedence"
47319,荒らげる,あららげる,아라라게루,거칠게하다,N1,to raise (one's voice); to roughen
13332,御,ご,고,경어접두사,N5,Honorific prefix
17699,自愛,じあい,지아이,자신을 돌봄,N1,"self-love, taking care of oneself"
280,青褪める,あおざめる,아오자메루,새파래지다,N2,To turn pale
69199,夜通し,よどうし,요도우시,밤새도록,N3,All night long
37875,物,もの,모노,물건,N5,thing; object
15251,仕事,しごと,시고토,일,N5,Work; job; business
9012,球児,きゅうじ,큐우지,야구 소년,N1,Young baseball player
71584,良性,りょうせい,료우세이,양성,N1,Benign (medical); good natured
15628,凌ぎ,しのぎ,시노기,견디기,N1,Enduring; keeping (the rain) out
14456,さり気無い,さりげない,사리게나이,티가 안 나다,N1,Casual; nonchalant; unconcerned
60346,強み,つよみ,츠요미,강점,N3,Strength; advantage
39390,予定,よてい,요테이,예정,N5,plan; schedule
15468,市長,しちょう,시쵸우,시장,N3,Mayor
56040,素,もと,모토,본바탕,N3,Basis; element; plain
46125,家訓,かくん,카쿤,가훈,N1,family precepts
11896,公園,こうえん,코우엔,공원,N5,Park
12744,子育て,こそだて,코소다테,육아,N1,Child rearing
12324,後半,こうはん,코우한,후반,N3,Second half
36468,店,みせ,미세,가게,N5,shop; store
11792,故,こ,코,사정,N3,Late (deceased); old; reason
39375,余地,よち,요치,여지,N2,place; room; margin
39383,酔っ払い,よっぱらい,욧파라이,주정뱅이,N2,a drunkard
39003,洋,よう,요우,"양,양식",N2,ocean; Western
35576,枕元,まくらもと,마쿠라모토,머리맡,N1,bedside
38358,宿代,やどだい,야도다이,숙박비,N1,cost of lodging
36417,水,みず,미즈,물,N5,water
36344,見下す,みくだす,미쿠다스,깔보다,N1,to look down on; to despise
65038,風流,ふゆりゅう,후유류우,풍류,N1,Refinement; elegance
31742,拍子,ひょうし,효우시,장단,N3,tempo; time; beat; the moment
4927,押し掛ける,うしかける,우시카케루,"들이닥치다,몰려가다",N1,To barge in; to crowd into
54376,ざわつく,ざわつく,자와츠쿠,술렁거리다,N3,To be noisy; to be stirred up; to rustle
7768,カンノン,かんのん,칸논,관음,N1,Kannon (Goddess of Mercy)
5809,買い揃える,かいそろえる,카이소로에루,사들이다,N1,To complete a set by buying
54767,塵取り,"ちりとり,ごみとり","치리토리,고미토리",쓰레받기,N1,Dustpan
15933,車線,しゃせん,샤센,차선,N1,(Traffic) lane
1527,言い聞かせる,いいきかせる,이이키카세루,타이르다,N2,To tell; to instruct; to persuade
5759,改心,かいしん,카이신,개심,N1,Conversion; reform (of one's ways)
258533,千手,せんじゅ,센쥬,천수,N1,Thousand arms (Senju)
33123,振り回す,ふりまわす,후리마와스,휘둘리다,N2,to brandish; to wield; to abuse (power)
31221,引き込む,ひきこむ,히키코무,끌어넣다,N2,to draw in; to entice; to drag into
34669,星空,ほしぞら,호시조라,별이 빛나는 하늘,N3,starry sky
194216,着心地,きごこち,키고코치,착용감,N2,Comfort (of clothing)
29834,発揮,はっき,핫키,발휘,N2,Exhibition / display (of power)
29843,発掘,はっくつ,핫쿠츠,발굴,N3,Excavation / discovery
120740,堂々,どうどう,도우도우,당당,N1,Magnificent; grand; stately
2192,一式,いっしき,잇시키,한 벌,N1,A complete set; a suite
35553,間際,まぎわ,마기와,직전,N1,on the verge of; at the last moment
3260,薄ら,うっすら,웃스라,희미하게,N2,Vaguely; slightly; thinly
139305,雨音,あまおと,아마오토,빗소리,N2,Sound of rain
28699,温もり,ぬくもり,누쿠모리,온기,N2,warmth
2578,遺留,いりゅう,이류우,유류,N1,Leaving behind; bequest
27216,読者,どくしゃ,도쿠샤,독자,N2,reader
26810,取り繕う,としつくろう,토시츠쿠로우,"고치다,꾸미다",N2,"to mend, to patch up, to gloss over"
26820,取り直す,とりなおす,토리나오스,고치다,N2,"to recover one's spirits, to retake"
25274,照らし合わせる,てらしあわせる,테라시아와세루,대조하다,N1,"to check against, to compare"
57898,私利,しり,시리,사리,N1,Self-interest; personal gain
12561,告発,こくはつ,코쿠하츠,고발,N2,Indictment; whistle-blowing
24091,長物,ちょうぶつ,쵸우부츠,"애물단지,장물",N1,"useless long object, white elephant"
55780,私欲,しよく,시요쿠,사욕,N1,Self-interest; selfish desire
510,空ける,あける,아케루,비우다,N2,To empty; to vacate; to clear
24657,務め,つとめ,츠토메,"임무, 할 일",N1,"duty, business, task"
17506,新任,しんにん,신닌,신임,N1,newly appointed
15973,喋り,しゃべり,샤베리,재잘거림,N1,Talk; chat; chattering
44356,スライム,スライム,스라이무,슬라임,N1,slime
39391,与党,よとう,요토우,여당,N2,ruling party
39440,呼び出す,よびだす,요비다스,호출하다. 불러내다,N3,to summon; to call out
39447,夜更け,よふけ,요후케,깊은 밤,N3,late at night
39449,余分,よぶん,요분,여분,N2,extra; excess; surplus
39451,余程,よほど,요호도,상당히. 꽤. 어지간히. 정말이지,N1,very; greatly; to a large degree
39457,読み上げる,よみあげる,요미아게루,낭독하다,N3,to read out loud
6739,各国,かっこく,캇코쿠,각국,N3,Each country; various nations
34119,米寿,べいじゅ,베이쥬,"88세,미수",N1,"88th birthday (rice longevity)"
68061,まさぐる,まさくる,마사쿠루,만지작거리다,N1,To fumble; to grope for
29917,発言,はつげん,하츠겐,발언,N5,Utterance / remark
32680,含み,ふくみ,후쿠미,뉘앙스,N1,implication; hidden meaning
30223,張り替える,はりかえる,하리카에루,뜯어 교체하다,N1,to re-cover; to replace (wallpaper/strings)
10454,比べ物,くらびもの,쿠라비모노,비교대상상,N1,Comparison; comparable thing
594,嘲笑う,あざわらう,아자와라우,비웃다,N2,To sneer at; to mock; to ridicule
29853,発行,はっこう,핫코우,발행,N3,Publication / issue
199904,高鳴り,たかなり,타카나리,가슴이 뜀,N1,Throbbing / Palpitation / Ringing
87051,上がり込む,あがりこむ,아가리코무,(남의 집에)들어가다,N1,To step into (someone's house)
29858,発射,はっしゃ,핫샤,발사,N2,Firing / launching
91465,鳴り止む,なりやむ,나리야무,소리가 그치다,N1,To stop ringing/sounding
87068,言い当てる,いいあてる,이이아테루,알아맞히다,N1,To guess correctly
593,痣,あざ,아자,멍,N2,Bruise; birthmark; mole
1269,あれ,あれ,아레,어라,N1,That (over there); (exclamation of surprise)
26770,取り返し,とりかえし,토리카에시,"되찾음,만회",N1,"recovery, retrieval"
422,空き家,あきや,아키야,빈집,N1,Vacant house; unoccupied house
25013,低速,ていそく,테이소쿠,저속,N1,low speed
120090,言,げん,겐,말씀,N4,Word; statement
49476,現,うつつ,우츠츠,"현실, 정신이 나간 상태",N1,reality; actuality
62483,粗品,そしな,소시나,"작은 선물,조품",N1,Small gift; humble token
39498,余裕,よゆう,요유우,여유,N3,surplus; room; leeway
36482,未然,みぜん,미젠,사전,N1,before it happens; previously
39605,来週,らいしゅう,라이슈우,다음주,N5,next week
25068,手書き,てがき,테가키,수기,N1,handwriting
63095,野山,のやま,노야마,야산,N1,Hills and fields
19009,数千,すうせん,스우센,수천,N1,thousands
57892,白む,しらむ,시라무,"희어지다,밝아오다",N1,To grow light (dawn); to turn white
21445,逸らす,そらす,소라스,돌리다,N3,"to turn away, to avert, to dodge"
20890,全編,ぜんぺん,젠펜,전편,N1,"whole volume, complete work"
41200,湧き出る,わきでる,와키데루,솟아나다,N1,to gush forth; to flow out
51374,共助,きょうじょ,쿄우죠,공조,N1,mutual aid
49904,川遊び,かわあそび,카와아소비,강 놀이,N1,playing in a river
16610,奨学,しょうがく,쇼우가쿠,장학,N3,"encouragement of learning, scholarship"
51060,企てる,くわだてる,쿠와다테루,꾸미다,N1,to plan; to plot; to attempt
9971,銀色,ぎんいろ,긴이로,은색,N1,Silver color
48501,語り明かす,かたりあかす,카타리아카스,밤새워 이야기하다,N1,to talk the night away
51447,雲海,うんかい,운카이,운해,N2,sea of clouds
43496,辰,たつ,타츠,진,N1,dragon (zodiac)
39629,来日,らいにち,라이니치,방일,N2,coming to Japan
39683,落第,らくだい,라쿠다이,낙제,N2,failure (in exam); repeating a grade
39686,酪農,らくのう,라쿠노우,낙농,N1,dairy farming
39854,乱用,らんよう,란요우,남용,N1,abuse; misuse
33466,ぶらんこ,ぶらんこ,브란코,그네,N2,swing (playground)
2187,一昨,いっさく(おととい),잇사쿠(오토토이),재작(그저께),N2,(Prefix) Day before... / Year before...
6310,箇月,かげつ,카게츠,개월,N2,(Counter for) months
16840,消防,しょうぼう,쇼우보우,소방,N4,firefighting
68401,もぐもぐ,もぐもぐ,모구모구,냠냠,N2,Mumbling; chewing
39258,汚れる,よごれる,요고레루,더러워지다,N3,to get dirty; to become soiled
32032,びっくり,びっくり,빗쿠리,깜짝 놀람,N2,to be surprised; startled
5897,開閉,かいへい,카이헤이,개폐,N1,Opening and closing
11661,元号,げんごう,겐고우,연호,N1,"Era name (e.g., Reiwa, Heisei)"
36386,見知り,みしり,미시리,알아봄,N2,acquaintance
28868,寝付く,ねつける,네츠케루,잠들다,N2,To fall asleep / to be bedridden
195235,高波,たかなみ,타카나미,큰 파도,N2,High waves
29875,発想,はっそう,핫소우,발상,N4,Idea / conception
1693,行成,いきなり,이키나리,갑자기,N3,"Nariyuki (surname context); or ""suddenly"" (Yukinari)"
22803,たん瘤,たんこぶ,탄코부,혹,N2,"bump (on the head), lump"
34593,放浪,ほうろう,호우로우,방랑,N1,wandering; roaming
67336,妙案,みょうあん,묘우안,묘안,N1,Bright idea
16222,修了,しゅうりょう,슈우료우,수료,N1,completion (of a course)
196391,無事,ぶじ,부지,무사,N3,Safety / Peace / No problem
38203,役目,やくめ,야쿠메,임무,N2,duty; business; role
23283,段,だん,단,단,N3,"step, stair, rank, column"
25393,天使,てんし,텐시,천사,N2,angel
37060,向こう側,むこうがわ,무코우가와,건너편,N2,opposite side; other side
21632,続行,ぞっこう,좃코우,속행,N2,continuation
20197,接種,せっしゅ,셋슈,접종,N2,"inoculation, vaccination"
28023,鳴らす,ならす,나라스,울리다,N3,"to ring, to sound, to blow (horn)"
5286,面持ち,おももち,오모모치,표정,N1,Expression; look; countenance
4445,オウジ,おうじ,오우지,왕자,N2,Oji (place name/surname)
96597,水漏れ,みずもれ,미즈모레,누수,N2,Water leak
77944,カンサイ,かんさい,칸사이,간사이,N1,Kansai (region)
39889,理科,りか,리카,이과,N3,science (school subject)
26560,飛び立つ,とびたつ,토비타츠,날아가다,N2,"to take wing, to depart"
25798,電動,でんどう,덴도우,전동,N1,"electric, motorized"
63536,とんと,とんと,톤토,도무지,N1,(Not) at all; completely
50366,乙,おつ,오츠,특이함,N4,"strange; stylish; ""B"" (second in a series)"
39075,要所,ようしょ,요우쇼,요소,N1,key point; strategic location
19339,砂場,すなば,스나바,모래밭,N2,"sandbox, sandpit"
39452,予防,よぼう,요보우,예방,N2,prevention; precaution
39898,利害,りがい,리가이,이해(관계),N2,interests; stakes; pros and cons
17554,新米,しんまい,신마이,"햅쌀,신참,신미",N3,"new rice, novice, beginner"
17896,慈善,じぜん,지젠,자선,N2,"charity, philanthropy"
39891,理解,りかい,리카이,이해,N5,understanding; comprehension
39926,陸,りく,리쿠,육지,N2,land; shore
18543,常食,じょうしょく,죠우쇼쿠,"일정한 식사, 상식",N2,"staple food, daily diet"
39940,理屈,りくつ,리쿠츠,논리,N2,theory; logic; pretext
39954,離婚,りこん,리콘,이혼,N3,divorce
39968,利子,りし,리시,이자,N1,interest (bank)
38459,山積み,やまずみ,야마즈미,산더미,N3,huge pile; mountain of
35473,前髪,まえがみ,마에가미,앞머리,N2,forelock; bangs
32770,フジ,ふじ,후지,후지,N3,Fuji (mountain/name)
31857,昼間,ひるま,히루마,낮,N2,daytime
28971,粘土,ねんど,넨도,점토,N2,Clay
30015,花屋,はなや,하나야,꽃집,N3,Florist
29879,発達,はったつ,핫타츠,발달,N3,Development / growth
253432,ぷーん,ぷうん,푸운,부웅,N1,Whiff (smell) / Buzz (insect)
64461,二言,にごん,니곤,"두 말,이언",N1,Two words; going back on one's word
43965,木登り,きのぼり,키노보리,나무타기,N2,tree climbing
39141,洋風,ようふう,요우후우,양풍. 양식,N2,Western style
39149,要望,ようぼう,요우보우,"요망, 요청",N2,demand; request; desire
39442,呼び止める,よびとめる,요비토메루,불러 세우다,N2,to challenge; to call to a stop
39975,利潤,りじゅん,리쥰,이윤,N1,profit; margin
39993,理想,りそう,리소우,이상,N3,ideal
39994,利息,りそく,리소쿠,이자,N1,interest (on loan/savings)
40023,立体,りったい,릿타이,입체,N1,three-dimensional object
36133,漫画,まんが,망가,만화,N3,manga; comic
22795,探検,たんけん,탄켄,탐험,N3,"exploration, expedition"
40029,立派,りっぱ,릿파,"엄연,훌룽,일파",N4,splendid; fine; honorable
40031,立方,りっぽう,릿포우,입방,N1,cube; cubic
40032,立法,りっぽう,릿포우,입법,N1,legislation
40047,利点,りてん,리텐,이점,N1,advantage; point
40111,略語,りゃくご,랴쿠고,약어. 줄임말,N1,abbreviation
40236,良好,りょうこう,료우코우,양호,N2,favorable; good; satisfactory
40782,連日,れんじつ,렌지츠,연일,N2,day after day
40910,朗読,ろうどく,로우도쿠,낭독,N2,reading aloud; recitation
37581,設ける,もうける,모우케루,설치하다,N2,to establish; to set up; to provide
26406,年玉,としだま,토시다마,세뱃돈,N2,New Year's gift (money)
37706,模索,もさく,모사쿠,모색,N2,groping; searching for
37712,若しくは,もしくは,모시쿠하,혹은,N2,or; otherwise
28282,西,にし,니시,서쪽,N3,west
37911,最早,もはや,모하야,벌써. 이미. 어느새. 이제와서는,N2,already; no longer
38174,役職,やくしょく,야쿠쇼쿠,관리직,N2,post; managerial position
38535,遣り遂げる,やりとげる,야리토게루,완수하다. 끝까지 해내다. 달성하다,N2,to accomplish; to carry through
36358,未婚,みこん,미콘,미혼,N2,unmarried; single
36763,見逃す,みのがす,미노가스,못 보고 놓치다,N2,to overlook; to miss; to let go
29885,発展,はってん,핫텐,발전,N3,Development / expansion
38616,勇敢,ゆうかん,유우칸,용감,N2,brave; courageous
29925,発電,はつでん,하츠덴,발전,N3,Power generation
29931,発病,はつびょう,하츠뵤우,발병,N1,Onset of illness
36961,民俗,みんぞく,민조쿠,민속,N2,folklore; customs
29934,初耳,はつみみ,하츠미미,금시초문,N1,Hearing for the first time
37130,結び付く,むすびつく,무스비츠쿠,결부되다,N2,to be connected; to lead to
29950,果てる,はてる,하테루,끝나다,N1,To end / to perish
37309,命中,めいちゅう,메이츄우,명중. 적중,N2,direct hit
37451,滅亡,めつぼう,메츠보우,멸망,N2,downfall; ruin; extinction
20069,赤,あか,아카,빨간,N2,red
13135,壊す,こわす,코와스,망치다,N3,To break; to destroy
37478,目盛り,めもり,메모리,눈금,N2,scale; graduation (on a ruler/beaker)
913,彼の世,あのよ,아노요,저승,N1,The other world; the afterlife
36815,耳元,みみもと,미미모토,귓가,N1,close to one's ear
22389,立ち消え,たちぎえ,타치기에,흐지부지됨,N1,"fading away, fizzling out"
4425,王国,おうこく,오우코쿠,왕국,N1,Kingdom; realm
5778,快晴,かいせい,카이세이,쾌청,N2,Clear weather
2033,炒める,いためる,이타메루,"볶다,지지다",N2,To stir-fry; to sauté
3153,薄手,うすで,우스데,얇팍함,N1,Thin (cloth/paper/china)
31695,冷やす,ひやす,히야스,식다,N3,to cool; to chill
217979,榛色,はしばみいろ,하시바미이로,개암색,N2,Hazel color
30000,甚だ,はなはだ,하나하다,대단히,N1,Very / greatly
30002,華々しい,はなばなしい,하나바나시이,매우 화려하다,N1,Brilliant / glorious
26009,冬至,どうじ,도우지,동지,N2,winter solstice
1635,遺憾,いかん,이칸,유감,N2,Regrettable; unsatisfactory
304,煽る,あおる,아오루,휘날리다,N1,To fan; to agitate; to incite
87112,おひたし,おいたし,오이타시,무침,N2,Ohitashi (boiled greens in dashi)
22037,高々,たかだか,타카다카,높이높이,N1,"at most, high, aloft"
1910,弄る,いじる,이지루,만지작거리다,N1,To tinker with; to fiddle with; to grope
19249,酸っぱい,すっぱく,슷파쿠,시큼하다,N2,"sour, acid"
9100,胡瓜,きゅうり,큐우리,오이,N2,Cucumber
1293,淡い,あわい,아와이,은은하다,N3,Faint; pale; fleeting
7938,害する,がいする,가이스루,해치다,N2,To harm; to injure; to damage
42926,ワイシャツ,ワイシャツ,와이샤츠,와이셔츠,N4,business shirt (white shirt)
40118,略す,りゃくする,랴쿠스루,생략하다,N2,to abbreviate; to omit
40121,略奪,りゃくだつ,랴쿠다츠,약탈,N1,pillage; plunder; looting
40134,流域,りゅういき,류우이키,유역,N2,river basin; catchment area
7942,概説,がいせつ,가이세츠,개설,N1,General statement; outline
5781,改正,かいせい,카이세이,개정,N2,Revision; amendment
40171,流通,りゅうつう,류우츠우,유통,N1,circulation; distribution
40193,両,りょう,료우,양-,N2,both; old Japanese gold coin
5787,解説,かいせつ,카이세츠,해설,N3,Explanation; commentary
5800,回送,かいそう,카이소우,회송,N1,Forwarding; out-of-service (bus/train)
5811,改造,かいぞう,카이조우,개조,N2,Remodeling; modification; hacking
196,愛読,あいどく,아이도쿠,애독,N2,Reading with pleasure; favorite book
1339,暗黒,あんこく,안코쿠,암흑,N1,Darkness; blackness
40194,寮,りょう,료우,기숙사,N3,dormitory
1775,遺構,いこう,이코우,"건물 잔해,유구",N1,Remains; ancient structure
615,足軽,あしがる,아시가루,졸병,N2,Ashigaru (foot soldier)
1949,威勢,いせい,이세이,위세,N2,Power; might; high spirits
1326,安価,あんか,안카,싼값,N1,Low price; cheap
1299,合わせ,あわせ,아와세,맞춤,N1,Joint; combination; (suffix) in accordance with
1095,歩み寄り,あゆみより,아유미요리,서로 양보하여 접근함,N1,Compromise; concession
40201,量,りょう,료우,양,N4,quantity; amount
40206,領域,りょういき,료우이키,영역,N1,area; domain; territory
40215,領海,りょうかい,료우카이,영해,N1,territorial waters
40219,両替,りょうがえ,료우가에,환전. 돈을 바꿈,N3,money exchange
369,上がり,あがり,아가리,"오름,멎음",N1,Rise; ascent; completion; income
40220,両側,りょうがわ,료우가와,양측. 양쪽,N3,both sides
40223,両極,りょうきょく,료우쿄쿠,양극,N1,both poles; extremes
48000,課外,かがい,카가이,과외,N1,extracurricular
1560,言い回し,いいまうし,이이마우시,말투,N2,Expression; phrasing; way of speaking
7975,概略,がいりゃく,가이랴쿠,개략,N1,Outline; summary; gist
5929,回覧,かいらん,카이란,회람,N1,Circulation (of a memo)
60357,面魂,つらだましい,츠라다마시이,얼굴에서 풍기는 기백,N1,Spirit/countenance shown in one's face
1990,遺族,いぞく,이조쿠,유족,N1,Bereaved family
48129,掻き回す,かきまわす,카키마와스,"휘젓다,어지르다",N1,to stir up; to disturb; to ransack
5936,海流,かいりゅう,카이류우,해류,N1,Ocean current
30004,花弁,はなびら,하나비라,화판,N2,Petal
40245,漁師,りょうし,료우시,어부,N3,fisherman
66,亜,あ,아,버금(아),N4,Sub-; next; Asia (prefix)
5938,改良,かいりょう,카이료우,개량,N1,Improvement; reform
5941,回路,かいろ,카이로,회로,N1,Circuit (electric)
1315,哀れむ,あわれむ,아와레무,불쌍히 여기다,N1,To pity; to have compassion for
1314,哀れみ,あわれみ,아와레미,연민,N1,Compassion; pity; mercy
452,悪事,あくじ,아쿠지,"나쁜 짓, 악행",N1,Evil deed; crime
446,悪意,あくい,아쿠이,악의,N2,Ill will; malice; spite
5943,海路,かいろ,카이로,해로. 뱃길,N1,Sea route
1950,為政,いせい,이세이,위정,N1,Administration; governing
40292,領土,りょうど,료우도,영토,N3,territory; domain
1748,畏敬,いけい,이케이,경외,N1,Reverence; awe; veneration
79,相,あい,아이,서로,N3,Mutual; aspect; phase; minister
40325,旅客,りょかく,료카쿠,여객,N3,passenger; traveler
1969,磯遊び,いそあそび,이소아소비,갯벌놀이,N1,Playing at the seaside
5945,会話,かいわ,카이와,회화,N4,Conversation
5968,却って,かえって,카엣테,도리어. 오히려. 반대로,N3,On the contrary; rather
5988,家屋,かおく,카오쿠,가옥,N2,House; building
934,浴びせる,あびせる,아비세루,뒤집어씌우다,N2,To shower (someone with something); to pour on
114,愛玩,あいがん,아이간,애완,N1,Petting; prizing; toy
5991,顔付き,かおつき,카오츠키,"용모,표정",N2,Look; expression; countenance
164,藍染め,あいぞめ,아이조메,쪽염색,N2,Indigo dyeing
40335,旅券,りょけん,료켄,여권,N2,passport
1354,暗唱,あんしょう,안쇼우,암송,N1,Recitation (from memory)
1152,荒波,あらなみ,아라나미,거친 파도,N2,Rough seas; stormy waves
1104,荒々しい,あらあらしい,아라아라시이,"거칠다, 사납다",N1,Wild; rough; rude
6028,化学,かがく,카가쿠,화학,N3,Chemistry
1278,荒れ地,あれち,아레치,황무지,N1,Wasteland; wilderness
1974,居候,いそうろう,이소우로우,식객,N1,Dependent; hanger-on; lodger
483,悪役,あくやく,아쿠야쿠,악역,N1,Villain; bad guy (role)
40355,履歴,りれき,리레키,이력,N3,personal history; resume
141,相性,あいしょう,아이쇼우,상성,N2,Compatibility; affinity
1544,言い伝え,いいつたえ,이이츠타에,전해오는 말,N1,Legend; tradition; hearsay
40380,林業,りんぎょう,린교우,임업,N1,forestry
1370,安泰,あんたい,안타이,"안전,안태",N1,Peace; security; stability
1628,怒り狂う,いかりくるう,이카리쿠루우,미친듯이 화를 내다,N1,To be in a frenzy of rage
1094,歩み,あゆみ,아유미,"걸음, 보행",N1,Walking; pace; progress; history
352,赤み,あかみ,아카미,붉은 기,N1,Redness; reddish tinge
1650,意気,いき,이키,"의기,성품",N2,Spirit; heart; morale
40403,臨時,りんじ,린지,임시,N2,temporary; extraordinary
3988,エビス,エビス,에비스,에비스,N1,Ebisu (God of Luck); name of a place/brand
2051,位置,いち,이치,위치,N4,Position; location
32396,風,かぜ,카제,바람,N5,appearance; style; manner
30008,花見,はなみ,하나미,꽃놀이,N4,Flower viewing
6285,可決,かけつ,카케츠,가결,N2,Approval; passing (a bill)
30022,花嫁,はなよめ,하나요메,신부,N2,Bride
202070,銭失い,ぜにうしない,제니우시나이,돈 낭비,N1,"Waste of money (""Penny wise..."")"
6301,駆ける,かける,카케루,전속력으로 달리다. 뛰다,N2,To run (of animals/humans); to dash
61658,出来物,できもの,데키모노,"종기, 부스럼; 생긴 것",N3,Boil; rash; growth
6322,下降,かこう,카코우,하강,N2,Descent; fall; slide
6323,加工,かこう,카코우,가공,N3,Processing; manufacturing
42158,化繊,かせん,카센,"화학 섬유,화섬",N1,synthetic fiber
40470,類似,るいじ,루이지,유사,N2,similarity; resemblance
40476,類推,るいすい,루이스이,유추,N1,analogy
36462,瑞々しい,みずみずしい,미즈미즈시이,싱싱하다,N1,fresh; youthful; juicy
37548,綿密,めんみつ,멘미츠,면밀,N1,minute; detailed; meticulous
40555,例,れい,레이,예,N2,example; custom
40573,例外,れいがい,레이가이,예외,N3,exception
34473,方針,ほうしん,호우신,방침,N5,policy; objective; plan
36190,満面,まんめん,만멘,만면,N1,the whole face
40586,冷酷,れいこく,레이코쿠,냉혹,N2,cruel; cold-hearted
28973,年々,ねんねん,넨넨,해마다,N3,Year by year
12386,公民,こうみん,코우민,공민,N1,Citizen; civil
8112,がっちり,がっちり,갓치리,(주로 체격이) 튼튼하고 건장한 모양. 빈틈이 없는 모양,N1,Solidly; robustly; tightly
2243,一擲,いってき,잇테키,일척,N1,A throw; a toss; gambling (all on one)
6754,勝手,かって,캇테,제멋대로의,N2,Selfish; convenient; kitchen
442,明く,あく,아쿠,"열리다, 비다",N1,To open; to become empty
6817,活用,かつよう,카츠요우,활용,N2,Practical use; application; conjugation
8118,合併,がっぺい,갓페이,합병,N2,Merger; consolidation; union
28864,熱愛,ねつあい,네츠아이,열애,N1,Devoted love / adoration
6825,活力,かつりょく,카츠료쿠,활력,N2,Vitality; energy
6832,仮定,かてい,카테이,가정,N2,Assumption; hypothesis
550,朝方,あさがた,아사가타,"새벽녘, 아침 무렵",N1,Early morning
6833,家庭,かてい,카테이,가정,N4,Home; family; household
6834,課程,かてい,카테이,과정,N2,Course; curriculum
6896,悲しむ,かなしむ,카나시무,슬퍼하다,N3,To mourn; to grieve
6901,仮名遣い,かなずかい,카나즈카이,かな 표기,N2,Kana orthography; spelling
6913,可成,かなり,카나리,꽤,N4,Considerably; fairly; quite
6880,敵う,かなう,카나우,대적하다,N1,To match; to rival; to bear
6921,加入,かにゅう,카뉴우,가입,N3,Joining; entry; subscription
6941,加熱,かねつ,카네츠,가열,N2,Heating
6961,兼ねる,かねる,카네루,겸하다,N3,To combine; to serve as; to be unable to (suffix)
6969,可能,かのう,카노우,가능한,N5,Possible; potential
665,味見,あじみ,아지미,맛보기,N1,Tasting (while cooking)
1437,安眠,あんみん,안민,"숙면,안면",N1,Quiet sleep
6972,彼女,かのじょ,카노죠,그녀. 여자친구,N6,She; girlfriend
1005,余す,あます,아마스,남기다,N1,To leave over; to spare
1520,言い争い,いいあらそい,이이아라소이,말다툼,N1,Quarrel; dispute; altercation
49009,黴びる,かびる,카비루,곰팡이 피다,N2,to get moldy
52202,乾坤,けんこん,켄콘,건곤,N1,heaven and earth; the universe
1438,暗黙,あんもく,안모쿠,암묵,N2,Implicit; tacit; silent
1799,勇み足,いさみあし,이사미아시,밀다가 헛디뎌 짐(스모),N1,Overeagerness; slip-up; (Sumo: stepping out)
318,赤子,あかご,아카고,아기,N1,Baby; infant
1186,在り来り,ありきたり,아리키타리,어디에나 있다,N1,Ordinary; common; conventional
40600,冷静,れいせい,레이세이,침착한,N4,calm; composure
230,愛らしい,あいらしい,아이라시이,사랑스럽다,N1,Lovely; charming; adorable
854,艶やか,あでやか,아데야카,아리땁고 화사함,N1,Glossy; bright; charming; glamorous
523,揚げ物,あげもの,아게모노,튀김요리,N1,Deep-fried food
1923,イズ,いず,이즈,이즈,N1,Izu (peninsula/place)
89118,噛み切る,かみきる,카미키루,이빨로 자르다,N1,To bite off
48936,金槌,かなずち,카나즈치,쇠망치,N1,hammer; (slang) person who cannot swim
40631,冷房,れいぼう,레이보우,냉방,N4,air conditioning (cooling)
40699,列車,れっしゃ,렛샤,열차,N4,train
40708,列島,れっとう,렛토우,열도,N2,archipelago; chain of islands
40741,れる,れる,레루,~되다,N6,passive/honorific suffix
40754,連休,れんきゅう,렌큐우,연휴,N3,consecutive holidays
40768,連合,れんごう,렌고우,연합,N2,union; alliance; federation
40791,連想,れんそう,렌소우,연상,N2,association (of ideas)
996,アマギ,あまぎ,아마기,아마기,N1,Amagi (mountain/name)
7598,観察,かんさつ,칸사츠,관찰,N4,Observation
31116,曾,ひ-,히-,증-,N1,"great- (prefix, e.g., great-grandchild)"
131,愛護,あいご,아이고,애호,N1,Protection; kindness (to animals)
87929,投げ合う,なげあう,나게아우,서로 던지다,N1,To throw at each other
66950,満ち潮,うちしお,우치시오,만조,N1,Rising tide
67499,召物,めしもの,메시모노,입으신 옷,N1,Clothes (honorific)
49151,眼科,がんか,간카,안과,N1,ophthalmology
46549,寒帯,かんたい,칸타이,한대,N2,frigid zone; arctic zone
144,ＩＣ,アイシー,아이시,집적 회로,N1,IC (Integrated Circuit)
29425,配属,はいぞく,하이조쿠,배속,N1,Assignment (to a post)
9626,金銀,きんぎん,킨긴,은행,N1,Gold and silver
40794,連続,れんぞく,렌조쿠,연속,N2,continuity; succession
40796,連帯,れんたい,렌타이,연대,N1,solidarity; joint
40823,連邦,れんぽう,렌포우,연방,N1,federation; federal
40826,連盟,れんめい,렌메이,연맹,N1,league; federation; union
40900,老衰,ろうすい,로우스이,노쇠,N1,senility; old age decay
40905,蝋燭,ろうそく,로우소쿠,양초,N3,candle
32521,深い,ふかい,후카이,깊은,N5,deep; profound
29918,初恋,はつこい,하츠코이,첫사랑,N2,First love
6647,片付ける,かたずける,카타즈케루,치우다,N4,To tidy up; to settle; to finish
60662,特等,とくとう,토쿠토우,특등,N1,Special class; first prize
7763,観念,かんねん,칸넨,관념,N2,Idea; concept; resignation
49538,着飾る,きかざる,키카자루,몸치장을 하다,N1,to dress up; to put on finery
8216,元年,がんねん,간넨,원년,N1,First year (of an era)
7775,看板,かんばん,칸반,간판,N3,Signboard; poster; star attraction
7789,看病,かんびょう,칸뵤우,간병,N2,Nursing (a patient)
42766,飢饉,ききん,키킨,기근,N2,famine
40924,労力,ろうりょく,로우료쿠,노력,N1,labor; effort; exertion
8424,喜劇,きげき,키게키,희극,N1,Comedy
40934,録音,ろくおん,로쿠온,녹음,N4,audio recording
41183,分かれる,わかれる,와카레루,갈리다,N3,to branch off; to split
17427,新鮮,しんせん,신센,신선,N4,fresh
41186,若々しい,わかわかしい,와카와카시이,매우 젊다,N2,youthful; young-looking
41052,論戦,ろんせん,론센,논쟁,N1,verbal battle; debate
15018,塩味,しおあじ,시오아지,소금맛,N1,Salty taste
39511,寄り添う,よりそう,요리소우,끌어안다,N2,to get close; to cuddle
9760,議案,ぎあん,기안,의안,N1,Measure; bill (in legislature)
36932,魅惑,みわく,미와쿠,매혹,N1,attraction; fascination; lure
8480,気質,きしつ,키시츠,기질,N1,Disposition; temperament; nature
8484,軋む,きしむ,키시무,삐걱거리다,N2,To creak; to squeak; to grate
8489,記者,きしゃ,키샤,기자,N5,Reporter; journalist
23425,地価,ちか,치카,지가,N1,land prices
34617,ホクオウ-外国,ホクオウ,호쿠오쿠,북유럽,N1,Northern Europe (Hokuou)
16844,正味,しょうみ,쇼우미,정량,N1,"net (weight/content), real"
50635,客間,きゃくま,캬쿠마,객실,N2,drawing room; guest room
43323,与信,よしん,요신,여신,N1,credit (granting)
53399,気体,きたい,키타이,기체,N2,gas; vapor
50640,華奢,きゃしゃ,캬샤,여리여리함,N1,dainty; delicate; slender
51198,軍服,ぐんぷく,군푸쿠,군복,N1,military uniform
40025,立地,りっち,릿치,입지,N1,location; site
39183,翌朝,よくあさ,요쿠아사,다음 날 아침,N2,the next morning
40872,老朽,ろうきゅう,로우큐우,노후,N3,decrepitude; superannuation
39176,余儀,よぎ,요기,"뜻대로 됨,여의",N1,other way; (余儀なく) being forced to
39480,読み直す,よみなおす,요미나오스,고쳐 읽다,N1,to reread; to correct
39527,鎧,よろい,요로이,갑옷,N4,armor
36603,蜜月,みつげつ,미츠게츠,"허니문,밀월",N1,honeymoon
19845,政治,せいじ,세이지,정치,N4,"politics, government"
808,暑い,あつい,아츠이,덥다,N5,Hot (weather)
1215,或る,ある,아루,어느,N3,A certain; some
55624,該博,がいはく,가이하쿠,해박,N1,Erudite; profound (knowledge)
20258,接合,セツゴー,세츠고,접합,N1,"Joining, Bonding, Junction"
94078,旧,きゅう-,큐우-,구-,N2,Old; former
68747,揺り籠,ゆりかご,유리카고,요람,N1,Cradle
51141,行儀,ぎょうぎ,교우기,예의,N2,manners; behavior
40997,露呈,ろてい,로테이,"노정, 드러남",N1,exposure; disclosure
39908,力学,りきがく,리키가쿠,역학,N1,mechanics; dynamics
11839,広,コー,코,"넓음, 광",N1,"Wide, Broad"
39432,呼ばわり,よばわり,요바와리,~라고 부름,N1,calling (someone a name)
32058,微風,ビフー,비후,"미풍, 산들바람",N1,"Breeze, Gentle wind"
87852,飛び掛かる,トビカカル,토비카카루,"덤벼들다, 달려들다",N1,"To pounce on, To leap at"
16122,収縮,シューシュク,슈슈쿠,수축,N1,Contraction
41563,腱,ケン,켄,"건, 힘줄",N1,Tendon
39441,呼び付ける,よびつける,요비츠케루,불러내다,N1,to send for; to summon
41944,喘ぐ,アエグ,아에구,"헐떡이다, 허덕이다",N1,"To gasp, To pant"
236607,アロエベラ,アロエベラ,아로에베라,알로에 베라,N1,Aloe vera
56687,巡洋,ジュンヨー,준요,순양 (바다를 돌아다님),N1,Cruising
5689,海軍,カイグン,카이군,해군,N1,Navy
5815,解体,カイタイ,카이타이,해체,N1,"Dismantling, Dissolution"
41159,分かつ,わかつ,와카츠,나누다,N1,to divide; to separate; to share
28629,庭師,ニワシ,니와시,정원사,N1,Gardener
40613,霊長,れいちょう,레이쵸우,영장,N1,primate; highest order
2226,一層,いっそう,잇소우,한 층,N3,Much more; still more; all the more
1610,烏賊,いか,이카,오징어,N2,Squid; cuttlefish
548,朝顔,あさがわ,아사가와,나팔꽃,N2,Morning glory
69921,緑茶,りょくちゃ,료쿠챠,녹차,N2,Green tea
24033,長寿,ちょうじゅ,쵸우쥬,장수,N2,"longevity, long life"
9290,共通,きょうつう,쿄우츠우,공통,N3,Common; shared; mutual
22254,蛸,たこ,타코,문어,N2,octopus
9291,協定,きょうてい,쿄우테이,협정,N2,Agreement; arrangement; pact
29229,のめり込む,のめりこむ,노메리코무,빠져들다,N1,To be absorbed in / to fall into
9302,郷土,きょうど,쿄우도,향토,N2,Native place; birthplace; local
30514,倍,ばい,바이,배,N2,twice; double; -fold (suffix)
9303,共同,きょうどう,쿄우도우,공동,N2,Joint; common; collaboration
40743,レン,れん,렌,연,N2,Ren (Chinese length unit)
179884,ビビンバ,ビビンバ,비빈바,비빔밥,N1,Bibimbap
254320,ケダブラ,ケダブラ,케다브라,케다브라 (주문),N1,Kedavra
193412,搾り立て,しぼりだて,시보리다테,갓 짠,N2,Freshly squeezed
4297,ＡＩ,エーアイ,에아이,인공지능,N1,AI (Artificial Intelligence)
39844,乱伐,らんばつ,란바츠,남벌,N1,deforestation; reckless felling
39847,乱費,らんぴ,란피,"낭비,남비",N1,waste; extravagance
30744,薔薇,ばら,바라,장미,N3,rose
39909,力作,りきさく,리키사쿠,역작,N1,literary/artistic masterpiece
40432,林立,りんりつ,린리츠,"임립, 빽빽이 들어섬",N1,standing close together (like trees)
40424,輪番,りんばん,린반,"윤번, 차례대로",N1,turn; rotation
40398,隣室,りんしつ,린시츠,옆방,N1,neighboring room
29869,撥水,はっすい,핫스이,발수,N1,Water repellent
40411,隣接,りんせつ,린세츠,인접,N1,adjoining; adjacent
37038,剥く,むく,무쿠,얇게 벗기다,N2,to peel; to skin
12917,好む,このむ,코노무,즐기다,N2,To like; to prefer
36280,味覚,みかく,미카쿠,미각,N2,sense of taste
9955,義理,ぎり,기리,의리,N3,Duty; obligation; honor; in-law
9967,議論,ぎろん,기론,의논,N5,Argument; discussion; debate
7224,空売り,からうり,카라우리,공매도,N1,Short selling (finance)
6675,固める,かためる,카타메루,단단히 하다,N3,To harden; to strengthen; to stabilize
6876,家内,かない,카나이,아내,N4,Inside the house; my wife (humble)
2123,一面,いちめん,이치멘,"일면, 온통",N4,One side; whole surface; front page
2199,一瞬,いっしゅん,잇슌,한순간,N4,A moment; an instant; a blink
9155,教育,きょういく,쿄우이쿠,교육,N4,Education; training
171183,悔,"くいる,くやしい,くやむ(かい)","쿠이루,쿠야시이,쿠야무(카이)",후회(회),N2,Regret
33041,冬休み,ふゆやすみ,후유야스미,겨울방학,N2,winter vacation
29401,配信,はいしん,하이신,"배포,배신",N2,Distribution (info/data) / streaming
70759,丸木,まるき,마루키,통나무,N1,Log
64884,揺すり,ゆすり,유스리,흔듦,N1,Shaking; blackmail
146713,ミラ-外国,ミラ,미라,미라 (인명/별),N1,Mira
120334,ナン-外国,ナン,난,난 (인도 빵),N1,Naan
271674,カズフサ,カズフサ,카즈후사,카즈후사 (인명),N1,Kazufusa
310796,サグラダ,サグラダ,사구라다,사그라다 (파밀리아 성당 등),N1,Sagrada
40294,両隣り,りょうどなり,료우도나리,양쪽에 인접,N1,both neighbors; people on both sides
40460,累計,るいけい,루이케이,누계,N1,cumulative total
40480,累積,るいせき,루이세키,누적,N1,accumulation
39599,礼賛,らいさん,라이산,예찬,N1,praise; adoration
40499,流転,るてん,루텐,"윤회,유전",N1,flux; change; transmigration
40144,隆起,りゅうき,류우키,융기,N1,upheaval; bulge; elevation
29260,乗り出す,のりだす,노리다스,앞으로 내밀다,N2,To set out / to lean forward
28855,熱戦,ねっせん,넷센,열전,N1,Fierce fight / close game
40132,硫安,りゅうあん,류우안,유안 (비료),N1,ammonium sulfate
2305,意図,いと,이토,의도,N3,Intention; aim; design
51552,経度,けいど,케이도,경도,N2,longitude
37671,黙想,モクソー,모쿠소,묵상,N1,Meditation
10022,空域,クーイキ,쿠이키,공역 (하늘의 구역),N1,Airspace
42069,ＣＥＯ,シーイーオー,시이오,최고경영자,N1,Chief Executive Officer
21493,損傷,ソンショー,손쇼,손상,N1,"Damage, Injury"
1258,アルベール,アルベール,아루베루,알베르 (인명),N1,Albert
47280,異邦,イホー,이호,"이방, 타국",N1,Foreign country
10873,刑,けい,케이,형,N4,Penalty; sentence; punishment
45600,ロッキー,ロッキー,록키,로키 (인명/산맥),N1,Rocky
115607,ゲオルク,ゲオルク,게오르쿠,게오르크 (인명),N1,Georg
91160,迫り来る,セマリクル,세마리쿠루,"다가오다, 임박하다",N1,"To loom, To draw near"
28904,眠り,ねむり,네무리,잠,N3,Sleep
29622,迫力,はくりょく,하쿠료쿠,박력,N2,Force / power / intensity
55806,腰だめ,こしだめ,코시다메,총을 허리 위치에서 겨냥함,N1,Holding at the hip (e.g. a gun)
51497,形勢,けいせい,케이세이,형세,N2,situation; state of affairs
10886,軽,けい,케이,가벼움(경),N4,Light (weight); small car
35831,末,まつ,마츠,말,N3,end; powder; future
40152,硫酸,りゅうさん,류우산,유산,N1,sulfuric acid
10890,敬意,けいい,케이이,경의,N2,Respect; honor
10891,経緯,けいい,케이이,경위,N2,Details; circumstances; latitude and longitude
40140,硫化,りゅうか,류우카,유화,N1,sulfurization; sulfuration
40307,陵墓,りょうぼ,료우보,능묘,N1,imperial mausoleum
40240,量産,りょうさん,료우산,양산,N1,mass production
40272,寮生,りょうせい,료우세이,기숙사생,N1,dormitory student
9505,切り替わる,きりかわる,키리카와루,교체되다,N1,To be switched; to change over
11567,月給,げっきゅう,겟큐우,월급,N2,Monthly salary
185630,チャンプルー,チャンプルー,참푸루,참푸루 (오키나와 볶음 요리),N1,Chanpuru
257995,コウゼイ,コーゼー,코제,코제이 (인명 추정),N1,Kozei (Likely a Name)
40258,糧食,りょうしょく,료우쇼쿠,양식,N1,provisions; food
20226,設定,せってい,셋테이,설정,N4,"setting, establishment, setup"
4329,ＡＴＭ,エーティーエム,에티에무,현금 자동 입출금기,N1,ATM (Automated Teller Machine)
11574,げっそり,げっそり,겟소리,홀쪽,N1,Being haggled; gaunt; losing weight suddenly
11180,決議,けつぎ,케츠기,결의,N1,Resolution; vote
11128,決行,けっこう,켓코우,결행. 단행,N2,Doing; carrying out (as planned)
71348,洗い流す,あらいながす,아라이나가스,씻어내다,N1,To wash away
36175,万年,まんねん,만넨,만년,N1,ten thousand years; perpetual
39437,呼び込む,よびこむ,요비코무,불러들이다,N1,to call in; to invite
11181,結合,けつごう,케츠고우,결합,N1,Combination; union; bonding
35729,混ぜ合わせる,まぜあわせる,마제아와세루,한데 섞다,N1,to mix together; to blend
35246,ぼろぼろ,ぼろぼろ,보로보로,너덜너덜,N3,worn-out; tattered; crumbling
11130,結構,けっこう,켓코우,더할나위 없음,N4,Splendid; fine; no thank you
11136,傑作,けっさく,켓사쿠,걸작,N2,Masterpiece
39819,乱世,らんせい,란세이,난세,N1,troubled times; period of war
11138,決算,けっさん,켓산,결산,N3,Settlement of accounts
51902,月謝,げっしゃ,겟샤,"수업료,월사",N1,monthly tuition fee
11145,決勝,けっしょう,켓쇼우,결승,N3,Finals (sports)
11146,結晶,けっしょう,켓쇼우,결정(체),N3,Crystal; crystallization
11148,決心,けっしん,켓신,결심,N3,Determination; resolution
11151,結成,けっせい,켓세이,결성,N1,Formation; inauguration (of a group)
11152,欠席,けっせき,켓세키,결석,N4,Absence
11157,結束,けっそく,켓소쿠,결속,N1,Unity; solidarity; bundling
39016,養育,よういく,요우이쿠,양육,N1,rearing; bringing up
52030,煙い,けむい,케무이,(연기가) 맵다,N2,smoky
142526,消臭,しょうしゅう,쇼우슈우,소취,N1,Deodorizing
49058,窯,かま,카마,가마,N4,kiln; oven
39057,擁護,ようご,요우고,옹호,N1,protection; advocacy; support
35762,間違い,まちがい,마치가이,"틀리다, 틀린 것",N4,mistake; error
6299,欠ける,かける,카케루,이지러지다 (결하다),N2,To be chipped; to lack; to wane
10232,口調,くちょう,쿠쵸우,말투,N2,Tone of voice
11392,建築,けんちく,켄치쿠,건축,N3,Architecture; construction
6736,格好,かっこう,캇코우,"모양, 체면",N2,Appearance; shape; suitable
5043,夫,おっと,옷토,남편,N2,Husband
11396,県庁,けんちょう,켄쵸우,현청 (도청에 해당함),N2,Prefectural office
3600,運命,うんめい,운메이,운명,N3,Fate; destiny
38854,ゆっくり,ゆっくり,윳쿠리,"푹,천천히",N5,slowly; leisurely
11404,見当,けんとう,켄토우,어림,N2,Estimate; guess; direction
87362,呆気ない,あっけない,앗케나이,허무하다,N2,Disappointing; too quick; not enough
11421,見物,けんぶつ,켄부츠,구경,N4,Sightseeing; spectacle
31568,瞳,ひとみ,히토미,동공,N3,pupil (of the eye)
56917,澄ます,すます,스마스,맑게 하다,N2,To clear; to look unconcerned; to strain (ears)
11438,賢明,けんめい,켄메이,현명,N2,Wisdom; intelligence; prudence
51661,汚らわしい,けがらわしい,케가라와시이,추잡하다,N2,filthy; disgusting
29722,弾ける,はじける,하지케루,터지다,N1,To burst open / to pop
9910,業績,ぎょうせき,교우세키,업적,N3,Achievement; performance; results
11710,元素,げんそ,겐소,원소,N2,Element (chemical)
13333,碁,ご,고,바둑,N2,Go (board game)
41265,煩わしい,わずわらしい,와즈와라시이,번거로운,N2,troublesome; annoying
17583,真理,しんり,신리,진리,N2,truth
38367,柳,やなぎ,야나기,버드나무,N2,willow
37810,持て成す,もてなす,모테나스,대접하다,N3,to entertain; to welcome
37944,催す,もよおす,모요오스,개최하다,N1,to hold (an event); to feel (a sensation)
13392,号砲,ゴーホー,고호,"신호포, 호령",N1,"Signal gun, Firing a salute"
33304,分厚い,ブアツイ,부아츠이,두껍다,N1,Thick / Bulky
65350,一筆,ヒトフデ,히토후데,일필(한 획/짧은 글),N1,A few lines / A note / A stroke of the pen
2357,蝗,イナゴ,이나고,메뚜기,N1,Locust / Grasshopper
37954,森,もり,모리,숲,N5,forest
22610,旅人,たびびと,타비비토,여행객,N3,"traveler, wayfarer"
25066,手掛かり,てがかり,테가카리,단서,N2,"clue, key, lead"
11718,現像,げんぞう,겐조우,현상,N2,Developing (a photograph)
38498,山盛り,やまもり,야마모리,고봉으로 담음,N1,heaping helping; mountain (of food)
38386,矢張り,やっぱり,얏파리,역시,N4,as expected; also; still
37688,黙々,もくもく,모쿠모쿠,묵묵,N3,silently; untiringly
33649,文明,ぶんめい,분메이,문명,N3,civilization
13362,合計,ごうけい,고우케이,합계. 총액,N2,Total; sum
5093,大人びる,おとなびる,오토나비루,어른스러워지다,N1,To look like an adult; to mature
12073,講師,こうし,코우시,강사,N2,Lecturer; instructor
1997,痛々しい,イタイタシー,이타이타시-,애처롭다(보기 딱하다),N1,Painful-looking / Pitiable
12131,口実,こうじつ,코우지츠,구실,N2,Excuse; pretext
13374,合成,ごうせい,고우세이,합성,N2,Composition; synthesis; composite
193369,深まり,ふかまり,후카마리,깊어감,N1,Deepening
45888,ごっそり,ごっそり,곳소리,몽땅,N1,completely; entirely (taking all)
38942,緩やか,ゆるやか,유루야카,완만한,N2,gentle; lenient; loose
38618,優雅,ゆうが,유우가,우아,N3,elegant; graceful
38894,指輪,ゆびわ,유비와,반지,N3,ring (jewelry)
38889,指先,ゆびさき,유비사키,손끝,N3,fingertip; toe-tip
37689,木曜,もくよう,모쿠요우,목요,N1,Thursday
39091,用心,ようじん,요우진,"조심,용심",N1,care; precaution; caution
37877,者,もの,모노,사람,N5,person
38334,家賃,やちん,야친,집세,N4,rent (for a house)
37528,面する,めんする,멘스루,면하다. 향하다. 마주 대하다,N1,to face; to look out on
37535,免税,めんぜい,멘제이,면세,N3,tax exemption; duty-free
37532,面積,めんせき,멘세키,면적,N2,area (measurement)
37546,面目,めんもく,멘모쿠,면목,N1,honor; prestige; dignity
37580,儲ける,もうける,모우케루,벌다,N2,to make a profit; to earn
38746,遊離,ゆうり,유우리,유리,N1,isolation; separation; dissociation
12080,後者,こうしゃ,코우샤,후자,N2,The latter
36943,民営,みんえい,민에이,민영,N1,private management
29948,果て,はて,하테,끝,N1,End / limit / extremity
29262,乗り継ぐ,のりつぐ,노리츠구,갈아타다,N1,To connect with (transport)
28975,燃費,ねんぴ,넨피,연비,N1,Fuel consumption / mileage
30064,幅広い,はばひろい,하바히로이,폭넓다,N2,Wide / broad
29419,廃絶,はいぜつ,하이제츠,"모두 폐지하여 없앰,퍠절",N1,Abolition / extinction
29122,ノゾミ,のぞみ,노조미,노조미 (이름),N1,Name (Nozomi) / Hope
13399,合理,ごうり,고우리,합리적인,N2,Rational; logical
12423,小売り,こうり,코우리,소매,N2,Retail
13401,合流,ごうりゅう,고우류우,합류,N3,Confluence; joining; merging
53922,極楽,ごくらく,고쿠라쿠,극락,N1,paradise
54086,心当たり,こころあたり,코코로아타리,짐작 가는 곳,N2,having some idea; clue
37589,申し上げる,もうしあげる,모우시아게루,아뢰다,N4,to say; to tell (humble)
12426,公立,こうりつ,코우리츠,공립,N3,Public (institution)
37593,申し入れる,もうしいれる,모우시이레루,제의하다,N1,to propose; to suggest; to lodge (a protest)
37595,申し込む,もうしこむ,모우시코무,신청하다,N3,to apply for; to propose
12432,交流,こうりゅう,코우류우,교류,N3,Exchange; interaction; AC (current)
12436,考慮,こうりょ,코우료,고려,N2,Consideration; taking into account
37601,申し出る,もうしでる,모우시데루,제안하다,N2,to report; to offer; to suggest
37603,申し分,もうしぶん,모우시분,나무랄 데. 부족한 바 (+없다),N1,"objection; shortcoming (usually negative: ""no complaints"")"
12442,効力,こうりょく,코우료쿠,효력,N3,Effect; efficacy; validity
12479,焦がす,こがす,코가스,태우다,N2,To burn; to scorch; to char
37606,申し訳,もうしわけ,모우시와케,변명,N3,apology; excuse
12780,国家,こっか,콧카,국가,N2,State; nation
28875,根付く,ねつい,네츠이,뿌리내리다,N1,To take root
2161,一角,いっかく,잇카쿠,"한 구석,일각",N1,Corner; section; narwhal (tusk)
49929,皮籠,かわご,카와고,"가죽을 씌운 함,피롱",N1,leather basket
12783,国会,こっかい,콧카이,국회,N4,National Diet; parliament; congress
12794,滑稽,こっけい,콧케이,"골계, 우스꽝스러움",N1,Funny; humorous; comical
959,危なっかしい,あぶなかしい,아부나카시이,위험스럽다,N1,Unstable; precarious; risky
29746,外れ,はずれ,하즈레,끝자락,N1,Miss / failure / outskirts
30007,花祭り,はなまつり,하나마츠리,꽃 축제,N1,Flower Festival (Buddha's birthday)
12914,好ましい,このましい,코노마시이,호감이 가다,N1,Desirable; pleasant; agreeable
37616,申す,もうす,모우스,말하다,N4,to say; to be called (humble)
12797,国交,こっこう,콧코우,국교,N1,Diplomatic relations
29940,初雪,はつゆき,하츠유키,첫눈,N2,First snow of the season
182562,ハイオク,ハイオク,하이오쿠,고급 휘발유 (하이 옥탄),N1,High-octane gasoline
231040,アゴニスト,アゴニスト,아고니스토,작용제 (생화학),N1,Agonist
93070,ＰＣＲ,ピーシーアール,피시아루,유전자 증폭 기술,N1,PCR (Polymerase Chain Reaction)
37631,毛布,もうふ,모우후,모포. 담요,N3,blanket
29328,派,は,하,파,N4,Clique / faction / sect
37639,猛烈,もうれつ,모우레츠,맹렬,N2,violent; fierce; intense
171488,ピルビン,ピルビン,피루빈,피루브 (산),N1,Pyruvic (acid)
349171,オプジーボ,オプジーボ,오푸지보,옵디보 (항암제 명칭),N1,Opdivo
92991,ＩＰＳ,アイピーエス,아이피에스,유도만능줄기세포,N1,iPS cells (induced pluripotent stem cells)
102800,着氷,チャクヒョー,차쿠효,착빙 (얼음이 달라붙음),N1,Icing
37571,モウ,モー,모,"모 (인명/소리), 이미",N1,"Mou (Name/Sound), Already"
29329,派,は,하,파,N4,Clique / faction / sect
12823,小包み,こづつみ,코두츠미,소포,N3,Parcel; package
12806,骨董,こっとう,콧토우,골동,N3,Antique; curiosity
39011,要,よう,요우,"요점, 긴요함",N4,needed; required
12838,琴,こと,코토,거문고,N2,Koto (Japanese zither)
12843,事柄,ことがら,코토가라,사항,N1,Matter; thing; affair
12847,今年,ことし,코토시,올해,N5,This year
12875,諺,ことわざ,코토와자,속담,N2,Proverb; adage
29266,乗り場,のりば,노리바,승차장,N2,Platform / stand / stop
22419,立ち寄る,たちよる,타치요루,들르다,N3,"to stop by, to drop in"
12915,好み,このみ,코노미,좋아하는 것. 취향,N3,Liking; taste; preference
37647,もがく,もがく,모가쿠,발을 구르다,N1,to struggle; to writhe
37663,目次,もくじ,모쿠지,목차,N2,table of contents
32841,風情,ふぜい,후제이,"운치,풍정",N2,appearance; elegance; taste
10638,鍬形,くわがた,쿠와가타,투구뿔,N2,Stag beetle; hoe-shape
5386,下ろす,おろす,오로스,"내리다, 빼다",N3,To take down; to lower; to unload; to withdraw
30690,飛蝗,ばった,밧타,메뚜기,N3,grasshopper (bata/inago)
31805,平泳ぎ,ひらおよぎ,히라오요기,평형,N1,breaststroke
3603,うー,う-,우-,우우,N2,"(Phonetic ""U"")"
30047,跳ねる,はねる,하네루,뛰다,N3,To jump / to hop
22418,立ち読み,たちよみ,타치요미,서서 읽다,N2,reading while standing (in a bookstore)
1800,イサム,いさむ,이사무,이사무,N1,Isamu (common male name)
230899,ファンディング,ファンディング,판딩구,"펀딩, 자금 조달",N1,Funding
256758,ナンド,ナンド,난도,낸드 (논리회로),N1,NAND
268260,シーシュポス,シーシュポス,시슈포스,시시포스 (신화),N1,Sisyphus
29979,放し,~ぱなし,~파나시,계속~하다,N1,Letting go / leaving as is
350970,ヒッグス,ヒッグス,힉구스,힉스 (입자),N1,Higgs
303567,ＢＣＳ,ビーシーエス,비시에스,BCS (초전도 이론),N1,BCS (Theory)
34425,崩御,ほうぎょ,호우교,붕어,N1,demise (of an emperor)
208185,モース,モース,모스,모스 (부호/인명),N1,Morse
338797,ＱＲ,キューアール,큐아루,큐알 (코드),N1,QR (Quick Response)
242326,トノー,トノ,토노,토노 (자동차 형태/시계 모양),N1,Tonneau
247862,ＸＲ,エックスアール,엑쿠스아루,확장현실,N1,XR (Extended Reality)
205121,クワーク,クワーク,쿠와쿠,쿼크 (소립자),N1,Quark
30822,万国,バンコク,반코쿠,"만국, 모든 나라",N1,"All countries, Universal"
55323,祭日,さいじつ,사이지츠,"공휴일,제일",N3,National holiday; festival day
188931,カイト,カイト,카이토,"연, 카이트",N1,Kite
207638,アラタケ,アラタケ,아라타케,아라타케 (인명/지명),N1,Aratake
93074,ＰＯＳ,ポス,포스,판매 시점 정보 관리,N1,POS (Point of Sale)
91987,ＵＳＢ,ユーエスビー,유에스비,유에스비,N1,USB
193400,ムレ,ムレ,무레,"무리 (떼), 혹은 '증기/열기'(습기)",N1,Flock/Herd or Stuffiness
204600,チドリ,チドリ,치도리,물떼새,N1,Plover
119618,ノウ,ノー,노,"노하우, 알다",N1,"Know, Know-how"
13340,号,ごう,고우,호,N3,Issue; number; title
93780,海氷,カイヒョー,카이효,해빙 (바다 얼음),N1,Sea ice
13233,混沌,コントン,콘톤,혼돈,N1,Chaos
15690,飛沫,シブキ,시부키,"비말, 물보라",N1,"Splash, Spray, Droplet"
30024,離れ,はなれ,바나레,"이탈, 멀어짐",N1,Detached room / separation
28246,肉饅,にくまん,니쿠만,고기만두,N2,meat bun
55432,材木,ざいもく,자이모쿠,재목. 목재,N2,Lumber; timber
55522,逆さ,さかさ,사카사,거꾸로 됨,N2,Upside down; inverted
37956,盛り,さかり(もり),사카리(모리),성행(그릇에 담음),N2,peak; prime; height of
14772,在学,ざいがく,자이가쿠,재학,N2,Enrolled in school
37686,目標,もくひょう,모쿠효우,목표,N4,target; objective
13290,混乱,こんらん,콘란,혼란,N4,Confusion; disorder; chaos
13623,差,さ,사,"차, 차감",N4,Difference; gap
13676,細菌,さいきん,사이킨,세균,N1,Bacteria; germ
37695,目録,もくろく,모쿠로쿠,목록,N1,catalog; inventory; list
37696,目論見,もくろみ,모쿠로미,(나쁜)계획. 의도,N1,plan; scheme; intention
37702,模型,もけい,모케이,모형,N3,model; dummy
31225,引き裂く,ひきさく,히키사쿠,갈라놓다,N1,to tear up; to rip; to separate
3255,うっかり,うっかり,웃카리,그만,N3,Carelessly; thoughtlessly
13988,昨,さく,사쿠,작- (지난),N2,Last (year/night/etc.)
560,アサダ,アサダ,아사다,아사다 (인명),N1,Asada
11063,掲揚,けいよう,케이요우,게양,N1,Hoisting (a flag); flying
81983,マオ,マオ,마오,마오 (인명),N1,Mao
22278,多種,タシュ,타슈,"다종, 여러 종류",N1,"Many kinds, Variety"
21044,奏者,ソーシャ,소샤,연주자,N1,"Player, Instrumentalist"
42964,ヨハン-外国,ヨハン,요한,요한 (인명),N1,Johann
25995,投手,トーシュ,토슈,투수,N1,Pitcher
3233,打ち取る,ウチトル,우치토루,"(적을) 베어 죽이다, (타자를) 잡아내다",N1,"To slay, To strike out, To catch"
22668,玉虫,タマムシ,타마무시,비단벌레,N1,Jewel beetle
115995,ジェレミー,ジェレミー,제레미,제레미 (인명),N1,Jeremy
11053,刑務,ケーム,케무,형무 (교도소 사무),N1,Prison affairs
270,青色,アオイロ,아오이로,"청색, 파란색",N1,Blue color
17459,真鍮,シンチュー,신추,"황동, 놋쇠",N1,Brass
29707,走り書き,ハシリガキ,하시리가키,"휘갈겨 씀, 난필",N1,"Scribbling, Scrawl"
4509,大,オー,오,"대, 큼",N1,"Big, Large"
11568,月光,ゲッコー,겟코,"월광, 달빛",N1,Moonlight
64052,荷揚げ,にやげ,니야게,하역,N1,Unloading (cargo)
54144,嘸,さぞ,사조,필시,N4,no doubt; surely
47113,凍て付く,イテツク,이테츠쿠,얼어붙다,N1,"To freeze, To be frozen solid"
44541,織り交ぜる,オリマゼル,오리마제루,뒤섞다(짜 넣다),N1,To interweave / To mix together
32348,不安,ふあん,후안,불안,N5,anxiety; uneasiness
253513,さっき,さっき,삿키,아까. 조금 전에,N4,A while ago / Just now
13990,策,さく,사쿠,대책,N3,Measure; policy; plan
13992,索引,さくいん,사쿠인,색인,N2,Index
200883,裂ける,さける,사케루,찢어지다. 터지다. 갈라지다,N1,To split / To tear
14005,作者,さくしゃ,사쿠샤,만든 사람. 작자. 작가,N3,Author; creator
63808,使い込む,つかいこむ,츠카이코무,손때나게 오래 쓰다,N1,To embezzle; to use for a long time (break in)
42678,錆びる,さびる,사비루,녹슬다,N2,to rust
14013,削除,さくじょ,사쿠죠,삭제,N2,Deletion; elimination
37710,若し,もし,모시,만약. 만일 ＝もし,N4,if; in case
37713,もしもし,もしもし,모시모시,여보세요,N5,hello (on the phone)
14171,匙,さじ,사지,숟가락,N2,Spoon
34049,返事,へんじ,헨지,대답,N4,reply; answer; response
37748,用いる,もちいる,모치이루,이용하다,N4,to use; to utilize
29904,発,はつ,하츠,발,N4,Departure / From
29223,飲み干す,のみほす,노미호스,다 마셔 버리다,N1,To drink up / to drain (a cup)
37755,持ち切り,もちきり,모치키리,(소문이) 자자함,N1,hot topic; talk of the town
37785,勿論,もちろん,모치론,물론,N4,of course; naturally
14421,作用,さよう,사요우,작용,N2,Action; operation; effect
32394,風,かぜ,카제,바람,N4,wind; breeze
14434,攫う,さらう,사라우,낚아채다,N1,To kidnap; to scoop; to sweep away
28845,熱気,ねっき,넷키,열기,N3,Hot air / heat / enthusiasm
29654,運び込む,はこびこむ,하코비코무,실려가다,N1,To carry in
3875,枝,えだ,에다,가지,N3,Branch; twig; bough
89220,寄せ合う,ヨセアウ,요세아우,"서로 바싹 대다, 모여들다",N1,"To huddle together, To press against each other"
28843,強請る,ねだる,네다루,조르다,N1,To tease / to coax / to pester for
29039,濃縮,のうしゅく,노우슈쿠,농축,N1,Concentration / enrichment
28797,労う,ねぎらう,네기라우,치하하다,N1,To thank someone for their hard work
17772,自我,じが,지가,자아,N1,"self, ego"
14560,参考,さんこう,산코우,참고,N2,Reference; consultation
14891,残酷,ざんこく,잔코쿠,잔혹,N2,Cruel; harsh; ruthless
14449,更に,さらに,사라니,더욱더,N3,Furthermore; again; more
14462,去る,さる,사루,"지나가다,떠나다",N3,To leave; to go away; past
14478,騒がしい,さわがしい,사와가시이,소란스럽다,N3,Noisy; boisterous
243134,四角,しかく,시카쿠,사각(형),N2,Square / Quadrilateral
14493,障る,さわる,사와루,해롭다,N1,To hinder; to harm; to affect
93931,産後,さんご,산고,산후,N1,Postpartum
14518,酸化,さんか,산카,산화,N1,Oxidation
14543,参議,さんぎ,산기,참의,N1,Councilor
173705,仕方無い,しかたない,시카타나이,어쩔 수 없다,N4,Cannot be helped
14538,産休,さんきゅう,산큐우,출산휴가,N2,Maternity leave
14544,産業,さんぎょう,산교우,산업,N4,Industry
54492,残金,ざんきん,잔킨,잔금,N1,Remaining money; balance
55386,采の目,さいのめ,사이노메,주사위 모양,N1,Diced (cut); squares
41263,僅か,わずか,와즈카,약간,N4,merely; a little; small amount
37795,勿体,もったい,못타이,"품격(없다,아깝다)",N3,air of importance; (mottai-nai) wasteful
37800,尤も,もっとも,못토모,지당함. 일리,N2,reasonable; natural; (motto-mo) although
37803,専ら,もっぱら,못파라,오로지,N1,wholly; solely; mostly
37821,基,もと,모토,기초,N2,basis; foundation
37866,戻す,もどす,모도스,되돌리다,N4,to return (something); to put back
37837,基づく,もとずく,모토즈쿠,-에 기반하다,N3,to be based on
37856,元々,もともと,모토모토,원래,N2,originally; by nature
37867,戻る,もどる,모도루,되돌아가다,N5,to return; to go back
37880,物置,ものおき,모노오키,헛간. 곳간. 광,N3,storage room; shed
16964,食料,しょくりょう,쇼쿠료우,식료,N3,"food, provisions"
5572,下,か,카,하,N5,Below; down; lower
15074,然も,しかも,시카모,게다가,N2,Moreover; furthermore; and yet
15102,指揮,しき,시키,지휘,N3,Command; direction; conducting
29524,墓参り,はかまいり,하카마이리,성묘,N1,Visiting a grave
15110,色彩,しきさい,시키사이,색채,N2,Color; coloring; hue
52932,甲種,そうしゅ,소우슈,갑종,N1,Class A; first class
15117,式場,しきじょう,시키죠우,식장,N1,Ceremonial hall; venue
15118,仕来り,しきたり,시키타리,관습,N1,Custom; conventionality; tradition
15119,敷地,しきち,시키치,부지,N2,Site; grounds; premises
15134,支給,しきゅう,시큐우,지급,N2,Payment; allowance; provision
15148,頻り,しきり,시키리,계속적으로,N2,Frequently; repeatedly; incessantly
15152,仕切る,しきる,시키루,맡아서 처리하다,N1,To partition; to divide; to manage
15164,しくじる,しくじる,시쿠지루,망치다,N1,To fail; to bungle; to mess up
15180,死刑,しけい,시케이,사형,N1,Death penalty; capital punishment
56322,至急,しきゅう,시큐우,지급. 빨리,N2,Urgent; at once
15192,刺激,しげき,시게키,자극,N3,Stimulus; incentive; irritation
70146,令妹,れいまい,레마이,영매(남의 여동생 높임말),N1,Younger sister (honorific)
56744,自尊,じそん,지손,자존,N1,Self-esteem; pride
38116,野外,やがい,야가이,야외,N2,outdoors; field
15621,視認,シニン,시닌,시인(보고 확인함),N1,Visual recognition / Sighting
43494,四捨,ししゃ,시샤,사사,N2,rounding (as in Shisha-gonyu)
38117,軈て,やがて,야가테,머지않아,N2,soon; before long; eventually
38115,夜間,やかん,야칸,야간,N4,nighttime
38169,役者,やくしゃ,야쿠샤,배우. 광대,N2,actor
38180,訳す,やくす,야쿠스,번역하다,N2,to translate
38195,役人,やくにん,야쿠닌,관리. 공무원,N2,government official
62538,外海,ソトウミ,소토우미,외해(먼바다),N1,Open sea
35395,枚挙,まいきょ,마이쿄,"하나하나 셈,매거",N1,enumeration (as in maikyo-ni itoma ga nai)
44736,ゲーマー,ゲーマー,게-마-,게이머,N1,Gamer
28667,妊婦,ニンプ,닌푸,임산부,N1,Pregnant woman
4382,追い抜く,オイヌク,오이누쿠,추월하다(앞지르다),N1,To overtake / To pass
6506,霞,カスミ,카스미,안개(노을),N1,Mist / Haze
7513,考え直す,かんがえなおす,캉가에나오스,다시 생각하다,N2,To reconsider; to think over
15400,死体,したい,시타이,시체,N2,Corpse; dead body
15408,下書き,したがき,시타가키,초고,N2,Draft; rough copy
1131,嵐,あらし,아라시,폭풍,N4,Storm; tempest
13275,根本,こんぽん,콘폰,근본,N1,Root; source; fundamental
36564,密生,ミッセー,밋세-,밀생,N1,Dense growth / Growing thickly
13989,柵,さく,사쿠,울타리,N4,Fence; paling
62107,泣き沈む,なきしずむ,나키시즈무,쓰러져 슬피 울다,N1,To be lost in grief
65159,人形,ヒトガタ,히토가타,인형(사람 형상),N1,Human shape / Figurine
15410,下着,したぎ,시타기,속옷,N4,Underwear
57080,実費,じっぴ,짓피,실비,N1,Actual cost
17907,事態,じたい,지타이,사태,N2,"situation, state of affairs"
17908,字体,じたい,지타이,글씨체,N2,"type style, font"
15411,支度,したく,시타쿠,채비,N4,Preparation; arrangements
15414,下心,したごころ,시타고코로,꿍꿍이,N1,Secret intention; ulterior motive
15423,下地,したじ,시타지,밑바탕,N1,Groundwork; foundation; base
15419,親しい,したしい,시타시이,친하다. 사이가 좋다,N4,Intimate; close; familiar
15422,下調べ,したしらべ,시타시라베,예비 조사,N1,Preliminary investigation; prep work
54441,淑やか,しとやか,시토야카,정숙함,N1,Gentle; modest; graceful
15431,仕立てる,したてる,시타테루,마련하다,N1,To tailor; to prepare; to train
38196,役場,やくば,야쿠바,"면사무소, 사무소",N1,town hall; local office
38197,薬品,やくひん,야쿠힌,약품,N2,medicine; chemicals
15434,下火,したび,시타비,한고비 지남. 한물 갔음,N1,Burning low; declining; waning
38226,夜行,やこう,야코우,야행,N2,night travel; night train
15435,下町,したまち,시타마치,구시가지,N2,Downtown; low-lying part of city
15533,質,しつ,시츠,질,N2,Quality; nature; character
38239,屋敷,やしき,야시키,저택,N1,mansion; residence; estate
26523,唱える,となえる,토나에루,"외우다,제기하다",N3,"to recite, to chant, to advocate"
23320,断食,だんじき,단지키,단식,N2,fasting
7467,缶,かん,칸,깡통,N3,Can; tin
6664,固まる,かたまる,카타마루,굳어지다,N2,To harden; to solidify; to gather
3120,後ろ足,うしろあし,우시로아시,뒷다리,N1,Hind leg
16320,手術,しゅじゅつ,슈쥬츠,수술,N4,"surgery, operation"
3286,鬱病,うつびょう,우츠뵤우,"우울증,울병",N1,Depression (clinical)
15605,品物,しなもの,시나모노,물품,N4,Goods; article; thing
172836,休み明け,やすみあけ,야스미아케,휴가 다음날,N1,After a holiday/break
98057,俵,たわら,타와라,가마니,N1,Straw bale
18009,地主,じぬし,지누시,지주,N1,"landlord, landowner"
18021,地盤,じばん,지반,지반,N2,"the ground, foundation, base"
15647,支配,しはい,시하이,지배,N3,Domination; control; rule
15658,芝居,しばい,시바이,연극. 연기,N2,Play; drama; performance
15649,始発,しはつ,시하츠,시발,N1,First train/bus
87431,申し伝える,モーシツタエル,모-시츠타에루,전해 올리다(겸양),N1,To convey (a message) / To tell (humble)
15671,縛る,しばる,시바루,묶다,N3,To tie; to bind; to restrict
15676,痺れる,しびれる,시비레루,저리다. 마비되다. 황홀해지다,N2,To become numb; to be paralyzed; to be thrilled
15699,紙幣,しへい,시헤이,지폐,N2,Paper money; notes; bills
38118,焼き,ヤキ,야키,구이(굽기),N1,Grilling / Baking / Roasting
40306,療法,リョーホー,료-호-,요법,N1,Therapy / Treatment
31154,光量,コーリョー,코-료-,광량,N1,Light intensity / Amount of light
12660,小皿,コザラ,코자라,작은 접시,N1,Small plate / Saucer
4519,覆い,オーイ,오-이,덮개(가리개),N1,Cover / Covering
69251,三味,しゃみせん,샤미센,샤미센,N2,Samisen; three flavors
38253,矢印,やじるし,야지루시,화살표,N2,arrow (symbol/sign)
38247,野心,やしん,야신,야심,N1,ambition
38337,厄介,やっかい,얏카이,성가심,N2,trouble; burden; nuisance
38341,薬局,やっきょく,얏쿄쿠,약국,N3,pharmacy; drugstore
38344,遣っ付ける,やっつける,얏츠케루,해치우다,N2,to finish off; to beat
38356,宿,やど,야도,숙소,N3,inn; lodging
38355,雇う,やとう,야토우,고용하다,N2,to employ; to hire
32293,符,ふ,후,부,N1,tally; sign; mark
4939,押し付ける,おしつける,오시츠케루,떠넘기다,N1,To force (on someone); to push against
29198,上せる,のぼせる,노보세루,"올리다, 상기되다",N1,To raise / to bring up / to serve (food)
15068,仕方,しかた,시카타,하는 방법,N4,Way; method; means
16103,集合,しゅうごう,슈우고우,집합,N2,"gathering, assembly, meeting"
16047,週,しゅう,슈우,주,N3,Week
2490,忌まわしい,いまわしい,이마와시이,꺼림칙하다,N1,Abominable; disgusting; unlucky
12576,国宝,こくほう,코쿠호우,국보,N2,National treasure
9888,仰角,ぎょうかく,교우카쿠,"올려본각,양각",N1,Angle of elevation
16112,修士,しゅうし,슈우시,석사,N2,Master (academic degree)
22966,大-大学,だい,다이,대,N1,"university, college"
113,哀願,あいがん,아이간,애원,N1,Entreaty; appeal; supplication
18133,じゃんけん,じゃんけん,쟌켄,가위바위보,N2,rock-paper-scissors
9091,給油,きゅうゆ,큐우유,"주유,급유",N2,Refueling; oiling
16054,周囲,しゅうい,슈우이,주위,N4,Surroundings; circumference; environs
16135,習字,しゅうじ,슈우지,서예,N2,"penmanship, calligraphy"
16086,宗教,しゅうきょう,슈우쿄우,종교,N3,Religion
16127,就職,しゅうしょく,슈우쇼쿠,취직,N3,"finding employment, getting a job"
195155,逆立てる,さかたてる,사카타테루,위협하다,N1,To raise / To ruffle (feathers/hair)
16087,集金,しゅうきん,슈우킨,수금,N2,Collection of money
192340,寺巡り,てら(じ)めぐり,테라(지)메구리,사찰 순례,N1,Visiting temples
61239,巣窟,そうくつ,소우쿠츠,소굴,N1,Den; haunt; lair
16170,執着,しゅうちゃく,슈우챠쿠,집착,N2,"attachment, tenacity, persistence"
16174,終点,しゅうてん,슈우텐,종점,N3,"terminus, last stop"
54924,重役,じゅうやく,쥬우야쿠,중역,N2,Executive; director
16187,収入,しゅうにゅう,슈우뉴우,수입,N3,"income, revenue"
9025,給水,きゅうすい,큐우스이,급수,N2,Water supply
34948,本土,ホンド,혼도,본토,N1,Mainland
56625,涼む,すずむ,스즈무,바람을 쐬다,N2,To cool oneself; to enjoy the evening cool
16201,周辺,しゅうへん,슈우헨,주변,N4,"environs, vicinity, outskirts"
56172,素謡,すうたい,스우타이,반주 없이 읊는 노래,N1,Noh chanting (without music)
16220,修理,しゅうり,슈우리,수리,N3,"repairing, servicing"
58751,大安,たいあん,타이안,"대길,대안",N1,Lucky day (calendrical)
51489,重,え,에,"겹, 층",N2,layer; fold; (suffix) heavy
51360,熟れる,"なれる,うれる","나레루,우레루","익다,삭다",N1,to ripen
48499,語らう,かたらう,카타라우,이야기하다,N1,to talk; to chat; to woo
38354,野党,やとう,야토우,야당,N2,opposition party
38397,破く,やぶく,야부쿠,찢다,N2,to tear; to rip
38407,破れる,やぶれる,야부레루,깨지다,N3,to get torn; to wear out
38507,止む,やむ,야무,그치다,N3,to stop; to cease (rain/noise)
38599,優位,ゆうい,유우이,우위,N1,predominance; advantage
38617,夕刊,ゆうかん,유우칸,석간,N2,evening newspaper
38690,郵送,ゆうそう,유우소우,우송,N3,mailing; postal service
15016,塩,しお,시오,소금,N4,Salt
15929,写生,しゃせい,샤세이,사생. 스케치,N2,Sketching; drawing from nature
16266,祝日,しゅくじつ,슈쿠지츠,국경일,N3,national holiday
31363,飛翔,ひしょう,히쇼우,비상,N1,flight; soaring
16264,縮小,しゅくしょう,슈쿠쇼우,축소,N3,"reduction, curtailment"
10010,悔い改める,くいあらためる,쿠이아라타메루,회개하다,N1,To repent; to mend one's ways
10959,敬称,けいしょう,케이쇼우,경칭,N1,Title of honor; honorific
6480,果汁,かじゅう,카쥬우,과즙,N1,Fruit juice
16279,宿泊,しゅくはく,슈쿠하쿠,숙박,N3,"lodging, staying overnight"
34764,仏,ほとけ,호토케,약,N4,Buddha; deceased person; merciful soul
29580,白紙,はくし,하쿠시,백지,N1,Blank paper / clean slate
147820,弓状,きゅうじょう,큐우죠우,"활 모양,궁상",N1,Arch-shaped; bow-shaped
59936,筒抜け,つつぬけ,츠츠누케,곧바로 누설됨,N1,Leaking out (secrets); overheard
29052,能動,ノードー,노-도-,능동,N1,Active
54772,小娘,こむすめ,코무스메,어린 여자애,N1,Young girl; lass
53456,工房,こうぼう,코우보우,공방,N2,workshop; studio
16293,主語,しゅご,슈고,주어,N2,subject (grammar)
38704,誘導,ゆうどう,유우도우,유도,N2,guidance; induction; leading
16298,取材,しゅざい,슈자이,취재,N3,"news coverage, gathering data"
38708,有能,ゆうのう,유우노우,유능,N2,capable; talented
38716,優美,ゆうび,유우비,"우아,우미",N1,grace; refinement
38724,有望,ゆうぼう,유우보우,유망,N1,promising; bright (future)
38725,遊牧,ゆうぼく,유우보쿠,유목,N1,nomadic; nomadism
38744,有利,ゆうり,유우리,유리,N2,advantageous; profitable
29611,白米,はくまい,하쿠마이,백미,N1,Polished white rice
28786,願い出る,ねがいでる,네가이데루,"간청하다, 제출하다",N1,To apply for / to petition
29533,諮る,はかる,하카루,"상의하다, 묻다",N1,To consult / to refer to
16314,首相,しゅしょう,슈쇼우,수상,N3,Prime Minister
18268,熟語,じゅくご,쥬쿠고,숙어,N2,"idiom, compound word"
16335,手段,しゅだん,슈단,수단,N3,"means, way, measure"
16345,出勤,しゅっきん,슛킨,출근,N3,"going to work, attendance"
16349,出血,しゅっけつ,슛케츠,출혈,N3,"bleeding, hemorrhage"
16396,出現,しゅつげん,슈츠겐,출현,N3,"appearance, emergence"
16399,出場,しゅつじょう,슈츠죠우,출장,N3,"participation, appearance (in an event)"
29161,伸び,のび,노비,증가,N1,Growth / expansion
57806,上等,じょうとう,죠우토우,상등의. 고급스러운. 호화로운,N2,Superior; excellent
41386,椀,ワン,완,"완(사발, 공기)",N1,Bowl (wooden/lacquered)
25067,手描き,テガキ,테가키,손으로 그림,N1,Hand-drawn
41350,割り当てる,ワリアテル,와리아테루,할당하다(배정하다),N1,To assign / To allocate
48590,広間,ヒロマ,히로마,넓은 방(홀),N1,Hall / Spacious room
36454,水飲み,ミズノミ,미즈노미,물 마심(또는 물그릇),N1,Drinking water / Drinking fountain
38749,有料,ゆうりょう,유우료우,유료,N3,chargeable; paid
16528,諸,しょ,쇼,여러(제),N2,"various, many, several"
16542,小,しょう,쇼우,소,N4,"small, little"
17083,仕様,しよう,시요우,"수단, 사양",N2,"way, method, resource"
17086,私用,しよう,시요우,사적 용도,N1,"private use, personal business"
16587,消化,しょうか,쇼우카,소화,N3,digestion
16594,紹介,しょうかい,쇼우카이,소개,N4,introduction
16629,将棋,しょうぎ,쇼우기,장기,N3,shogi (Japanese chess)
16625,消去,しょうきょ,쇼우쿄,소거,N1,"elimination, erasure, clearing"
16630,商業,しょうぎょう,쇼우교우,상업,N2,"commerce, trade"
16626,消極,しょうきょく,쇼우쿄쿠,소극,N3,"passive, negative"
16627,賞金,しょうきん,쇼우킨,상금,N2,"prize money, reward"
16643,衝撃,しょうげき,쇼우게키,충격,N2,"shock, impact"
16667,正午,しょうご,쇼우고,정오,N3,noon
16671,照合,しょうごう,쇼우고우,조합. 대조하여 확인함,N1,"collation, comparison, verification"
16714,障子,しょうじ,쇼우지,장지,N3,shoji (sliding paper door)
16715,正直,しょうじき,쇼우지키,정직,N4,"honesty, frankness"
38753,幽霊,ゆうれい,유우레이,유령,N1,ghost
16692,商社,しょうしゃ,쇼우샤,상사,N2,trading company
38760,誘惑,ゆうわく,유우와쿠,유혹,N2,temptation; seduction
38761,故,ゆえ,유에,"고(로), 때문(에)",N4,reason; cause; circumstance
38767,愉快,ゆかい,유카이,유쾌,N2,pleasant; happy; delightful
38809,行方,ゆくえ,유쿠에,행방,N2,whereabouts; location
16719,少女,しょうじょ,쇼우죠,소녀,N3,young girl
22173,タクトウ,タクトー,타쿠토-,탁도(濁度),N1,Takt (Conducting/Baton technique)
93978,ＥＵＲＥＫＡ,ユーレカ,유-레카,유레카,N1,Eureka
87212,零れ落ちる,コボレオチル,코보레오치루,넘쳐 흐르다(떨어지다),N1,To spill over / To trickle down
34183,別,べつ,베츠,별,N4,difference; distinction; another
33308,ＶＲ,ブイアール,부이아-루,브이알(가상 현실),N1,VR (Virtual Reality)
43420,小槌,コズチ,코즈치,작은 망치,N1,Small mallet / Gavel
196580,棚氷,タナゴーリ,타나고-리,빙붕,N1,Ice shelf
4841,奥行き,オクユキ,오쿠유키,깊이(안길이),N1,Depth
57319,前景,ゼンケー,젠케-,전경(앞쪽 경치),N1,Foreground
11087,今朝,けさ,케사,오늘 아침,N3,This morning
32761,腐食,フショク,후쇼쿠,부식,N1,Corrosion / Rot
4688,大まか,オーマカ,오-마카,대략(어림잡음),N1,Rough / Broad / Sketchy
29744,弾み,はずみ,하즈미,"기세, 탄력",N1,Momentum / bounce
48643,欠片,カケラ,카케라,파편(조각),N1,Fragment / Piece / Shard
16804,少年,しょうねん,쇼우넨,소년,N3,"boy, youth"
5260,重苦しい,オモクルシー,오모쿠루시-,답답하다(무겁고 괴롭다),N1,Heavy / Gloomy / Oppressive
15163,詩句,シク,시구,시구,N1,Verse / Poetic phrase
12940,古風,コフー,코후-,고풍,N1,Old-fashioned / Quaint
20847,膳立て,ゼンダテ,젠다테,준비(식사 준비),N1,Preparations / Setting the table
2978,植え付け,ウエツケ,우에츠케,심기(식재),N1,Planting
12954,古木,コボク,코보쿠,고목,N1,Old tree
34392,放映,ホーエー,호-에-,방영,N1,Televising / Broadcasting
34602,保温,ほおん,호온,보온,N1,retaining warmth; heat retention
29072,納涼,のうりょう,노우료우,납량,N1,Enjoying the cool evening breeze
29100,ノザワ,ノザワ,노자와,노자와 (지명),N1,A common Japanese surname
29077,逃れ,のがれ,노가레,"도망, 면함",N1,Escape / evasion
29582,薄謝,はくしゃ,하쿠샤,약소한 사례,N1,Small token of gratitude
29769,畑違い,はたけちがい,하타케치가이,분야,N1,Out of one's field
18608,情熱,じょうねつ,죠우네츠,정열,N3,"passion, enthusiasm"
16811,勝敗,しょうはい,쇼우하이,승패,N2,"victory or defeat, outcome"
16812,商売,しょうばい,쇼우바이,장사,N3,"trade, business, commerce"
16815,消費,しょうひ,쇼우히,소비,N3,"consumption, spending"
16820,賞品,しょうひん,쇼우힌,상품,N3,"prize, trophy"
16827,勝負,しょうぶ,쇼우부,승부,N3,"match, contest, game"
16837,小便,しょうべん,쇼우벤,소변,N2,"urine, piss"
16848,照明,しょうめい,쇼우메이,조명,N3,"illumination, lighting"
16852,正面,しょうめん,쇼우멘,정면,N3,"front, frontage, facade"
67008,牧畜,ぼくちく,보쿠치쿠,목축,N2,Stock-raising; cattle breeding
16912,初級,しょきゅう,쇼큐우,초급,N3,beginner level
34604,捕獲,ほかく,호카쿠,포획,N2,capture; seizure
55686,蒸留,じょうりゅう,죠우류우,증류,N1,Distillation
41458,朗らか,ほがらか,호가라카,명랑한,N2,cheerful; bright; merry
39786,羅列,られつ,라레츠,나열,N1,enumeration; listing
38813,湯気,ゆげ,유게,김. 수증기,N3,steam; vapor
38812,輸血,ゆけつ,유케츠,수혈,N2,blood transfusion
38821,揺さぶる,ゆさぶる,유사부루,흔들다. 동요하다,N2,to shake; to jolt; to stir (emotions)
38828,輸出,ゆしゅつ,유슈츠,수출,N4,export
38844,輸送,ゆそう,유소우,수송,N2,transport; shipping
38858,茹でる,ゆでる,유데루,데치다,N3,to boil (food)
29854,発酵,はっこう,핫코우,발효,N1,Fermentation
29753,馳せる,はせる,하세루,"달리다,생각하다",N1,To run fast / to dispatch (thoughts)
28757,寝,ね,네,잠,N1,Sleep / Sleeping
29413,排する,はいする,하이스루,배제하다,N1,To exclude / to reject
34655,誇る,ほこる,호코루,자랑하다,N3,to boast of; to be proud of
29500,這う,はう,하우,"기다,엎드리다",N1,To crawl / to creep
29169,伸び率,のびりつ,노비리츠,신장률,N1,Growth rate
29856,発散,はっさん,핫산,발산,N1,Emission / diffusion / venting
27142,導入,どうにゅう,도우뉴우,도입,N4,"introduction, bringing in"
26969,どう,どう,도우,어떻게,N5,"how, in what way"
27675,長い,ながい,나가이,긴,N5,long
27572,中,なか,나카,안,N6,"inside, middle, center"
27231,独創,どくそう,도쿠소우,독창,N1,"originality, creative effort"
27832,詰る,なじる,나지루,힐책하다,N1,"to scold, to rebuke, to nag"
27179,同僚,どうりょう,도우료우,동료,N4,"coworker, colleague"
27470,内心,ないしん,나이신,내심,N1,"innermost thoughts, at heart"
27720,長年,ながねん,나가넨,여러해,N5,"many years, for a long time"
27365,努力,どりょく,도료쿠,노력,N5,"effort, exertion, endeavor"
223,愛慕,あいぼ,아이보,애모,N1,Adoration; love; idolizing
26874,取れる,とれる,토레루,취할 수 있다,N4,"to come off, to be removed, to be caught"
28032,並ぶ,ならぶ,나라부,"진열되다, 줄서다",N5,"to line up, to stand in a line"
28744,塗る,ぬる,누루,칠하다,N4,"to paint, to plaster, to smear"
27947,鍋,なべ,나베,냄비,N4,"pot, saucepan, hot pot"
28199,煮える,にえる,니에루,익다,N1,"to be boiled, to be cooked"
26899,豚カツ,とんかつ,톤카츠,돈가스,N1,pork cutlet
27834,茄子,"なす,なすび","나스,나스비",가지,N2,eggplant
28085,何,なん,난,몇,N5,what
28491,煮物,にもの,니모노,조림,N1,food cooked by boiling or stewing
27871,納豆,なっとう,낫토우,낫토,N2,natto (fermented soybeans)
28062,生る,なる,나루,생기다,N1,to bear fruit
27841,何故,なぜ,나제,어째서,N3,"why, for what reason"
28636,人気,にんき,닌키,인기,N5,popularity
28506,入荷,にゅうか,뉴우카,입고,N2,"arrival of goods, receipt"
28084,縄張り,なわばり,나와바리,자기 영역,N1,"territory, domain, sphere of influence"
28911,ネモト,ネモト,네모토,네모토 (인명),N1,Nemoto
194422,包み紙,ツツミガミ,츠츠미가미,포장지,N1,Wrapping paper
9320,胸部,キョーブ,쿄-부,흉부,N1,Chest / Thorax
34686,補充,ほじゅう,호쥬우,보충,N2,supplement; replenishment
35157,募集,ぼしゅう,보슈우,모집,N2,recruitment; invitation; collection
88114,解ける,ほどける,호도케루,풀어지다,N3,To come untied; to be solved
67052,綻びる,ほころびる,호코로비루,(실밥이)풀리다,N2,To begin to open (flowers); to unravel
67763,盆地,ぼんち,본치,분지,N2,Basin (geography)
61631,出来心,できごころ,데키고코로,"우발적인 마음, 변덕",N1,Sudden impulse; whim
38860,ゆとり,ゆとり,유토리,여유,N1,elbow room; leeway; reserve
38877,輸入,ゆにゅう,유뉴우,수입,N4,import
38933,緩い,ゆるい,유루이,느슨하다,N3,loose; lenient; slow
38941,緩める,ゆるめる,유루메루,풀다. 느슨하게 하다,N1,to loosen; to relax; to slow down
38986,夜明け,よあけ,요아케,새벽,N4,dawn; daybreak
39012,酔う,よう,요우,"취하다,멀미하다",N3,to get drunk; to get motion sick
39004,洋,よう,요우,양,N2,Western (prefix)
27808,和やか,なごやか,나고야카,화기애애한,N2,"mild, gentle, harmonious"
27858,なだらか,なだらか,나다라카,완만함,N1,"gently sloping, smooth"
28618,似る,にる,니루,비슷하다,N2,"to resemble, to look like"
27758,流れる,ながれる,나가레루,흐르다,N5,"to flow, to stream, to be washed away"
27292,どっしり,どっしり,돗시리,묵직이,N1,"solidly, heavily, dignified"
26912,とんだ,とんだ,톤다,터무니없는,N2,"unthinkable, terrible, awful"
27414,どんな,どんな,돈나,어떻게,N5,"what kind of, what sort of"
28482,鈍い,にぶい,니부이,무디다,N3,"dull, slow, blunt"
27627,仲直り,なかなおり,나카나오리,화해하다,N2,"reconciliation, making peace"
28503,入園,にゅうえん,뉴우엔,입원(입학),N1,entrance into a kindergarten/park
28682,縫い包み,ぬいぐるみ,누이구루미,"봉제,봉제인형,인형탈",N1,"stuffed toy, plushie"
27552,直す,なおす,나오스,고치다,N5,"to fix, to repair, to correct"
28181,二,に,니,이,N5,two
27946,名札,なふだ,나후다,명찰,N1,"nameplate, name tag"
28720,盗む,ぬすむ,누스무,훔치다,N2,to steal
27343,土曜,どよう,도요우,토요,N3,Saturday
35554,巻く,まく,마쿠,감다,N3,to wind; to roll up; to wrap
7899,街,がい(まち),가이(마치),거리,N5,Town; street; city
27943,靡く,なびく,나비쿠,펄럭이다,N3,"to flutter, to yield to, to be swayed"
27925,何事,なにこと,나니코토,무슨 일,N4,"what, something, everything"
28550,入場,にゅうじょう,뉴우죠우,입장,N3,"entrance, admission"
28247,憎む,にくむ,니쿠무,미워하다,N2,"to hate, to detest"
28273,濁す,にごさ,니고사,더럽히다,N2,"to make cloudy, to prevaricate"
27138,道徳,どうとく,도우토쿠,도덕,N2,"morals, ethics"
27246,独立,どくりつ,도쿠리츠,독립,N3,"independence, self-reliance"
26971,同,どう,도우,동,N2,"the same, the said, ibid."
19587,ず,ぬ,누,~하지 않고,N6,(negative suffix) without doing
13021,小麦,こむぎ,코무기,밀,N3,Wheat
5110,踊る,おどる,오도루,춤추다,N3,To dance
2744,印象,いんしょう,인쇼우,인상,N4,Impression
35790,末期,まっき,맛키,말기,N1,last stage; terminal; end of life
41387,湾,わん,완,만,N2,bay; gulf
68054,まごまご,まごまご,마고마고,우물쭈물,N3,Bewildered; at a loss
35382,まあまあ,まあまあ,마아마아,그럭저럭,N2,so-so; now now (calming down)
68226,まちまち,まちまち,마치마치,제각각,N1,Diverse; varying
35411,迷子,まいご,마이고,미아,N3,lost child; stray
49761,絡み付く,からみつく,카라미츠쿠,휘감기다,N1,to coil around; to twine
38324,屋台,やたい,야타이,노점,N4,food stall; street stand
39006,用,よう,요우,용무. 용건. …용,N5,for the use of (suffix)
35413,毎週,まいしゅう,마이슈우,매주,N5,every week
35795,真っ黒,まっくろ,맛쿠로,새까맘,N3,pitch black
35416,枚数,まいすう,마이스우,(종이의) 매수,N2,number of (flat objects)
39014,容易,ようい,요우이,용이한. 손쉬운,N2,easy; simple
39020,要因,よういん,요우인,요인,N1,factor; cause
35420,埋蔵,まいぞう,마이조우,매장,N1,burial; hidden treasure; deposits
39022,溶液,ようえき,요우에키,용액,N1,solution (liquid)
39032,溶岩,ようがん,요우간,용암,N2,lava
35427,毎度,まいど,마이도,매번. 번번이. 항상,N3,each time; thank you for your business
39037,陽気,ようき,요우키,"양기,날씨",N2,weather; season
34599,頬,ほう,호우,볼,N4,cheek
26978,銅,どう,도우,동,N2,copper
26985,同一,どういつ,도우이츠,동일,N2,"identity, sameness, identical"
26997,同感,どうかん,도우칸,동감,N1,"same feeling, sympathy, agreement"
15668,芝生,しばふ,시바후,잔디밭,N3,Lawn; grass plot
27007,同級,どうきゅう,도우큐우,동급(생),N2,"same grade, same class"
27008,同居,どうきょ,도우쿄,동거,N1,"living together, cohabitation"
27040,動向,どうこう,도우코우,동향,N1,"trend, tendency, movement"
27051,動作,どうさ,도우사,동작,N2,"action, movements, behavior"
27058,動詞,どうし,도우시,동사,N2,verb
27062,同志,どうし,도우시,동지,N1,"comrade, like-minded person"
27089,同情,どうじょう,도우죠우,동정,N1,"sympathy, compassion"
27090,道場,どうじょう,도우죠우,도장. 도를 닦는 곳,N1,"dojo, training hall"
27096,どうせ,どうせ,도우세,어차피. 어떻든 간에. 내친 김에. 이왕,N2,"anyhow, in any case, at best"
27141,堂々,どうどう,도우도우,당당,N2,"magnificent, grand, majestic"
57990,白蟻,しろあり,시로아리,흰개미,N2,Termite
27136,同等,どうとう,도우토우,동등,N1,"equality, equal, equivalent"
27154,同封,どうふう,도우후우,동봉,N2,enclosure (in an envelope)
27163,同盟,どうめい,도우메이,동맹,N1,"alliance, union, league"
27171,動揺,どうよう,도우요우,동요,N1,"disturbance, shaking, agitation"
27173,童謡,どうよう,도우요우,동요,N2,"children's song, nursery rhyme"
27172,同様,どうよう,도우요우,마찬가지,N2,"identical, same, similar"
27180,動力,どうりょく,도우료쿠,동력,N1,"power, motive power, force"
27185,童話,どうわ,도우와,동화,N2,"fairy tale, children's story"
27193,どきどき,どきどき,도키도키,두근두근,N3,"thumping (heart), nervous, excited"
27212,独裁,どくさい,도쿠사이,독재,N1,"dictatorship, despotism"
27222,独身,どくしん,도쿠신,독신,N3,"single, unmarried"
27228,独占,どくせん,도쿠센,독점,N1,"monopoly, exclusive possession"
22490,立て直す,だてなおす,다테나오스,고쳐세우다,N2,"to reorganize, to rally, to recover"
21325,育てる,そだてる,소다테루,키우다,N4,"to raise, to bring up, to train"
11794,湖,みずうみ,미즈우미,호수,N3,Lake
10147,駆除,くじょ,쿠죠,구제,N2,Extermination; pest control
15892,灼熱,シャクネツ,샤쿠네츠,작열,N1,Scorching / Red-hot
139745,真ん丸い,まんまるい,만마루이,동그랗다,N1,Perfectly round
70667,瞬き,まばたき,마바타키,눈을 깜빡임,N2,Blink; twinkle
66433,真ん前,まんまえ,만마에,정면,N1,Right in front
66471,未開,みかい,미카이,미개,N1,Uncivilized; wild; undeveloped
66843,見せびらかす,みせびらかす,미세비라카스,과시하다,N1,To show off; to flaunt
66845,見世物,みせもの,미세모노,구경거리,N1,Show; spectacle; exhibition
39363,予測,よそく,요소쿠,예측,N2,prediction; estimation
39668,落語,らくご,라쿠고,만담,N1,Rakugo (comic storytelling)
39038,要求,ようきゅう,요우큐우,요구,N3,demand; requirement
35972,麻痺,まひ,마히,마비,N1,paralysis; numbness
39045,用件,ようけん,요우켄,용건,N3,business; matter
39058,用語,ようご,요우고,용어,N2,term; terminology
39059,養護,ようご,요우고,양호,N1,nursing; protective care
39081,幼児,ようじ,요우지,유아,N3,infant; toddler
38552,柔らか,やわらか,야와라카,부드러운,N3,soft; tender; gentle
35977,眩しい,まぶしい,마부시이,눈부시다,N3,dazzling; radiant; glaring
29711,走り回る,はしりまわる,하시리마와루,뛰어다니다,N4,To run around
29331,葉,は,하,잎,N4,Leaf
27239,独特,どくとく,도쿠토쿠,독특한,N4,"peculiar, unique, characteristic"
27280,何方,どっち,돗치,어느쪽,N4,"which way, who (polite)"
27304,何方,どなた,도나타,어느 분,N5,"which way, who (polite)"
27310,怒鳴る,どなる,도나루,고함치다,N2,"to shout, to yell"
27317,何の,どの,도노,어느,N5,"what, which, what kind of"
27324,土俵,どひょう,도효우,씨름판,N2,"sumo ring, arena"
26851,取り分け,とりわけ,토리와케,유난히,N1,"especially, particularly, above all"
27396,鈍感,どんかん,돈칸,둔감,N1,"insensitive, thick-skinned"
26915,とんでも,とんでも,톤데모,터무니,N3,"unthinkable, outrageous, not at all"
27413,どんどん,どんどん,돈돈,"계속,쭉쭉",N4,"rapidly, steadily, drumming noise"
87422,見晴らす,みはらす,미하라스,조망하다,N1,To look out over; to survey
26925,問屋,とんや,톤야,도매상,N2,"wholesale store, wholesaler"
27446,内科,ないか,나이카,내과,N3,internal medicine
27486,内線,ないせん,나이센,내선. 구내 (전화),N3,"extension (phone), inner line"
27490,内蔵,ないぞう,나이조우,내장,N1,"built-in, internal"
27520,内容,ないよう,나이요우,내용,N5,"content, substance"
37745,持ち歩く,もちあるく,모치아루쿠,가지고 다니다,N3,to carry around
27522,内乱,ないらん,나이란,내란,N1,"civil war, internal rebellion"
27524,内陸,ないりく,나이리쿠,내륙,N1,"inland, interior"
27570,直る,なおる,나오루,고쳐지다,N4,"to be fixed, to be repaired"
27693,流し台,ながしだい,나가시다이,싱크대,N1,(kitchen) sink
27716,長々,ながなが,나가나가,"길게, 장황하게",N3,"very long, at great length"
24238,治療,ちりょう,치료우,치료,N3,"medical treatment, cure"
27640,半ば,なかば,나카바,절반. 중간,N2,"middle, halfway, semi-"
39092,要人,ようじん,요우진,요인,N2,important person; VIP
27730,長引く,ながびく,나가비쿠,지연되다,N4,"to be prolonged, to drag on"
67058,見通す,みとおす,미토오스,내다보다,N1,To see through; to forecast
27645,中程,なかほど,나카호도,도중,N1,"middle, midway, about halfway"
27652,中身,なかみ,나카미,"속,알맹이,내용물",N2,"contents, interior, substance"
27784,慰める,なぐさめる,나구사메루,"위로하다, 달래다",N2,"to comfort, to console"
27778,亡くす,なくす,나쿠스,여의다,N3,to lose someone (death)
27788,殴る,なぐる,나구루,때리다,N2,"to strike, to hit, to punch"
27798,投げ出す,なげだす,나게다스,내던지다,N1,"to throw down, to abandon, to sacrifice"
21419,祖父母,そふぼ,소후보,조부모,N3,grandparents
10608,黒猫,くろねこ,쿠로네코,검은 고양이,N1,Black cat
138573,乳製,ニューセー,뉴-세-,유제(유제품),N1,Dairy / Made of milk
67187,峰,みね,미네,봉우리,N4,Peak; summit; back of a blade
38114,館,かん,칸,관,N2,mansion; hall; manor
67213,見計らう,みはからう,미하카라우,가늠하다,N1,To time; to choose at one's discretion
67756,無駄遣い,むだずかい,무다즈카이,의미 없는 소비,N3,Wasteful spending
37598,申し立て,もうしたて,모우시타테,"신청, 진술",N1,statement; plea; allegation
38331,野鳥,やちゅう,야츄우,야생 조류,N1,wild bird
38489,山伏,やまぶし,야마부시,산속 수행자,N1,mountain ascetic/monk
37519,面詰,めんきつ,멘키츠,면힐,N1,reproaching someone to their face
38298,休まる,やすまる,야스마루,편해지다,N1,to feel rested; to be at ease
37853,求め,もとめ,모토메,요구,N1,request; demand; appeal
27803,仲人,なこうど,나코우도,중매인,N2,"matchmaker, go-between"
27810,名残り,なごり,나고리,자취,N2,"remains, traces, vestige"
27814,情け,なさけ,나사케,정. 인정. 자비,N1,"pity, compassion, mercy"
35438,毎秒,まいびょう,마이뵤우,매초,N1,every second
27815,情けない,なさけない,나사케나이,"한심하다, 정떨어지다",N1,"miserable, pitiable, shameful"
27856,名高い,なだかい,나다카이,유명하다,N1,"famous, celebrated"
7811,完璧,かんぺき,칸페키,완벽,N3,Perfect; flawless
27859,雪崩,なだれ,나다레,눈사태,N2,avalanche
27878,懐かしい,なつかしい,나츠카시이,그립다. 반갑다,N4,"dear, longed-for, nostalgic"
27882,懐く,なつく,나츠쿠,"따르다,친해지다",N2,"to become emotionally attached, to tame"
27896,名付ける,なづける,나두케루,명명하다. 이름을 짓다,N1,"to name, to christen"
27917,斜め,ななめ,나나메,사선,N3,"diagonal, slanted"
27933,何分,なにぶん,나니분,다소간,N2,"anyway, please, after all"
27961,生臭い,なまぐさい,나마구사이,비린내가 나다,N1,"smelling of fish, bloody"
27967,生温い,なまぬるい,나마누루이,미적지근하다,N1,"lukewarm, half-hearted"
27968,生身,なまみ,나마미,살아 있는 (인간의) 몸뚱이,N1,"living flesh, flesh and blood"
27979,並み,なみ,나미,"보통,평균,-와 같음",N2,"average, ordinary, row of"
28004,悩ましい,なやましい,나야마시이,고민스럽다,N1,"seductive, distressing, troubling"
28014,倣う,ならう,나라우,모방하다,N1,"to imitate, to follow (example)"
28022,慣らす,ならす,나라스,길들이다,N1,"to accustom, to domesticate, to level"
28063,鳴る,なる,나루,울리다,N5,"to sound, to ring, to roar"
37145,無断,むだん,무단,무단,N3,without permission
28070,成る丈,なるたけ,나루타케,되도록,N1,as much as possible
28072,成る可く,なるべく,나루베쿠,되도록,N4,as much as possible
28079,慣れる,なれる,나레루,익숙해지다,N4,"to get used to, to become skilled"
28082,縄,なわ,나와,새끼줄,N2,"rope, cord"
28088,難,なん,난,어려운(난),N2,"difficulty, defect, accident"
253040,ぼー,ぼー,보우,보(Baud),N1,Spacing out / Zoning out
231972,香り付け,かおりずけ,카오리즈케,향을 내다,N1,Scenting / Flavoring
28101,ナンキョク,ナンキョク,난쿄쿠,남극,N2,Antarctica (South Pole)
37149,無茶苦茶,むちゃくちゃ,무챠쿠챠,엉망진창,N1,messy; nonsensical; excessive
26152,陶冶,とうや,토우야,"육성,도야",N1,"training, cultivation (of character)"
21882,体内,たいない,타이나이,체내,N1,inside the body
10387,蜘蛛,くも,쿠모,거미,N3,Spider
534,顎,あご,아고,턱,N3,Jaw; chin
29585,白色,ハクショク,하쿠쇼쿠,백색,N1,White (color)
67442,目方,めかた,메카타,무게,N1,Weight
67467,恵む,めぐむ,메구무,베풀다,N1,To bless; to give (charity)
43425,冶金,やきん,야킨,야금,N1,metallurgy
67516,目付き,めつき,메츠키,눈매,N1,Look in one's eyes; expression
69468,乱戦,らんせん,란센,난전,N1,Free-for-all; confused fight
38212,役割,やくわり,야쿠와리,역할,N4,part; role; duties
37787,目下,もっか,못카,"당장,목하",N1,currently; at present
38947,結わえる,ゆわえる,유와에루,"묶다, 매다",N1,to tie; to bind
38758,融和,ゆうわ,유우와,융화,N1,reconciliation; harmony
38738,猶予,ゆうよ,유우요,유예,N1,postponement; delay; grace period
39031,洋楽,ようがく,요우가쿠,양악,N1,Western music
37148,無茶,むちゃ,무챠,터무니없는,N1,unreasonable; reckless; absurd
30818,番犬,ばんけん,반켄,집지키는 개,N1,watchdog
29872,発生,はっせい,핫세이,발생,N4,Outbreak / occurrence
27763,鳴き声,なきごえ,나키고에,울음소리,N3,"cry (animal), chirp, roar"
27648,仲間,なかま,나카마,동료,N4,"companion, comrade, group"
28163,ナンベイ,なんべい,난베이,남미,N2,South America
28166,南北,なんぼく,난보쿠,남북,N3,south and north
37482,目安,めやす,메야스,기준,N2,criterion; standard; aim
28183,荷,に,니,짐,N4,"load, baggage, cargo"
28202,匂う,におう,니오우,냄새가 나다,N3,"to smell, to be fragrant"
28211,逃がす,にがす,니가스,"놓아주다,놓치다",N2,"to let loose, to set free, to miss"
28213,苦手,にがて,니가테,못하는,N4,"weak point, dislike, not good at"
28207,似通う,にかよう,니카요우,서로 닮다,N1,to resemble each other
28217,面皰,にきび,니키비,여드름,N1,"pimple, acne"
28233,憎い,にくい,니쿠이,밉다,N3,"hateful, abominable, (slang) excellent"
28501,入院,にゅういん,뉴우인,입원,N4,hospitalization
28513,入学,にゅうがく,뉴우가쿠,입학,N4,"entry to school, matriculation"
28539,入手,にゅうしゅ,뉴우슈,입수,N1,"acquisition, getting, obtaining"
28543,入賞,にゅうしょう,뉴우쇼우,입상,N2,winning a prize/place
28575,入浴,にゅうよく,뉴우요쿠,입욕. 목욕함,N3,bathing
28610,女房,にょうぼう,뇨우보우,마누라,N2,wife
28626,俄か,にわか,니와카,갑작스러운 모양,N1,"sudden, abrupt, unexpected"
28640,人形,にんぎょう,닌교우,인형,N4,"doll, puppet, figure"
28645,認識,にんしき,닌시키,인식,N2,"recognition, awareness, perception"
28648,妊娠,にんしん,닌신,임신,N1,pregnancy
28669,任務,にんむ,닌무,임무,N2,"duty, mission, task"
28670,任命,にんめい,닌메이,임명,N2,"appointment, nomination"
28684,縫う,ぬう,누우,꿰매다,N3,"to sew, to stitch"
28686,抜かす,ぬかす,누카스,"빠뜨리다, 빼놓다",N1,"to omit, to leave out, to skip"
28723,布,ぬの,누노,천,N3,cloth
28728,沼,ぬま,누마,늪,N4,"swamp, bog, pond"
28736,濡らす,ぬらす,누라스,적시다,N3,"to wet, to soak, to moisten"
28531,入国,にゅうこく,뉴우코쿠,입국,N2,entry into a country
28716,盗み出す,ぬすみだす,누스미다스,훔쳐내다,N1,"to steal out, to carry off"
27576,ナカイ,なかい,나카이,료칸 종업원,N1,Nakai (surname)
27805,和む,なごむ,나고무,평온해지다,N3,"to become calm, to soften"
2539,依頼,いらい,이라이,의뢰,N3,Request; commission; trust
87052,預け入れる,アズケイレル,아즈케이레루,맡기다(예입하다),N1,To deposit / To put in custody
42154,マイレージ,マイレージ,마이레-지,마일리지,N1,Mileage
41564,オーガニック,オーガニック,오-가닛쿠,오가닉(유기농),N1,Organic
64526,弾き語り,ひきがたり,히키가타리,연주하면서 노래,N1,Singing while playing an instrument
195492,乳牛,にゅうぎゅう,뉴우규우,"젖소,유우",N1,Dairy cow
54355,申,さる,사루,신(12간지),N4,Monkey (Zodiac); to say (humble)
68322,盲点,もうてん,모우텐,맹점,N1,Blind spot
41272,綿,わた,와타,"솜, 목화",N2,cotton; padding
37941,模様,もよう,모요우,무늬,N4,pattern; design; state of affairs
39094,様子,ようす,요우스,상황,N4,appearance; state of affairs
37517,面会,めんかい,멘카이,면회,N3,meeting; interview; visit
37520,免許,めんきょ,멘쿄,면허(증),N3,license; permit
37527,免除,めんじょ,멘죠,면제,N1,exemption; discharge
155121,安っぽい,やすっぽい,야슷포이,싸구려 같다,N1,Cheap; tacky
33343,武術,ぶじゅつ,부쥬츠,무술,N1,martial arts
4081,獲物,えもの,에모노,사냥감,N3,Game; prey; prize; trophy
31355,被写,ひしゃ,히샤,피사,N1,photography (as in 被写体 hishyatai - subject)
27677,長居,ながい,나가이,오래 머무르다,N2,"long visit, overstaying"
27707,長旅,ながたび,나가타비,긴 여행,N1,long journey
27121,道中,どうちゅう,도우츄우,도중,N1,"during a journey, on the way"
68547,物好き,ものずき,모노즈키,별난 취미,N1,Curiosity; having strange tastes
27206,独学,どくがく,도쿠가쿠,독학,N2,"self-study, self-taught"
27656,ナカムラ,なかむら,나카무라,나카무라,N1,Nakamura (surname)
27736,長持ち,ながもち,나가모치,오래가다,N2,"long-lasting, durable"
27885,懐こい,なつっこい,나츠코이,사람을 잘 따르다,N1,"friendly, amiable"
27755,流れ出る,ながれでる,나가레데루,흘러나오다,N1,"to flow out, to gush out"
28351,滲み出る,にじみでる,니지미데루,배어 나오다,N1,"to ooze, to exude, to soak through"
27345,響動めき,どよめき,도요메키,술렁거림,N1,"stir, commotion, rustling"
27782,無くなる,なくなる,나쿠나루,없어지다,N2,"to be lost, to go missing, to run out"
27877,捺印,なついん,나츠인,날인,N1,"sealing, affixing a seal"
68636,漏る,もる,모루,새다,N1,To leak
28168,難民,なんみん,난민,난민,N1,refugees
27256,どころ,どころ,도코로,~해야 할 곳,N4,"place, point, (after verb) about to"
27088,同乗,どうじょう,도우죠우,동승,N2,"riding together, sharing a vehicle"
27232,独奏,どくそう,도쿠소우,독주,N1,instrumental solo
26908,頓着,とんちゃく,톤챠쿠,개의함,N1,"being concerned about, paying attention to"
26990,同音,どうおん,도우온,동음,N1,"same sound, homophone"
28467,担う,になう,니나우,짊어지다,N2,"to carry on shoulder, to bear (burden)"
28383,日間,にちかん,니치칸,일간 (며칠간),N1,(number of) days
27826,成し遂げる,なしとげる,나시토게루,이룩하다,N1,"to accomplish, to achieve"
27498,内偵,ないてい,나이테이,내정 (비밀 조사),N1,secret investigation
28747,微温湯,ぬるまゆ,누루마유,미지근한 물,N1,lukewarm water
9488,気楽,きらく,키라쿠,홀가분함,N1,Carefree; comfortable; easygoing
67963,喧しい,"(かまびす,やかま,かしま)しい","(카마비스,야카마,카시마)시이",요란스럽다,N3,Noisy; loud; fussy
8354,聞き入る,ききいる,키키이루,귀를 기울이다,N1,To listen attentively; to grant (a request)
31934,日割り,ヒワリ,히와리,일할 계산,N1,Daily rate / Prorated daily
37895,物凄い,ものすごい,모노스고이,엄청나다,N2,terrible; immense; spectacular
29565,泊,パク,파쿠,박(숙박 단위),N1,Nights (counter for stays)
68239,家主,やぬし,야누시,집주인,N2,Landlord; head of house
48357,追っ手,おって,옷테,추격자,N1,pursuer; chasing party
37885,物語る,ものがたる,모노가타루,이야기하다,N3,to tell; to indicate; to narrate
37912,模範,もはん,모한,모범,N2,model; exemplar; pattern
37917,模倣,もほう,모호우,모방,N2,imitation; copying
37923,揉む,もむ,모무,"문지르다,구기다",N2,to massage; to rub; to be buffeted
37925,揉める,もめる,모메루,분쟁이 일어나다. 옥신각신하다,N1,to disagree; to dispute
38013,盛る,もる,모루,"높이 쌓아 올리다, 많이 담다",N3,to serve (food); to fill; to prescribe
38020,諸,もろ(しょ),모로(쇼),모든,N1,various; many (prefix)
38036,文句,もんく,몬쿠,문구. 불평. 불만,N3,complaint; phrase
38055,問答,もんどう,몬도우,문답,N2,questions and answers; dialogue
32947,布団,ふとん,후톤,"이불, 포단",N3,Futon; bedding
32836,防ぐ,ふせぐ,후세구,막다,N4,to prevent; to defend; to guard against
27422,貪欲,どんよく,돈요쿠,탐욕,N1,"greedy, avaricious"
28170,難問,なんもん,난몬,"난제,난문",N1,"perplexing problem, difficult question"
27243,独房,どくぼう,도쿠보우,독방,N1,"(prison) cell, solitary cell"
27227,毒性,どくせい,도쿠세이,독성,N1,toxicity
28459,煮詰まる,につまる,니츠마루,"바짝 졸다, 한계에 부딪히다",N1,"to be boiled down, to reach a final stage"
27408,どん底,どんぞこ,돈조코,밑바닥,N1,"very bottom, rock bottom"
26973,堂,どう,도우,당,N1,"hall, temple, shrine"
26889,とろり,とろり,토로리,걸쭉한 모양,N1,"thick (liquid), syrupy, melting"
27960,生乾き,なまがわき,나마가와키,덜 마름,N1,"damp, half-dry"
27753,流れ出す,ながれだす,나가레다스,흘러나오다,N1,"to flow out, to begin to flow"
27703,長袖,ながそで,나가소데,긴 소매,N1,long sleeves
27005,同期,どうき,도우키,동기,N1,"same period, synchronization"
24949,定期,ていき,테이키,정기,N3,"fixed term, periodic"
18625,成仏,じょうぶつ,죠우부츠,성불,N1,"entering Nirvana, peaceful death"
19020,据え置く,すえおく,스에오쿠,동결하다,N1,"to leave as is, to defer, to set"
17880,時世,じせい,지세이,"시세, 시대",N1,"the times, the age"
17791,直筆,じきひつ,지키히츠,친필,N1,one's own handwriting
18563,定石,じょうせき,죠우세키,정석,N1,standard move/tactic (in Go)
18220,重鎮,じゅうちん,쥬우친,중진,N1,"leader, authority, mainstay"
18617,乗馬,じょうば,죠우바,승마,N1,horse riding
18439,純朴,じゅんぼく,쥰보쿠,순박,N1,"rustic simplicity, honest"
19007,数十,すうじゅう,스우쥬우,수십,N1,"dozens, several tens"
18013,地肌,じはだ,지하다,살갗,N1,"the skin, surface of the earth"
18925,彗星,すいせい,스이세이,혜성,N1,comet
18240,充満,じゅうまん,쥬우만,충만,N1,"being filled with, teeming with"
18455,事由,じゆう,지유우,사유,N1,"reason, cause"
18538,常習,じょうしゅう,죠우슈우,상습,N1,"habit, custom"
18765,人,じん,진,인,N1,"person, human"
17824,事後,じご,지고,사후,N1,"after the fact, ex post facto"
18353,受容,じゅよう,쥬요우,수용,N1,"reception, acceptance"
16853,消耗,しょうもう,쇼우모우,소모,N2,"exhaustion, consumption, wear and tear"
16879,省略,しょうりゃく,쇼우랴쿠,생략,N2,"omission, abbreviation"
16887,奨励,しょうれい,쇼우레이,장려,N2,"encouragement, promotion"
16920,職員,しょくいん,쇼쿠인,직원,N2,"staff, personnel"
16921,食塩,しょくえん,쇼쿠엔,식염,N2,table salt
16946,職場,しょくば,쇼쿠바,직장,N3,workplace
16956,植民,しょくみん,쇼쿠민,식민,N2,"colonization, settlement"
181463,夕御飯,ゆうごはん,유우고한,저녁 식사,N5,Dinner; evening meal
14698,散歩,さんぽ,산포,산보,N5,Walk; stroll
47478,暗夜,あんや,안야,칠흙,N1,dark night
38644,有効,ゆうこう,유우코우,유효,N2,effective; valid
70867,夕立,ゆうだち,유우다치,소나기,N3,Evening shower
68698,湯飲み,ゆのみ,유노미,찻잔. 찻종,N2,Teacup
38655,融資,ゆうし,유우시,융자,N1,loan; financing
38659,優秀,ゆうしゅう,유우슈우,우수,N3,excellent; superior
38677,融通,ゆうずう,유우즈우,융통,N1,flexibility; lending/transferring money
38676,有する,ゆうする,유우스루,소유하다,N1,to own; to be endowed with
38678,優勢,ゆうせい,유우세이,우세,N1,superiority; predominance
27774,泣く,なく,나쿠,울다,N4,"to cry, to weep"
204464,欲深い,よくぶかい,요쿠부카이,욕심이 많다,N1,Greedy
26662,伴う,ともなう,토모나우,동반하다,N3,"to accompany, to go with"
39085,用事,ようじ,요우지,용건,N4,business; errand; thing to do
25457,店内,てんない,텐나이,점내,N3,inside the store
16759,昇段,しょうだん,쇼우단,승단,N1,promotion to a higher grade/dan
3681,映像,えいぞう,에이조우,영상,N4,Video; image; footage
11071,軽量,ケーリョー,케-료-,경량,N1,Lightweight
26313,特注,トクチュー,토쿠츄-,특주(특별 주문),N1,Custom-made / Special order
39066,要旨,ようし,요우시,요지. 주요 내용,N2,gist; summary; essentials
39100,要する,ようする,요우스루,요컨대. 요약하면,N2,to require; to need
38762,愉悦,ゆえつ,유에츠,유쾌하고 기뻐함,N1,joy; pleasure; delight
38313,野性,やせい,야세이,야성,N1,wild nature; wildness
38532,遣り過ごす,やりすごす,야리스고스,"그냥 보내다, 참고 넘기다",N1,to let pass; to let go by
38061,紋様,もんよう,몬요우,문양,N1,pattern; design
38590,ユウ,ゆう,유우,우,N1,Yu (name/kanji meaning)
196331,四つ角,よつかど,요츠카도,사거리,N2,Crossroads / Four corners
34560,褒貶,ほうへん,호우헨,"칭찬과 비난,포폄",N1,praise and censure; criticism
37958,盛り上がり,もりあがり,모리아가리,"부품,고조됨",N1,surge; climax; excitement
37573,盲,もう,모우,맹,N1,blindness; blind person
87833,呼び掛ける,よびかける,요비카케루,호소하다,N3,To call out to; to appeal
37126,息子,むすこ,무스코,아들,N3,son
36920,見る,みる,미루,보다,N6,to see; to watch; to look
35832,松,まつ,마츠,"송, 소나무",N4,pine tree
37005,向かう,むかう,무카우,향하다,N5,to face; to go toward
39102,要請,ようせい,요우세이,요청,N2,request; appeal; demand
36392,微塵,みじん,미진,작은 먼지,N1,atom; particle; (not) a bit
36667,緑,みどり,미도리,초록,N3,green
37090,虫,むし(ちゅう),무시(츄우),벌레,N4,insect; bug; worm
36025,迷う,まよう,마요우,"망설이다,헤메다",N5,to get lost; to hesitate
36662,見惚れる,みとれる,미토레루,넋을 잃고 보다,N3,to be fascinated by; to gaze admiringly
35843,睫,まつげ,마츠게,속눈썹,N4,eyelashes
176741,廃道,はいどう,하이도우,폐도,N1,Abandoned road
36389,短い,みじかい,미지카이,짧은,N5,short
36498,みたい,みたい,미타이,~처럼 보이다,N5,like; appearing to be
68908,容積,ようせき,요우세키,용적,N2,Capacity; volume
36196,まー,ま,마,"뭐, 자아",N1,well; I guess; (maa)
37039,向く,むく,무쿠,향하다,N3,to face; to be suited for
36121,回る,まわる,마와루,돌다,N4,to go around; to revolve; to visit
36986,六,むつ,무츠,여섯,N4,six
68960,養分,ようぶん,요우분,영양분,N2,Nutrient
69164,余所見,よそみ,요소미,곁눈질,N1,Looking away
39110,要素,ようそ,요우소,요소,N2,element; factor
39111,様相,ようそう,요우소우,"양상, 모습",N1,aspect; phase; appearance
37013,昔話,むかしばなし,무카시바나시,옛날이야기,N4,folktale; legend
35801,真っ青,まっさお,맛사오,새파란,N3,deep blue; ghastly pale
39129,要点,ようてん,요우텐,요점,N4,main point; gist
39131,用途,ようと,요우토,용도,N3,use; utility; application
39138,用品,ようひん,요우힌,용품,N1,articles; supplies; goods
39179,欲,よく,요쿠,욕심,N4,greed; desire; avarice
29157,伸ばす,のばす,노바스,펴다,N4,To lengthen / to stretch
35803,真っ先,まっさきに,맛사키니,맨 먼저,N2,the very beginning; foremost
28538,入社,にゅうしゃ,뉴우샤,입사,N3,joining a company
18213,渋滞,じゅうたい,쥬우타이,정체,N4,"congestion, traffic jam"
17184,城,しろ,시로,성,N4,castle
10461,暗闇,くらやみ,쿠라야미,어둠,N3,Darkness; the dark
3095,動き,うごき,우고키,움직임,N4,Movement; motion; trend
93412,日中,にっちゅう,닛츄우,낮동안,N3,During the day; Japan-China
35886,祭る,まつる,마츠루,제사를 지내다. 혼령을 모시다,N2,to deify; to enshrine; to worship
35915,窓口,まどぐち,마도구치,창구,N4,counter; window (reception)
35899,纏まり,まとまり,마토마리,통합,N1,unity; coherence; settlement
35906,纏める,まとめる,마토메루,"모으다, 정리하다",N5,to collect; to summarize; to settle
39508,寄り掛かる,よりかかる,요리카카루,기대다,N1,to lean against; to rely on
35958,招く,まねく,마네쿠,불러오다,N4,to invite; to beckon; to cause
57037,執事,しつじ,시츠지,집사,N1,Butler; deacon; steward
36001,豆,まめ,마메,"콩, 대두",N3,bean; pea; miniature
39536,宜しく,よろしく,요로시쿠,잘,N5,well; best regards
36094,丸々,まるまる,마루마루,"완전히, 토실토실",N1,completely; plump; entirely
36098,丸める,まるめる,마루메루,둥글게 하다. 뭉치다,N1,to make round; to lump together
36107,稀,まれ,마레,"드뭄,희",N2,rare; scarce
36114,回す,まわす,마와스,돌리다,N4,to turn; to rotate; to forward
36125,万一,まんいち,만이치,만일. 만약,N2,by any chance; emergency
36154,満場,まんじょう,만죠우,만장,N1,the whole assembly/hall
36174,真ん中,まんなか,만나카,한가운데,N4,center; middle
36236,見合い,みあい,미아이,맞선,N2,arranged marriage interview
36241,見合わせる,みあわせる,미아와세루,보류하다,N1,to look at each other; to postpone; to cancel
36274,見下ろす,みおろす,미오로스,내려다보다,N3,to look down; to overlook
36289,味方,みかた,미카타,아군,N3,ally; friend; supporter
36348,見苦しい,みぐるしい,미구루시이,보기 흉하다,N1,unsightly; disgraceful; ugly
39546,弱まる,よわまる,요와마루,약해지다,N2,to weaken; to abate
39549,弱める,よわめる,요와메루,약하게 하다,N2,to weaken; to turn down
36360,見事,みごと,미고토,"멋짐, 완전함",N4,splendid; magnificent; total
36356,見込み,みこみ,미코미,가망. 예상. 전망,N3,hope; prospect; expectation
36370,岬,みさき,미사키,갑. 곶,N2,cape; promontory
36390,惨め,みじめ,미지메,비참. 참혹,N2,miserable; wretched
36391,未熟,みじゅく,미쥬쿠,미숙,N1,unripe; inexperienced; immature
36438,水着,みずぎ,미즈기,수영복,N3,swimsuit
36441,水気,みずけ,미즈케,물기,N1,moisture; juice; vapor
39550,弱る,よわる,요와루,약해지다. 곤란해지다. 난처해지다,N1,to weaken; to be troubled
36475,ミセス-Mrs,ミセス,미세스,미세스. 기혼 여성,N1,Mrs.
36506,見出し,みだし,미다시,표제,N3,headline; index; heading
36508,乱す,みだす,미다스,어지럽히다,N1,to disturb; to disarrange; to mess up
36512,未知,みち,미치,미지,N1,unknown
36550,身近,みじか,미지카,가까운,N1,near oneself; familiar; close
36524,道順,みちじゅん,미치쥰,도정. 순서,N2,itinerary; route; way
39575,来,らい,라이,"내, 래",N3,coming; next (prefix)
37734,齎す,もたらす,모타라스,가져오다,N3,to bring; to lead to; to cause
32936,ふと,ふと,후토,무심코,N3,suddenly; accidentally
12903,子猫,こねこ,코네코,아기 고양이,N3,Kitten
69862,領地,りょうち,료우치,영지,N1,Territory; fief
26122,豆腐,とうふ,토우후,두부,N3,tofu (bean curd)
26215,都会,とかい,토카이,도시,N4,"city, town, urban area"
18933,水槽,すいそう,스이소우,수조,N3,"water tank, aquarium"
16382,出発,しゅっぱつ,슛파츠,출발,N5,departure
12255,公的,こうてき,코우테키,공적,N1,Public; official
3923,エド,えど,에도,에도,N4,Edo (old name for Tokyo)
14145,指し示す,サシシメス,사시시메스,가리키다(지적하다),N1,To point out / To indicate
38148,役,やく,야쿠,역할,N4,role; duty; office
38528,槍,やり,야리,창,N1,spear; lance
12674,固執,コシツ,코시츠,고집,N1,Adherence / Persistence / Sticking to
36597,見付かる,みつかる,미츠카루,발견되다,N5,to be found; to be discovered
36559,密集,みっしゅう,밋슈우,밀집,N1,crowded together; swarm
36566,密接,みっせつ,밋세츠,밀접,N1,close; intimate
34658,保護,ほご,호고,보호,N4,protection; safeguard; preservation
36615,密度,みつど,미츠도,밀도,N2,density
36580,みっともない,みっともない,밋토모나이,꼴사납다,N2,shameful; indecent; unsightly
36587,密,みつ,미츠,밀,N4,"density; secrecy; (as in ""3-mitsu"" distance)"
36633,見積もり,みつもり,미츠모리,견적,N3,estimate; valuation
36647,未定,みてい,미테이,미정,N1,undecided; pending
57973,死霊,しりょう,시료우,사령,N1,Spirit of the dead; ghost
36682,見直す,みなおす,미나오스,재검토하다,N5,to look again; to re-evaluate
46101,講,こう,코우,강 (신앙/친목 단체),N1,lecture; religious association
46677,明け渡す,あきわたす,아키와타스,내주다,N1,to vacate; to surrender (a house)
36691,港,みなと,미나토,항구,N5,port; harbor
36732,見習う,みならう,미나라우,본받다,N1,to follow an example; to apprentice
40264,領事,りょうじ,료우지,영사,N2,consul
36733,身形,みなり,미나리,옷차림. 복장,N2,personal appearance; dress
36759,身の上,みのうえ,미노우에,신상,N1,one's personal history; fortune; station
40248,良質,りょうしつ,료우시츠,양질,N2,good quality
40247,良識,りょうしき,료우시키,양식,N2,good sense
36769,身の回り,みのまわり,미노마와리,자신의 주변,N1,personal belongings; daily life
40256,了承,りょうしょう,료우쇼우,양해,N1,acknowledgment; approval
36795,見本,みほん,미혼,견본,N2,sample; specimen
40260,良心,りょうしん,료우신,양심,N2,conscience
36799,見舞う,みまう,미마우,"문병하다,덮치다",N3,to visit (sick person); to strike (calamity)
40305,両方,りょうほう,료우호우,양쪽,N4,both; both sides
36806,未満,みまん,미만,미만,N2,less than; under
40321,両立,りょうりつ,료우리츠,양립,N3,compatibility; coexistence
36893,名字,みょうじ,묘우지,성씨,N2,surname; family name
35448,参り,まいり,마이리,참배,N3,shrine visit; going (humble)
36889,妙,みょうな,묘우나,묘한. 이상한,N2,strange; wonderful; exquisite
36928,未練,みれん,미렌,미련,N1,lingering affection; regret
40326,旅館,りょかん,료칸,여관,N4,Ryokan (Japanese inn)
36946,民間,みんかん,민칸,민간,N3,private; civilian; popular
36954,民宿,みんしゅく,민슈쿠,민박,N1,family-run inn; guesthouse
32437,夫婦,ふうふ,후우후,부부,N4,married couple
32512,不可,ふか,후카,불가,N2,"impossible; improper; ""fail"" grade"
30472,凡例,はんれい,한레이,범례,N1,explanatory notes; legend
28979,年末,ねんまつ,넨마츠,연말,N3,Year-end
30141,早く,はやく,하야쿠,일찍,N4,Quickly / early
26205,通り掛かる,とおりかかる,토오리카카루,지나가다,N1,to happen to pass by
40945,碌な,ろくな,로쿠나,변변한,N1,satisfactory; decent (usually negative)
36057,丸切り,まりっきり,마릿키리,전혀,N1,completely; entirely (usually with negative)
24198,直行,チョッコー,춋코-,직행,N1,Direct flight/Going straight to
64691,びしょびしょ,びしょびしょ,비쇼비쇼,주룩주룩,N1,Soaked; dripping wet
17065,所有,しょゆう,쇼유우,소유,N2,"possession, ownership"
26163,到来,とうらい,토우라이,도래,N1,"arrival, advent"
16246,主義,しゅぎ,슈기,주의,N4,"principle, -ism, doctrine"
9278,兄弟,きょうだい,쿄우다이,형제,N3,Siblings; brothers
8141,我慢,がまん,가만,참다,N3,Patience; endurance; self-control
6253,家具,かぐ,카구,가구,N4,Furniture
36962,民族,みんぞく,민조쿠,민족,N2,ethnic group; race; nation
18227,重度,ジュード,쥬-도,중도(정도가 심함),N1,Severe / Heavy degree
40958,露骨,ろこつ,로코츠,노골,N1,open; blatant; frank
41039,論議,ろんぎ,론기,논의,N1,discussion; argument
41050,論ずる,ろんずる,론즈루,논하다,N1,to argue; to discuss; to treat
41053,論争,ろんそう,론소우,논쟁,N2,dispute; controversy
36972,民謡,みんよう,민요우,민요,N2,folk song
37044,無口,むくち,무쿠치,과묵함,N1,reticent; quiet
41068,論文,ろんぶん,론분,논문,N3,thesis; essay; paper
37053,無限,むげん,무겐,무한,N2,infinite; endless
37054,婿,むこ,무코,사위,N4,son-in-law; bridegroom
41071,論理,ろんり,론리,논리,N2,logic
87477,わん,わん,왕,왕,N2,Woof (dog bark); bowl (suffix)
41107,輪,わ(りん),와(린),"바퀴,테두리(륜)",N3,ring; hoop; circle
37056,向こう,むこう,무코우,건너편. 저편,N4,over there; opposite side; the other party
37058,無効,むこう,무코우,무효,N1,invalid; void
177556,掴ます,つかます,츠카마스,붙잡다,N1,To let someone hold; to bribe
37067,無言,むごん,무곤,무언,N2,silence
41136,和英,わえい,와에이,일영,N2,Japanese-English
37087,無視,むし,무시,무시,N3,disregard; ignore
37116,無地,むじ,무지,무지,N3,plain; solid color
41190,我が儘,わがままな,와가마마나,버릇없음,N2,selfishness
41208,枠,わく,와쿠,테두리,N2,frame; framework; border
41184,別れる,わかれる,와카레루,헤어지다,N4,to part; to break up
35384,マイ-my,マイ,마이,마이,N5,my; personal
70489,悪者,わるもの,와루모노,나쁜 놈,N1,Bad person; villain
54431,しとしと,しとしと,시토시토,부슬부슬,N1,Gently (raining); drizzling
41209,沸く,わく,와쿠,끓다,N4,to boil; to get excited; to ferment
41213,惑星,わくせい,와쿠세이,혹성. 행성,N2,planet
41242,技,わざ,와자,기술,N4,technique; art; skill
41245,態々,わざわざ,와자와자,일부러. 모처럼,N4,purposely; taking the trouble to
41294,話題,わだい,와다이,화제,N4,topic; subject
41314,詫びる,わびる,와비루,사과하다,N2,to apologize
41316,和服,わふく,와후쿠,일본옷,N2,Japanese clothes (Kimono)
31809,平仮名,ひらがな,히라가나,히라가나,N1,Hiragana
4918,押し入る,おしいる,오시이루,침입하다,N1,To break into; to intrude
26720,捕らえる,とらえる,토라에루,"잡다, 포착하다",N4,"to catch, to capture, to seize"
203299,七夕飾り,たなばたかざり,타나바타카자리,칠석장식,N1,Tanabata decorations
7798,還付,カンプ,칸푸,환급(환부),N1,"Refund / Return (e.g., tax)"
12292,校内,こうない,코우나이,교내,N1,Within the school
17702,爺,じい,지이,할아범,N3,"old man, grandfather"
19197,涼しい,すづしい,스드시이,시원하다,N4,"cool, refreshing"
8320,聞かす,きかす,키카스,듣다,N1,To tell; to let hear; to persuade
37578,儲かる,もうかる,모우카루,이익이 남다,N2,to be profitable; to yield profit
7796,漢文,かんぶん,칸분,한문,N1,Chinese classics; classical Chinese
31136,控え,ひかえ,히카에,"메모,예비해 둠",N2,reserve; duplicate; waiting; memo
2166,一貫,いっかん,잇칸,일관,N1,Consistency; coherence
194108,秋祭り,あきまつり,아키마츠리,가을축제,N2,Autumn festival
26262,得,とく,토쿠,"득,이득",N2,"profit, gain, benefit"
20457,宣告,せんこく,센코쿠,선고,N1,"sentence, verdict, pronouncement"
17461,進駐,しんちゅう,신츄우,"진군하여 머뭄,진주",N1,"occupation (by troops), stationing"
37118,無邪気,むじゃき,무쟈키,천진난만,N1,innocent; childlike; simple
29393,配車,ハイシャ,하이샤,배차,N1,Vehicle dispatch / Taxi booking
60450,豆乳,トーニュー,토-뉴-,두유,N1,Soy milk
38920,揺られる,ゆられる,유라레루,흔들리다,N1,to be shaken; to be rocked
40574,冷害,れいがい,레이가이,냉해,N1,damage from cold weather
58143,精麦,せいばく,세이바쿠,"정제 보리,정맥",N1,Polished barley
14602,三水,さんずい,산즈이,삼수,N1,Sanzui radical (water radical in kanji)
90296,笑い合う,わらいあう,와라이아우,함께 웃다,N1,To laugh together
29382,廃校,はいこう,하이코우,폐교,N1,Closing a school
65911,奮い立つ,ふるいたつ,후루이타츠,분발하다,N1,To be stirred up; to be inspired
10426,暮らし,くらし,쿠라시,생활,N4,Living; livelihood
41463,黴,かび,카비,곰팡이,N4,mold; mildew
40157,流出,りゅうしゅつ,류우슈츠,유출,N1,outflow; leak; discharge
38694,雄大,ゆうだい,유우다이,"웅장, 웅대",N2,grand; magnificent
29132,後,のち,노치,후,N4,After / later
14192,誘う,さそう,사소우,꾀다,N4,To invite; to tempt; to lure
37119,矛盾,むじゅん,무쥰,모순,N2,contradiction
13465,護身,ごしん,고신,호신,N1,Self-defense
18996,数,すう,스우,수,N4,"number, amount"
37125,無数,むすう,무스우,무수,N2,innumerable; countless
39936,陸上,りくじょう,리쿠죠우,육상,N1,on land; track and field
28813,寝転ぶ,ねころぶ,네코로부,드러눕다,N1,To lie down
23271,達磨,だるま,다루마,"달마,오뚝이",N3,Daruma (Bodhidharma doll)
18710,序盤,じょばん,죠반,초반,N1,opening stage (of a game)
14262,殺害,さつがい,사츠가이,살해,N1,Murder; killing
40249,両社,りょうしゃ,료우샤,양사,N1,both companies
37128,結び,むすび,무스비,매듭. 끝맺음. 결말,N1,ending; knot; conclusion
40250,両者,りょうしゃ,료우샤,양자,N2,both persons; the two
37129,結び付き,むすびつき,무스비츠키,연결고리,N1,connection; link; tie
39545,弱火,よわび,요와비,약불,N2,low heat (cooking)
34911,本性,ほんしょう,혼쇼우,본성,N1,true nature; character
37133,娘,むすめ,무스메,딸. 아가씨,N4,daughter; girl
32425,風船,ふうせん,후우센,풍선,N3,balloon
33401,打つ,ぶつ,부츠,치다,N2,to hit; to strike (often written as 撃つ/討つ)
28404,二鳥,にちょう,니쵸우,두 마리 새,N1,two birds
16167,周知,しゅうじ,슈우지,주지,N1,"well-known, public knowledge"
34746,ほっと,ほっと,홋토,휴우,N4,relieved; (with -suru) to feel at ease
10575,黒い,くろい,쿠로이,검은,N3,Black; dark; suspicious
26709,虎,とら,토라,호랑이,N4,tiger
8102,合算,がっさん,갓산,합산,N1,Adding up; total
32578,吹き抜ける,ふきぬける,후키누케루,바람이 지나가다,N2,to blow through
2130,一躍,いちやく,이치야쿠,일약,N2,At a bound; suddenly (becoming famous)
33615,分断,ぶんだん,분단,분단,N1,division; cutting apart; fragmentation
176960,ＢＡ,ビーエー,비-에-,비에이(Brand Ambassador 등),N1,Beauty Advisor / Business Analyst
31848,昼,ひる(ちゅう),히루(츄우),낮(주),N4,noon; daytime; lunch
26524,トナカイ,となかい,토나카이,순록,N1,reindeer
31650,誹謗,ひぼう,히보우,비방,N2,slander; libel
6178,核心,かくしん,카쿠신,핵심,N2,Core; heart; kernel
19658,ずり落ちる,ずりおちる,즈리오치루,흘러내리다,N1,"to slip down, to slide off"
11674,厳守,げんしゅ,겐슈,엄수,N2,Strict observance; adherence
138114,今晩は,こんばんわ,콘방와,안녕하세요(저녁),N3,Good evening
28700,脱ぐ,ぬぐ,누구,벗다,N3,"to take off (clothes, shoes)"
69654,習癖,しゅうへき,슈우헤키,버릇,N1,Habit; peculiarity
28652,人情,にんじょう,닌죠우,인정,N2,"humanity, empathy, kindness"
52835,興国,こうこく,코우코쿠,흥국,N1,rise of a nation
26501,突入,とつりゅう,토츠류우,돌입,N2,"rushing into, breaking into"
26226,尖る,とがる,토가루,예민해지다,N1,"to be sharp, to be pointed"
7019,株主,かぶぬし,카부누시,주주,N1,Shareholder; stockholder
40371,輪郭,りんかく,린카쿠,윤곽,N1,outline; contour
38141,夜勤,やきん,야킨,야근,N3,night shift
38531,遣り繰り,やりくり,야리쿠리,변통,N1,making do; managing (finances)
37138,無線,むせん,무센,무선,N3,wireless; radio
37173,無念,むねん,무넨,원통,N1,regret; chagrin
37174,無能,むのう,무노우,무능,N1,incompetent; unable
37190,無用,むよう,무요우,무용,N2,useless; unnecessary; forbidden
25628,出口,でぐち,데구치,출구,N4,exit
2046,医大,いだい,이다이,의대,N1,Medical university
26565,飛び乗る,とびのる,토비노루,뛰어 올라타다,N1,to jump on (a moving vehicle)
37198,群がる,むらがる,무라가루,군집하다,N1,to swarm; to gather; to throng
37201,紫,むらさき,무라사키,보라색,N2,purple
26769,取り換え,とりかえ,토리카에,교체,N1,"replacement, exchange"
258869,空き枠,アキワク,아키와쿠,빈 자리(빈 슬롯),N1,Vacant slot / Open slot
25370,転勤,てんきん,텐킨,전근,N2,job transfer (different location)
12505,石,ごく,고쿠,고쿠,N1,Stone
24485,月,"がつ,つき","가츠,츠키","월,달",N4,"moon, month"
37233,無論,むろん,무론,물론,N1,of course; naturally
37372,めく,めく,메쿠,~다워지다,N2,to seem; to look like (suffix)
37263,明確,めいかく,메이카쿠,명확,N3,clear; precise; definite
25610,でかい,でかい,데카이,크다,N1,"huge, big, gargantuan"
24365,啄む,ついばん,츠이반,"쪼다,쪼아 먹다",N2,"to peck at, to pick up"
6294,駆け巡る,かけめぐる,카케메구루,뛰어다니다,N1,To rush about; to spread (rumors)
3383,海亀,うみがめ,우미가메,바다거북,N1,Sea turtle
192364,刷り直し,すりなおし,스리나오시,다시 인쇄함,N1,Reprinting
58016,白熊,しろくま,시로쿠마,백곰,N1,Polar bear
37275,名作,めいさく,메이사쿠,명작,N3,masterpiece
17394,シンジュク,しんじゅく,신쥬쿠,신쥬쿠,N1,Shinjuku
215621,修道,しゅうどう,슈우도우,수도,N1,Monasticism / Ascetic practices
7447,変わる,かわる,카와루,변하다,N5,To change; to vary; to be different
8104,合宿,がっしゅく,갓슈쿠,합숙,N2,Lodging together; training camp
31164,東,ひがし,히가시,동쪽,N3,east
28363,二千,にせん,니센,이천,N1,two thousand
92635,締め直す,しめなおす,시메나오스,"다시 매다, 고쳐 매다",N1,To retighten
25617,出来上がり,できあがり,데키아가리,완성,N2,"completion, finish"
11140,決して,けっして,켓시테,결코,N4,Never; by no means
92747,買い足す,かいたす,카이타스,사서 채우다,N2,To buy more (of what you already have)
87656,ことこと,ことこと,코토코토,보글보글,N1,Gently simmering; tapping sound
177222,波飛沫,なみしぶき,나미시부키,물보라,N1,Sea spray
5775,会する,かいする,카이스루,모이다,N1,To meet; to assemble
4648,大泣き,だいにき,다이니키,엉엉 울다,N1,Crying loudly; bawling
4150,園,えん,엔,원,N3,Garden; park; plantation
2096,一堂,いちどう,이치도우,"한 집, 한 자리",N1,(Under) one roof; the same hall
87617,住み心地,すみごこじ,스미고코지,거주했을 때의 기분,N1,Comfort of a residence
116239,ソービニヨン,ソービニヨン,소-비니욘,소비뇽(와인 품종),N1,Sauvignon (wine)
15838,霜降り,シモフリ,시모후리,마블링(서리가 내린 모양),N1,Marbling (meat) / Frosted
13451,越し,ごし,고시,넘어,N2,Crossing; passing; across (suffix)
27964,生塵,なまごみ,나마고미,음식물 쓰레기,N1,"kitchen waste, raw garbage"
20425,専業,せんぎょう,셍교우,전업,N1,"specialty, principal occupation"
21103,早退,そうたい,소우타이,조퇴,N2,leaving early (school/work)
25618,出来上がる,できあがる,데키아가루,완성되다,N3,"to be finished, to be ready"
38622,夕方,ゆうがた,유우가타,저녁,N4,evening
67705,毟る,むしる,무시루,뽑다,N1,To pluck; to tear off
9169,教科,きょうか,쿄우카,교과,N3,Subject; curriculum
24779,積もる,つもる,츠모루,쌓이다,N3,"to pile up, to accumulate, to estimate"
62363,直帰,ちょっき,춋키,"바로 귀가,직귀",N1,Returning directly home
28156,何百,なんびゃく,난뱌쿠,몇백,N2,hundreds
41347,割合,わりあい,와리아이,비율,N2,rate; ratio; percentage
19806,正座,せいざ,세이자,정좌,N1,seiza (formal sitting)
11949,高額,こうがく,코우가쿠,고액,N1,Large sum (of money)
12881,鼓動,こどう,코도우,고동,N1,Beat; palpitation; throb
47204,戌亥,いぬい,이누이,술해 (서북쪽),N1,northwest (old zodiac)
9891,行間,ぎょうかん,교우칸,행간,N1,Between the lines
41024,路面,ろめん,로멘,노면,N1,road surface
38515,やや,やや,야야,다소,N2,a little; somewhat
37728,模造,もぞう,모조우,모조,N1,imitation; fake
38317,痩せる,やせる,야세루,야위다,N1,to lose weight; to become thin
37277,名産,めいさん,메이산,명산,N1,local specialty
37279,名刺,めいし,메이시,명함,N3,business card
37281,名詞,めいし,메이시,명사,N2,noun
37284,名所,めいしょ,메이쇼,명소,N2,famous place
9271,共存,きょうぞん,쿄우존,공존,N2,Coexistence
19651,済み,ずみ,즈미,끝남,N1,"finished, settled, completed"
23942,町,まち(ちょう),마치(쵸우),마을,N3,"town, block, neighborhood"
33545,文,ぶん,분,문,N3,sentence; text; letter; literature
8445,帰国,きこく,키코쿠,귀국,N1,Return to one's country
30346,判決,はんけつ,한케츠,판결,N3,judicial decision; verdict
6464,火事,かじ,카지,화재,N3,Fire (unintended)
93735,保湿,ほしつ,호시츠,보습,N2,Moisturizing
31860,昼休み,ひるやすみ,히루야스미,점심시간,N3,lunch break
30950,パスワード,パスワード,파스와우도,패스워드,N3,password
27831,馴染む,なじむ,나지무,"정들다, 익숙해지다",N1,"to become familiar with, to fit in"
87545,じんわり,じんわり,진와리,서서히,N1,Gradually; steadily (feeling/moisture)
5962,替え,かえ,카에,교환,N1,Spare; replacement
5275,主な,おもな,오모나,주요한,N3,Main; chief; principal
66351,程々,ほどほど,호도호도,적당,N1,Moderately; within bounds
41360,割と,わりと,와리토,비교적,N1,relatively; unexpectedly
38345,漸と,やっと,얏토,겨우,N3,finally; at last (yatto)
39366,夜空,よぞら,요조라,밤하늘,N4,night sky
8681,急度,かっと,킷토,분명,N3,Surely; certainly (usually kana)
65186,筆遣い,ふでづかい,후데드카이,붓 터치,N1,Brushwork; handling of a pen
13244,今日,きょう(こんにち),쿄우(콘니치),오늘,N1,Today
214510,製,セー,세-,~제(만듦),N1,Made in... / Manufactured by...
26239,時々,ときどき,토키도키,가끔,N3,"sometimes, at times"
56990,擦り合わせる,すりあわせる,스리아와세루,조율하다,N1,To rub together; to coordinate
3070,受け入れる,うけいれる,우케이레루,받아들이다다,N3,To accept; to receive; to agree
22526,タナカ,たなか,타나카,다나까,N3,Tanaka (surname)
11150,決する,けっする,켓스루,정해지다,N2,To decide; to determine; to settle
5235,思い切り,おもいっきり,오모잇키리,"단념,결심,마음껏",N3,With all one's might; to one's heart's content
25634,凸凹,でこぼこ,데코보코,울퉁불퉁,N2,"unevenness, bumpy, rough"
2634,色んな,いろんな,이론나,여러가지,N1,Various (informal of Iro-iro na)
25643,弟子,でし,데시,제자,N2,"pupil, disciple, apprentice"
23013,大丈夫,だいじょうぶ,다이죠우부,괜찮아,N3,"all right, OK, safe"
35425,毎年,まいとし,마이토시,매해,N4,every year
36321,右,みぎ,미기,오른쪽,N3,right (direction)
431,明らか,あきらか,아키라카,명확함,N3,Clear; obvious; evident
15359,沈む,しずむ,시즈무,가라앉다,N4,To sink; to feel depressed
15871,社外,しゃがい,샤가이,사외,N1,Outside the company
263,青,あお,아오,파랑,N3,Blue; green; unripe
44306,ぼちぼち,ぼちぼち,보치보치,슬슬,N1,gradually; bit by bit; soon
37287,名称,めいしょう,메이쇼우,명칭,N1,name; title; designation
8705,気付く,きずく,키즈쿠,깨닫다,N4,To notice; to realize; to become aware
751,当たり,あたり,아타리,입질,N1,Hit; success; touch; per (suffix)
9497,切り上げる,きりあげる,키리아게루,마무리하다,N2,To round up; to end; to revalue
6130,格上げ,カクアゲ,카쿠아게,격상,N1,Upgrade / Raising status
237784,無香,ムコー,무코-,무향,N1,Unscented / Fragrance-free
39520,寄る,よる,요루,다가가다,N3,to stop by; to approach
34699,細い,ほそい,호소이,가늘다,N3,thin; slender; fine
40142,留学,りゅうがく,류우가쿠,유학,N5,studying abroad
38537,遣り直し,やりなおし,야리나오시,다시고쳐하기,N1,redoing; new start
38325,矢鱈,やたら,야타라,유난히,N2,random; reckless; excessive
7398,川沿い,かわぞい,카와조이,강가,N4,Along the river
25657,出鱈目,でたらめ,데타라메,엉터리,N2,"nonsense, random, irresponsible"
7919,外国,がいこく,가이코쿠,외국,N3,Foreign country
6336,籠,かご,카고,"새장, 바구니",N2,Basket; cage
5662,貝殻,かいがら,카이가라,조개껍데기,N3,Seashell
6002,抱える,かかえる,카카에루,껴안다,N4,To hold; to carry; to have (problems)
31950,貧弱,ひんじゃく,힌쟈쿠,빈약,N2,poor; weak; meager
25894,投影,トーエー,토-에-,투영,N1,Projection
24416,通ずる,つうずる,츠우즈루,통하다,N3,"to lead to, to communicate, to be understood"
13484,午前,ごぜん,고젠,오전,N3,Morning; A.M.
20385,線,せん,센,선,N4,"line, wire"
5247,思い出,おもいで,오모이데,추억,N4,Memory; recollection
89435,思い掛ける,おもいかける,오모이카케루,뜻밖의,N2,To happen to; to expect
1737,幾ら,いくら,이쿠라,얼마,N3,How much; how many
1738,幾ら,いくら,이쿠라,얼마,N1,"(Repeated) However much (with ""temo"")"
17937,実際,じっさい,짓사이,실제,N2,"practical, actual, reality"
34306,ぺこぺこ,ぺこぺこ,페코페코,우그렁우그렁 우그러진 모양. 몹시 배고픈 모양,N1,very hungry; fawning; cringing
29723,始まり,はじまり,하지마리,시작,N3,Beginning / origin
27816,為さる,なさる,나사루,하시다,N5,to do (honorific)
64443,煮込み,ニコミ,니코미,푹 끓임(조림 요리),N1,Stew / Slow-cooked dish
28039,なり-断定,なり,나리,"꼴, -라",N4,"copula (literary/formal ""to be"")"
25671,出直す,でなおす,데나오스,되돌아갔다가 다시하다,N1,"to come again, to start over"
67115,細道,ほそみち,호소미치,좁은 길,N2,Narrow path
10925,経験,けいけん,케이켄,경험,N5,Experience
87351,得する,とくする,토쿠스루,"득을 보다, 이득이다",N1,To gain; to benefit
21279,そこそこ,そこそこ,소코소코,꽤,N1,"reasonably, passably, hurriedly"
61094,先天,せんてん,센텐,선천,N1,Innate; congenital
8971,急激,きゅうげき,큐우게키,급격,N2,Sudden; radical; abrupt
15478,確り,しっかり,싯카리,확실히,N5,Firmly; steadily; tightly (usually kana)
36659,認める,みとめる,미토메루,인정하다,N4,to recognize; to approve; to notice
39475,読み継ぐ,よみつぐ,요미츠구,다시읽다,N1,to continue reading (generations)
35039,望遠,ぼうえん,보우엔,망원,N2,long-distance view; telephoto
14036,作文,さくぶん,사쿠분,작문,N3,Composition; writing
96926,良,りょう,료우,양,N4,Good; fine
61755,縮れる,ちじれる,치지레루,주름이 져서 오그라지다. 주름이 지다,N2,To be wavy; to be curled; to shrink
41243,態と,わざと,와자토,일부러,N2,on purpose; intentionally
11688,現実,げんじつ,겐지츠,현실,N4,Reality; actuality
15489,湿気,しっけ,싯케,습기,N4,Moisture; humidity; dampness
92749,買い集める,かいあつめる,카이아츠메루,사서 모으다,N1,To collect by buying
38839,譲り受ける,ゆずりうける,유즈리우케루,물려받다,N1,to inherit; to receive (a transfer)
36159,満席,まんせき,만세키,만석,N3,all seats occupied
16751,招待,しょうたい,쇼우타이,초대. 초청,N4,invitation
14387,五月雨,さみだれ,사미다레,"5월 장마",N1,Early summer rain
15175,時雨,しぐれ,시구레,"늦가을 비, 소나기",N1,Drizzle; autumn/winter shower
12067,公私,こうし,코우시,공사(공과 사),N1,Public and private
10039,空調,くうちょう,쿠우쵸우,공조,N1,Air conditioning
10089,臭い,くさい,쿠사이,구린 냄새가 나다,N2,Smelly; stinking; fishy
7506,考え,かんがえ,캉가에,생각,N3,Thought; idea; view
29073,能力,のうりょく,노우료쿠,노력,N3,Ability / faculty
7006,株,かぶ,카부,"그루, 주식",N3,Stock; share; stump; counter for plants
20994,葬儀,そうぎ,소우기,장례식,N3,funeral service
25255,手本,てほん,테혼,본보기. 모범,N1,"model, example, pattern"
30067,蔓延る,はびこる,하비코루,만연하다,N1,To spread / to grow rank
22674,溜まる,たまる,타마루,"모이다, 고이다",N3,"to collect, to gather, to accumulate"
23956,懲悪,ちょうあく,쵸우아쿠,징악,N1,punishing evil
25256,手間,てま,테마,품,N2,"time, labor, effort"
19194,スズキ,すずき,스즈키,스즈키,N3,Suzuki (surname / sea bass)
25706,出迎える,でむかえる,데무카에루,마중 나가다,N3,"to meet, to greet"
25264,手元,てもと,테모토,손이 미치는 범위,N4,"at hand, on hand, nearby"
25277,照らす,てらす,테라스,빛을 비추다,N4,"to shine on, to illuminate"
136605,香草,コーソー,코-소-,향초(허브),N1,Herbs
20372,忙しない,せわしない,세와시나이,"분주하다, 가만있지 못하다",N1,"restless, fidgety, busy"
19081,スキヤ,すきや,스키야,스키야,N1,Sukiya (restaurant chain / architectural style)
17859,自身,じしん,지신,자신,N3,"by oneself, personally"
7663,関する,かんする,칸스루,관계하다. …에 관하다,N3,To concern; to relate to
17221,師走,しわす,시와스,시와스 (음력 12월),N1,December
14683,散文,さんぶん,산분,산문,N2,Prose
11566,月間,ゲッカン,겟칸,월간,N1,Monthly / During the month
15763,シミズ,シミ즈,시미즈,시미즈 (지명),N1,Stain (often used for undergarments/undershirts)
12346,幸福,こうふく,코우후쿠,행복,N3,Happiness; well-being
11923,後悔,こうかい,코우카이,후회,N3,Regret; repentance
6235,革命,かくめい,카쿠메이,혁명,N3,Revolution
10258,覆す,くつがえす,쿠츠가에스,뒤집다,N3,To overturn; to upset; to overthrow
6118,限る,かぎる,카기루,제한하다,N3,To restrict; to limit; to be best
6269,家計,かけい,카케이,가계,N3,Family finances; household economy
3141,薄型,ウスガタ,우스가타,박형(얇은 모양),N1,Slim / Thin type
10373,組み立てる,くみたてる,쿠미타테루,조립하다,N3,To assemble; to put together
5123,鬼,おに,오니,도깨비,N3,"Ogre; demon; ""it"" (in tag)"
9235,恐縮,きょうしゅく,쿄우슈쿠,죄송,N3,Feeling obliged; being sorry; feeling small
9909,行政,ぎょうせい,교우세이,행정,N3,Administration; government
2081,一時,いちじ,이치지,한 때,N4,One o'clock; for a time; temporary
857,跡,あと(せき),아토(세키),자국(적),N4,Trace; tracks; mark; scar
813,扱う,あつかう,아츠카우,다루다,N4,To handle; to deal with; to treat
67161,無恥,むち,무치,무치,N1,Shamelessness
60277,桃源,とうげん,토우겐,도원,N3,Shangri-La; utopia
52558,眼,がん,간,안(눈),N3,eye; insight
41280,渡す,わたす,와타스,건네주다,N4,to hand over; to ferry across
38506,病み付き,やみつき,야미츠키,중독되다,N1,addiction; obsession
36431,自ら,みずから,미즈카라,스스로,N3,oneself; personally
36904,未来,みらい,미라이,미래,N3,future
37298,命ずる,めいじる,메이지루,명하다. 명령하다,N2,to command; to appoint
37294,名人,めいじん,메이진,명인. 그 분야에서 솜씨가 뛰어난 사람,N3,master; expert
37289,迷信,めいしん,메이신,미신,N2,superstition
37319,明白,めいはく,메이하쿠,명백,N3,obvious; clear; evident
37333,銘々,めいめい,메이메이,각자,N1,each; individually
11219,毛虫,けむし,케무시,털벌레,N2,Caterpillar
205450,柱,はしら,하시라,기둥,N3,Pillar / Hashira (Demon Slayer rank)
32035,びっしょり,びっしょり,빗쇼리,흠뻑,N2,soaked; drenched
6798,嘗て,かつて,카츠테,"예전부터, 한 때",N4,Once; formerly; ever
5987,顔色,かおいろ,카오이로,안색,N2,Complexion; expression
3031,窺う,うかがう,우카가우,엿보다,N2,To peep; to watch for (a chance); to gauge
1121,予め,あらかじめ,아라카지메,사전에,N2,In advance; beforehand
542,朝市,あさいち,아사이치,아침 시장,N1,Morning market
34364,保安,ホアン,호안,보안,N1,Security / Maintenance of safety
33024,不明,ふめい,후메이,불명,N3,unknown; obscure; lack of wisdom
11040,警備,けいび,케이비,경비,N4,Security; guard; defense
31391,只管,ひたすら,히타스라,오로지,N2,solely; earnestly; intently (hitusura)
30692,ばったり,ばったり,밧타리,딱,N2,unexpectedly; with a thud
25376,点検,てんけん,텐켄,점검,N4,"inspection, checking"
25290,照る,てる,테루,"해가 비치다,개다",N2,"to shine, to be sunny"
23307,団子,だんご,단고,경단,N3,dango (dumpling)
21114,装置,そうち,소우치,장치,N3,"device, apparatus, equipment"
65460,復路,フクロ,후쿠로,복로(돌아오는 길),N1,Return trip / Return journey
13724,採集,さいしゅう,사이슈우,채집,N2,Collecting; gathering (specimens)
11289,見学,けんがく,켄가쿠,견학,N4,Study tour; inspection; field trip
19983,生物,せいぶつ,세이부츠,생물,N3,"living thing, creature"
18215,住宅,じゅうたく,쥬우타쿠,주택,N3,"housing, residence"
12009,攻撃,こうげき,코우게키,공격,N4,Attack; assault
56246,数奇屋,すきや,스키야,다실풍 건축,N1,Tea-ceremony style house
200060,金鋸,かなのこ,카나노코,쇠톱,N2,Hacksaw
154259,朝露,あさつゆ,아사츠유,아침이슬,N2,Morning dew
15155,資金,しきん,시킨,자금,N5,Funds; capital
36917,魅力,みりょく,미료쿠,매력,N3,charm; appeal; attraction
18359,受理,じゅり,쥬리,수리,N1,"acceptance, receipt"
35773,待ち遠しい,まちどおしい,마치도오시이,기다려지다,N2,looking forward to; can't wait
15162,敷く,しく,시쿠,깔다,N3,To spread out; to lay
143923,竹箒,たけぼうき,타케보우키,대나무 빗자루,N1,Bamboo broom
36511,乱れる,みだれる,미다레루,어지럽다,N3,to be disturbed; to be confused
40560,零,ぜろ(れい),제로(레이),영,N3,zero
12864,言葉遣い,ことばずかい,코토바즈카이,말투,N3,Phraseology; manner of speaking
11653,原稿,げんこう,겐코우,원고,N3,Manuscript; draft
12074,公式,こうしき,코우시키,공식,N3,Formula; formal; official
66448,見入る,みいる,미이루,"넋을 잃고 보다, 응시하다",N1,To gaze at; to be fascinated by
35264,ぼんやり,ぼんやり,본야리,멍,N3,absently; vaguely; idly
41103,和,わ,와,"일,일본의-,합",N3,harmony; Japanese-style; sum
36952,民主,みんしゅ,민슈,민주,N3,democracy
37659,木材,もくざい,모쿠자이,목재,N3,lumber; timber; wood
38770,浴衣,ゆかた,유카타,"유카타,욕의",N3,Yukata (casual summer kimono)
37342,明瞭,めいりょう,메이료우,명료,N2,clear; plain; distinct
37346,明朗,めいろう,메이로우,명랑,N1,bright; cheerful; transparent (dealings)
37347,迷惑,めいわく,메이와쿠,민폐,N3,trouble; nuisance; annoyance
37375,捲る,めくる,메쿠루,"넘히다, 벗기다",N3,to turn over (a page); to flip
37394,目覚まし,めざまし,메자마시,"잠을 깸, 자명종",N2,alarm clock; (also) eye-opener
9527,切り付ける,きりつける,키리츠케루,베다,N2,To slash at; to attack with a sword
8471,岸,きし,키시,연안,N2,Bank; coast; shore
6022,日間,いちかん,이치칸,~일 간,N3,(Counter for) days
5914,海面,かいめん,카이멘,해면,N2,Sea level; surface of the sea
6943,金遣い,きんずかい,킨즈카이,돈씀씀이,N2,Ways of spending money
5483,おー,お,오,접두사(존칭),N2,Oh; (expression of realization or calling)
12509,刻印,コクイン,코쿠인,각인,N1,Engraving / Stamp / Hallmark
129,合い言葉,アイコトバ,아이코토바,암호(구호),N1,Password / Watchword
21067,操縦,そうじゅう,소우쥬우,조종,N2,"steering, piloting, manipulation"
212697,出し巻き,だしまき,다시마키,다시마 육수 계란말이,N2,Dashimaki (Rolled omelet with stock)
137436,調べ物,しらべぶつ,시라베부츠,조사함,N1,Research; looking things up
60918,共稼ぎ,ともかせぎ,토모카세기,맞벌이,N2,Dual income; both spouses working
54693,掬い,すくい,스쿠이,뜨기,N2,Scooping; helping hand
37397,目覚める,めざめる,메자메루,깨어나다,N2,to wake up; to realize
37399,飯,めし,메시,밥,N3,meal; rice
37406,目印,めじるし,메지루시,표시물,N2,mark; sign; landmark
37413,雌,めす,메스,암컷,N4,female (animal)
37430,目茶苦茶,めちゃくちゃ,메챠쿠챠,엉망진창,N2,messy; ruined; excessive
37439,めっきり,めっきり,멧키리,부쩍,N2,remarkably; noticeably
37445,滅多,めった,멧타,거의,N2,rarely; seldom (with negative)
37460,目処,めど,메도,전망,N1,prospect; outlook; aim
33983,経る,へる,헤루,지나다,N3,to pass; to elapse; to go through
35036,防衛,ぼうえい,보우에이,방위,N2,defense; protection
28782,寝かせる,ねかせる,네카세루,재우다,N3,"To put to sleep / to let rest (e.g., dough)"
25744,田園,でんえん,덴엔,전원 (논과 밭),N2,"countryside, rural districts"
17052,処分,しょぶん,쇼분,처분,N3,"disposal, punishment, dealing with"
12945,拳,こぶし,코부시,주먹,N2,Fist
32902,ふっくら,ふっくら,훗쿠라,포슬포슬,N2,plump; fluffy; soft
31336,悲惨,ひさん,히산,비참한,N3,miserable; tragic; wretched
24433,通報,つうほう,츠으호우,"통보, 신고",N2,"report, tip-off, bulletin"
10538,包まる,くるまる,쿠루마루,뒤집어쓰다,N2,To be wrapped up; to curl up
24447,使い,ずがい,즈가이,"씀, 사용자",N2,"errand, mission, use"
22257,他国,たこく,타코쿠,타국,N2,"foreign country, another country"
22421,卓球,たっきゅう,탓큐우,탁구,N2,"table tennis, ping-pong"
34514,放置,ほうち,호우치,방치,N3,leaving as is; neglect; abandoning
29134,後程,のちほど,노치호도,나중에,N2,Later on
23834,忠実,ちゅうじつ,츄우지츠,충실,N2,"faithful, loyal, true to"
27275,土台,どだい,도다이,토대,N2,"foundation, base, basis"
32966,不慣れ,ふなれ,후나레,서투른,N2,unfamiliar; inexperienced
31510,人影,ひとかげ,히토카게,사람 그림자,N3,figure of a person; shadow
21058,装飾,そうしょく,소우쇼쿠,장식,N2,"ornament, decoration"
21108,壮大,そうだい,소우다이,장대,N3,"magnificent, grand, epic"
21200,添える,そえる,소에루,첨부하다,N3,"to garnish, to accompany, to add"
27298,土手,どて,도테,둑. 제방,N2,"bank, embankment, mound"
12058,講座,こうざ,코우자,강좌,N2,Course (of lectures); professorship
27332,土木,どぼく,도보쿠,토목,N2,civil engineering
28011,ナラ,なら,나라,나라,N2,oak (tree)
25349,天下,てんか,텐카,천하,N1,"the whole world, under the sun"
25356,転回,てんかい,텐카이,"전환,회전",N1,"rotation, revolution, turning"
20513,戦場,せんじょう,센죠우,전장,N3,battlefield
69215,余白,よはく,요하쿠,여백,N1,Blank space; margin
253208,きーん,きいん,키인,삐,N2,Ringing sound / Piercing sound
7508,考え込む,かんがえこむ,캉가에코무,생각에 잠기다,N2,To be absorbed in thought; to brood
4921,教え,おしえ,오시에,가르침,N2,Teaching; lesson; doctrine
173435,頼み事,たのみごと,타노미고토,부탁,N2,Request; favor
3454,占い師,うらないし,우라나이시,점쟁이,N2,Fortune-teller
97060,山奥,やまおく,야마오쿠,산속,N4,Deep in the mountains
33840,閉館,へいかん,헤이칸,폐관,N1,closing of a building
3629,英,えい,에이,영,N2,England; English; hero (prefix)
63610,話し込む,はなしこむ,하나시코무,수다떨다,N2,To be absorbed in talking
1037,網,あみ,아미,"그물, 망",N2,Net; network
62726,温い,ぬくい,누쿠이,미지근하다,N2,Lukewarm; tepid
54642,古文,こぶん,코분,고문,N2,Ancient writing; classical literature
55120,瞬く,しばた(た)く,시바타(타)쿠,깜빡거리다,N2,To twinkle; to flicker; to blink
7005,下部,カブ,카부,하부,N1,Lower part / Bottom
59333,助け合う,たすけあう,타스케아우,서로 돕다,N2,To help each other
48709,飾り気,かざりけ,카자리케,꾸밈,N2,affectation; showiness
41181,別れ,わかれ,와카레,작별,N3,parting; farewell
30308,版,ばん,반,판,N3,edition; version; printing plate
27972,訛り,なまり,나마리,사투리,N2,"accent, dialect"
24476,浸かる,つかる,츠카루,잠기다,N3,"to be submerged, to be soaked"
17062,書面,しょめん,쇼멘,서면,N3,"document, in writing"
18296,受賞,じゅしょう,쥬쇼우,수상,N3,winning a prize
39792,欄,らん,란,란,N3,column; section; field
37091,蒸し暑い,むしあつい,무시아츠이,무덥다,N3,humid; sultry
38185,役立つ,やくだつ,야쿠다츠,도움이 되다,N2,to be useful
20465,繊細,せんさい,센사이,섬세,N3,"delicate, slender, sensitive"
9615,近海,きんかい,킨카이,근해,N2,Coastal waters; adjacent seas
12491,顧客,こきゃく,코캬쿠,고객,N2,Customer; client
22970,大吉,だいきち,다이키치,대길,N2,excellent luck (omikuji)
38030,問,もん,몬,문,N2,question; problem
36131,満開,まんかい,만카이,만개,N3,full bloom
35982,魔法,まほう,마호우,마법,N3,magic; witchcraft
25359,転換,てんかん,텐칸,전환,N3,"conversion, diversion, changeover"
36825,脈打つ,みゃくうつ,먀쿠우츠,맥박치다,N1,to pulsate; to throb
17759,自家,じか,지카,자가,N2,"one's own house, homemade"
37511,綿,めん,멘,면,N2,cotton
35749,斑,まだら,마다라,얼룩,N2,spots; patches; speckles
21532,像,ぞう,조우,상,N3,"image, statue, figure"
10909,警官,けいかん,케이칸,경관,N2,Police officer
25751,伝記,でんき,덴키,전기,N2,biography
25369,転居,てんきょ,텐쿄,전거. 이사,N1,"moving (house), change of residence"
18991,水力,すいりょく,스이료쿠,수력,N2,hydraulic power
15617,老舗,しにせ,시니세,노포,N3,Shop of long standing; established shop
14031,昨年,さくねん,사쿠넨,작년,N2,Last year
15247,私語,しご,시고,잡담,N2,Whispering; private talk
17264,新刊,しんかん,신칸,신간,N2,new publication
13468,後日,ごじつ,고지츠,후일,N2,In the future; later date
10908,景観,けいかん,케이칸,경관,N2,Scenery; landscape; view
55961,審美,しんび,신비,심미,N3,Esthetic; appreciation of beauty
25187,鉄,てつ,테츠,철,N2,"iron, steel"
60471,道標,どうひょう,도우효우,이정표,N1,Signpost; guide
158930,番線,ばんせん,반센,~번 승강장,N1,Track number; wire gauge
32031,備蓄,びちく,비치쿠,비축,N2,stockpile; reserves
39924,力量,りきりょう,리키료우,역량,N1,ability; capacity; talent
70960,湯煙,ゆけむり,유케무리,김,N1,Steam (from hot spring)
195082,白湯,"さゆ,しらゆ","사유,시라유","끓인 물,백탕",N1,Plain hot water
71679,呼び覚ます,よびさます,요비사마스,불러깨우다,N1,To awaken; to summon; to recall
31344,跪く,ひざまずく,히자마즈쿠,무릎꿇다,N2,to kneel
3180,嘯く,うそぶく,우소부쿠,큰소리치다,N1,To boast; to feign indifference; to howl
15942,遮断,しゃだん,샤단,차단,N1,Isolation; cut off; blockage
13005,込み上げる,こみあげる,코미아게루,북받치다,N1,To well up; to surge
63097,のらりくらり,のらりくらり,노라리쿠라리,뺀질뺀질,N1,Aimlessly; evasively
47049,一所,いっしょ,잇쇼,한 곳,N1,one place; same place
7684,勧善,かんぜん,칸젠,권선,N1,Promotion of virtue
52184,霧吹き,きりふき,키리후키,분무기,N1,sprayer; atomizer
6044,柿,かき,카키,감,N4,Persimmon
29709,走り込む,はしりこむ,하시리코무,"달려들다,달려대다",N1,To run into
28521,入金,にゅうきん,뉴우킨,입금,N2,"deposit, payment received"
28110,難航,なんこう,난코우,난항,N1,"difficult voyage, rough going"
25375,典型,てんけい,텐케이,전형,N2,"type, model, pattern, archetype"
25386,天才,てんさい,텐사이,천재,N2,"genius, prodigy"
18871,酸い,すい,스이,신 맛,N2,"sour, acid"
10470,繰り,くり(ぐり),쿠리(구리),헤아림(조달),N3,Winding; carrying over
9145,郷,きょう,쿄우,"향, 시골",N3,Village; hometown; district
9109,きゅっ,きゅっ,큣,꽉,N2,Squeezing; tight (sound/feeling)
5580,家,か,카,가,N5,House; family; professional (suffix)
387,空き缶,あきかん,아키캉,빈 깡통,N1,Empty can
1991,依存,いぞん,이존,의존,N1,Dependence; reliance
60559,通り抜ける,とおりぬける,토오리누케루,빠져나가다,N1,To pass through; to go through
62893,値札,ねふだ,네후다,가격표,N1,Price tag
62804,値切る,ねぎる,네기루,에누리하다,N1,To haggle; to bargain
45630,ぎゅうぎゅう,ぎゅうぎゅう,규우규우,꽉꽉,N1,tightly; packed (like sardines)
48817,家臣,かしん,카신,가신,N3,vassal; retainer
62485,遡上,そじょう,소죠우,거슬러 올라감,N1,Going upstream
38811,行く末,ゆくすえ,유크수에,장래,N1,the future; one's fate
52676,厚顔,こうがん,코우간,후안,N1,impudence; brazenness
62912,練り直す,ねりなおす,네리나오스,재검토하다,N2,To polish; to rework (a plan)
50962,黒帯,くろおび,쿠로오비,검은띠,N1,black belt
49648,聞き漏らす,ききもらす,키키모라스,빠뜨리고 듣다,N1,to miss hearing; to fail to hear
36536,道端,みちばた,미치바타,길가,N2,roadside; wayside
35904,纏め買い,まとめがい,마토메가이,한꺼번에 삼,N3,bulk buying; stocking up
36339,右目,みぎめ,미기메,오른쪽 눈,N1,right eye
36239,見当たる,みあたる,미아타루,눈에 띄다,N1,to be found; to come across
35924,惑わす,まどわす,마도와스,현혹하다,N2,to deceive; to bewilder; to seduce
36237,見合う,みあう,미아우,걸맞다,N1,to correspond; to look at each other
28210,似顔,にがお,니가오,"닮은얼굴, 초상",N1,"portrait, likeness"
5803,改装,かいそう,카이소우,개조,N2,Remodeling; refurbishment
21169,総務,そうむ,소우무,총무,N1,"general affairs, manager"
195874,確り者,しっかりもの,싯카리모노,야무진 사람,N1,Reliable person / Steady person
4572,大口,おおぐち,오오구치,"큰입,거액",N1,Large mouth; big talk; large amount
182221,弾き,びき,비키,연주,N1,Playing (instrument) / Repelling
20148,施錠,せじょう,세죠우,"자물쇠를채움,시정",N1,locking (a door)
100774,御前,ごぜん,고젠,"어전(임금 앞), 각하",N1,Presence (before a high personage); you (archaic)
105099,虹色,にじいろ,니지이로,무지갯빛,N1,Rainbow color
143018,親鳥,おやどり,오야도리,어미새,N1,Parent bird
4950,汚職,おしょく,오쇼쿠,비리,N1,Corruption; graft; bribery
1671,行き来,いきき,이키키,왕래,N1,Coming and going; association
102330,城跡,じょうせき,죠우세키,성 터,N2,Castle ruins
1209,亜流,ありゅう,아류우,아류,N1,Bad second; poor imitation
36429,水嵩,みずかさ,미즈카사,수량,N1,volume/level of water
172784,迷い猫,まよいねこ,마요이네코,길 잃은 고양이,N1,Stray cat
87662,温め直す,あたなめなおす,아타나메나오스,다시 데우다,N1,To reheat
67772,本に,ほんに,혼니,정말로,N1,Truly; really
65415,洗い物,あらいもの,아라이모노,설거지거리,N1,Laundry; dishes to be washed
57380,戦国,せんごく,센고쿠,전국,N3,Civil war; warring states
20181,節句,せっく,셋쿠,명절,N2,seasonal festival
8543,傷跡,きずあと,키즈아토,상처자국,N1,Scar; trace of a wound
25387,天災,てんさい,텐사이,천재,N1,natural disaster
57010,正気,しょうき,쇼우키,제정신,N1,sanity; consciousness; one's senses
30157,早寝,はやね,하야네,일찍 잠,N1,going to bed early
49970,土器,かわらけ(どき),카와라케(도키),토기,N2,earthenware
44416,暖炉,だんろ,단로,난로,N2,fireplace; hearth
46904,亜麻,あま,아마,아마,N1,flax; linen
25428,点線,てんせん,텐센,점선,N2,dotted line
40348,離陸,りりく,리리쿠,이륙,N1,takeoff (airplane)
15378,視線,しせん,시센,시선,N3,One's gaze; line of sight
40287,料亭,りょうてい,료우테이,요정,N1,traditional Japanese restaurant
38304,安物,やすもの,야스모노,값싼,N2,cheap goods
25777,伝染,でんせん,덴센,전염,N3,"contagion, infection"
37418,目線,めせん,메센,시선,N2,eyesight; perspective; line of sight
36362,見頃,みごろ,미고로,보기에 좋은 때,N2,the best time to see
10804,ぐれる,ぐれる,구레루,"빗나가다, 타락하다",N1,To go astray; to turn bad
36400,見過ごす,みすごす,미스고스,좌시하다,N1,to overlook; to pass over
18546,常時,じょうじ,죠우지,상시,N2,"always, constantly"
11613,原,げん,겐,원,N4,Field; plain; prairie
32518,不快,ふかい,후카이,불쾌,N2,unpleasant; discomfort
18194,重傷,じゅうしょう,쥬우쇼우,중상,N1,serious injury
36525,道筋,みちすじ,미치스지,"절차, 도리",N1,path; route; logic
34958,本番,ほんばん,혼반,본방,N2,actual performance; the real thing
29901,二十,はつ,하츠,이십,N1,Twenty years old
29877,発送,はっそう,핫소우,발송,N2,Shipping / forwarding
22691,試し,ためし,타메시,"시험,시도",N1,"trial, test, attempt"
12038,皇后,こうごう,코우고우,황후,N2,Empress
8475,騎士,きし,키시,기사,N1,Knight
33329,武家,ぶけ,부케,무가,N1,samurai family; warrior class
15086,市街,しがい,시가이,시가,N2,Urban area; city streets
30608,幕末,ばくまつ,바쿠마츠,막부 말,N2,end of the Edo period
15270,志士,しし,시시,지사,N1,Patriot; person of high purpose
119133,王墓,おうぼ,오우보,"왕릉,왕묘",N1,Royal tomb
68732,注連縄,しめなう,시메나우,금줄,N1,Sacred straw rope
5866,解読,かいどく,카이도쿠,해독,N1,Deciphering; decoding
4455,王政,おうせい,오우세이,왕정,N1,Monarchy; royal government
66235,初日の出,はつひので,하츠히노데,첫 해돋이,N1,First sunrise of the year
4788,掟,おきて,오키테,법도,N4,Law; rule; commandment
48014,鏡餅,かがみもち,카가미모치,가가미모치,N1,mirror rice cake (New Year)
67936,負け惜しみ,まけおしみ,마케오시미,정신승리,N1,Sour grapes; bad loser
27108,銅像,どうぞう,도우조우,동상,N2,bronze statue
1883,維新,いしん,이신,유신,N1,Restoration (especially Meiji)
675,アスカ,あすか,아스카,아스카,N1,Asuka (place name/era/name)
62944,年表,ねんぴょう,넨표우,연표,N2,Chronological table
39458,読み漁る,よみあさる,요미아사루,닥치는 대로 읽다,N1,to read voraciously
61313,葬送,そうそう,소우소우,장송,N1,Funeral procession
23079,大名,だいみょう,다이묘우,다이묘,N2,daimyo (feudal lord)
18956,スイドウバシ,すいどうばし,스이도우바시,스이도바시,N1,Suidobashi (place name)
37290,明治,めいじ,메이지,메이지,N3,Meiji Era
63604,習わし,ならわし,나라와시,"관습, 풍습",N1,Custom; practice
58558,石室,いしむろ,이시무로,석실,N1,Stone chamber; stone hut
18627,城壁,じょうへき,죠우헤키,성벽,N2,castle wall
35250,盆踊り,ぼんおどり,본오도리,본오도리,N1,Bon dance
25785,電柱,でんちゅう,덴츄우,전봇대,N3,"utility pole, telegraph pole"
58936,楔形,せっけい,셋케이,설형,N1,Wedge-shaped; Cuneiform
40659,歴代,れきだい,레키다이,역대,N1,successive generations
13108,古老,ころう,코로우,노인,N1,Old person; elder
25287,てる,てる,테루,~하고 있다,N2,to shine (colloquial/informal)
11893,交易,こうえき,코우에키,교역,N2,Trade; commerce
12167,更生,こうせい,코우세이,갱생,N1,Rehabilitation; rebirth
40602,冷戦,れいせん,레이센,냉전,N1,Cold War
58898,戴冠,たいかん,타이칸,대관,N2,Coronation
50818,食らい付く,くらいつく,쿠라이츠쿠,달려들어 물다,N1,to bite at; to cling to; to latch onto
57179,城塞,じょうさい,죠우사이,성채,N1,Fortress; stronghold
59458,節分,せつぶん,세츠분,절분(입춘 전날),N2,Setsubun (last day of winter)
20402,戦火,せんか,센카,전쟁의 불길,N1,"war fires, horrors of war"
36346,見比べる,みくらべる,미쿠라베루,비교해보다,N2,to compare with the eye
1674,行き先,いきさき,이키사키,행선지,N1,destination
20642,戦没,せんぼつ,센보츠,전몰,N1,"death in battle, killed in a war"
36245,見出だす,みいだす,미이다스,찾아내다,N1,to find out; to discover
20110,石碑,せきひ,세키히,"비석,석비",N2,"stone monument, tablet"
36973,民話,みんわ,민와,민화,N1,folklore; folktale
56267,叱り付ける,しかりつけつ,시카리츠케추,꾸짖다,N1,To scold severely
7693,寒村,かんそん,칸손,"시골,한촌",N1,Poor village; deserted village
31202,彼岸,ひがん,히간,"피안 (춘분, 추분 전후 기간)",N2,equinox; the other shore (nirvana)
66255,初夢,はつゆめ,하츠유메,첫꿈,N1,First dream of the year
31529,人里,ひとざと,히토자토,사람 마을,N1,human habitation; village
38786,雪国,ゆきぐに,유키구니,설국,N1,snow country
29024,農具,のうぐ,노우구,농기구,N1,Farm implements
8346,祈願,きがん,키간,기원,N3,Prayer; petition
4180,縁起,えんぎ,엔기,길조,N1,Omen; luck; origin
1582,家々,いえいえ,이에이에,집집,N2,Houses; every house
28919,練り歩く,ねりあるく,네리아루쿠,행진하다,N2,To march / to parade
194107,春祭り,はるまつり,하루마츠리,봄 축제,N1,Spring festival
1020,甘み,あまみ,아마미,단맛,N2,Sweetness
196966,搗き立て,つきたて,츠키타테,찧어세움,N1,Freshly pounded (mochi)
81162,シシ,しし,시시,사자,N1,Lion; deer (archaic)
172279,浴衣姿,ゆかたすがた,유카타스가타,유카타차림,N2,Dressed in a yukata
223924,動き出る,うごきでる,우고키데루,움직이기 시작하다,N1,to start moving
57767,しょぼしょぼ,しょぼしょぼ,쇼보쇼보,따끔따끔,N1,Bleary (eyes); dejectedly; drizzling
35390,マイ,まい,마이,춤,N2,-my; personal
68458,餅搗き,もちつき,모치츠키,떡치기,N1,Rice-cake making
17430,神前,しんぜん,신젠,"신의 앞, 신전",N1,"before God, at a shrine"
25445,点々,てんてん,텐텐,점점,N2,"dots, here and there"
39025,妖怪,ようかい,요우카이,요괴,N1,Yokai (monster/spirit)
43498,厄,やく,야쿠,액,N4,misfortune; bad luck; evil
25446,転々,てんてん,텐텐,전전,N2,moving from place to place
18716,除夜,じょや,죠야,제야,N1,New Year's Eve
36944,民家,みんか,민카,민가,N3,private house
14567,三々,さんさん,산산,삼,N1,Groups of three; in threes
15271,獅子,しし,시시,사자,N1,Lion
11905,好悪,こうお,코우오,호오,N1,Likes and dislikes
70607,山の神,やまのかみ,야마노카미,산신,N1,God of the mountain; one's bossy wife
49234,かんじき,かんじき,칸지키,설가죽신,N1,snowshoes
67585,掘り返す,ほりかえす,호리카에스,파내다,N2,To dig up; to turn over
25459,転任,てんにん,텐닌,전임,N1,change of post
43369,鎮守,ちんじゅ,친쥬,수호신,N1,local Shinto deity; guardian god
25801,電波,でんぱ,덴파,전파,N2,radio wave
24075,町内,ちょうない,쵸우나이,동네,N2,"neighborhood, within the town"
50276,狐火,きつねび,키츠네비,여우불,N1,will-o'-the-wisp; foxfire
23585,チトセ,ちとせ,치토세,치토세,N1,Chitose (name/thousand years)
54259,里帰り,さとがえり,사토가에리,귀성,N1,returning home (to one's parents)
50008,悪寒,おかん,오칸,오한,N1,chills; ague
36789,身震い,みぶるい,미부루이,몸서리,N1,shivering; trembling
21956,大漁,たいりょう,타이료우,대어,N1,large catch (of fish)
21739,体現,たいげん,타이겐,체현,N1,"embodiment, personification"
16052,醜悪,しゅうあく,슈우아쿠,추악,N1,Ugly; hideous; scandalous
20914,前列,ぜんれつ,젠레츠,전열,N1,front row
41885,茅葺き,かやぶき,카야부키,초가지붕,N1,thatched roof
252037,ラテ,ラテ,라테,라떼,N1,Latte
33899,閉店,へいてん,헤이텐,폐점,N3,closing of a shop
32546,深み,ふかみ,후카미,깊이,N2,depth; deep place
21456,剃る,そる,소루,깎다,N2,to shave
31554,一握り,ひとにぎり,히토니기리,"한 움큼, 극소수",N1,a handful; a small group
28223,握り潰す,にぎりつぶす,니기리츠부스,으스러뜨리다,N1,"to crush with one's hand, to shelf (a plan)"
25811,伝来,でんらい,덴라이,전래,N1,"ancestral, imported"
16568,掌握,しょうあく,쇼우아쿠,장악,N1,"grasp, command, control"
7431,川原,かわら,카와라,강가,N2,Riverbed; dry river beach
7231,辛口,からくち,카라쿠치,매운 맛,N1,Dry (sake/wine); salty; harsh (criticism)
25502,転落,てんらく,텐라쿠,전락. 굴러 떨어짐. 타락함,N1,"fall, degradation, slump"
10081,潜る,くぐる,쿠구루,통과하다,N3,To dive; to go underwater; to pass through
25813,電流,でんりゅう,덴류우,전류,N2,electric current
7209,通い,かよい,카요이,왕래,N1,Commuting; coming and going
173088,押し開ける,おしあける,오시아케루,밀어 열다,N2,To push open
6858,過度,かど,카도,과도,N2,Excessive; immoderate
35387,毎,まい,마이,매,N4,every; each (prefix)
64022,築山,つきやま,츠키야마,인공 언덕,N2,Artificial hill (in a garden)
36421,水洗い,みずあらい,미즈아라이,물세탁,N2,washing with water
19329,砂嵐,すなあらし,스나아라시,모래폭풍,N1,"sandstorm, dust storm"
54305,新案,しんあん,신안,"새로운 착상, 신안",N2,New design; new idea; novelty
175793,朝型,あさがた,아사가타,아침형,N1,Morning person
65872,羽衣,はごろも,하고로모,날개옷,N1,Angel's raiment; robe of feathers
55970,新婦,しんぷ,신푸,신부,N2,Bride
50576,客扱い,きゃくあつかい,캬쿠아츠카이,손님접대,N1,hospitality; treatment of guests
486,握力,あくりょく,아쿠료쿠,악력,N1,Grip strength
22391,立ち込める,たちこめる,타치코메루,자욱하다,N2,"to hang over, to be enveloped in (mist/smoke)"
15291,思春,ししゅん,시슌,사춘,N2,Puberty; adolescence
60131,天女,てんりょ,텐료,천녀,N1,Celestial maiden; nymph
41327,笑い,わらい,와라이,웃음,N2,laughter; smile
8670,喫茶,きっさ,킷사,"끽차, 차를 즐기는 것",N5,Tea drinking; tea house/cafe
46833,宛て先,あてさき,아테사키,"수신처, 받는 곳",N1,recipient's address
47390,暗愚,あんぐ,안구,"바보,암우",N1,imbecility; stupidity
15075,然る,しかる(さる),시카루(사루),"그렇게, 그리",N2,A certain; such; appropriate
21334,即興,そっきょう,솟쿄우,즉흥,N1,improvisation
13848,幸い,さいわい,사이와이,다행히,N1,Happiness; fortunately
13482,五千,ごせん,고센,오천,N1,Five thousand
39523,夜型,よるがた,요루가타,저녁형,N1,night owl; nocturnal type
35799,真っ向,まっこう,맛코우,정면,N1,directly; head-on
20185,席捲,せっけん,셋켄,석권,N1,"sweeping, conquering"
37002,向かい側,むかいがわ,무카이가와,맞은 편,N1,opposite side
10419,暗がり,くらがり,쿠라가리,어두운 곳,N1,Darkness; dark place
37254,明暗,めいあん,메이안,명암,N1,light and darkness; (metaphorical) fate
36272,見覚え,みおぼえ,미오보에,눈에 익다,N1,remembrance; recognition
34189,別状,べつじょう,베츠죠우,지장,N1,unusual condition; anything wrong
17593,新郎,しんろう,신로우,신랑,N2,"groom, bridegroom"
18300,受診,じゅしん,쥬신,수진,N3,"seeing a doctor, medical exam"
198051,育て親,そだておや,소다테오야,양부모,N1,Foster parent
32608,フクオカ,ふくおか,후쿠오카,후쿠오카,N2,Fukuoka (place name)
213476,鍛冶場,かじば,카지바,대장간,N1,Blacksmith's workshop
80402,サオトメ,さおとめ,사오토메,"모내기하는 처녀,처녀",N1,Saotome (rice-planting girl; name)
4898,収まり,おさまり,오사마리,"정돈, 수습",N1,Conclusion; settlement; fit
32988,不法,ふほう,후호우,불법,N1,illegal; lawless
31670,紐,ひも,히모,줄,N2,string; cord; braid
8089,がっかり,がっかり,갓카리,실망,N2,Disappointed; discouraged
12698,居士,こじ,코지,거사,N1,Lay Buddhist; scholar in retirement
70722,豆撒き,まめまき,마메마키,콩 뿌리기(액막이),N2,Bean-scattering ceremony
6131,各位,かくい,카쿠이,각위,N2,Everyone; ladies and gentlemen
2080,一座,いちざ,이치자,"좌중, 극단",N1,The whole party; a troupe (theater)
57348,七五三,しちごさん,시치고산,시치고산,N2,Shichi-Go-San festival
2284,逸話,いつわ,이츠와,일화,N1,Anecdote
1784,囲碁,いご,이고,바둑,N1,Go (the board game)
50150,和尚,おしょう,오쇼우,"주지,고승",N1,Buddhist priest
41221,わくわく,わくわく,와쿠와쿠,두근두근,N2,excited; trembling with joy
31652,暇,ひま,히마,틈,N2,free time; leisure; leave
48674,囲み,かこみ,카코미,"둘러쌈, 둘레",N1,enclosure; siege
36326,右側,みぎがわ,미기가와,우측,N2,right side
39694,落雷,らくらい,라쿠라이,낙뢰,N1,thunderbolt; lightning strike
9004,給食,きゅうしょく,큐우쇼쿠,급식,N2,School lunch; providing meals
47614,姻族,いんぞく,인조쿠,인척,N1,in-laws; relatives by marriage
41140,和解,わかい,와카이,화해,N1,reconciliation; settlement
25235,掌,てのひら(しょう),테노히라(쇼우),손바닥(장),N3,palm (of the hand)
27535,苗木,なえぎ,나에기,묘목,N2,"sapling, young tree"
22109,宝物,ほうむつ,호우무츠,보물,N2,"treasure, prized possession"
1655,遺棄,いき,이키,유기,N1,Abandonment; desertion
1842,遺失,いしつ,이시츠,유실,N1,Loss (of an object)
14015,作成,さくせい,사쿠세이,작성,N3,Creation; production; drafting
22532,七夕,たなばた,타나바타,칠석,N3,Tanabata (Star Festival)
1691,域内,いきない,이키나이,역내,N1,Within the region/area
37819,元,もと,모토,원래,N3,origin; source; base
22379,立ち入り,たちいり,타치이리,출입,N3,"entry, trespassing"
25421,点数,てんすう,텐스우,점수,N2,"score, points, marks"
38586,遺言,ゆいごん,유이곤,유언,N1,will; testament; last words
34883,本拠,ほんきょ,혼쿄,본거,N1,base; stronghold; headquarters
37396,目覚め,めざめ,메자메,눈뜸,N1,awakening; waking up
25814,電力,でんりょく,덴료쿠,전력,N2,electric power
31411,左側,ひだりがわ,히다리가와,좌측,N2,left side
18028,字引き,じびき,지비키,"자전, 사전",N1,dictionary
14600,算数,さんすう,산스우,산수,N2,Arithmetic; calculation
14257,サッポロ,さっぽろ,삿포로,삿포로,N1,Sapporo
10411,位取り,くらいどり,쿠라이도리,자릿수 잡기,N1,Placement (decimal); status
15528,尻尾,しっぽ,싯포,꼬리,N2,Tail
14284,里芋,さといも,사토이모,토란,N1,Taro
70879,夕映え,ゆうばえ,유바에,"저녁놀, 석양",N1,Sunset glow
32511,不穏,ふおん,후온,"불온, 불길",N1,unsettling; threatening; turbulent
19860,盛衰,せいすい,세이스이,성쇠,N2,"rise and fall, ups and downs"
9344,恐竜,きょうりゅう,쿄우류우,공룡,N3,Dinosaur
52724,詠草,えいそう,에이소우,"영초, 시가 원고",N1,draft of a poem
16479,俊英,しゅんえい,슌에이,"빼어남,준영",N1,"talented person, genius"
26453,途絶える,とだえる,토다에루,두절되다,N2,"to stop, to cease, to be cut off"
22183,巧み,たくみ,타쿠미,탁월,N4,"skill, adroitness, ingenuity"
234794,堪る,たまる,타마루,견디다,N2,To bear / To accumulate
1839,石畳,いしだたみ,이시다타미,돌길,N1,Stone paving; cobblestones
2761,陰性,いんせい,인세이,음성,N1,Negative (test result); dormant
28225,握る,にぎる,니기루,쥐다,N3,"to grasp, to hold, to mold (sushi)"
261144,写り込む,うつりこむ,우츠리코무,비춰지다,N1,To be reflected in / To appear in a photo
65046,不易,ふえき,후에키,불역,N1,Immutable; unchangeable
154716,栄,さかえ,사카에,번영,N4,Prosperity; glory
3688,英断,えいだん,에이단,"용단, 뛰어난 결단",N1,Resolute decision; bold step
177534,さす,さす,사스,쓰다,N3,To point; to poke; to shine
40863,朗詠,ろうえい,로우에이,낭영,N1,recitation of poetry
89667,書き留める,かきとどめる,카키토도메루,적어 두다,N1,To write down; to note
47579,淫行,いんこう,인코우,음행,N1,lewd conduct; immorality
7670,感性,かんせい,칸세이,감성,N1,Sensitivity; sensibility; intuition
43806,淫乱,いんらん,인란,음란,N1,lewdness; lasciviousness
13816,細部,さいぶ,사이부,세부,N3,Detail; particulars
14615,山村,さんそん,산손,산촌,N1,Mountain village
6493,貸す,かす,카수,빌려주다,N3,To lend; to rent out
3649,栄枯,えいこ,에이코,영고 (영고성쇠),N1,Rise and fall; ups and downs (of fortune)
28090,難易,なんい,난이,난이,N1,(degree of) difficulty
48306,影絵,かげえ,카게에,그림자 그림,N1,shadow picture; silhouette
21024,荘厳,そうごん,소우곤,장엄,N2,"sublime, solemn, majestic"
6314,陰る,かげる,카게루,"어두워지다, 그늘지다",N1,To become dark; to be clouded
19707,精鋭,せいえい,세이에이,정예,N1,"the elite, the pick"
12304,高熱,こうねつ,코우네츠,고열,N1,High fever; high heat
8924,規約,きやく,키야쿠,규약,N2,Agreement; code; protocol; bylaws
37331,名簿,めいぼ,메이보,명부. 명단,N2,register; roster; list of names
36509,淫ら,みだら,미다라,음란,N1,lewd; loose; obscene
36784,見栄え,みばえ,미바에,데코레이션,N1,outward appearance; looking good
37261,明快,めいかい,메이카이,명쾌,N1,clear; lucid; crisp
18493,上映,じょうえい,죠우에이,상영,N1,screening (a movie)
36953,民衆,みんしゅう,민슈우,민중,N2,the people; the masses
18772,陣営,じんえい,진에이,진영,N1,"camp, faction"
3685,詠嘆,えいたん,에이탄,영탄,N1,Exclamation; admiration; lament
3301,移ろい,うつろい,우츠로이,변화,N2,Change; fading; transition
2711,陰影,いんえい,인에이,음영,N1,Shadow; shade; gloom
34492,宝石,ほうせい,호우세이,보석,N3,gem; jewel; precious stone
34533,放蕩,ほうとう,호우토우,방탕,N1,dissipation; debauchery
13722,採取,さいしゅ,사이슈,채취,N1,Collection; harvesting; sampling
9783,ぎこちない,ぎこちない,기코치나이,어색하다,N1,Awkward; clumsy; stiff
3169,渦巻く,うずまく,우즈마쿠,소용돌이치다,N2,To swirl; to whirl; to eddy
25835,問い,とい,토이,물음. 질문. 문제,N2,"question, inquiry"
31110,悲哀,ひあい,히아이,비애,N1,sorrow; grief; misery
23422,遅延,ちえん,치엔,지연,N2,"delay, latency"
63059,伸べる,のべる,노베루,"펴다, 뻗다",N1,To extend; to stretch out
10424,くらくら,くらくら,쿠라쿠라,어지러움,N1,dizziness; giddiness; feeling faint
65040,風力,ふうりょく,후우료쿠,풍력,N1,Wind power/force
16883,少量,しょうりょう,쇼우료우,소량,N1,small quantity
11635,厳格,げんかく,겐카쿠,엄격,N1,Strict; severe; rigid
1645,域,いき,이키,지경,N4,Region; limit; level; stage
187466,騙し騙し,だましだまし,다마시다마시,조심히 달래기며,N1,while coaxing along; by deceiving little by little; making do somehow
55105,酒宴,しゅえん,슈엔,주연,N1,Banquet; drinking bout
64004,張り詰める,はりつめる,하리츠메루,긴장하다,N2,To be strained; to be tense
32423,封ずる,ふうじる,후우지루,"봉하다, 막다",N1,to seal; to block; to forbid
700,汗だく,あせだく,아세다쿠,땀범벅,N1,Dripping with sweat
70558,山越え,やまごえ,야마고에,산을 넘음,N1,Crossing a mountain
52785,益する,えきする,에키스루,유익하다,N1,to benefit; to be of use
23965,超越,ちょうえつ,쵸우에츠,초월,N1,"transcendence, standing aloof"
29349,拝謁,はいえつ,하이에츠,배알,N1,Audience (with royalty)
15373,使節,しせつ,시세츠,사절,N1,Mission; envoy; delegate
71375,謁する,えっする,엣스루,알현하다,N1,To have an audience with
94045,黒煙,こくえん,코쿠엔,"검은 연기,흑연",N1,Black smoke
68022,疫病,"えやみ,やくびょう","에야미,야쿠뵤우",역병,N1,Epidemic; plague
70815,丸み,まるみ,마루미,둥글둥글함,N1,Roundness
8298,喜悦,きえつ,키에츠,희열,N1,Joy; gladness; delight
3757,液状,えきじょう,에키죠우,액상,N1,Liquid state; liquefied
11895,校閲,こうえつ,코우에츠,교열,N1,Proofreading; revision
46605,悪疫,あくえき,아쿠에키,"악역, 전염병",N1,plague; epidemic
41311,詫び,わび,와비,사과,N1,apology; excuse
51744,玉座,ぎょくざ,교쿠자,옥좌,N1,throne
36144,満載,まんさい,만사이,만재,N1,fully loaded; brimming with
47245,沿海,えんかい,엔카이,연해,N1,coast; off-shore
37203,紫色,むらさきあろ,무라사키아로,보라색,N2,purple color
29943,発令,はつれい,하츠레이,발령,N1,Official announcement / order
25837,問い合わせ,といあわせ,토이아와세,문의,N3,"inquiry, reference"
35038,防疫,ぼうえき,보우에키,방역,N1,prevention of epidemics; quarantine
6193,各線,かくせん,카쿠센,각 노선,N1,Each (train) line
3766,駅長,えきちょう,에키쵸우,역장,N1,Station master
52688,工期,こうき,코우키,공기,N1,construction period
48049,怨恨,えんこん,엔콘,원한,N1,grudge; resentment; malice
35817,末端,まったん,맛탄,말단,N1,end; tip; terminal
37114,無心,むしん,무신,"무심, 동심",N1,innocence; (also) begging for money
48280,煙霧,えんむ,엔무,연무,N1,haze; smog; mist
34949,本堂,ほんどう,혼도우,본당,N2,main hall (of a temple)
63089,飲み水,のみみず,노미미즈,식수,N1,Drinking water
12639,古語,こご,코고,고어,N1,Archaic word; old language
51284,裏山,うらやま,우라야마,뒷산,N1,hill behind one's house
47663,韻文,いんぶん,인분,운문,N1,verse; poetry
52864,黄砂,こうさ,코우사,황사,N1,yellow dust (aeolian dust)
2827,院内,いんない,인나이,"병원 안, 의원 안",N1,Within the hospital/institution
67955,野猿,やえん,야엔,야생 원숭이,N1,Wild monkey
60210,堂宇,どうう,도우우,전당 (건물),N1,Temple building
54870,山門,さんもん,산몬,산문,N1,Temple gate
37081,貪る,むさぼる,무사보루,탐하다,N1,to indulge in; to covet; to eat greedily
14527,山間,さんかん,산칸,산간,N1,Among the mountains
9887,業界,ぎょうかい,교우카이,업계,N3,Industry; business world
36651,見通し,みとおし,미토오시,전망,N1,perspective; outlook; visibility
262,亜鉛,あえん,아엔,아연,N1,Zinc
57875,白羽,しらは,시라하,흰 깃,N1,White feather
11885,降雨,こうう,코우우,강우,N1,Rainfall; rain
105147,遠近,えんきん,엔킨,원근,N1,Distance; perspective
36187,漫歩,まんぽ,만포,"산책, 만보",N1,stroll; ramble
52077,犬猿,けんえん,켄엔,견원,N1,dog and cat (bad terms)
33621,文鳥,ぶんちょう,분쵸우,문조,N1,Java sparrow
53192,久遠,くおん,쿠온,영원,N2,eternity
33904,平年,へいねん,헤이넨,평년,N1,normal year; average year
18534,上質,じょうしつ,죠우시츠,"고급,상질",N2,high quality
14566,散策,さんさく,산사쿠,산책,N1,Stroll; ramble; walk
29991,ハナゾノ,はなぞの,하나조노,꽃동산,N1,Flower garden
31584,独り立ち,ひとりだち,히토리다치,"홀로서기, 자립",N1,independence; standing on one's own
25856,党,とう,토우,당,N2,"political party, faction"
27974,鉛色,なまりいろ,나마리이로,납빛,N1,"lead-colored, grayish-blue"
10199,口煩い,くちうるさい,쿠치우루사이,잔소리가 심한,N1,Nagging; fussy; talkative
25861,塔,とう,토우,탑,N3,"tower, pagoda"
6513,化する,かする,카스루,변화하다,N1,To change into; to transform
5407,音韻,おんいん,온인,음운,N1,Phoneme; vocal sound
2829,隠忍,いんにん,인닌,인내,N1,Endurance; patience
175813,羽根飾り,はねかざり,하네카자리,날개장식,N1,Feather decoration
70014,類人,るいじん,루이진,유인,N1,Anthropoid (ape)
68710,じめじめ,じめじめ,지메지메,축축,N1,Damp; humid; gloomy
66799,水浸し,みずびたし,미즈비타시,물에 잠기다,N2,Flooded; soaked
53761,黒鉛,こくえん,코쿠엔,흑연,N1,graphite
50788,雲隠れ,くもがくれ,쿠모가쿠레,종적을 감춤,N1,disappearing; going into hiding
36415,魅する,みする,미스루,매료시키다,N1,to charm; to fascinate
36636,密約,みつやく,미츠야쿠,밀약,N1,secret agreement
27261,土砂,どしゃ,도샤,토사,N1,"earth and sand, debris"
4624,大玉,おおだま,오오다마,큰 공,N1,Large ball; large gem
57449,正気,しょうき,쇼우키,제정신,N1,sanity; consciousness; one's senses
61595,手負い,ておい,테오이,부상당함; 다친 사람,N1,wounded; injured; a wounded person
32400,風雲,ふううん,후우운,풍운,N1,wind and clouds; state of affairs
52967,閲歴,えつれき,에츠레키,"이력,열력",N1,career; personal history
28565,入道,にゅうどう,뉴우도우,"출가,뭉구리",N2,"entering the priesthood, giant cloud"
24633,津々,つつ,츠츠,방방,N1,"everywhere, overflowing"
25865,当,とう,토우,저희…. 여기…,N2,"this, the said"
41195,湧き上がる,わきあがる,와키아가루,피어오르다,N1,to well up; to surge; to boil over
47835,委細,いさい,이사이,자세한 사정,N1,details; particulars
18761,じわじわ,じわじわ,지와지와,"서서히, 야금야금",N1,"gradually, steadily, bit by bit"
61913,長唄,ながうた,나가우타,나가우타(전통음악),N1,Nagauta (traditional song)
68398,もくもく,もくもく,모쿠모쿠,뭉게뭉게,N1,Billowing (smoke/clouds)
67247,胸焼け,むねやけ,무네야케,가슴쓰림,N1,Heartburn
38849,委ねる,ゆだねる,유다네루,맡기다,N1,to entrust; to leave to
65517,日永,ひなが,히나가,해가 김,N1,Long day (of spring)
47853,胃酸,いさん,이산,위산,N1,stomach acid
3341,畝,うね,우네,이랑,N4,Ridge (in a field); furrow
37255,名医,めいい,메이이,명의,N1,famous doctor
35963,目の当たり,まのあたり,마노아타리,눈앞에서 직접 봄,N1,just before one's eyes; witnessing
52017,小歌,こうた,코우타,속요,N1,short song (ballad)
89875,溢れ落ちる,あふれおちる,아후레오치루,흘러내리다,N1,to spill over and fall; to overflow and drop
19884,正装,せいそう,세이소우,정장,N1,"formal dress, full dress"
8291,帰依,きえ,키에,귀의,N1,Devotion; conversion (religious)
269962,下される,くだされる,쿠다사레루,내려지다,N1,To be handed down / To be issued
9144,経,きょう,쿄우,경,N4,Sutra; longitude; passage
16403,出土,しゅつど,슈츠도,출토,N1,"excavation, unearthed"
35860,末代,まつだい,마츠다이,"후세,말대",N1,all generations to come; eternity
36150,慢心,まんしん,만신,자만,N1,pride; conceit
37120,無情,むじょう,무죠우,무정,N1,heartless; cruel; cold
1002,雨雲,あまぐも,아마구모,비구름,N1,Rain cloud
25884,答案,とうあん,토우안,답안,N3,examination paper
5106,踊り,おどり,오도리,춤,N2,Dance
13991,作為,さくい,사쿠이,작위,N1,Artifice; contrivance; act
1701,依拠,いきょ,이쿄,의거,N1,Dependence; basis; foundation
30114,食み出す,はみだす,하미다스,튀어나오다,N1,to stick out; to protrude; to overflow
36540,導き出す,みちびきだす,미치비키다스,이끌어내다,N1,to derive; to draw out (a conclusion)
4474,凹凸,おうとつ,오우토츠,요철,N2,Unevenness; rough; bumpy; concavity and convexity
1515,威圧,いあつ,이아츠,위압,N1,Coercion; intimidation; pressure
3430,浦々,うらうら,우라우라,곡곡,N1,Every harbor; every coast
104186,浦,うら,우라,포구,N4,Inlet; bay
49528,畝間,うねま,우네마,고랑 사이,N1,space between ridges (in a field)
90600,通じ合う,つうじあう,츠우지아우,서로 통하다,N1,To communicate/understand each other
94595,泳法,えいほう,에이호우,영법,N1,Swimming style
49527,畝織り,うねおり,우네오리,골덴,N1,ribbed fabric
196095,敷き藁,しきわら,시키와라,깔개 짚,N1,Straw litter / Bedding straw
259631,転がし,ころがし,코로가시,굴리기,N1,Rolling / Reselling
93194,脂っこい,あぶらっこい,아부랏코이,느끼함,N2,Greasy; oily
51178,ぐんと,ぐんと,군토,훨씬,N1,significantly; remarkably
31800,飛来,ひらい,히라이,"날아옴,비래",N1,flying in; coming by air
253396,ぱちり,ぱっちり,팟치리,딱,N1,Snap (camera shutter) / Blink
25887,統一,とういつ,토우이츠,통일,N3,"unity, consolidation, uniformity"
25941,討議,とうぎ,토우기,토의,N1,"discussion, deliberation"
155404,氷上,ひょうじょう,효조,빙상(얼음 위),N1,On the ice
8338,着替え,きがえ,키가에,갈아입음,N1,Changing clothes; spare clothes
84582,クマノ,くまの,쿠마노,구마노,N1,Kumano (place name)
71550,モノクローナル,モノクローナル,모노크로우나루,단일클론,N1,Monoclonal
26041,当然,とうぜん,토우젠,당연히,N2,"natural, as a matter of course"
7332,華麗,かれい,카레이,화려,N1,Splendid; magnificent; gorgeous
26044,逃走,とうそう,토우소우,도주,N2,"flight, desertion, escape"
22164,託する,たくす,타쿠스,"맡기다, 위탁하다",N1,"to entrust, to make a pretext of"
5886,開票,かいひょう,카이효우,개표,N1,Counting votes
26054,到達,とうたつ,토우타츠,도달,N1,"reaching, arrival, attainment"
17320,新香,しんこ(う),신코(우),채소절임,N1,pickles (freshly pickled)
26094,投入,とうにゅう,토우뉴우,투입,N2,"throwing into, investment, release"
26119,投票,とうひょう,토우효우,투표,N2,"voting, poll"
65033,仏前,ぶつぜん,부츠젠,불전,N1,Before the Buddha/altar
44395,勇壮,ゆうそう,유우소우,"용감하고 씩씩함,용장",N1,brave; heroic; grand
47997,歌会,かかい,카카이,가회 (시가 모임),N1,poetry party
39466,詠草,よみくさ,요미쿠사,시고 (초고),N1,draft of a poem
35838,マツオ,まつお,마츠오,마츠오,N1,Matsuo (surname)
35560,幕開け,まくあけ,마쿠아케,개막,N1,opening; beginning (of an era)
26147,透明,とうめい,토우메이,투명,N3,"transparency, clearness"
26154,灯油,とうゆ,토우유,등유,N2,"kerosene, lamp oil"
26158,東洋,とうよう,토우요우,동양,N3,"the Orient, the East"
26178,登録,とうろく,토우로쿠,등록,N2,registration
26180,討論,とうろん,토우론,토론,N2,"debate, discussion"
26190,遠ざかる,とおざかる,토오자카루,"멀어지다,물러가다",N2,"to go away, to fade away"
26200,遠回り,とおまわり,토오마와리,멀리 돌아감,N2,"detour, roundabout way"
26209,通り過ぎる,とおりすぎる,토오리스기루,지나가다,N3,"to pass by, to go past"
26216,兎角,とかく,토카쿠,"이것저것,자칫하면",N1,"apt to, prone to, in any case"
26236,時折,ときおり,토키오리,때때로. 가끔,N2,"sometimes, occasionally"
26258,途切れる,とぎれる,토기레루,도중에 끊어지다,N2,"to be interrupted, to break off"
26350,研ぐ,とぐ,토구,"갈다,닦다",N3,"to sharpen, to grind, to wash (rice)"
26270,得意,とくい,토쿠이,"잘함,득의",N3,"one's forte, pride, customer"
26276,特技,とくぎ,토쿠기,특기,N1,"special skill, specialty"
26279,特産,とくさん,토쿠산,특산,N2,"special product, local specialty"
26288,特集,とくしゅう,토쿠슈우,특집,N3,"feature (story), special issue"
26286,特殊,とくしゅ,토쿠슈,특수,N3,"special, unique, particular"
26291,特色,とくしょく,토쿠쇼쿠,특색,N3,"characteristic, feature"
26315,特長,とくちょう,토쿠쵸우,특징,N2,"forte, merit, special feature"
20477,戦車,せんしゃ,센샤,전차,N1,"tank, chariot"
26317,得点,とくてん,토쿠텐,득점,N2,"score, points made"
25494,点滅,てんめつ,텐메츠,점멸,N1,"flashing, blinking"
18557,浄水,じょうすい,죠우스이,정수,N1,"clean water, water purification"
12013,抗原,こうげん,코우겐,항원,N1,Antigen
11503,激減,げきげん,게키겐,급감,N1,Sharp decrease; plummet
31604,日日,ひにち,히니치,일일,N1,days; every day
7055,カマクラ,かまくら,카마쿠라,가마쿠라,N1,Kamakura (city or snow hut)
29928,発熱,はつねつ,하츠네츠,발열,N1,Generation of heat / fever
6236,確約,かくやく,카쿠야쿠,확약,N1,Definite promise; commitment
68246,目元,めもと,메모토,눈가,N1,Area around the eyes
3461,裏話,うらばなし,우라바나시,"뒷이야기,비화",N1,Inside story; untold story
3743,描く,えがく,에가쿠,그리다,N5,To draw; to paint; to sketch
27287,ドック,ドック,돗쿠,도크 (선거),N1,dock
241828,貸し切り,かしきり,카시키리,대관,N2,Reserved / Chartered / Private use
26355,溶け込む,とけこむ,토케코무,녹아들다,N2,"to melt into, to blend into"
177936,耳抜き,みみぬき,미미누키,귀 압력 조절,N1,Equalizing ear pressure
26359,溶ける,とける,토케루,녹다,N3,"to melt, to dissolve"
26372,床屋,とこや,토코야,이발소,N4,"barbershop, barber"
26377,所々,ところどころ,토코로도코로,군데군데,N2,"here and there, several places"
26384,登山,とざん,토잔,등산,N4,mountain climbing
26390,都市,とし,토시,도시,N4,"town, city, municipal"
34403,抱懐,ほうかい,호우카이,"생각을 품음,포회",N2,harboring (thoughts); cherishing
16992,初診,しょしん,쇼신,초진,N1,first medical exam
18473,場,じょう,죠우,장,N1,"place, spot, occasion"
26401,年頃,としごろ,토시고로,알맞은 나이. 적령. 혼기,N2,"approximate age, marriageable age"
68952,溶媒,ようばい,요우바이,용매,N1,Solvent
24010,調子,ちょうし,쵸우시,"곡조,상태",N2,"condition, tune, tone, health"
34869,本,ほん,혼,진짜,N3,real; main; original (prefix)
25154,手違い,てちがい,테치가이,실수,N1,"mistake, blunder, mix-up"
144973,爪切り,つめきり,츠메키리,손톱깎이,N1,Nail clippers
54757,音信,"おんしん,いんしん","온신,인신","소식,음신",N1,Correspondence; news; tidings
15781,指名,しめい,시메이,지명,N1,Name; nomination; designation
42813,潰える,ついえる,츠이에루,"무너지다,궤멸되다",N1,to be frustrated; to collapse; to vanish
39850,乱暴,らんぼう,란보우,난폭,N2,violence; rude; reckless
15317,施術,しじゅつ,시쥬츠,시술,N1,Operation; treatment; procedure
39607,来春,らいしゅん,라이슌,내년 봄,N2,next spring
40309,涼味,りょうみ,료우미,"시원한 맛,량미",N1,coolness; refreshing taste
9436,虚無,きょむ,쿄무,허무,N1,Nihility; nothingness
39578,来院,らいいん,라이인,내원,N1,visiting a hospital
1356,暗証,あんしょう,안쇼우,"암호,암증",N1,"Identification; (as in ""Ansho-bango"" - PIN)"
37781,持ち物,もちもの,모치모노,준비물,N1,property; personal effects
33953,隔てる,へだてる,헤다테루,사이를 막다,N2,to separate; to isolate; to interpose
34170,別荘,べっそう,벳소우,별장,N2,villa; vacation home
34198,別々,ベツベツ,베츠베츠,따로따로,N3,separately; individually
33982,減る,へる,헤루,줄어들다,N4,to decrease; to diminish
381,明き,あき,아키,빈 자리,N1,Opening; vacancy; gap
34002,辺,あたり(へん),아타리(헨),"근처,정도,변",N4,area; vicinity; side (geometry)
34249,弁解,べんかい,벤카이,변해. 변명,N1,explanation; excuse; justification
34013,変革,へんかく,헨카쿠,변혁,N1,reform; revolution; innovation
10654,君,きみ,키미,너,N1,you
34015,返還,へんかん,헨칸,반환,N1,return; restoration; restitution
34253,便宜,べんぎ,벤기,편의,N1,convenience; accommodation; benefit
34024,偏見,へんけん,헨켄,편견,N1,prejudice; bias
38542,遣る気,やるき,야루키,할 마음,N3,motivation; drive
21676,隊員,たいいん,타이인,대원,N1,member (of a squad/party)
49141,岩塩,がんえん,간엔,암염,N1,rock salt
4084,選び,えらび,에라비,선택,N2,Selection; choice
1873,萎縮,いしゅく,이슈쿠,위축,N1,Wither; atrophy; shrinking; flinching
8545,傷口,きずぐち,키즈구치,상처,N3,(Opening of a) wound
22333,佇む,たたずむ,타타즈무,우두커니 서다,N2,"to stand still, to loiter"
99041,ちゅんちゅん,ちゅんちゅん,츈츈,짹짹,N1,Chirp chirp (bird sound)
265089,一尉,いちい,이치이,"일위(자위대 계급, 대위)",N1,Captain (JSDF rank) / First Lieutenant
8277,奇異,きい,키이,기이함,N1,Odd; strange; eccentric
38673,有数,ゆうすい,유우스이,유수,N1,prominent; leading; one of the best
39068,養子,ようし,요우시,양자,N1,adopted child
34026,変更,へんこう,헨코우,변경,N5,change; modification; alteration
2333,異同,いどう,이도우,"차이, 다름",N1,Difference; similarity and difference
5752,会食,かいしょく,카이쇼쿠,회식,N2,Dining together; mess
62209,慰む,なぐさむ,나구사무,위로하다,N1,To be comforted; to amuse oneself
87267,縫い付ける,ぬいつける,누이츠케루,꿰메다,N1,To sew on
94248,食べ残し,たべのこし,타베노코시,남은음식,N1,Leftovers (food)
71597,泣き喚く,なきわめく,나키와메쿠,울부짖다,N1,To bawl; to scream and cry
2208,一身,いっしん,잇신,한 몸,N1,One's person; oneself
2512,慰問,いもん,이몬,위문,N1,Inquiry after someone's health; consolation visit
34029,返済,へんさい,헨사이,변제,N2,repayment; reimbursement
27783,慰め,なぐさめ,나구사메,위로,N1,"comfort, consolation"
2618,慰労,いろう,이로우,위로,N1,Recognition of services; appreciation
24664,都度,つど,츠도,그때마다,N1,"each time, whenever"
17284,新居,しんきょ,신쿄,신거 (새 집),N1,new home/residence
34038,編集,へんしゅう,헨슈우,편집,N3,editing; compilation
34801,微笑み,ほほえみ,호호에미,미소,N1,smile
1517,慰安,いあん,이안,위안,N1,Solace; comfort; recreation
67427,迷妄,めいもう,메이모우,"어둡고 그릇됨,미망",N1,Delusion; illusion
47730,尉官,いかん,이칸,위관,N1,company grade officer (Lieut/Capt)
24780,艶,つや,츠야,윤기,N4,"gloss, glaze, luster"
15977,写本,しゃほん,샤혼,사본,N1,Manuscript; transcript; codex
23988,釣魚,ちょうぎ,쵸우기,"조어,낚은 생선",N1,"fishing, angling"
22864,丹念,たんねん,탄넨,"성심, 단념",N1,"diligent, thorough, painstaking"
12839,異,こと,코토,"다름, 별개",N4,Difference; strange
11179,血縁,けつえん,케츠엔,혈연,N1,Blood relation
10094,草木,くさき,쿠사키,초목,N1,Plants; vegetation
8815,気まずい,きまずい,키마즈이,"서먹하다, 거북하다",N1,Awkward; unpleasant
15766,染み付く,しみつく,시미츠쿠,배어들다,N1,to soak in; to be ingrained
34868,本,ぽん,폰,개,N1,counter for long cylindrical objects
7999,楽,がく,가쿠,악,N1,music
60946,響動めく,どよめく,도요메쿠,술렁이다,N2,To be noisy; to be in a stir; to resound
49426,感涙,かんるい,칸루이,"감격의 눈물,감루",N1,tears of gratitude
41962,大尉,たいい,타이이,대위,N1,Captain (Army); Lieutenant (Navy)
47731,偉観,いかん,이칸,"장관,위관",N1,magnificent sight
42429,慰み,なぐさみ,나구사미,"위안,즐거움",N1,amusement; consolation; diversion
46326,妖艶,ようえん,요우엔,요염,N1,voluptuous; bewitchingly beautiful
33247,奮起,ふんき,훈키,"분발,분기",N2,rousing oneself; being inspired
53651,桜色,さくらいろ,사쿠라이로,벚꽃색,N1,cherry blossom pink
47482,色艶,いろつや,이로츠야,"윤기, 화색",N1,gloss; luster; charm
33496,振る,ぶる,부루,흔들다,N1,振る
61880,茶菓,さか,사카,"다과, 차과",N1,Tea and cakes
45735,前菜,ぜんさい,젠사이,전채,N1,appetizer; hors d'oeuvre
30018,華やぐ,はなやぐ,하나야구,흥겨워지다,N2,To become brilliant / to brighten up
6715,渦中,かちゅう,카츄우,"한가운데,과중",N1,Whirlpool; midst of (scandal/war)
39177,過る,よぎる,요기루,지나가다,N1,to pass by; to cross (one's mind)
13652,再嫁,さいか,사이카,재혼,N1,Remarriage (of a woman)
31662,姫,ひめ,히메,공주,N4,princess; young lady of noble birth
59014,手向ける,たむける,타무케루,바치다,N2,To offer (to a spirit); to give as a parting gift
7429,川面,かわも,카와모,강의 수면,N2,Surface of the river
17253,深奥,しんおう,신오우,심오,N1,"profound, esoteric, depths"
49459,既往,きおう,키오우,"기왕, 과거",N1,the past; previous
47187,渦潮,うずしお,우즈시오,와류,N1,whirlpool; swirling tide
65876,葉桜,はざくら,하자쿠라,잎벚꽃,N1,Cherry tree with young leaves (after blossoms fall)
19182,濯ぐ,すすぐ,스스구,씻다,N1,"to rinse, to wash out"
14558,散華,さんげ,산게,산화,N1,Glorious death (often in battle); scattering of flowers
12464,呼応,こおう,코오우,호응,N1,Hailing each other; in concert with
194412,汚れ物,よごれもの,요고레모노,더러워진 것,N1,Dirty laundry / Soiled items
94945,凹,おう,오우,오목,N4,Concave; hollow
19711,セイオウ,セイオウ,세이오우,서구,N1,Western Europe
119779,渡欧,とおう,토오우,"유럽으로 감,도구",N1,Going to Europe
67327,名家,めいか,메이카,명문가,N1,Distinguished family
35784,間近,まじか,마지카,가까이,N2,proximity; soon; nearby
8628,汚らしい,きたならしい,키타나라시이,"지저분하다, 추잡하다",N1,Filthy; dirty; seedy
5049,汚点,おてん,오텐,오점,N1,Stain; blot; smear; flaw
61522,帝王,ていおう,테이오우,제왕,N1,Emperor; monarch
52739,香華,こうげ,코우게,향과 꽃,N1,incense and flowers (offering)
48864,嫁する,かする,카스루,시집가다,N1,to marry (of a woman); to lay blame
31853,昼過ぎ,ひるすぎ,히루스기,정오를 조금 지남,N1,early afternoon
10233,口汚し,くちよごし,쿠치요고시,음식이 부족함,N1,Poor treat (humble way to offer food)
34262,便所,べんじょ,벤죠,변소,N2,toilet; lavatory
34260,弁償,べんしょう,벤쇼우,변상,N1,compensation; indemnification
26440,途上,とじょう,토죠우,도상. 도중,N2,"en route, in the middle of"
34058,変遷,へんせん,헨센,변천,N1,transition; vicissitudes; changes
34075,返答,へんとう,헨토우,대답,N1,answer; reply; response
26433,年寄り,としより,토시요리,노인,N3,elderly person
19720,製菓,せいか,세이카,제과,N1,confectionery making
33996,変,へん,헨,"이상,변",N4,strange; odd; change
34284,弁論,べんろん,벤론,변론. 웅변(대회),N1,debate; discussion; oral argument
35042,防火,ぼうか,보우카,방화,N1,fireproofing; fire prevention
34402,崩壊,ほうかい,호우카이,붕괴,N2,collapse; crumbling; breakdown
35046,妨害,ぼうがい,보우가이,방해,N1,obstruction; interference; hindrance
34414,法学,ほうがく,호우가쿠,법학,N1,law; jurisprudence
35056,冒険,ぼうけん,보우켄,모험,N2,adventure; venture; risk
34440,方向,ほうこう,호우코우,방향,N4,direction; orientation; course
34442,報告,ほうこく,호우코쿠,보고,N5,report; information
34447,方策,ほうさく,호우사쿠,방책,N1,plan; policy; measure
34448,豊作,ほうさく,호우사쿠,풍작,N3,abundant harvest; bumper crop
34451,奉仕,ほうし,호우시,봉사,N1,service; attendance; (bargain)
35070,防止,ぼうし,보우시,방지,N2,prevention; check
34455,方式,ほうしき,호우시키,방식,N2,method; system; formula
34457,放射,ほうしゃ,호우샤,방사,N2,radiation; emission
34458,報酬,ほうしゅう,호우슈우,보수,N2,remuneration; reward; fee
34460,放出,ほうしゅつ,호우슈츠,방출,N2,release; discharge; emission
34497,包装,ほうそう,호우소우,포장,N2,packaging; wrapping
34499,放送,ほうそう,호우소우,방송,N4,broadcasting
34504,包帯,ほうたい,호우타이,붕대,N2,bandage; dressing
35088,膨大,ぼうだい,보우다이,방대,N2,huge; vast; enormous
35093,膨張,ぼうちょう,보우쵸우,팽창,N1,expansion; swelling; inflation
34523,方程,ほうてい,호우테이,방정식,N2,equation (mathematics)
35100,暴動,ぼうどう,보우도우,폭동,N1,riot; uprising; disturbance
35096,冒頭,ぼうとう,보우토우,서두,N2,beginning; start; opening
34549,褒美,ほうび,호우비,포상. 상,N2,prize; reward
35108,暴風,ぼうふう,보우후우,폭풍,N2,storm; windstorm
34568,葬る,ほうむる,호우무루,매장하다,N1,to bury; to inter; to shelve
34570,方面,ほうめん,호우멘,방면. 분야,N3,direction; district; field
35111,坊や,ぼうや,보우야,"도련님, 꼬마",N2,boy; sonny
34581,放り出す,ほうりだす,호우리다스,내던지다,N1,to throw out; to abandon
34582,法律,ほうりつ,호우리츠,법률,N4,law
35115,暴力,ぼうりょく,보우료쿠,폭력,N2,violence; brute force
34589,放る,ほうる,호우루,내던지다. 내버려두다,N2,to throw; to toss; to leave alone
34611,補給,ほきゅう,호큐우,보급,N3,supply; replenishment
34612,補強,ほきょう,호쿄우,보강,N1,reinforcement; strengthening
35132,僕-代名詞,ぼく,보쿠,나,N4,I (masculine; boku)
35135,牧師,ぼくし,보쿠시,목사,N1,pastor; minister; priest
34645,捕鯨,ほげい,호게이,포경,N1,whaling
34687,補助,ほじょ,호죠,보조,N2,assistance; support; subsidy
34678,保証,ほしょう,호쇼우,보증,N3,guarantee; security; warranty
34679,保障,ほしょう,호쇼우,보장,N3,guarantee; security; (social) security
34680,補償,ほしょう,호쇼우,보상,N3,compensation; reparation
34700,舗装,ほそう,호소우,포장,N1,pavement; road surfacing
34707,補足,ほそく,호소쿠,"부족분을 채움,보족",N1,supplement; complement
34717,保存,ほぞん,호존,보존,N4,preservation; storage; saving
35175,墓地,ぼち,보치,묘지,N1,cemetery; graveyard
34730,ホッキョク,ほっきょく,홋쿄쿠,북극,N2,North Pole (Hokkyoku)
34735,発作,ほっさ,홋사,발작,N2,fit; spasm; attack
35184,没収,ぼっしゅう,봇슈우,몰수,N1,forfeiture; confiscation
34741,発足,ほっそく,홋소쿠,발족,N1,starting; inauguration; launch
35025,坊,ぼう,보우,꼬마,N2,boy; monk; cell
35193,没落,ぼつらく,보츠라쿠,몰락,N1,ruin; downfall; collapse
34772,歩道,ほどう,호도우,보도,N4,sidewalk; pavement
34787,炎,ほのお,호노오,불꽃,N3,flame; blaze
34804,略,ほぼ,호보,거의. 대부분,N3,abbreviation; omission; outline (Ryak-)
35216,ぼやく,ぼやく,보야쿠,투덜대다,N1,to grumble; to complain
35217,ぼやける,ぼやける,보야케루,부예지다,N2,to become dim; to be blurred
34813,保養,ほよう,호요우,보양,N1,health preservation; recreation
34840,捕虜,ほりょ,호료,포로,N2,prisoner of war (POW)
34842,掘る,ほる,호루,파다. 구멍을 뚫다. 캐다,N2,to dig; to excavate; to tunnel
34841,彫る,ほる,호루,새기다,N2,to carve; to engrave; to tattoo
35240,襤褸,ぼろ,보로,"누더기, 결점",N2,rag; scrap; flaw/fault
34861,滅ぼす,ほろぼす,호로보스,멸망시키다. 없애다,N1,to ruin; to destroy; to overthrow
34879,本館,ほんかん,혼칸,본관,N1,main building
34882,本気,ほんき,혼키,본마음. 진심. 본정신,N4,seriousness; earnestness
34899,本国,ほんごく,혼고쿠,본국,N2,one's own country; home country
34905,本質,ほんしつ,혼시츠,본질,N2,essence; substance; nature
34932,本体,ほんたい,혼타이,본체,N1,main part; body; unit
34950,本人,ほんにん,혼닌,본인,N3,the person in question; the person himself
34954,本能,ほんのう,혼노우,본능,N1,instinct
34959,本部,ほんぶ,혼부,본부,N3,headquarters; head office
34960,本文,ほんぶん,혼분,본문,N1,text; body of a letter
34971,本名,ほんみょう,혼묘우,본명,N2,real name
34975,本物,ほんもの,혼모노,진짜,N3,genuine article; the real thing
34978,翻訳,ほんやく,혼야쿠,번역,N3,translation
34980,本来,ほんらい,혼라이,본래,N2,originally; primarily; by nature
35437,毎晩,まいばん,마이반,매일 밤. 밤마다,N5,every evening
35454,舞う,まう,마우,"흩날리다, 춤추다",N3,to dance; to flutter; to soar
35456,真上,まうえ,마우에,바로 위,N1,just above; right overhead
35468,前売り,まえうり,마에우리,예매,N1,advance sale
35469,前置き,まえおき,마에오키,서론. 머리말. 서문,N1,introduction; preface
35498,負かす,まかす,마카스,지게 하다. 이기다,N1,to defeat; to beat
35500,任せる,まかせる,마카세루,맡기다. 위임하다,N3,to entrust; to leave to
35501,賄う,まかなう,마카나우,조달하다,N1,to board; to supply; to pay (costs)
35552,紛れる,まぎれる,마기레루,헷갈리다. 분간 못하다,N1,to be distracted; to be confused; to slip into
35555,幕,まく,마쿠,막,N2,curtain; act (of a play); end
35557,膜,まく,마쿠,막,N4,membrane; film; coating
35573,枕,まくら,마쿠라,베개,N2,pillow
35593,曲げる,まげる,마게루,구부리다,N3,to bend; to twist; to distort
35633,摩擦,まさつ,마사츠,마찰,N2,friction; rubbing; discord
35666,混ざる,まざる,마자루,섞이다,N3,to be mixed; to be blended
35699,増す,ます,마스,늘어나다. 많아지다,N3,to increase; to grow
35683,交える,まじえる,마지에루,섞다,N2,to exchange; to cross; to include
35754,待ち合い,まちあい,마치아이,대합,N2,waiting room; meeting place
35755,待ち合わせ,まちあわせ,마치아와세,만나기로 약속함,N3,appointment; meeting (someone)
35760,町角,まちかど,마치카도,길모퉁이,N3,street corner
35776,待ち望む,まちのぞむ,마치노조무,손꼽아 기다리다,N1,to look forward to; to anticipate
35748,未だ未だ,まだまだ,마다마다,아직 멀었다,N3,still more; not yet
35484,前歯,まえば,마에바,앞니,N1,front tooth
35613,まさか,まさか,마사카,설마,N2,by no means; surely (not)
35308,ぽっかり,ぽっかり,폿카리,붕,N1,lightly; gaping wide
35693,交じり,まじり,마지리,"섞인 것, 죽",N1,mixture; mixed with
34137,べし,べし(べき),베시(베키),"마땅, 당연",N5,should; must; ought to (literary)
35321,ぽつん,ぽつん,포츤,"툭, 덩그러니",N2,alone; isolated; a small dot
34420,放棄,ほうき,호우키,"방기, 포기",N2,abandonment; renunciation; waiver
34387,包囲,ほうい,호우이,포위,N2,siege; encirclement; surrounding
34615,北緯,ほくい,호쿠이,북위,N1,north latitude
35102,忘年,ぼうねん,보우넨,망년,N2,forgetting the year (as in Bonenkai party)
34915,本心,ほんしん,혼신,본심,N1,true feelings; real intention
35743,瞬く,またたく,마타타쿠,깜빡이다,N2,to twinkle; to flicker; to blink
34544,奉納,ほうのう,호우노우,봉납,N3,dedication; offering (to a shrine)
34985,翻弄,ほんろう,혼로우,"번롱, 농락",N2,to toy with; to make sport of
35380,真新しい,まあたらしい,마아타라시이,아주 새로운,N1,brand new
35260,煩悩,ぼんのう,본노우,번뇌,N1,worldly desires; passions
35081,傍線,ぼうせん,보우센,"밑줄,보선",N1,side line; underline
34085,変貌,へんぼう,헨보우,변모,N1,transfiguration; transformation
34754,北方,ほっぽう,홋포우,북방,N1,northern direction; the north
35155,墓参,ぼさん,보산,성묘,N1,visiting a grave
34575,包容,ほうよう,호우요우,포용,N1,tolerance; capacity; inclusion
35188,勃発,ぼっぱつ,봇파츠,발발,N1,outbreak; sudden occurrence
34930,奔走,ほんそう,혼소우,분주히 뛰어다님,N1,running about; making efforts
34894,翻刻,ほんこく,혼코쿠,번각,N1,reprinting; republication
34115,米作,べいさく,베이사쿠,쌀농사,N1,rice crop; rice cultivation
34107,米価,べいか,베이카,쌀값,N1,rice price
35156,母子,ぼし,보시,모자,N1,mother and child
34774,解く,ほどく,호도쿠,풀다,N1,to untie; to solve; to answer
35782,待ち侘びる,まちわびる,마치와비루,애타게 기다리다,N1,to be tired of waiting
34704,細切り,ほそぎり,호소기리,채썰기,N1,shredding; cutting into strips
34199,別名,べつめい,베츠메이,별명,N1,alias; pseudonym; another name
35409,舞い込む,まいこむ,마이코무,날아들다,N1,to drop in; to come in unexpectedly
26435,都心,としん,토신,도심,N3,"city center, heart of the city"
26455,戸棚,とだな,토다나,찬장,N2,"cupboard, locker, closet"
26456,土地,とち,토치,토지,N4,"land, soil, locality"
26471,特急,とっきゅう,톳큐우,특급,N4,limited express (train)
26474,疾っく,とっくに,톳쿠니,훨씬 전에. 벌써,N2,"long ago, already"
26477,特権,とっけん,톳켄,특권,N2,"privilege, special right"
26499,突如,とつじょ,토츠죠,갑자기. 별안간,N2,"suddenly, all of a sudden"
26488,突破,とっぱ,톳파,돌파,N2,"breakthrough, penetration"
26509,届く,とどく,토도쿠,닿다,N5,"to reach, to arrive"
26510,届け,とどけ,토도케,신고(서),N3,"report, notification"
26515,滞る,とどこおる,토도코오루,정체하다. 막히다. 밀리다,N2,"to stagnate, to be delayed"
26531,兎に角,とにかく,토니카쿠,하여간,N2,"anyway, at any rate"
26536,殿,との,토노,주군,N3,"lord, master, Mr./Ms. (honorific)"
26559,飛び込む,とびこむ,토비코무,뛰어들다,N3,"to jump in, to dive"
26569,扉,とびら,토비라,문짝,N3,"door, gate"
26581,徒歩,とほ,토호,도보. 걸어서 감,N3,"walking, on foot"
26586,恍ける,とぼける,토보케루,"시치미뗴다,얼빠지다",N2,"to feign ignorance, to play the fool"
26587,乏しい,とぼしい,토보시이,모자라다. 부족하다. 결핍하다,N2,"scarce, meager, poor"
26605,泊まる,とまる,토마루,묵다,N4,to stay (overnight)
11250,剣,けん,켄,검,N4,Sword
98789,乙種,おつしゅ,오츠슈,을종,N2,Class B; second type
100650,卸商,おろししょう,오로시쇼,도매상,N1,Wholesaler
9776,ぎくしゃく,ぎくしゃく,기쿠샤쿠,삐걱,N1,Awkward; stiff; jerky
172819,読み合わせる,よみあわせる,요미아와세루,읽어가며 맞추어보다,N1,To read together/verify
70512,藪蚊,やぶか,야부카,"산모기, 숲모기",N1,Bush mosquito
8047,楽屋,がくや,가쿠야,대기실 (분장실),N1,Dressing room; backstage
64432,彼我,ひが,히가,피아,N1,Self and others
59663,専横,せんおう,센오우,전횡,N1,Tyranny; high-handedness
54997,穏和,おんわ,온와,온화,N1,Gentle; mild; moderate
56856,唱歌,しょうか,쇼우카,창가,N1,Singing; song; school song
42826,奇怪,きかい,키카이,기괴,N1,strange; weird; mysterious
50030,奥底,おくそこ,오쿠소코,마음 깊은 곳,N1,depths; bottom of one's heart
5824,怪談,かいだん,카이단,괴담,N1,Ghost story
39238,横たわる,よこたわる,요코타와루,가로눕다,N1,to lie down; to recline
37257,名演,めいえん,메이에ㄴ,명연기,N1,famous performance
26628,富む,とむ,토무,풍부하다,N2,"to be rich in, to abound in"
6102,歌曲,かきょく,카쿄쿠,가곡,N1,Melody; song
50039,億万,おくまん,오쿠만,억만,N1,hundreds of millions
35022,母音,ぼいん,보인,모음,N1,vowel
29095,残り物,のこりもの,노코리모노,남은 것,N1,Leftovers
36637,密輸,みつゆ,미츠유,밀수,N1,smuggling
32601,福音,ふくいん,후쿠인,복음,N1,Gospel; good news
21708,待機,たいき,타이키,대기,N2,"standing by, alert"
50040,長者,ちょうじゃ,쵸우쟈,"장자, 큰 부자",N1,millionaire; wealthy person
30843,伴奏,ばんそう,반소우,반주,N1,accompaniment (musical)
731,温か,あたたか,아타타카,따뜻함,N1,Warm; mild; (referring to atmosphere)
52606,甲乙,こうおつ,코우오츠,갑을,N2,A and B; superiority or inferiority
4502,横領,おうりょう,오우료우,횡령,N1,Embezzlement; usurpation
1147,改まる,あらたまる,아라타마루,"새로워지다, 격식을 차리다",N1,To be renewed; to be formal
48997,蚊柱,かばしら,카바시라,모기 기둥,N1,swarm of mosquitoes
49843,我流,がりゅう,가류우,자기식(아류),N1,one's own style
46537,怪しむ,あやしむ,아야시무,의심하다,N1,to suspect; to doubt
43075,寸暇,すんか,슨카,촌각,N1,spare moment; little leisure
43136,寡婦,かふ,카후,과부,N1,widow
33833,平穏,へいおん,헤이온,평온,N2,peaceful; quiet; calm
15866,謝恩,しゃおん,샤온,사은,N1,Gratitude; return of a favor
26639,泊める,とめる,토메루,묵게 하다,N4,"to give shelter to, to lodge"
26653,兎も角,ともかく,토모카쿠,하여간,N2,"anyhow, in any case"
26667,共働き,ともばたらき,토모바타라키,맞벌이,N1,"dual income, both spouses working"
26821,鳥肉,とりにく,토리니쿠,닭고기,N5,"chicken meat, poultry"
5645,開演,かいえん,카이엔,공연 시작,N1,Start of a performance
4820,憶測,おくそく,오쿠소쿠,억측,N1,Guess; speculation; conjecture
24330,追憶,ついおく,츠이오쿠,추억,N1,"recollection, reminiscence"
5420,温厚,おんこう,온코우,온후함,N1,Gentle; mild-mannered
7284,駆り立てる,かりたてる,카리타테루,휘몰다,N1,To urge; to impel; to drive
102723,煮魚,にざかな,니자카나,생선 조림,N1,Boiled/simmered fish
119221,窓側,まどがわ,마도가와,창측,N1,Window side
15893,尺八,しゃくはち,샤쿠하치,"퉁소,샤쿠하치",N1,Shakuhachi (bamboo flute)
8059,画質,がしつ,가시츠,화질,N1,Image quality
5378,愚かしい,おろかしい,오로카시이,어리석은,N1,Foolish; absurd; ridiculous
67303,見破る,みやぶる,미야부루,간파하다,N1,To see through (a trick/lie)
67713,無水,むすい,무스이,무수,N1,Anhydrous; waterless
63854,早打ち,はやうち,하야우치,"파발,속사",N1,Rapid typing/firing
62735,抜け駆け,ぬけがけ,누케가케,선수치기,N1,Stealing a march on others; getting a head start
2640,祝い事,いわいごと,이와이고토,"경사, 축하할 일",N1,Happy event; celebration
37960,盛り上げる,もりあげる,모리아게루,분위기를 띄우다,N1,to liven up; to pile up
33563,分岐,ぶんき,분키,분기,N1,divergence; junction; fork
8529,机上,きじょう,키죠우,책상 위 (탁상공론 등),N1,On the desk; theoretical; academic
53183,空論,くうろん,쿠우론,공론,N1,empty theory
50802,愚問,ぐもん,구몬,우문,N1,stupid question
53126,遇する,ぐうする,구우스루,대우하다,N1,to treat; to entertain
47389,安危,あんき,안키,안위,N1,safety; fate; welfare
42469,虚空,こくう,코쿠우,허공,N1,empty space; the void
46913,甘辛い,あまからい,아마카라이,달콤짭짤하다,N1,sweet and salty
39679,落石,らくせき,라쿠세키,낙석,N2,falling rocks
39846,乱発,らんぱつ,란파츠,남발,N1,overissue (of notes/orders)
37121,無人,むじん,무진,무인,N2,unmanned; uninhabited
36894,明星,みょうじょう,묘우죠우,샛별,N1,bright star; Venus; star (celebrity)
34639,解す,ほぐす,호구스,풀다,N1,to understand; to interpret; to solve
11533,劇薬,げきやく,게키야쿠,극약,N1,Powerful drug; deadly poison
11922,公開,こうかい,코우카이,공개,N1,Open to the public; release
26826,取り除く,とりのぞく,토리노조쿠,제거하다,N1,"to remove, to get rid of"
10645,企て,くわだて,쿠와다테,"계획, 기도",N1,Plan; plot; scheme
26833,取り引き,とりひき,토리히키,거래,N5,"transaction, deal, trade"
26837,取り巻く,とりまく,토리마쿠,둘러싸다,N1,"to surround, to encircle"
26842,取り戻す,とりもどす,토리모도스,되찾다,N2,"to take back, to regain"
10028,空虚,くうきょ,쿠우쿄,공허,N1,Emptiness; hollow; vacancy
9573,岐路,きろ,키로,기로,N1,Crossroads; turning point
8771,希薄,きはく,키하쿠,희박함,N1,Thin; diluted; sparse; weak
26850,取り寄せる,とりよせる,토리요세루,"끌어오다,주문하다",N1,"to order, to send for"
25336,店,てん(みせ),텐(미세),가게,N5,"shop, store"
22124,多岐,たき,타키,여러갈래,N1,"diverse, manifold, wide-ranging"
11515,撃退,げきたい,게키타이,격퇴,N1,Repulse; drive back
10118,駆使,くし,쿠시,구사,N1,Free use; having good command of
10203,駆逐,くちく,쿠치쿠,구축 (몰아냄),N1,Extermination; expulsion; destroyer (ship)
9404,挙手,きょしゅ,쿄슈,거수,N1,Raising one's hand; salute
9419,許諾,きょだく,쿄다쿠,허락,N1,Consent; permission; license
304721,戸建ち,ほだち,호다치,~호건물,N1,Detached house
7349,軽やか,かろやか,카로야카,"가뿐함, 경쾌함",N1,Light; airy; nimble
5994,顔見世,かおみせ,카오미세,첫선,N1,First appearance; debut (kabuki)
68896,写経,しゃきゅう,샤큐우,"경문을 베낌, 사경",N1,Sutra copying
6962,兼ねる,かねる,카네루,겸하다,N1,To serve two purposes
5395,終わり頃,おわりごろ,오와리고로,끝날 무렵,N1,Toward the end
65237,不屈,ふくつ,후쿠츠,불굴,N1,Indomitable; persistent
58925,雪渓,せっけい,셋케이,"눈 쌓인 계곡,설계",N1,Snowy valley
29527,計らい,はからい,하카라이,"주선, 처치",N1,Arrangement / management
58940,節倹,せっけん,셋켄,절검,N1,Economy; thrift
51522,恵贈,けいぞう,케이조우,혜증,N1,gift (honorific)
12368,広報,こうほう,코우호우,홍보,N1,Public relations; PR
42882,寒暖,かんだん,칸단,"한난, 춥고 더움",N1,heat and cold; temperature
51603,渓流,けいりゅう,케이류우,"계곡물,계류",N1,mountain stream
51653,経文,きょうもん,쿄우몬,경문,N1,sutras
52256,肩章,けんしょう,켄쇼우,견장,N1,epaulet; shoulder strap
52486,勤倹,きんけん,킨켄,근검,N1,thrift and industry
25462,天皇,てんのう,텐노우,천황,N3,Emperor (of Japan)
47037,恵方,えほう,에호우,길한 방향,N1,lucky direction
36681,見直し,みなおし,미나오시,재검토,N2,review; reconsideration
25366,転機,てんき,텐키,"전기, 전환점",N2,turning point
9731,金利,きんり,킨리,금리,N1,Interest rate
43181,前掲,ぜんけい,젠케이,"앞에 게재,전게",N1,above-mentioned; aforementioned
22701,絶やす,たやす,타야스,꺼뜨리다,N1,"to let die out, to exhaust, to eradicate"
44036,必携,ひっけい,힛케이,필수 휴대,N1,handbook; manual; must-have
36575,みっちり,みっちり,밋치리,착실히,N1,severely; intensely; fully
25631,でこ,でこ,데코,이마,N2,"forehead, brow"
26767,執り行なう,とりおこなう,토리오코나우,거행하다,N2,"to hold (a ceremony), to perform"
16507,春風,しゅんぷう,슌푸우,춘풍,N1,spring breeze
13691,債券,さいけん,사이켄,채권,N1,Bond; debenture
20930,沿い,ぞい,조이,~에 따라,N1,along (a road/river)
19010,数値,すうち,수우치,수치,N2,numerical value
10244,掘削,くっさく,쿳사쿠,굴착,N1,Excavation; drilling
13292,建立,こんりゅう,콘류우,건립 (절 등을 세움),N1,Erection; building (a temple/statue)
10519,繰る,くる,쿠루,"넘기다, 풀다",N1,To reel; to spin; to turn (pages)
64111,繁閑,はんかん,한칸,바쁨과 한가함,N1,Busy and quiet (times)
6023,果敢,かかん,카칸,과감,N1,Resolute; determined; bold
11248,兼,けん,켄,겸,N4,And; in addition (suffix)
58893,石棺,せっかん,셋칸,석관,N1,Sarcophagus; stone coffin
10950,軽視,けんし,켄시,경시,N1,Neglect; slight; despising
39726,落款,らっかん,랏칸,낙관,N1,signature/seal (on art)
6843,家電,かでん,카덴,가전,N1,Household appliances
5784,懐石,かいせき,카이세키,가이세키 (요리),N1,Kaiseki (traditional multi-course meal)
21242,即席,そくせき,소쿠세키,즉석,N1,"extempore, impromptu, instant (food)"
61727,鉄管,てっカン,텟칸,철관,N1,Iron pipe
14732,参列,さんれつ,산레츠,참석,N1,Attendance; presence (at a ceremony)
70823,勇者,ゆうしゃ,유우샤,용자,N2,Hero; brave man
191973,店選び,みせえらび,미세에라비,가게 선정,N1,Choosing a restaurant/shop
43228,定款,ていかん,테이칸,정관,N1,articles of incorporation
39589,来館,らいかん,라이칸,내관,N1,visiting a building/museum
98962,軒数,けんすう,켄스우,호수,N1,Number of houses
87048,極まりない,きわまりない,키와마리나이,한이없다,N1,Extremely; knows no bounds
37270,名曲,めいきょく,메이쿄쿠,명곡,N1,famous music piece
69410,終極,しゅうきょく,슈우쿄쿠,종국,N1,Final; ultimate
65243,福引き,ふくびき,후쿠비키,복권뽑기,N1,Lottery; tombola
7673,閑静,かんせい,칸세이,한적,N1,Quiet; peaceful; tranquil
56333,時局,じきょく,지쿄쿠,시국,N1,Current situation
7525,閑却,かんきゃく,칸캬쿠,한각 (소홀히 여김),N1,Neglect; overlooking
49143,棺桶,かんおけ,칸오케,관,N1,coffin
22303,助け出す,たすけだす,타스케다스,구해내다,N1,"to rescue, to help out"
38034,門外,もんがい,몬가이,문외,N1,outside the gate; (mongai-kan) outsider/layman
7622,勧奨,かんしょう,칸쇼우,"권장, 장려",N1,Encouragement; promotion
12926,拒む,こばむ,코바무,거부하다,N1,To refuse; to reject; to decline
25832,都,と,토,도읍,N4,"metropolis, capital"
13152,根幹,こんかん,콘칸,근간,N1,Root; core; nucleus
15947,借款,しゃっかん,샷칸,차관,N1,Loan; credit
13431,極上,ごくじょう,고쿠죠우,극상,N1,First-rate; finest; top-grade
53567,寛厳,かんげん,칸겐,"관엄, 관대함과 엄격함",N1,leniency and severity
27104,同然,どうぜん,도우젠,다름없음,N1,"just like, same as"
49287,慣性,かんせい,칸세이,관성,N1,inertia
51788,曲面,きょくめん,쿄쿠멘,곡면,N1,curved surface
52957,斤量,きんりょう,킨료우,"무게,근량",N1,weight (in kin units)
26738,捕らわれる,とらわれる,토라와레루,얽매이다,N3,"to be caught, to be seized by (fear/idea)"
17526,新品,しんぴん,신핀,신품,N2,"new article, brand new"
26779,取り組み,とりくみ,토리쿠미,대처,N2,"effort, match (sumo), initiative"
19618,頭巾,ずきん,즈킨,두건,N1,"hood, kerchief"
16343,出棺,しゅっかん,슛칸,출관,N1,carrying a coffin out
9403,居室,きょしつ,쿄시츠,거실,N1,Living room; one's room
9391,局部,きょくぶ,쿄쿠부,국부,N1,Local part; private parts
9186,橋脚,きょうきゃく,쿄우캬쿠,교각,N1,Bridge pier; abutment
19881,成層,せいそう,세이소우,성층,N1,"stratification, stratosphere"
30123,羽目,はめ,하메,"판자벽, 처지",N2,Plight / panel
27898,撫で下ろす,なでおろす,나데오로스,안도하다,N1,"to stroke down, to brush down"
23441,近道,ちかみち,치카미치,지름길,N3,shortcut
30418,反動,はんどう,한도우,반동,N1,reaction; recoil; backlash
49655,奇矯,ききょう,키쿄우,"기괴,기교",N1,eccentric; strange
304198,矯め直す,ためなおす,타메나오스,다시 고치다,N1,To correct / To cure / To aim again
332328,薄絹,うすぎぬ,우스기누,얇은 비단,N1,Thin silk / Sheer silk
37264,名画,めいが,메이가,명화,N2,famous painting; great movie
87167,買い換える,かいかえる,카이카에루,사서 바꾸다,N1,To buy a replacement
51164,強健,きょうけん,쿄우켄,강건,N1,robust health
34613,保菌,ほきん,호킨,보균,N1,carrying (germs/virus)
34910,本書,ほんしょ,혼쇼,본서,N1,this book
140618,絹布,けんぷ,켐푸,견직물(비단),N1,Silk cloth
33575,分遣,ぶんけん,분켄,분견,N1,dispatching; detachment
61689,手触り,てざわり,테자와리,촉감,N2,Feel; texture to the touch
26553,飛び交う,とびかう,토비카우,날아다니다,N2,"to fly about, to flutter"
14232,殺菌,さっきん,삿킨,살균,N1,Sterilization; disinfection
69225,呼び声,よびごえ,요비고에,부르는 소리,N1,Call; cry; shout
26522,都内,とない,토나이,도내,N1,within the (Tokyo) metropolis
59361,矯める,ためる,타메루,바로잡다,N1,To straighten; to correct; to falsify
6907,金物,かなもの,카나모노,철물,N1,Hardware; ironmongery
25904,倒壊,とうかい,토우카이,붕괴,N1,"collapse, destruction (building)"
20248,設営,せつえい,세츠에이,"설치,설영",N1,"construction, setting up (a camp/venue)"
26362,棘,とげ,토게,가시,N2,"thorn, prickle, splinter"
55002,金剛,こんごう,콘고우,금강,N1,Diamond; Adamant; Vajra
18394,純金,じゅんきん,쥰킨,순금,N1,"pure gold, 24k gold"
4846,送り込む,おくりこむ,오쿠리코무,보내주다,N1,To send in; to usher in
11261,険悪,けんあく,켄아쿠,험악,N1,Hostile; threatening; dangerous
24658,勤め,つとめ,츠토메,임무,N2,"service, duty, employment"
63873,遣わす,つかわす,츠카와스,파견하다,N1,To send; to give (to an inferior)
54970,勤行,ごんぎょう,곤교우,불도 수행,N1,Religious services; Buddhist rites
52092,圏外,けんがい,켄가이,권외,N1,out of range
52115,嫌疑,けんぎ,켄기,혐의,N1,suspicion
59993,勤まる,つとまる,츠토마루,감당해내다,N1,To be fit for; to be equal to
18304,数珠,じゅず,쥬즈,"염주,수주",N1,"rosary, prayer beads"
9264,矯正,きょうせい,쿄우세이,교정,N2,Correction; remedy; rectification
9280,鏡台,きょうだい,쿄우다이,경대 (화장대),N1,Dressing table; dresser
6887,金具,かなぐ,카나구,"쇠붙이, 금구",N1,Metal fittings; bracket
6893,金縛り,かなしばり,카나시바리,가위눌림,N1,Sleep paralysis; temporary binding
763,渾名,あだな,아다나,별명,N1,Nickname
58242,人絹,じんけん,진켄,인견,N1,Rayon; artificial silk
52093,遣外,けんがい,켄가이,"해외파견,견외",N1,sending abroad
33398,物品,ぶっぴん,붓핀,물품,N1,goods; articles; commodities
32650,複製,ふくせい,후쿠세이,복제,N1,replica; reproduction
348389,長押し,ながおし,나가오시,길게 누름,N1,Long press (interface)
31215,引き換え,ひきかえ,히키카에,교환,N1,exchange; conversion
28507,入会,にゅうかい,뉴우카이,입회,N1,"admission, joining (a group)"
305136,本状,ほんじょう,혼죠우,"이 서장,본장",N1,This letter / This document
25403,転職,てんしょく,텐쇼쿠,"전직, 이직",N3,changing jobs
7734,感電,かんでん,칸덴,감전,N1,Electric shock
94738,目詰まり,めずまり,메즈마리,먼지로 그물이 막힘,N1,Clogging (filter/mesh)
5921,解約,かいやく,카이야쿠,해약,N1,Cancellation of a contract
25456,天丼,てんどん,텐동,튀김덮밥,N1,tendon (tempura rice bowl)
25793,電灯,でんとう,덴토우,전등,N2,electric light
137116,入店,にゅうてん,뉴우텐,입점,N2,Entering a store
6307,過激,かげき,카게키,과격,N1,Extreme; radical
93232,誤飲,ごいん,고인,오음,N1,Accidental ingestion
156256,本機,ほんき,혼키,본 기기,N1,This machine/aircraft
155456,本券,ほんけん,혼켄,본권,N1,This ticket/voucher
26393,年上,としうえ,토시우에,연상,N1,"older, senior"
26402,年下,としした,토시시타,연하,N1,"younger, junior"
26130,当方,とうほう,토우호우,당측,N1,"us, our side"
36194,満了,まんりょう,만료우,만료,N1,expiration; completion
24301,賃料,ちんりょう,친료우,임대료,N1,rent (fee)
67346,明細,めいさい,메이사이,명세,N1,Details; particulars
474,悪評,あくひょう,아쿠효우,악평,N1,Bad reputation; ill repute
36007,摩耗,まもう,마모우,마모,N1,wear and tear; abrasion
65611,振り替える,ふりかえる,후리카에루,대체,N1,To transfer (funds); to replace
60411,釣り銭,つりせん,츠리센,잔돈,N1,Change (money)
21774,退室,たいしつ,타이시츠,퇴실,N1,leaving a room
25010,提訴,ていそ,테이소,제소,N1,"bringing an action, filing a suit"
34684,保持,ほじ,호지,"보존하고 유지,보지",N1,retention; maintenance; holding
56640,啜り泣く,すすりなく,스스리나쿠,훌쩍거리며 울다,N1,To sob
46654,上げ足,あげあし,아게아시,말꼬투리,N1,tripping up; finding fault
60313,答辞,とうじ,토우지,답사,N1,Formal reply; valedictory address
99003,各階,かくかい,카쿠카이,각층,N1,Each floor
90815,罵り合う,ののしりあい,노노시리아이,서로 욕하다,N1,To exchange insults
20598,扇動,せんどう,센도우,선동,N1,"incitement, instigation"
8585,帰属,きぞく,키조쿠,귀속,N1,Belonging to; affiliation
89756,怒鳴り合う,どなりあう,도나리아우,서로 호통치다,N1,To shout at each other
10210,口先,くちさけ,쿠치사케,입발림,N1,Lip service; words; tip of the mouth
37064,無根,むこん,무콘,무관,N1,groundless; rootless
18422,純正,じゅんせい,쥰세이,"정품,순정",N1,"genuine, pure, authentic"
16113,収支,しゅうし,슈우시,수지,N2,income and expenditure
39226,予告,よこく,요코쿠,예고,N1,notice; preview; trailer
52589,流水,りゅうすい,류우스이,"흐르는 물,유수",N1,running water
50128,押し通す,おしとおす,오시토오스,관철하다,N1,to persist; to push through
37626,盲導,もうどう,모우도우,맹인,N1,guide (for the blind)
34247,弁,べん,벤,말주변,N1,valve; speech; dialect; petal
31938,品位,ひんい,힌이,품위,N1,dignity; grace; nobility
137190,嫌がらせ,いやがらせ,이야가라세,일부러 남이 싫어하는 언행을 함,N1,Harassment; nuisance
87857,問い掛ける,といかける,토이카케루,질문을 던지다,N1,To ask a question
32412,封殺,ふうさつ,후우사츠,"봉쇄,봉살",N1,force out (baseball); suppression
27132,同点,どうてん,도우텐,동점,N1,"tie, draw, same score"
87916,掴み合い,つかみがい,츠카미가이,멱살잡이,N1,Grappling; scuffling
27233,独走,どくそう,도쿠소우,독주,N1,"running alone, being far ahead"
93189,張り合い,はりあい,하리아이,"대립,의욕",N1,Rivalry; worth; encouragement
92329,怒鳴り散らす,どなりちらす,도나리치라스,마구 호통을 쳐대다,N1,To rant and rave; to shout at everyone
27789,投げ,なげ,나게,"던지기,메치기",N1,"throw, fall"
26255,研ぎ澄ます,とぎすます,토기스마스,갈고 닦다,N1,"to sharpen, to hone, to sensitize"
25567,ディベート,ディベート,디베에토,"토론, 디베이트",N2,debate
26065,登頂,とうちょう,토우쵸우,등정,N2,climbing to the top
26314,特徴,とくちょう,토쿠쵸우,특징,N2,"feature, characteristic"
26136,トウホク,とうほく,토우호쿠,토호쿠,N5,Tohoku (region)
119973,剛,ごう,고우,강,N1,Strong; sturdy
26395,年老いる,としおいる,토시오이루,나이가 들다,N1,to grow old
26089,党内,とうない,토우나이,당내,N2,inside the party
69080,横っ飛び,よこっとび,요콧토비,옆으로 뜀,N1,Sideways leap
25329,手渡す,てわたす,테와타스,"건네다,수교하다",N2,"to hand over, to deliver"
25989,当社,どうしゃ,도우샤,당사,N2,"this company, our company"
25660,捏ち上げる,でっちあげる,뎃치아게루,날조하다,N1,"to fabricate, to invent (a story)"
26310,特大,とくだい,토쿠다이,특대,N1,extra-large
58752,代案,だいあん,다이안,대안,N1,Alternative plan
26174,盗塁,とおるい,토오루이,도루,N1,stolen base (baseball)
54458,地鳴り,じなり,지나리,땅울림,N1,Rumbling of the ground
46907,雨脚,あまあし,아마아시,빗줄기,N1,passing shower; speed of falling rain
24499,突き刺さる,つきささる,츠키사사루,꽂히다,N1,"to stick into, to pierce"
39384,酔っ払う,よっぱらう,욧파라우,몹시 취하다,N1,to get drunk
20334,攻め込む,せめこむ,세메코무,공격해 들어가다,N1,"to invade, to march into"
49819,起死,きし,키시,기사,N1,resuscitation; revival
42990,窮する,きゅうする,큐우스루,궁하다,N1,to be destitute; to be at a loss
23654,着信,ちゃくしん,챠쿠신,착신,N1,arrival of a call/message
23030,代打,だいだ,다이다,대타,N1,pinch hitter
23212,打点,だてん,다텐,타점,N1,run batted in (RBI)
46411,阿吽,あうん,아운,"시작과 끝,아훔",N1,A-un (alpha and omega); breathing together
21332,速球,そっきゅう,솟큐우,속구,N1,fastball
16316,主審,しゅしん,슈신,주심,N1,"chief umpire, head referee"
14585,三振,さんしん,산신,삼진,N1,Strikeout (baseball)
13202,混戦,こんせん,콘센,혼전,N1,Free-for-all; confused fight
10015,食い違い,くいちがい,쿠이치가이,엇갈림,N1,Discrepancy; clash; contradiction
9533,切り抜ける,きりぬける,키리누케루,뚫고 나가다,N1,To get through; to survive; to pull through
6067,書き込み,かきこみ,카키코미,게시글,N1,Writing; entry; note
4447,王者,おうじゃ,오우쟈,왕자,N1,King; monarch; champion
33882,平然,へいぜん,헤이젠,태연,N1,calm; composed; cool
32516,負荷,ふか,후카,부하,N1,load; burden; stress
9017,九十,きゅうじゅ,큐우쥬,구십,N2,Ninety
4031,絵馬,えま,에마,그림액자,N2,Votive horse tablet (at Shinto shrines)
8715,企図,きど,키도,기도,N1,Plan; aim; scheme
62800,願わしい,ねがわしい,네가와시이,바람직하다,N1,Desirable; hoped-for
65620,振りかぶる,ふりかぶる,후리카부루,크게 휘둘러 올리다,N1,To raise (one's arms/sword) over one's head
43025,辺境,へんきょう,헨쿄우,변경,N1,remote region; frontier
47958,内股,うちまた,우치마타,허벅지 안쪽,N1,inner thigh
243218,二塁,にるい,니루이,"2루",N1,Second base
139045,弧状,こじょう,코죠우,"호 모양,호상",N1,Arc-shaped
55500,これみよがし,これみよがし,코레미요가시,보란 듯이,N1,Ostentatiously; to show off
8197,頑健,がんけん,간켄,건장,N1,Robust health; sturdy
24141,直撃,ちょくげき,쵸쿠게키,직격,N1,direct hit
31696,日雇い,ひやとい,히야토이,일용직,N1,day labor
68894,しゃき,しゃき,샤키,사기,N1,Shaki (sharp/crisp)
29428,敗退,はいたい,하이타이,패퇴,N1,Defeat / elimination
25451,点灯,てんとう,텐토우,점등,N1,"lighting up, turning on a light"
25869,灯,とう,토우,등,N4,"light, lamp"
26027,投ずる,とうじる,토우지루,"던지다, 투자하다",N1,"to throw, to cast, to invest"
8226,顔面,がんめん,간멘,안면,N1,Face (of a person)
39357,予選,よせん,요센,예선,N1,primary; heat; qualification
1567,言い渡す,いいわたす,이이와타스,"선고하다, 언도하다",N2,To announce; to sentence; to command
12701,抉じ開ける,こじあける,코지아케루,비틀어 (억지로) 열다,N1,To pry open
60249,童顔,どうがん,도우간,동안,N1,Baby face
7589,監査,かんさ,칸사,감사,N1,Audit; inspection
25391,点在,てんざい,텐자이,"산재,점재",N1,to be scattered here and there
57350,したり顔,したりがお,시타리가오,우쭐한 표정,N1,"Triumphant look; ""I told you so"" face"
24029,長身,ちょうしん,쵸우신,장신,N1,tall stature
7771,干魃,かんばつ,칸바츠,가뭄,N1,Drought
22465,手綱,たづな,타즈나,고삐,N1,reins
50863,庫裏,くり,쿠리,승려 거주지,N1,temple kitchen/monks' living quarters
37583,猛虎,もうこ,모우코,맹호,N1,fierce tiger
52542,雇員,こいん,코인,"공무직,고원",N1,employee
7237,枯らす,からす,카라스,말려 죽이다,N1,To let wither; to kill (plants)
26298,特製,とくせい,토쿠세이,특제,N1,"special make, deluxe"
37744,持ち味,もちあじ,모치아지,"본디 지닌 맛,특기",N1,distinctive flavor; characteristic
25914,頭角,とうかく,토우카쿠,두각,N2,prominence (distinguishing oneself)
25622,出来映え,できばえ,데키바에,"솜씨, 성과",N1,"result, performance, effect"
21583,増築,ぞうちく,조우치쿠,증축,N1,"addition to a building, extension"
18197,住職,じゅうしょく,쥬우쇼쿠,주지스님,N1,chief priest of a temple
12921,湖畔,こはん,코한,호숫가,N2,Lakeshore; lakeside
15093,志願,しがん,시간,"지원, 지망",N1,Application; volunteering; desire
11737,原動,げんどう,겐도우,원동,N1,Motive power; driving force
33386,物騒,ぶっそう,붓소우,뒤숭숭함,N2,unsettled; dangerous; disturbed
30396,反則,はんそく,한소쿠,반칙,N1,foul; rule violation
30216,梁,はり,하리,들보,N1,beam; girder (architecture)
29142,則る,つっとる,츳토루,준하다,N1,To conform to / to follow
28974,年配,ねんぱい,넨파이,연배,N1,Elderly / age group
196330,四隅,よすみ,요스미,네 귀퉁이,N1,Four corners
25956,投稿,こうこう,코우코우,투고,N3,"contribution, posting (online)"
26196,遠出,とうで,토우데,멀리 나감,N2,"going far away, outing"
25778,電線,でんせん,덴센,전선,N1,"electric line, power cable"
26787,取り込む,とりこむ,토리코무,거두어들이다,N2,"to take in, to introduce, to be busy"
26757,取り扱い,とりあつかい,토리아츠카이,취급,N3,"handling, treatment"
211130,先読み,さきよみ,사키요미,미리 읽음,N1,Anticipation / Reading ahead
25353,転嫁,てんか,텐카,전가,N1,"imputation, shifting blame"
26529,隣り町,となりまち,토나리마치,이웃마을,N1,neighboring town
26496,嫁ぐ,とつぐ,토츠구,시집가다,N1,to get married (for a woman)
144432,打ちゃり,うっちゃり,웃챠리,배대뒤치기,N1,Utchari (sumo throw); reversal
26495,嫁ぎ先,とつぎさき,토츠기사키,시댁,N1,family one has married into
25933,投球,とうきゅう,토우큐우,투구,N1,"throwing a ball, pitch"
26849,塗料,とりょう,토료우,도료,N1,"paints, painting materials"
92590,称え合う,たたえあう,타타에아우,서로 칭찬하다,N1,To praise each other
25950,刀剣,とうけん,토우켄,도검,N1,"swords, daggers"
139645,しゅっ,しゅっ,슛,슛,N1,Whoosh; dashing
102230,他店,たてん,타텐,타점(다른 가게),N1,Other stores
25385,点差,てんさ,텐사,점수 차,N1,difference in score
25380,転向,てんこう,텐코우,전향,N1,"conversion, shift in direction"
62887,粘り腰,ねばりごし,네바리고시,허리 힘으로 버팀,N1,Persistence; tenacity
26318,特典,とくてん,토쿠텐,특전,N1,"privilege, special favor"
59389,鱈場,たらば,타라바,대구장,N1,Cod-fishing ground
50796,供物,くもつ,쿠모츠,공물,N1,offering
52842,襟度,きんど,킨도,"도량,금도",N1,magnanimity; generosity
24513,月々,つきづき,츠키드키,매월,N1,"month by month, monthly"
21985,倒れ込む,たおれこむ,타오레코무,쓰러져 버리다,N1,"to collapse into, to fall onto"
10169,崩れ落ちる,くずれおちる,쿠즈레오치루,무너져내리다,N1,To crumble; to collapse
50558,覆る,くつがえる,쿠츠가에루,뒤집히다,N1,to be overturned; to capsize
40816,連覇,れんぱ,렌파,연패,N1,successive championships
21538,増員,ぞういん,조우인,증원,N1,increase in personnel
37650,もぎ取る,もぎとる,모기토루,낚아채다,N1,to pluck; to wrest away
21731,体型,たいけい,타이케이,체형,N1,"body type, figure"
6296,駆け寄る,かけよる,카케요루,달려들다,N1,To run up to (someone)
18163,重圧,じゅうあつ,쥬우아츠,중압,N1,"pressure, heavy burden"
35394,毎回,まいかい,마이카이,매회,N1,every time
12771,こだわり,こだわり,코다와리,집요함,N1,Fixation; obsession; fastidiousness
8942,吸引,きゅういん,큐우인,흡입,N1,Suction; absorption; attraction
7619,監修,かんしゅう,칸슈우,감수,N1,Supervision (editorial)
4358,追い上げ,おいあげ,오이아게,추격,N1,Final spurt; gaining on; catching up
2209,一進,いっしん,잇신,일진,N1,(Part of Isshin-ittai) Ebb and flow; advance and retreat
969,油汚れ,あぶらよごれ,아부라요고레,기름때,N1,Oil stain; grease
27673,長雨,ながあめ,나가아메,긴 장마,N2,"long rain, spell of rainy weather"
7556,間隙,かんげき,칸게키,"간극, 틈",N1,Gap; crevice; opening
201644,静音,せいおん,세이온,"저소음,정음",N1,Silent / Quiet sound
192575,極薄,ごくうす,고쿠우스,"극도로 얇음,극박",N1,Ultra-thin
175764,首元,くびもと,쿠비모토,목덜미,N1,Base of the neck
145601,糖質,とうしつ,토우시츠,당질,N1,Carbohydrates; sugar content
171968,解糖,かいとう,카이토우,해당,N1,Glycolysis
25705,出迎え,でむかえ,데무카에,마중,N1,"meeting, greeting (someone)"
65578,無頼,ぶらい,부라이,무뢰,N1,Villainous; vagabond
56341,字句,じく,지쿠,"어구, 글자",N1,Words and phrases
25378,点呼,てんこ,텐코,점호,N1,roll call
56851,下取り,したどり,시타도리,보상 판매,N1,Trade-in
25252,手振り,てぶり,테부리,손짓,N1,"hand gesture, hand motion"
22403,立ち並ぶ,たちならぶ,타치나라부,줄지어 서 있다,N2,"to stand in a row, to line the street"
25700,出前,でまえ,데마에,배달,N1,home delivery (food)
25045,堤防,ていぼう,테이보우,제방. 둑,N2,"bank, dike, levee"
25559,ディナー,ディナー,디나아,디너,N4,dinner
26805,取り違える,とりちがえる,토리치가에루,잘못 이해하다,N1,"to mistake, to misunderstand"
25607,泥土,でいど,데이도,진흙,N1,"mud, slush"
26213,渡河,とか,토카,도하 (강을 건넜음),N1,river crossing
51596,鯨油,げいゆ,게이유,"고래 기름,경유",N1,whale oil
50208,威信,いしん,이신,위신,N1,prestige; dignity
39695,楽々,らくらく,라쿠라쿠,편안히,N1,easily; comfortably
40275,瞭然,りょうぜん,료우젠,요연,N1,obvious; clear
40867,老化,ろうか,로우카,노화,N1,aging; senility
35080,紡績,ぼうせき,보우세키,방적. 실을 자음,N2,spinning (textiles)
35764,間違え,まちがえ,마치가에,착오,N1,mistake; error
26575,塗布,とふ,토후,"도포, 바름",N1,application (of medicine)
26102,党派,とうは,토우하,당파,N1,"faction, party, clique"
26161,盗用,とうよう,토우요우,도용,N1,"embezzlement, plagiarism"
26025,陶酔,とうすい,토우스이,도취,N1,"intoxication, enchantment"
25973,搭載,とうさい,토우사이,탑재,N1,"loading, equipped with"
25987,闘志,とうし,토우시,투지,N1,fighting spirit
26059,登壇,とうだん,토우단,등단,N1,ascending the platform
25929,登記,とうき,토우키,등기,N1,"registration, entry"
26439,登城,とじょう,토죠우,등성,N1,entering a castle
26129,答弁,とうべん,토우벤,답변,N1,"reply, answer (e.g., in Diet)"
26128,等分,とうぶん,토우분,등분,N1,equal division
26103,踏破,とうは,토우하,답파,N1,"traveling on foot, covering (distance)"
25996,踏襲,とうしゅう,토우슈우,답습,N1,following (a precedent/policy)
26105,頭髪,とうはつ,토우하츠,두발,N1,hair (on the head)
26843,捕り物,とりもの,토리모노,범인 체포,N1,capture (of a criminal)
26521,轟く,とどろく,토도로쿠,울려 퍼지다,N1,"to roar, to thunder, to be famous"
26551,飛び起きる,とびおきる,토비오키루,벌떡 일어나다,N1,to jump out of bed
25872,痘,とう,토우,두 (역질 두),N4,smallpox
25426,転生,てんせい,텐세이,전생,N1,reincarnation
20515,洗浄,せんじょう,센죠우,세척,N1,"washing, cleaning, irrigation"
13530,誤認,ごにん,고닌,오인,N1,Misidentification; misconception
2330,井戸,いど,이도,우물,N2,Water well
7008,株価,かぶか,카부카,주가,N3,Stock price
6232,格別,かくべつ,카쿠베츠,각별,N3,Exceptional; particular
7778,乾杯,かんぱい,칸파이,건배,N3,Cheers; toast
25862,島,とう,토우,도,N1,island
26563,飛び付く,とびつく,토비츠쿠,달려들다,N1,"to fly at, to snap at"
7339,枯れる,かれる,카레루,"시들다, (목이)쉬다",N3,To wither; to die (plant); to mature
7003,花粉,かふん,카훈,화분,N3,Pollen
8329,期間,きかん,키칸,기간,N4,Period; term; interval
6648,片手,かたて,카타테,한 손,N3,One hand
26512,届け出る,とどけでる,토도케데루,신고하다,N1,"to report, to notify"
5952,飼う,かう,카우,키우다,N3,To keep (an animal)
4894,幼い,おさない,오사나이,어리다,N3,Young; childish; immature
4725,丘,おか,오카,언덕,N3,Hill; height; knoll
5019,落ち込む,おちこむ,오치코무,낙심하다,N3,To feel depressed; to sink; to drop (economy)
2186,一切,いっさい,잇사이,일절,N3,All; everything; (with negative) not at all
3369,旨み,うまみ,우마미,"맛, 수익",N3,Umami; deliciousness; savoriness
3034,浮かべる,うかべる,우카베루,띄우다,N3,To float (something); to show (on one's face)
19244,すっきり,すっきり,슷키리,말끔,N3,"refreshed, clear, neatly"
18323,術,じゅつ,쥬츠,술,N3,"art, technique, means"
18062,地面,じめん,지멘,지면,N3,"ground, earth's surface"
17549,進歩,しんぼ,신보,진보,N3,"progress, improvement"
16607,障害,しょうがい,쇼우가이,장애,N3,"obstacle, barrier, handicap"
16248,修行,しゅぎょう,슈교우,수행,N3,"ascetic training, discipline, apprenticeship"
16785,衝突,しょうとつ,쇼우토츠,충돌,N3,"collision, conflict"
15095,四季,しき,시키,사계,N3,Four seasons
13045,籠もる,こもる,코모루,틀어박히다,N3,To shut oneself in; to be secluded
14304,茶道,さどう,사도우,차도,N3,Tea ceremony
14251,さっ,さっ,삿,삿,N3,Quickly; suddenly
14162,刺し身,さしみ,사시미,회,N3,Sashimi (sliced raw fish)
12885,粉,こ(こな),코(코나),분,N3,Powder; flour; meal
12874,小鳥,ことり,코토리,작은 새,N3,Small bird
12171,功績,こうせき,코우세키,공정,N3,Achievements; merit
12330,香ばしい,こうばしい,코우바시이,고소한,N3,Fragrant; aromatic; savory
11731,限定,げんてい,겐테이,한정,N3,Limitation; restriction
11037,経費,けいひ,케이히,경비,N3,Expenses; cost; outlay
11006,境内,けいだい,케이다이,경내,N3,Precincts; grounds (of a shrine/temple)
10106,草叢,くさむら,쿠사무라,풀숲,N3,Grassy place; thicket
10702,偶然,ぐうぜん,구우젠,우연,N3,By chance; coincidence; accidental
10335,熊,くま,쿠마,곰,N3,Bear
8610,帰宅,きたく,키타쿠,귀택,N3,Returning home
8856,着物,きもの,키모노,옷,N3,Kimono; clothing
8759,機能,きのう,키노우,기능,N3,Function; facility; feature
3082,受け止める,うけとめる,우케토메루,받아내다,N3,To catch; to stop; to react to; to take (it)
1957,遺跡,いせき,이세키,유적,N3,Historic ruins; remains
669,味わい,あじわい,아지와이,맛,N3,Flavor; meaning; significance
7677,幹線,かんせん,칸센,간센,N3,Main line; trunk line
7307,駆る,かる,카루,쫓다,N3,To drive; to impel; to spur on
8315,機会,きかい,키카이,기회,N3,Opportunity; chance
7656,肝心,かんじん,칸진,"핵심,간심",N3,Essential; vital; crucial
8053,崖,がけ,가케,절벽,N3,Cliff; precipice
6248,隠れる,かくれる,카쿠레루,숨다,N3,To hide; to be hidden
5850,開店,かいてん,카이텐,개점,N3,Opening of a shop
6316,加減,かげん,카겐,가감,N3,Degree; condition; adjustment; addition/subtraction
2095,一同,いちどう,이치도우,일동,N3,All present; all of us
150,愛情,あいじょう,아이죠우,애정,N3,Love; affection
1637,以外,いがい,이가이,이외,N3,Except; other than
25345,転移,てんい,텐이,전이,N1,"metastasis, transition, transfer"
14668,参拝,さんぱい,산파이,참배,N3,Visit to a shrine/temple for worship
15715,志望,しぼう,시보우,지망,N3,Ambition; desire; choice
13043,子守り,こもり,코모리,아이보기,N3,Babysitting; nursing
14480,騒ぐ,さわぐ,사와구,떠들어대다,N3,To make a noise; to be rowdy
14401,侍,さむらい,사무라이,사무라이,N3,Samurai
11586,月曜,げつよう,게츠요우,월요,N3,Monday
10928,稽古,けいこ,케이코,연습,N3,Practice; training; lesson
6004,掲げる,かかげる,카카게루,내걸다,N3,To publish; to hoist (a flag); to tout
8587,北,きた,키타,북쪽,N3,North
8560,奇跡,きせき,키세키,기적,N3,Miracle; wonder
9729,金曜,きんよう,킨요우,금요,N3,Friday
9431,去年,きょねん,쿄넨,"작년, 거년",N3,Last year
6117,限り,かぎり,카기리,"한계, 한도",N3,Limit; bounds; unless
4810,於く,おく,오쿠,~에,N5,(Usually written as おいて/おく) To place; in; at
3675,衛星,えいせい,에이세이,위성,N3,Satellite
3723,英雄,えいゆう,에이유우,영웅,N3,Hero
4243,延長,えんちょう,엔쵸우,연장,N3,Extension; elongation; prolongation
4395,負う,おう,오우,짊어지다,N3,To bear; to carry; to owe; to take responsibility
4414,応急,おうきゅう,오우큐우,응급,N3,Emergency; first aid; makeshift
4453,応ずる,おうじる,오우지루,응하다,N3,To answer; to respond; to comply
3210,打ち上げる,うちあげる,우치아게루,쏘아 올리다,N3,To launch (rocket/fireworks); to finish
3637,永遠,えいえん,에이엔,영원,N3,Eternity; perpetuity
3298,映る,うつる,우츠루,비치다,N3,To be reflected; to be projected
2262,一変,いっぺん,잇펜,일변,N3,Complete change; transformation
2268,一方,いっぽう,잇포우,일방,N3,(Repeated) Direction; way
2337,挑む,いどむ,이도무,도전하다,N3,To challenge; to contend for
608,足跡,あしあと,아시아토,발자국,N3,Footprints; trail
1165,あらゆる,あらゆる,아라유루,모든,N3,All; every; possible
1149,改めて,あらためて,아라타메테,딴 기회에. 새롭게,N3,Another time; formally; afresh
1150,改める,あらためる,아라타메루,고치다,N3,To renew; to inspect; to correct
7264,仮,かり,카리,"가정,가",N3,Temporary; provisional; hypothetical
7632,鑑賞,かんしょう,칸쇼우,감상,N3,Appreciation (art/music)
7678,感染,かんせん,칸센,감염,N3,Infection; contagion
7836,関与,かんよ,칸요,관여,N3,Participation; involvement
11902,講演,こうえん,코우엔,강연,N3,Lecture; address
7855,関連,かんれん,칸렌,관련,N3,Relation; connection; relevance
8453,記載,きさい,키사이,기재,N3,Mention; entry; record
6509,霞む,かすむ,카스무,"안개가 끼다,흐리다",N3,To grow hazy; to be misty; to be blurred
6569,河川,かせん,카센,하천,N3,Rivers
25458,転入,てんにゅう,텐뉴우,전입,N1,moving in (to a new place)
26492,突風,とっぷう,톳푸우,돌풍,N1,gust of wind
9769,議会,ぎかい,기카이,의회,N3,Assembly; parliament; congress
11473,気,げ,게,~한 듯,N3,Spirit; mind; air; atmosphere
8516,生地,きじ,키지,"옷감, 반죽",N3,Cloth; fabric; dough; one's birthplace
25749,電荷,でんか,덴카,전하,N1,electric charge
16143,修正,しゅうせい,슈우세이,수정,N3,"amendment, correction, revision"
14861,雑談,ざつだん,자츠단,잡담,N3,Chatting; idle talk
14614,酸素,さんそ,산소,산소,N3,Oxygen
15061,資格,しかく,시카쿠,자격,N3,Qualification; license; capacity
13088,凝る,こる,코루,"열중하다, 뻐근하다",N3,To be devoted to; to be stiff (muscles)
13857,さえ,さえ,사에,마저도,N3,Even; if only
13977,詐欺,さぎ,사기,사기,N3,Fraud; scam; swindling
11993,航空,こうくう,코우쿠우,항공,N3,Aviation; flying
12155,洪水,こうずい,코우즈이,홍수,N3,Flood
12468,凍る,こおる,코오루,얼다,N3,To freeze
12629,心強い,こころづよい,코코로드요이,마음 든든하다,N3,Reassuring; heartening
12708,拗れる,こじれる,코지레루,꼬이다,N3,To get complicated; to grow worse
12825,固定,こてい,코테이,고정,N3,Fixing; regular; fixed
10000,苦,く,쿠,"괴로움,고",N3,Suffering; hardship; pain
10026,空間,くうかん,쿠우칸,공간,N3,Space; room; airspace
10700,偶数,ぐうすう,구우스우,"짝수,우수",N3,Even number
10037,空想,くうそう,쿠우소우,공상,N3,Daydream; fantasy; imagination
10237,くっきり,くっきり,쿳키리,선명하게,N3,Distinctly; clearly; sharply
10250,屈折,くっせつ,쿳세츠,굴절,N3,Refraction; inflection; distorted
9791,儀式,ぎしき,기시키,의식,N3,Ceremony; rite; ritual
8810,規模,きぼ,키보,규모,N3,Scale; scope; magnitude
9171,境界,きょうかい,쿄우카이,경계,N3,Boundary; border
9525,規律,きりつ,키리츠,규율,N3,Discipline; order; rules
9618,金額,きんがく,킨가쿠,금액,N3,Amount of money
9725,禁物,きんもつ,킨모츠,금물,N3,Taboo; thing to be avoided
9728,金融,きんゆう,킨유우,금융,N3,Finance; banking; monetary
15351,静けさ,しずけさ,시즈케사,고요함,N3,Stillness; silence; tranquility
24745,罪,つみ,츠미,죄,N3,"sin, crime, guilt"
8393,起業,きぎょう,키교우,"창업,기업",N3,Starting a business; entrepreneurship
8181,側,がわ,가와,측,N3,Side; edge; flank
6121,各,かく,카쿠,각,N3,Each; every
6009,係員,かかりいん,카카리인,"계원, 담당자",N3,Staff member; official in charge
5751,解消,かいしょう,카이쇼우,해소,N3,Cancellation; resolution; breakup
6068,書き込む,かきこむ,카키코무,적다,N3,To fill in; to write down
4717,大雪,おおゆき,오오유키,폭설,N3,Heavy snow
5113,驚き,おどろき,오도로키,놀람,N3,Surprise; wonder; astonishment
4578,大声,おおごえ,오오고에,큰 소리,N3,Loud voice
4246,炎天,えんてん,엔텐,"불타는 하늘,염천",N3,Blazing sun; scorching weather
3498,売り場,うりば,우리바,매장,N3,Sales counter; place where things are sold
3032,浮かび上がる,うかびあがる,우카비아가루,떠오르다,N3,To surface; to emerge; to stand out
2094,一段,いちだん,이치단,일단,N3,One step; much more; all the more
282,青空,あおぞら,아오조라,푸른 하늘,N3,Blue sky
24568,償う,つぐなう,츠구나우,갚다,N1,"to make up for, to compensate"
18229,柔軟,じゅうなん,쥬우난,유연,N3,"flexible, soft, pliable"
16188,就任,しゅうにん,슈우닌,취임,N3,"inauguration, assumption of office"
57174,傷痕,きずあと,키즈아토,상흔,N1,Scar
16223,終了,しゅうりょう,슈우료우,종료,N3,"end, close, termination"
14116,細やか,ささやか,사사야카,소소한,N3,Detailed; precise; tender
12427,効率,こうりつ,코우리츠,효율,N4,Efficiency
12996,小まめ,こまめ,코마메,부지런,N3,Diligent; attentive; frequent
9491,きらめく,きらめく,키라메쿠,반짝이다,N3,To sparkle; to glitter; to gleam
8548,絆,きずな,키즈나,유대,N3,Bonds; emotional ties; connection
13922,坂道,さかみち,사카미치,비탈길,N3,Hilly road; slope
187495,点々,てんてん,텐텐,점점,N1,Dots / Spots / Here and there
24477,疲れ,つかれ,츠카레,피로,N4,"fatigue, weariness"
18781,人工,じんこう,진코우,인공,N3,"artificial, man-made"
18785,人材,じんざい,진자이,인재,N3,"talented person, human resources"
17509,新年,しんねん,신넨,신년,N3,New Year
16253,祝賀,しゅくが,슈쿠가,축하,N3,"celebration, festivities"
16385,出費,しゅっぴ,슛피,"지출,출비",N3,"expenses, expenditure"
16434,守備,しゅび,슈비,수비,N3,"defense, fielding (baseball)"
17084,使用,しよう,시요우,사용,N4,"use, application"
13466,誤字,ごじ,고지,오자,N3,Misspelled kanji; wrong character
12275,高騰,こうとう,코우토우,물가가 오름(고등),N3,Sudden rise; jump (in prices)
11127,欠航,けっこう,켓코우,결항,N3,Cancellation (of a flight/sailing)
11048,警報,けいほう,케이호우,경보,N3,Alarm; warning; siren
9995,九,く,쿠,구,N3,Nine
11132,血痕,けっこん,켓콘,혈흔,N1,Bloodstain
9319,強風,きょうふう,쿄우후우,강풍,N3,Strong wind; gale
9624,近況,きんきょう,킨쿄우,근황,N3,Recent state; present condition
14479,騒ぎ,さわぎ,사와기,소동,N3,Uproar; disturbance; fuss
1303,合わせる,あわせる,아와세루,"맞추다, 같이하다",N5,To join; to unite; to adjust; to compare
3211,打ち合わせ,うちあわせ,우치아와세,합의,N3,Meeting; arrangement; coordination
8076,難い,がたい,가타이,어렵다,N3,Difficult; hard to (suffix)
6879,叶う,かなう,카나우,빌다,N3,To come true (wish)
11520,劇的,げきてき,게키테키,극적,N3,Dramatic; exciting
4175,沿岸,えんがん,엔간,연안,N3,Coast; shore; littoral
4378,追い付く,おいつく,오이츠쿠,따라잡다,N3,To catch up with
31777,標本,ひょうほん,효우혼,표본,N3,specimen; sample
31636,皹,ひび,히비,금,N3,crack; chap (of skin) (hibi)
2241,一手,いって,잇테,한 수,N3,Single-handed; one's move (games)
67,ああ,ああ,아아,아아,N4,Ah; oh; like that
29668,挟む,はさむ,하사무,사이에 두다,N3,To interpose / to hold between
24478,疲れる,つかれる,츠카레루,피곤해지다,N5,"to get tired, to be exhausted"
18498,城下,じょうか,죠우카,"성의 아래, 성하",N3,castle town
22709,頼り,たより,타요리,"의지, 연줄",N3,"reliance, trust, dependence"
37645,燃える,もえる,모에루,불타오르다,N3,to burn; to get fired up
20451,線香,せんこう,센코우,선향,N3,incense stick
195444,球茎,きゅうけい,큐우케이,구경,N1,Corm / Bulb
65792,別冊,べっさつ,벳사츠,별책,N1,Separate volume; supplement
47500,囲炉裏,いろり,이로리,화덕,N2,sunken hearth
37750,持ち帰る,もちかえる,모치카에루,가지고 돌아가다,N3,to take home; to carry back
38913,由来,ゆらい,유라이,유래,N3,origin; source; history
35786,真っ赤,まっか,맛카,새빨간,N3,deep red; bright red
36772,実る,みのる,미노루,열매를 맺다,N3,to bear fruit; to ripen
35900,纏まる,まとまる,마토마루,마무리되다,N3,to be settled; to be collected; to be unified
37361,眼鏡,めがね,메가네,안경,N3,glasses
35106,防犯,ぼうはん,보우한,방범,N3,crime prevention
35556,撒く,まく,마쿠,뿌리다,N3,to scatter; to sprinkle; to sow
35763,間違う,まちがう,마치가우,틀리다,N3,to be mistaken; to be wrong
35030,棒,ぼん,본,"봉, 몽둥이",N3,stick; pole; rod; line
29337,杯,はい,하이,잔,N3,Cup / glass
30016,華やか,はなやか,하나야카,호화로움,N3,Showy / brilliant / gorgeous
28446,日程,にってい,닛테이,일정,N3,"schedule, itinerary"
26407,年月,としつき,토시츠키,세월,N3,"months and years, time"
25784,電池,でんち,덴치,전지,N3,battery
26507,整う,ととのう,토토노우,갖추어지다,N3,"to be ready, to be tidy"
20206,接触,せっしょく,셋쇼쿠,접촉,N2,"contact, touch"
24721,呟く,つぶやく,츠부야쿠,중얼거리다,N2,"to mutter, to murmur"
24877,手,て,테,손,N5,"hand, arm, method, trick"
24681,津波,つなみ,츠나미,지진 해일,N1,"tsunami, tidal wave"
21680,体温,たいおん,타이온,체온,N3,body temperature
21729,大群,たいぐん,타이군,"대군, 큰 떼",N1,"large crowd, herd, flock"
17760,次回,じかい,지카이,다음번,N3,next time
16070,集会,しゅうかい,슈우카이,집회,N3,Meeting; assembly; gathering
15961,車内,しゃない,샤나이,차내,N3,Inside the car/train
23419,知恵,ちえ,치에,지혜,N3,"wisdom, wit, intelligence"
20697,税金,ぜいきん,제이킨,세금,N3,"tax, duty"
28929,念,ねん,넨,"주의함,심정,염",N3,Thought / feeling / desire
20139,世間,せけん,세켄,세간,N3,"the world, society, public"
19985,成分,せいぶん,세이분,성분,N3,"ingredient, component"
20660,専用,せんよう,센요우,전용,N3,"exclusive use, dedicated to"
38710,夕飯,ゆうはん,유우한,저녁밥,N3,dinner; evening meal
33614,分担,ぶんたん,분탄,분담,N3,apportionment; sharing (work/burden)
29079,軒,のき,노키,처마,N3,Eaves
28258,逃げる,にげる,니게루,도망치다,N3,"to escape, to run away"
27986,並木,なみき,나미키,가로수,N3,"row of trees, roadside trees"
27781,亡くなる,なくなる,나쿠나루,별세하다,N3,"to die, to pass away"
27823,無し,なし,나시,없음,N3,"without, none"
27574,仲,なか,나카,사이,N3,"relationship, relations"
27224,独自,どくじ,도쿠지,독자,N3,"original, unique, characteristic"
26267,説く,とく,토쿠,설파하다,N3,"to explain, to preach, to advocate"
25355,展開,てんかい,텐카이,전개,N3,"deployment, development, expansion"
25759,電源,でんげん,덴겐,전원,N3,"power source, outlet"
25478,展望,てんぼう,텐보우,전망,N3,"view, outlook, prospect"
24988,定食,ていしょく,테이쇼쿠,정식,N4,"set meal, special of the day"
25193,手付き,てつき,테츠키,손놀림,N2,"manner of using one's hands, way of doing"
24199,一寸,ちょっと,춋토,조금,N5,"a little bit, just a moment"
24800,辛い,つらい,츠라이,매운,N4,"painful, bitter, tough"
24775,冷たい,つめたい,쯔메따이,차가운,N5,"cold (to the touch), chilly, icy"
25057,手入れ,ていれ,테이레,관리,N3,"care, maintenance, repair, raid"
24734,蕾,つぼみ,츠보미,봉오리,N2,"bud, flower bud"
23015,大臣,だいじん,다이진,대신,N3,cabinet minister
22357,直ちに,ただちに,타다치니,즉시,N3,"immediately, at once"
22435,断つ,たつ,타츠,끊다,N3,"to sever, to cut off, to abstain from"
22466,盾,たて,타테,방패,N3,"shield, buckler"
22687,溜め息,ためいき,타메이키,한숨,N3,sigh
22773,単位,たんい,탄이,단위,N3,"unit, credit (school)"
22861,単なる,たんなる,탄나루,단지,N3,"mere, simple, plain"
23782,中継,ちゅうけい,츄우케이,중계,N3,"relay, broadcast, hookup"
21025,捜査,そうさ,소우사,수사,N3,investigation (criminal)
21027,操作,そうさ,소우사,조작,N3,"operation, management, manipulation"
21032,創作,そうさく,소우사쿠,창작,N3,"creation, original work"
21102,相続,そうぞく,소우조쿠,상속,N3,"inheritance, succession"
21142,遭難,そうなん,소우난,조난,N3,"disaster, shipwreck, accident"
21969,田植え,たうえ,타우에,모내기,N3,rice planting
20039,整列,せいれつ,세이레츠,정렬,N3,"standing in a row, lining up"
32582,不況,ふきょう,후쿄우,불황,N3,recession; depression
26386,年,とし(ねん),토시(넨),해(년),N3,"year, age"
32584,付近,ふきん,후킨,부근,N3,vicinity; neighborhood
32627,福祉,ふくし,후쿠시,복지,N3,welfare; well-being
32688,含める,ふくめる,후쿠메루,포함시키다,N3,to include; to instruct
33407,仏像,ぶつぞう,부츠조우,불상,N3,Buddhist statue; image
33100,振り返る,ふりかえる,후리카에루,뒤돌아보다,N3,to look back; to turn around
33129,不良,ふりょう,후료우,불량. 불량자,N3,bad; defective; delinquent
33606,分析,ぶんせき,분세키,분석,N4,analysis
32820,不尽,ふじん,후진,못다함,N3,inexhaustible; (at end of letter) yours truly
30170,早める,はやめる,하야메루,(일정을)당기다,N3,to hasten; to quicken; to expedite
31139,比較,ひかく,히카쿠,비교,N3,comparison
31209,引き上げる,ひきあげる,히키아게루,인상하다,N3,to pull up; to raise; to promote
31305,日頃,ひごろ,히고로,평소,N3,normally; habitually; for some time
31458,引っ張る,ひっぱる,힛파루,끌다. 끌어당기다,N3,to pull; to drag; to entice
37950,漏らす,もらす,모라스,누설하다,N3,to leak; to let out; to vent
29951,派手,はで,하데,화려,N3,Showy / flashy
29789,働き,はたらき,하타라키,기능,N3,Work / function / action
36501,満たす,みたす,미타스,가득히 채우다. 만족시키다,N3,to fill; to satisfy; to fulfill
28006,悩み,なやみ,나야미,고민,N3,"trouble, worry, distress"
39356,寄せる,よせる,요세루,당겨붙이다,N3,to bring near; to gather; to lean on
39434,予備,よび,요비,예비,N3,reserve; spare; prep
37959,盛り上がる,もりあがる,모리아가루,들썩거리다,N3,to swell; to get excited
38502,闇,やみ,야미,어둠,N3,darkness; the dark
38890,指差す,ゆびさす,유비사스,가리키다,N3,to point at
39033,容器,ようき,요우키,용기,N3,container; vessel
39069,様式,ようしき,요우시키,양식,N3,style; form; pattern
36541,導く,みちびく,미치비쿠,이끌다,N3,to lead; to guide
36790,身分,みぶん,미분,신분,N3,social status; rank
36938,見渡す,みわたす,미와타스,멀리 바라다보다. 전망하다,N3,to look across; to survey
37341,名誉,めいよ,메이요,명예,N3,honor; prestige; credit
37344,命令,めいれい,메이레이,명령,N3,order; command
37381,恵まれる,めぐまれる,메구마레루,혜택받다,N3,to be blessed with; to be rich in
34413,方角,ほうがく,호우가쿠,방향,N3,direction; way; compass point
34434,方言,ほうげん,호우겐,방언. 사투리,N3,dialect
34487,報ずる,ほうじる,호우지루,보도하다,N3,to report; to inform; to repay
34525,法廷,ほうてい,호우테이,법정,N3,courtroom; court
34572,訪問,ほうもん,호우몬,방문,N3,visit; call
34653,誇り,ほこり,호코리,긍지,N3,pride; boast
34768,辺,ほとり,호토리,부근,N3,side (geometry); vicinity
34878,本格,ほんかく,혼카쿠,본격,N3,full-scale; genuine; standard
35597,真,まこと,마코토,"진심,진실",N3,truth; reality (as in 真実)
25398,店主,てんしゅ,텐슈,점주,N3,shopkeeper
24784,梅雨,つゆ,츠유,장마,N3,rainy season (in Japan)
23944,腸,ちょう,쵸우,장,N4,"intestines, guts"
24047,挑戦,ちょうせん,쵸우센,도전,N4,"challenge, defiance"
24394,通勤,ついきん,츠이킨,통근,N4,commuting to work
24607,伝える,つたえる,츠타에루,전하다,N5,"to convey, to report, to transmit"
32716,耽る,ふける,후케루,잠기다,N3,to indulge in; to be absorbed in
57464,生業,せいぎょう,세이교우,생업,N3,Occupation; calling; livelihood
39590,来客,らいきゃく,라이캬쿠,방문객,N3,visitor; guest
39462,読み返す,よみかえす,요미카에스,다시읽다,N3,to reread
38492,山道,さんどう,산도우,산길,N3,mountain path
36009,守り,まもり,마모리,"지킴,가호",N3,protection; defense; amulet
34083,返品,へんぴん,헨핀,반품,N3,returned goods
33356,部隊,ぶたい,부타이,부대,N3,unit; corps; squad
30453,判明,はんめい,한메이,판명,N3,becoming clear; identifying
30714,抜群,ばつぐん,바츠군,발군,N3,outstanding; preeminent
29216,飲み会,のみかい,노미카이,술자리,N3,Drinking party
28883,粘り強い,ねばりづよい,네바리드요이,끈기있다,N3,Tenacious / persistent
29831,発覚,はっかく,핫카쿠,발각,N3,Discovery / detection
27199,読経,どきょう,도쿄우,독경,N3,sutra chanting
25481,店舗,てんぽ,텐포,점포,N3,"shop, store, outlet"
25413,天井,てんじょう,텐죠우,천장,N3,ceiling
24677,繋ぐ,つなぐ,츠나구,잡다,N3,"to tie, to fasten, to connect"
24753,積み木,つみき,츠미키,나무블록,N2,building blocks
24065,チョウチョウ,ちょうちょう,쵸우쵸우,나비,N1,butterfly (phonetic)
24539,突く,つく,츠쿠,찌르다,N3,"to thrust, to poke, to prod"
23932,著,ちょ,쵸,"저술, 저서",N2,"work, book (suffix for authorship)"
23842,中性,ちゅうせい,츄우세이,중성,N2,"neuter, neutral, neutrality"
23846,抽選,ちゅうせん,츄우센,추첨,N1,"lottery, raffle, selection by lot"
23857,中断,ちゅうだん,츄우단,중단,N3,"interruption, suspension, break"
23881,中年,ちゅうねん,츄우넨,중년,N3,middle-age
23895,注目,ちゅうもく,츄우모쿠,주목,N3,"notice, attention, observation"
23910,中和,ちゅうわ,츄우와,중화,N1,neutralization
23960,調印,ちょういん,쵸우인,조인,N1,"signature, signing (a treaty)"
23968,超過,ちょうか,쵸우카,초과,N2,"excess, being more than"
23974,聴覚,ちょうかく,쵸우카쿠,청각,N1,sense of hearing
23975,朝刊,ちょうかん,쵸우칸,조간,N2,morning edition (newspaper)
23978,長官,ちょうかん,쵸우칸,장관,N2,"director, chief, secretary"
23982,長期,ちょうき,쵸우키,장기,N3,long-term
24000,聴講,ちょうこう,쵸우코우,청강,N1,"auditing (a lecture), attendance"
24751,積み重ね,つみかさね,츠미카사네,겹겹이 쌓임,N3,"accumulation, pile"
22816,短冊,たんざく,탄자쿠,쪽지,N3,tanzaku (narrow strip of paper)
21011,送迎,そうげい,소우게이,송영,N3,"seeing off and meeting, shuttle service"
21164,双方,そうほう,소우호우,쌍방,N3,"both parties, both sides"
21184,僧侶,そうりょ,소우료,승려,N3,"priest, monk"
20836,前線,ぜんせん,젠센,전선,N3,"(weather) front, front line"
20459,戦後,せんご,센고,전후,N3,post-war
21573,増水,ぞうすい,조우수이,증수,N3,"rising water, swelling (river)"
21092,騒然,そうぜん,소우젠,소란,N3,"noisy, agitated, tumultuous"
20665,旋律,せんりつ,센리츠,선율,N3,"melody, tune"
7032,貨幣,かへい,카헤이,화폐,N2,Money; currency; coinage
8198,頑固,がんこ,간코,완고한. 고집이 센,N2,Stubborn; obstinate
24003,彫刻,ちょうこく,쵸우코쿠,조각,N3,"sculpture, carving, engraving"
17197,白黒,しろくろ,시로쿠로,흑백,N2,"black and white, right or wrong"
7625,干渉,かんしょう,칸쇼우,간섭,N2,Interference; intervention; meddling
7633,感触,かんしょく,칸쇼쿠,감촉. 촉감,N2,Sense of touch; feeling; texture
8208,岩石,がんせき,간세키,암석,N2,Rock; stone
6727,活気,かっき,캇키,활기,N2,Energy; liveliness; vigor
5674,海峡,かいきょう,카이쿄우,해협,N2,Strait; channel
5718,介護,かいご,카이고,간호,N2,Nursing care; caregiving
5869,介入,かいにゅう,카이뉴우,개입,N2,Intervention
5900,介抱,かいほう,카이호우,간호,N2,Nursing; looking after
6514,科する,かする,카스루,부과하다,N2,To inflict (punishment); to fine
6870,門松,かどまつ,카도마츠,문 앞 소나무,N2,New Year's pine decoration
4386,追い求める,おいもとめる,오이모토메루,추구하다,N2,To pursue; to seek after
16018,視野,しや,시야,시야,N2,Field of vision; outlook
4214,炎上,えんじょう,엔죠우,논란,N2,Bursting into flames; going viral (negative/controversial)
2864,飲料,いんりょう,인료우,음료,N2,Beverage; drink
12734,個性,こせい,코세이,개성,N2,Individuality; personality
13808,栽培,さいばい,사이바이,재배,N2,Cultivation
13649,菜園,さいえん,사이엔,"채소밭,채원",N2,Vegetable garden
3437,裏側,うらがわ,우라가와,뒷쪽,N2,The reverse side; the back
1877,衣装,いしょう,이쇼우,의상,N2,Costume; outfit; dress
9483,嫌う,きらう,키라우,싫어하다,N2,To hate; to dislike
14667,桟橋,さんばし,산바시,"부두,잔교",N2,Pier; jetty; wharf
14983,強いる,しいる,시이루,강요하다. 강제하다,N2,To force; to compel
14985,仕入れる,しいれる,시이레루,사들이다,N2,To lay in stock; to replenish; to procure
13157,困窮,こんきゅう,콘큐우,곤궁,N2,Destitution; poverty; distress
13068,堪える,こらえる,코라에루,참다,N2,To endure; to bear; to withstand
12942,古墳,こふん,코훈,고분,N2,Tumulus; ancient burial mound
12735,戸籍,こせき,코세키,호적,N2,Family register
12293,構内,こうない,코우나이,경내,N2,Premises; grounds; campus
12444,恒例,こうれい,코우레이,관례,N2,Established practice; custom
11208,懸念,けねん,케넨,"걱정,괘념",N2,Concern; anxiety; worry
10961,継承,けんしょう,켄쇼우,계승,N2,Inheritance; succession
10526,苦しみ,くるしみ,쿠루시미,괴로움,N2,Suffering; pain; sorrow
8871,脚本,きゃくほん,캬쿠혼,각본,N2,Script; screenplay
9154,驚異,きょうい,쿄우이,경이,N2,Wonder; miracle; marvel
224,合間,あいま,아이마,틈. 짬. 참참,N2,Interval; spare moments
328,明かす,あかす,아카스,밝히다,N2,To reveal; to pass (the night)
136,哀愁,あいしゅう,아이슈우,애수,N2,Melancholy; sorrow
1686,行き詰まる,ゆきずまる,유키즈마루,정체되다,N2,To reach a dead end; to be stalemated
87911,変わり目,かわりめ,카와리메,"바뀔 때, 차이",N2,Turning point; transition
8427,紀元,きげん,키겐,기원,N2,Era; epoch; C.E.
33585,文豪,ぶんごう,분고우,문호,N1,literary giant
137490,霧深い,きりぶかい,키리부카이,안개가 짙다,N1,Misty; foggy
119054,水音,みずおと,미즈오토,물소리,N1,Sound of water
44533,幽谷,ゆうこく,유우코쿠,"유곡, 깊은 골짜기",N1,deep ravine; quiet valley
35442,毎々,まいまい,마이마이,매번,N1,every time; always
57030,漆黒,しっこく,싯코쿠,칠흑,N1,Jet black
950,溢れ返る,あふれかえる,아후레카에루,넘쳐나다,N2,To be overflowing; to be crowded with
7754,館内,かんない,칸나이,관내,N2,Within the building
7730,鑑定,かんてい,칸테이,감정,N2,Appraisal; expert opinion; judgment
7248,空手,からて,카라테,가라데,N2,Karate; empty-handed
8481,岸辺,きしべ,키시베,물가,N2,Shore; bank; beach
52763,剛健,ごうけん,고우켄,강건,N1,sturdy; robust
5016,陥る,おちいる,오치이루,빠지다,N2,To fall into; to cave in; to lapse into
51967,傲然,ごうぜん,고우젠,"거만,오연",N1,proudly; haughtily
9301,強度,きょうど,쿄우도,강도,N2,Strength; intensity
4379,追い詰める,おいつめる,오이츠메루,추궁하다,N2,To corner; to track down; to drive to the wall
1702,異郷,いきょう,이쿄우,타향,N2,Foreign land; strange country
32728,夫妻,ふさい,후사이,부부,N1,husband and wife; Mr. and Mrs.
3187,疑う,うたがう,우타가우,의심하다,N3,To doubt; to suspect
2960,飢え,うえ,우에,굶주림,N2,Hunger; starvation
3216,内側,うちがわ,우치가와,안쪽,N2,Inside; interior
31667,秘める,ひめる,히메루,품다,N2,to hide; to keep to oneself
30029,はにかむ,はにかむ,하니카무,수줍어하다,N1,To be shy / to bashful
15804,紙面,しめん,시멘,지면,N2,Page (of a newspaper); space
31962,品評,ひんぴょう,힌표우,품평,N1,criticism; comment; appraisal
31386,潜む,ひそむ,히소무,"잠입하다, 숨다",N1,to be hidden; to lurk; to be dormant
13403,号令,ごうれい,고우레이,구령,N2,Command; order; signal
25036,丁寧,ていねい,테이네이,"친절, 정성",N5,"polite, courteous, careful"
12376,攻防,こうぼう,코우보우,공방,N2,Offense and defense
30428,搬入,はんにゅう,한뉴우,반입,N1,carrying in; bringing in
24007,調査,ちょうさ,쵸우사,조사,N4,"investigation, survey, research"
23338,団体,だんたい,단타이,단체,N3,"organization, group, association"
8503,希少,きしょう,키쇼우,희귀,N2,Rare; scarce
24018,徴収,ちょうしゅう,쵸우슈우,징수,N1,"collection, levy, assessment"
17296,辛苦,しんく,신쿠,신고 (괴로움),N2,"hardship, toil"
8578,競う,きそう,키소우,경쟁하다,N2,To compete; to vie; to contest
14676,賛否,さんぴ,산피,찬반,N2,Pros and cons; yes and no
15945,車中,しゃちゅう,샤츄우,차 안,N1,In the car/train
14334,捌き,さばき,사바키,처리,N2,Handling; disposal; sale
13771,祭壇,さいだん,사이단,계단,N2,Altar
12786,国旗,こっき,콧키,국기,N2,National flag
12581,克明,こくめい,코쿠메이,극명,N2,Detailed; meticulous; faithful
8711,汽笛,きてき,키테키,기적,N2,Steam whistle; siren
8000,額,がく,가쿠,이마(액),N3,Amount; sum; frame; forehead
1014,雨戸,あまど,아마도,비바람막이문,N2,Sliding storm shutter
7606,冠詞,かんじ,칸지,관사,N1,Article (grammar)
16957,職務,しょくむ,쇼쿠무,직무,N2,"duty, function, job"
31946,品種,ひんしゅ,힌슈,품종,N3,kind; breed; variety
5437,温泉,おんせん,온센,온천,N5,Hot spring; Onsen
4872,起こす,おこす,오코스,일으키다,N3,To wake someone up; to cause; to raise
31586,一人一人,ひとりひとり,히토리히토리,한명한명,N2,one by one; each person
5356,下りる,おりる,오리루,내리다,N4,To get off; to descend; to be granted
2042,労わる,いただる,이타다루,돌보다,N1,To be kind to; to care for; to console
27466,内緒,ないしょ,나이쇼,비밀,N1,"secret, privacy"
2737,印刷,いんさつ,인사츠,인쇄,N4,Printing
3107,牛,うし,우시,소,N3,Cow; bull; ox
2322,営む,いとなむ,이토나무,경영하다,N3,To carry on (business); to run; to lead (a life)
29120,望ましい,のぞましい,노조마시이,바람직하다,N1,Desirable / preferable
34647,歩行,ほこう,호코우,보행,N2,walking; ambling
24023,長所,ちょうしょ,쵸우쇼,장점,N3,"strong point, merit, advantage"
15794,締め付ける,しめつける,시메츠케루,단단히 죄다,N3,To tighten; to squeeze; to constrict
21841,大戦,たいせん,타이센,대전. 특히 세계 대전,N2,great war
183869,亡父,ぼうふ,보우후,선친,N1,Deceased father
14255,さっぱり,さっぱり,삿파리,"말끔히, 전혀",N3,Refreshing; neat; (not) at all
24036,長女,ちょうじょ,쵸우죠,장녀,N3,eldest daughter
25460,天然,てんねん,텐넨,천연,N3,"nature, natural"
29913,発芽,はつが,하츠가,발아,N1,Germination
15437,下見,したみ,시타미,예비조사,N1,Preview; preliminary inspection
138553,動線,どうせん,도우센,동선,N1,Line of flow (architecture/movement)
67796,舞扇,まいようぎ,마이요우기,무선(춤출 때 쓰는 부채),N1,Dancing fan
69889,寮母,りょうぼ,료우보,기숙사,N1,Matron (dormitory)
65224,覆水,ふくすい,후쿠수이,엎지러진 물(복수),N1,Spilled water
60801,突端,とったん,톳탄,돌단(튀어나온 끝),N1,Tip; point; extremity
38541,遣る,やる,야루,"하다, 주다, 던지다",N5,to do; to give (to subordinates/animals)
27926,何しろ,なにしろ,나니시로,아무튼,N2,"at any rate, anyhow"
25947,東宮,とうぐう,토우구우,동궁,N1,Crown Prince
24135,長老,ちょうろう,쵸우로우,장로,N1,"elder, senior, patriarch"
20371,世話,せわ,세와,"돌봄, 소개, 폐",N3,"care, help, trouble"
19647,図表,ずひょう,즈효우,도표. 그래프,N2,"chart, diagram, graph"
18974,睡眠,すいみん,스이민,수면,N4,sleep
18920,衰弱,すいじゃく,스이쟈쿠,쇠약,N1,"weakness, debility, emaciation"
15758,染み,しみ,시미,스민 얼룩,N2,Stain; blot; smudge
13511,御殿,ごてん,고텐,궁전,N1,Palace; court; mansion
14095,支え,ささえ,사사에,버팀목,N2,Support; prop
13206,根絶,こんぜつ,콘제츠,근절,N1,Eradication; extermination
11729,言質,げんち,겐치,언질,N1,Pledge; commitment; one's word
9935,漁港,ぎょこう,교코우,어항,N1,Fishing port
9736,勤労,きんろう,킨로우,근로,N2,Labor; exertion; toil
9621,キンキ,きんき,킨키,킨키,N1,Kinki (region in Japan)
7841,観葉,かんよう,칸요우,관엽,N2,Ornamental (foliage)
7888,が,が,가,~이지만,N5,(Subject particle); but; however
6686,語り継ぐ,かたりつぐ,카타리츠구,구전하다,N2,To hand down (a story); to pass on
6334,禍根,かこん,카콘,화근,N1,Root of evil; source of trouble
33283,噴霧,ふんむ,훈무,분무,N1,spray; mist; atomization
4856,遅れ,おくれ,오쿠레,지연,N2,Delay; lag
18217,重大,じゅうだい,쥬우다이,중대,N2,"serious, important, grave"
4202,炎症,えんしょう,엔쇼우,염증,N2,Inflammation
67286,蒸らす,むらす,무라스,뜸들이다,N1,To steam; to let sit (after cooking)
29799,裸足,はだし,하다시,맨발,N2,Barefoot
19820,正式,せいしき,세이시키,정식,N3,"formal, official"
20591,戦闘,せんとう,센토우,전투,N2,"battle, fight, combat"
4710,大盛り,おおもり,오오모리,곱빼기,N2,Large serving; extra portion
3438,裏切り,うらぎり,우라기리,배신,N2,Treachery; betrayal
2230,一体,いったい,잇타이,일체,N2,One body; what on earth; generally
15096,士気,しき,시키,사기,N2,Morale
1114,洗い出す,あらいだす,아라이다스,철저히 밝혀내다,N2,To wash out; to reveal (through investigation)
62706,抜かり,ぬかり,누카리,허술함,N1,Oversight; slip-up
63221,売品,ばいひん,바이힌,상품,N1,Goods for sale
31663,悲鳴,ひめい,히메이,비명,N3,scream; shriek
49142,観桜,かんおう,칸오우,벚꽃놀이,N1,cherry blossom viewing
24039,頂上,ちょうじょう,쵸우죠우,정상. 꼭대기,N3,"top, summit, peak"
20832,全盛,ぜんせい,젠세이,전성,N2,"zenith, prime, prosperity"
1529,言い切る,いいきる,이이키루,단언,N2,To declare; to state positively; to finish saying
9798,技術,ぎじゅつ,기쥬츠,기술,N5,Technology; skill; technique
17518,心拍,しんぱく,신파쿠,심박,N2,heartbeat
20618,船舶,せんぱく,센파쿠,선박,N2,"ship, vessel"
16376,出張,しゅっちょう,슛쵸우,출장,N5,business trip
52856,金箔,きんぱく,킨파쿠,금박,N1,gold leaf
9852,虐待,ぎゃくたい,갸쿠타이,학대,N2,Abuse; ill-treatment; maltreatment
45811,駝鳥,だちょう,다쵸우,타조,N1,ostrich
36350,眉間,みけん,미켄,미간,N1,middle of the forehead
31595,日向,ひなた,히나타,양지,N1,sunny place
29389,灰皿,はいざら,하이자라,재떨이,N1,Ashtray
26472,特許,とっきょ,톳쿄,특허,N2,"patent, concession"
26185,十,とお,토오,십,N4,ten
24027,聴診,ちょうしん,쵸우신,청진,N1,auscultation (medical)
24040,調整,ちょうせい,쵸우세이,조정. 조절,N4,"adjustment, coordination"
23165,抱っこ,だっこ,닷코,안음,N2,carrying in one's arms (child)
16218,集落,しゅうらく,슈우라쿠,"촌락,집락",N2,"village, settlement, colony"
15855,車,しゃ,샤,차,N2,Car; vehicle; wheel
13461,誤植,ごしょく,고쇼쿠,오타,N2,Misprint; typographical error
12253,高低,こうてい,코우테이,고저,N1,Rise and fall; pitch; undulation
12658,小魚,こざかな,코자카나,작은 물고기,N2,Small fish
12449,口論,こうろん,코우론,말다툼,N2,Quarrel; dispute; argument
8654,基調,きちょう,키쵸우,기조,N2,Keynote; basic tone; underlying theme
8493,機種,きしゅ,키슈,기종,N2,Model (of a machine); type of equipment
32996,踏み入れる,ふみいれる,후미이레루,발을 들여놓다,N1,to set foot in
24638,慎ましい,つつましい,츠츠마시이,"조신하다,검소하다",N1,"modest, humble, reserved"
30825,晩餐,ばんさん,반산,만찬,N1,dinner; supper
31547,一時,ひととき,히토토키,한때,N1,one o'clock; a time; temporary
6345,嵩,かさ,카사,부피,N4,Bulk; volume; quantity
41330,笑い転げる,わらいころげる,와라이코로게루,포복절도하다,N1,to roll about with laughter
23393,治安,ちあん,치안,치안,N2,"public order, security"
196634,油取り,あぶらとり,아부라토리,기름종이,N2,Oil blotting (paper)
214511,配,はい,하이,배,N4,Distribution / Arrangement
89559,投げ上げる,なげあげる,나게아게루,던져올리다,N1,To toss up
87579,煎ずる,せんずる,센즈루,달이다,N1,To decoct; to brew (herbs/tea)
63417,どろどろ,どろどろ,도로도로,질퍽질퍽,N1,Muddy; gooey; scandalous
12395,蝙蝠,こうもり,코우모리,박쥐,N1,Bat (animal)
28812,寝転がる,ねころがる,네코로가루,누워서 뒹굴다,N1,To lie down / to throw oneself down
64453,干,ひ,히,건,N4,Drying; parched
40615,冷徹,れいてつ,레이테츠,냉철,N1,cool-headed; piercing
38578,湯上がり,ゆあがり,유아가리,목욕을 마침,N1,just after a bath
57829,白粥,しろがゆ,시로가유,흰죽,N1,Rice gruel
4795,置き場,おきば,오키바,배치,N1,Place for putting something; storage
28116,南国,なんごく,난고쿠,남국,N1,"southern country, the tropics"
25860,問う,とう,토우,묻다,N4,"to ask, to question, to accuse"
26597,戸惑う,とまどう,토마도우,망설이다,N1,"to be bewildered, to be at a loss"
23873,中毒,ちゅうどく,츄우도쿠,중독,N2,"poisoning, addiction"
24069,調停,ちょうてい,쵸우테이,조정,N1,"mediation, arbitration, conciliation"
24070,頂点,ちょうてん,쵸우텐,정점,N2,"top, summit, vertex"
24071,丁度,ちょうど,쵸우도,"정확히, 딱",N4,"exactly, just right"
24076,長男,ちょうなん,쵸우난,장남,N3,eldest son
24096,重宝,ちょうほう,쵸우호우,편리하고 도움이 됨. 소중히 여김. 아낌,N2,"convenience, treasure, useful"
59188,高潮,たかしお,타카시오,고조,N1,High tide; climax
51706,魚影,ぎょえい,교에이,"어영, 물고기 그림자",N1,shadow of a fish
24123,調理,ちょうり,쵸우리,조리,N2,"cooking, food preparation"
22858,単独,たんどく,탄도쿠,단독,N2,"sole, individual, independent"
24143,直後,ちょくご,쵸쿠고,직후,N3,immediately after
46709,朝焼け,あさやけ,아사야케,아침놀,N1,sunrise; morning glow
24154,直接,ちょくせつ,쵸쿠세츠,직접,N4,"direct, immediate, personal"
24156,直線,ちょくせん,쵸쿠센,직선,N3,straight line
23820,中秋,ちゅうしゅう,츄우슈우,중추,N3,mid-autumn
21502,存続,そんぞく,손조쿠,존속,N2,"duration, continuance, survival"
21699,大概,たいがい,타이가이,대개,N2,"mostly, generally, probably"
21728,待遇,たいぐう,타이구우,대우,N2,"treatment, reception, hospitality"
20830,前人,ぜんじん,젠진,전인,N1,"predecessor, people of the past"
12770,木霊,こだま,코다마,"나무의 정,메아리",N1,Echo; tree spirit
7818,漢方,かんぽう,칸포우,한방,N1,Chinese herbal medicine
2207,一新,いっしん,잇신,일신,N1,Renovation; reform; complete change
142396,盤面,ばんめん,반멘,반면,N1,Board surface (games)
32259,ＰＫ,ピーケー,피이케이,PK,N1,penalty kick (soccer)
30290,腫れ上がる,はれあがる,하레아가루,부어오르다,N1,to swell up
105085,茜色,あかねいろ,아카네이로,꼭두서니빛(검붉은 색),N1,Madder red; sunset color
23694,茶の湯,ちゃのゆ,챠노유,다도,N1,tea ceremony
4699,大昔,おおむかし,오오무카시,먼 옛날,N1,Ancient times; long ago
87839,混じり合う,まじりあう,마지리아우,서로 섞이다,N1,To mingle; to blend
176533,本震,ほんしん,혼신,본 지진,N2,Main shock (earthquake)
28764,寝息,ねいき,네이키,잠결의 숨소리,N1,Breathing of a person asleep
29395,排出,はいしゅつ,하이슈츠,배출,N1,Emission / evacuation
6475,鍛冶屋,かじや,카지야,대장간,N1,Blacksmith
119934,割り入れる,わりいれる,와리이레루,깨서 넣다,N1,"To break and drop into (e.g., an egg)"
139450,上階,じょうかい,죠우카이,위층,N1,Upper floor
6188,画する,かくする,카쿠스루,선을 긋다,N1,To divide; to demarcate; to plan
93752,セレブ,セレブ,세레부,세레브리티,N1,Celebrity
67431,滅入る,めいる,메이루,우울해지다,N1,To feel depressed; to be down
68584,紅葉狩り,もみじがり,모미지가리,단풍놀이,N1,Maple tree viewing
62879,寝惚ける,ねとぼける,네토보케루,잠이 덜 깨다,N3,To be half-asleep; to be delirious
71620,這い上がる,はいあがる,하이아가루,기어오르다,N1,To crawl up
69680,四つん這い,よつんばい,요츤바이,네발로 김,N1,On all fours
53915,侍医,じい,지이,"시의, 임금의 주치의",N1,court physician
51765,消し止める,けしとめる,케시토메루,불을 끄다,N1,to put out (a fire)
47359,荒れ狂う,あれくるう,아레쿠루우,미쳐 날뛰다,N1,to rage; to run amok
13873,早乙女,さおとめ,사오토메,모내기하는 처녀,N1,Young girl (esp. rice planter)
46572,秋晴れ,あきばれ,아키바레,가을의 쾌청한 날씨,N1,clear autumn weather
41138,和歌,わか,와카,와카,N1,Waka (Japanese poem)
39028,ヨウカイチバ,ようかいちば,요우카이치바,"8일 시장",N1,Yokaichiba (place name)
36892,明後日,みょうごにち,묘우고니치,내일 모레,N1,day after tomorrow
28512,入館,にゅうかん,뉴우칸,입관,N1,entering a building
26817,取り止める,とりやめる,토리야메루,취소하다,N1,"to cancel, to abandon"
25953,陶芸,とうげい,토우게이,도예,N1,"ceramics, pottery making"
24157,直前,ちょくぜん,쵸쿠젠,직전,N3,just before
24160,直通,ちょくつう,쵸쿠츠우,직통,N3,"direct communication, direct line"
24168,直面,ちょくめん,쵸쿠멘,직면,N2,"confrontation, facing (a problem)"
24171,直流,ちょくりゅう,쵸쿠류우,직류,N2,direct current (DC)
24177,著者,ちょしゃ,쵸샤,저자,N2,"author, writer"
23675,茶室,ちゃしつ,챠시츠,다실,N1,tea ceremony room
1683,息遣い,いきずかい,이키즈카이,숨결,N1,Breathing; respiration
17687,次,じ,지,차,N4,"next, subsequent"
19919,精通,せいつう,세이츠우,정통함,N1,"being well-versed in, proficiency"
19899,整体,せいたい,세이타이,"접골,정체",N1,"chiropractic, body alignment"
11907,高温,こうおん,코우온,고온,N1,High temperature
20020,静養,せいよう,세이요우,정양,N1,"rest, recuperation"
9026,急性,きゅうせい,큐우세이,급성,N1,Acute (illness)
9096,急用,きゅうよう,큐우요우,급무,N1,Urgent business
34580,放り込む,ほうりこむ,호우리코무,던져넣다,N2,to throw into; to toss in
35490,前向き,まえむき,마에무키,"정면을 향함, 긍정적임",N2,forward-looking; positive; facing forward
32914,沸騰,ふっとう,훗토우,"물이 끓음,비등",N2,boiling; seething; excitement
32938,不当,ふとう,후토우,부당,N2,unjust; unfair; improper
32985,普遍,ふへん,후헨,보편,N2,universal; ubiquitous
30598,爆弾,ばくだん,바쿠단,폭탄,N2,bomb
22582,田畑,たはた,타하타,전답,N2,fields (rice and crops)
24178,著書,ちょしょ,쵸쇼,저서,N2,"literary work, book"
30364,反射,はんしゃ,한샤,반사,N2,reflection; reflex
24181,貯蔵,ちょぞう,쵸조우,저장,N2,"storage, preservation"
24182,貯蓄,ちょちく,쵸치쿠,저축,N2,savings
25783,伝達,でんたつ,덴타츠,전달,N2,"transmission, communication"
25437,天地,てんち,텐치,천지,N2,"heaven and earth, top and bottom"
27449,内閣,ないかく,나이카쿠,내각,N2,cabinet (government)
28001,滑らか,なめらか,나메라카,매끄러운 모양,N2,"smooth, glassy, fluent"
30467,反乱,はんらん,한란,반란,N2,rebellion; revolt
30225,張り紙,はりがみ,하리가미,벽보,N2,poster; sticker; placard
28859,熱湯,ねっとう,넷토우,열탕,N2,Boiling water
24187,直感,ちょっかん,춋칸,직감,N2,"intuition, instinct"
25838,問い合わせる,といあわせる,토이아와세루,문의하다,N2,"to inquire, to check"
18662,除去,じょきょ,죠쿄,제거,N2,"removal, elimination"
30323,繁華,はんか,한카,번화,N2,bustling; heavily populated
30531,売却,ばいぎゃく,바이갸쿠,매각,N2,sale; disposal
29332,把握,はあく,하아쿠,파악,N2,Grasp / understanding
29384,背後,はいご,하이고,배후,N2,Back / rear / background
29570,迫害,はくがい,하쿠가이,박해,N2,Persecution
29635,派遣,はけん,하켄,파견,N2,Dispatch / sending
29360,配管,はいかん,하이칸,배관,N2,Piping / plumbing
29864,発信,はっしん,핫신,발신,N2,Transmission / sending
28002,嘗める,なめる,나메루,혀끝으로 맛보다,N2,"to lick, to taste, to underestimate"
28051,成り立つ,なりたつ,나리타츠,성립하다,N2,"to consist of, to be practical, to hold true"
28461,荷作り,にづくり,니즈쿠리,짐 꾸리기,N2,packing
28706,抜け出す,ぬけだす,누케다스,살짝 도망치다,N2,"to slip out, to sneak away, to break free"
26016,陶磁器,とうじき,토우지키,도자기,N2,ceramics and porcelain
26037,当選,とうせん,토우센,당선,N2,"being elected, winning a prize"
24193,直径,ちょっけい,춋케이,직경. 지름,N2,diameter
24203,著名,ちょめい,쵸메이,저명,N1,"famous, well-known"
24220,散らかす,ちらかす,치라카스,흩뜨리다,N3,"to scatter, to clutter, to mess up"
24226,ちら,ちら,치라,살짝,N1,"glance, glimpse"
24235,塵紙,ちりがみ,치리가미,휴지,N2,"toilet paper, tissue paper"
24257,賃金,ちんぎん,친긴,임금,N1,"wages, pay"
24973,帝国,ていこく,테이코쿠,제국,N2,empire
22890,端末,たんまつ,탄마츠,단말기,N2,"terminal, device"
21061,送信,そうしん,소우신,송신,N2,"transmission, sending (message)"
20151,せせらぎ,せせらぎ,세세라기,시냇물 소리,N2,"babbling brook, murmur"
19708,声援,せいえん,세이엔,응원 소리,N2,"cheering, support"
32053,備品,びひん,비힌,비품,N2,equipment; fixtures; furnishings
30527,倍加,ばいか,바이카,배가,N1,doubling
29253,乗り切る,のりきる,노리키루,버텨나가다,N2,To weather / to overcome
42940,覇権,はけん,하켄,패권,N2,hegemony; supremacy
70737,優越,ゆうえつ,유우에츠,우월,N2,Superiority
30130,波紋,はもん,하몬,파문,N2,Ripple / repercussions
34047,返信,へんしん,헨신,"회신,반신",N2,reply; answer (to a message)
28658,忍耐,にんたい,닌타이,인내,N2,"patience, endurance, perseverance"
37083,無罪,むざい,무자이,무죄,N2,innocent; not guilty
118724,城門,じょうもん,죠우몬,성문,N2,Castle gate
177924,座り心地,すわりごこち,스와리고코치,앉는 느낌,N2,Sitting comfort
179126,買い言葉,かいことば,카이코토바,받아치는 말,N2,"Retort; ""buying"" someone's challenge"
68396,木目,もくめ,모쿠메,나뭇결,N2,Grain (of wood)
61369,雑兵,ぞうひょう,조우효우,"잡졸,잡병",N2,Common soldier; rank and file
54050,五穀,ごこく,고코쿠,오곡,N2,the five grains
69527,従順,じゅうじゅん,주준,종순(순종함),N2,Obedience; submissive
38241,養う,やしなう,야시나우,"기르다, 양육하다",N2,to rear; to support; to maintain
21967,タイワン,たいウァン,타이완,타이완,N2,Taiwan
35092,傍聴,ぼうちょう,보우쵸우,방청,N2,hearing; attendance (at court/assembly)
8695,狐色,きつねいろ,키츠네이로,옅은 갈색,N1,Golden brown; light brown
64594,秒針,びょうしん,뵤신,초침,N2,Second hand (of a clock)
24289,沈殿,ちんでん,친덴,침전,N1,"precipitation, sediment"
23798,中国,ちゅうごく,츄우고쿠,중국,N2,China
26370,床の間,とこのま,토코노마,토코노마 (장식 공간),N2,alcove (in a Japanese room)
65154,一抱え,ひとかかえ,히토카카에,한 아름,N2,An armful
51301,売り言葉,うりことば,우리코토바,시비거는 말,N2,retort; provocative words
41523,鮮度,せんど,센도,선도,N2,freshness
39610,来場,らいじょう,라이죠우,"내방,내장",N2,attendance (at a venue)
39722,落下,らっか,랏카,낙하,N2,fall; descent
40214,了解,りょうかい,료우카이,양해,N2,understanding; agreement; Roger
40609,冷淡,れいたん,레이탄,냉담,N2,cold; indifferent
40806,連中,れんちゅう,렌츄우,일당,N2,company; bunch; those guys
40917,浪費,ろうひ,로우히,낭비,N2,waste; extravagance
38508,病む,やむ,야무,병들다. 앓다,N2,to be ill; to suffer from
38607,有益,ゆうえき,유우에키,유익,N2,beneficial; profitable
37131,結び付ける,むすびつける,무스비츠케루,결부하다,N2,to combine; to tie together
37412,召す,めす,메스,드시다,N2,to eat/drink; to put on; to summon (honorific)
36507,身嗜み,みだしなみ,미다시나미,몸가짐,N2,personal grooming; appearance
34550,抱負,ほうふ,호우후,포부,N2,aspiration; ambition
27790,投網,なげあみ(とあみ),나게아미(토아미),투망,N2,casting net
24297,沈没,ちんぼつ,친보츠,침몰,N2,"sinking, submersion"
24335,追及,ついきゅう,츠이큐우,추궁,N2,"investigation, questioning, chasing"
19665,ずれる,ずれる,즈레루,어긋나다,N2,"to be out of alignment, to slide"
19566,寸前,すんぜん,슨젠,직전,N2,"on the verge, just before"
18603,場内,じょうない,죠우나이,장내,N2,inside the grounds/hall
18209,重曹,じゅうそう,쥬우소우,"중탄산소다,베이킹소다",N1,"baking soda, sodium bicarbonate"
6192,隔世,かくせい,카쿠세이,격세,N1,Different age; remote age
32754,不出,ふしゅつ,후슈츠,내지 않음,N1,non-appearance; (fushutsunohana) peerless
32574,吹き飛ばす,ふきとばす,후키토바스,불어 날려버리다,N1,to blow away; to dispel
30261,遥か,はるか,하루카,아득히,N2,far off; distant; remote
40418,凛と,りんと,린토,늠름하게,N1,dignified; cold; sharp
40378,臨機,りんき,린키,임기,N1,as the occasion demands (pro re nata)
39704,らしい,らしい,라시이,~답다,N1,-ish; like (suffix)
20386,線,せん,센,선,N4,"line, wire"
87460,さらば,さらば,사라바,"헤어질 때 인사, 그러면(안녕)",N1,Farewell; goodbye
22415,立ち向かう,たちむかう,타치무카우,맞서다,N1,"to face, to confront, to fight against"
488,悪路,あくろ,아쿠로,"험한길,악로",N1,Bad road
37043,報う,むくう,무쿠우,"보답하다, 갚다",N1,to reward; to repay
36995,無援,むえん,무엔,도움 없음,N1,helpless; without aid
5241,思い立つ,おもいたつ,오모이타츠,마음먹다,N1,To resolve; to take it into one's head
53130,絶後,ぜつご,제츠고,절후,N1,the last; unique
29410,背水,はいすい,하이스이,배수,N1,Having one's back to the wall
28654,人参,にんじん,닌진,"당근,인삼",N2,"carrot, ginseng"
41334,笑い話,わらいばなし,와라이바나시,우스갯소리,N1,funny story; joke
42661,乙女,おとめ,오토메,처녀,N1,maiden; young girl
22727,たり,たり,타리,‘てあり’의 전와(轉訛),N1,(suffix for actions) and the like
47068,一長,いっちょう,잇쵸우,일장 (장점 하나),N1,a merit; an advantage
47069,一短,いったん,잇탄,일단 (단점 하나),N1,a demerit; a disadvantage
28141,なんて,なんて,난테,따위,N2,"such a thing as, how...!"
9378,曲折,きょくせつ,쿄쿠세츠,곡절,N1,Windings; complications; vicissitudes
45147,切り裂く,きりやく,키리야쿠,발기다,N1,to cut up; to tear asunder
39171,予感,よかん,요칸,예감,N2,premonition; hunch
25742,電位,でんい,덴이,전위,N1,electric potential
24347,追跡,ついせき,츠이세키,추적,N2,"pursuit, tracking"
2057,一会,いちえ,이치에,한 번의 모임,N1,A meeting; an assembly
24358,序で,ついで,츠이데,…하는 김에,N2,"opportunity, occasion, while (one is at it)"
24369,追放,ついほう,츠이호우,추방,N2,"exile, banishment, purge"
24386,通過,つうか,츠우카,통과,N3,"passage, transit, passing"
24392,通学,つうがく,츠우가쿠,통학,N2,commuting to school
21204,楚歌,そか,소카,"초가, 사면초가",N1,Chuko (songs of Chu / being surrounded by enemies)
15181,止血,しけつ,시케츠,지혈,N1,Hemostasis; stopping of bleeding
12711,故人,こじん,코진,고인,N2,The deceased; old friend
4485,応変,おうへん,오우헨,응변,N1,Adaptability; meeting the situation
24388,痛感,つうかん,츠우칸,통감,N3,"feeling keenly, fully realizing"
24402,通行,つうこう,츠우코우,통행,N4,"passage, passing, traffic"
24422,通知,つうち,츠우치,통지,N3,"notice, notification"
3423,紆余,うよ,우요,우여,N1,(Part of Uyo-kyokusetsu) Twists and turns
24423,通帳,つうちょう,츠우쵸우,통장,N3,"bankbook, passbook"
10249,屈する,くっする,쿳스루,굽히다,N1,To yield; to give in; to submit
8250,器,き,키,그릇,N4,Vessel; container; ability
7715,感知,かんち,칸치,감지,N1,Perception; sensing; detection
4784,置き去り,おきざり,오키자리,내버려두고 가버림,N1,Desertion; leaving behind
6627,形崩れ,かたくずれ,카타쿠즈레,모양 틀어짐,N1,Losing shape (clothing/food)
2018,板挟み,いたば사미,이타바사미,"판박이, 진퇴양난",N1,Being caught in a dilemma; between a rock and a hard place
1696,生き残る,いきのこる,이키노코루,살아남다,N1,To survive
32839,伏せる,ふせる,후세루,숙이다,N2,to lay face down; to hide; to lower (eyes)
46734,足早,あしばや,아시바야,발걸음,N1,quick pace; fast-walking
31276,蜩,ひぐらし,히구라시,쓰르라미,N1,evening cicada (higurashi)
138789,屋根裏,やねうら,야네우라,다락,N1,Attic; loft
37655,目撃,もくげき,모쿠게키,목격,N2,witnessing; observing
360,明るみ,あかるみ,아카루미,"밝은 곳, (비밀 등이) 드러남",N1,Coming to light; public knowledge
34827,掘り起こす,ほりおこす,호리오코스,파내다,N1,to dig up; to excavate; to plow
68434,渋紙,しぶがみ,시부가미,떫은 감물을 먹인 종이,N1,Tannin-stained paper
193418,斜め向かい,ななめむかい,나나메무카이,대각선 맞은편,N1,Diagonally opposite
11714,減速,げんそく,겐소쿠,감속,N1,Deceleration; slowing down
98538,中層,ちゅうそう,츄우소우,중층,N1,Middle layer
39245,横並び,よこならび,요코나라비,옆으로 줄지음,N1,side-by-side; alignment
29160,野花,のばな,노바나,들꽃,N1,Wild flower
52614,轟音,ごうおん,고우온,굉음,N2,roaring sound; boom
13731,最小,さいしょう,사이쇼우,최소,N1,Minimum; smallest
136321,海魚,かいぎょ,카이교,해어,N1,Saltwater fish
137393,縦書き,たてがき,타테가키,세로쓰기,N1,Vertical writing
98898,逆走,ぎゃくそう,갸쿠소우,역주,N1,Driving/running the wrong way
54590,表通り,おもてどおり,오모테도오리,큰길,N1,Main street
21401,蕎麦,そば,소바,"소바, 메밀국수",N1,soba (buckwheat noodles)
87587,飲み歩く,のみあるい,노미아루이,술마시고 다니다,N1,To go from bar to bar; bar crawling
30139,早送り,はやおくり,하야오쿠리,빨리감기,N1,Fast forward
16716,小銃,しょうじゅう,쇼우쥬우,소총,N1,"rifle, small arms"
68457,渋み,しぶみ,시부미,떫은맛; 고상하고 차분한 맛,N1,Astringency; refined taste
8614,北国,きたぐに,키타구니,북국 (북쪽 지방),N1,Northern country; northern provinces
39219,横書き,よこがき,요코가키,가로쓰기,N1,horizontal writing
61770,地底,ちてい,치테이,"지하,지저",N1,Depths of the earth
35820,抹茶,まっちゃ,맛챠,말차,N1,Matcha (powdered green tea)
13504,ごった返す,ごったがえす,곳타가에스,"북새통을 이루다, 붐비다",N1,To be in a turmoil; to be crowded
15685,渋い,しぶい,시부이,"떫다, 쌉싸름하다, 떫은맛이 있다",N1,Astringent; bitter; somber; tasteful
44175,絶景,ぜっけい,젯케이,절경,N1,superb view; picturesque scenery
36734,ミニ-mini,ミニ,미니,미니,N4,mini
54996,獣類,じゅうるい,쥬우루이,짐승류,N1,Beasts; animals
54857,音速,おんそく,온소쿠,음속,N1,Speed of sound
36409,見捨てる,みすてる,미스테루,내버려두다,N1,to abandon; to desert
26540,飛ばし,とばし,토바시,"날리기, 건너뜀",N1,"skipping, flying"
24437,通用,つうよう,츠우요우,통용,N2,"popular use, circulation, passing for"
15697,渋る,しぶる,시부루,주저하다,N1,To hesitate; to be reluctant
24440,通路,つうろ,츠우로,통로,N3,"passage, pathway, aisle"
24376,つう,つい,츠이,무심코,N2,"connoisseur, well-informed (slang)"
18239,銃砲,じゅうほう,쥬우호우,총포,N1,"guns and cannons, firearms"
15153,至近,しきん,시킨,지근,N1,Very near; point-blank
7629,緩衝,かんしょう,칸쇼우,완충,N1,Buffer; shock absorption
32752,節目,ふしめ,후시메,"마디,옹이",N1,turning point; milestone; knot (in wood)
31980,美化,びか,비카,미화,N1,beautification; glorification
258909,間髪,かんぱつ,칸파츠,간발,N1,Hair's breadth / Split second
30425,半日,はんにち,한니치,반일,N1,half a day
31251,引き延ばす,ひきのばす,히키노바스,지연시키다,N1,to delay; to prolong; to stretch
6241,確率,かくりつ,카쿠리츠,확률,N1,Probability; likelihood
24453,使い道,つかいみち,츠카이미치,쓰는 길,N1,"use, utility"
30412,反転,はんてん,한텐,반전,N1,inversion; reversal; flipping
2552,入り,いり,이리,들어감,N1,Entry; joining; beginning
9975,銀河,ぎんが,긴가,은하,N1,The Milky Way; galaxy
25388,転載,てんさい,텐사이,전재,N1,"reproduction, reprinting"
59869,照らし出す,てらしだす,테라시다스,비추어 드러내다,N1,To illuminate; to light up
156472,瀬戸際,せとぎわ,세토기와,갈림길,N1,Brink; critical moment
35492,魔王,まおう,마오우,마왕,N1,devil; demon king
52640,永劫,えいごう,에이고우,영겁,N1,eternity
19700,聖域,せいいき,세이이키,성역,N1,"sanctuary, holy ground"
28253,逃げ込む,にげこむ,니게코무,도피하다,N1,"to take refuge in, to run into"
24459,仕える,つかえる,츠카에루,시중들다,N2,"to serve, to work for"
14310,宛ら,さながら,사나가라,흡사,N1,Just like; as if
28938,年金,ねんきん,넨킨,연금,N1,Pension
68493,縺れ込む,もつれこむ,모츠레코무,이어지다,N1,To stay entangled; to get into a mess
38629,悠久,ゆうきゅう,유우큐우,유구,N1,eternity; perpetuity
29372,廃虚,はいきょ,하이쿄,폐허,N1,Ruins / abandoned building
8990,九死,きゅうし,큐우시,구사,N1,Narrow escape (from death)
36476,見せ付ける,みせつける,미세츠케루,과시하다,N1,to show off; to display
26356,溶け出す,とけだす,토케다스,녹기 시작하다,N1,"to begin to melt, to leak"
29790,働き盛り,はたらきざかり,하타라키자카리,한창 일할 나이,N1,Prime of one's working life
67332,迷宮,めいきゅう,메이큐우,미궁,N1,Labyrinth; maze
29522,墓場,はかば,하카바,묘지,N1,Graveyard / cemetery
17853,事象,じしょう,지쇼우,"사건,사상",N1,"phenomenon, event"
61356,壮年,そうねん,소우넨,장년,N1,Prime of life; manhood
12305,光年,こうねん,코우넨,광년,N1,Light-year
25799,電脳,でんのう,덴노우,전뇌,N1,"computer (literary), brain"
56343,時空,じくう,지쿠우,지구,N1,Space-time
57581,晴耕,せいこう,세이코우,"맑으면 밭감,청경",N1,Farming when it's sunny
57595,雨読,うどう,우도우,"비 오면 독서,우도쿠",N1,Reading when it rains (with 晴耕)
56624,しゅんと,しゅんと,슌토,힝,N1,Dejectedly; despondently
50756,吸血,きゅうけつ,큐우케츠,흡혈,N1,blood-sucking
51857,結界,けっかい,켓카이,결계,N1,barrier (spiritual or physical)
38776,歪める,ゆがめる,유가메루,왜곡하다,N1,to distort; to twist
24467,束の間,つかのま,츠카노마,잠깐 동안,N1,"moment, brief space of time"
39076,幼少,ようしょう,요우쇼우,"유소, 어린 시절",N1,childhood; infancy
22634,偶,ぐう,구우,짝(우),N4,"even number, couple, accidental"
22809,探査,たんさ,탄사,탐사,N1,"investigation, probe"
20037,精霊,せいれい,세이레이,정령,N1,"spirit, soul, ghost"
4016,絵筆,えふで,에후데,그림붓,N1,Paintbrush
20996,創業,そうぎょう,소우교우,창업,N1,"establishment of a business, founding"
31724,氷河,ひょうが,효우가,빙하,N1,glacier
24472,捕まる,つかまる,츠카마루,잡히다,N3,"to be caught, to be arrested"
40404,臨終,りんじゅう,린쥬우,임종,N1,deathbed; last moments
24488,付き合う,つきあう,츠키아우,교제하다. 사귀다,N3,"to keep company with, to date"
24491,突き当たり,つきあたり,츠키아타리,"충돌,막다른 곳",N2,end of the street/hallway
24492,突き当たる,つきあたる,츠키아타루,부딪치다,N2,"to run into, to collide with, to reach the end"
24517,月並み,つきなみ,츠키나미,"월례,평범함",N1,"commonplace, trite, monthly"
24565,次ぐ,つぐ,츠구,뒤를 잇다,N3,"to rank next to, to follow"
24551,作り,つくり,츠쿠리,만듦,N3,"making, construction, structure"
24576,付け加える,つけくわえる,츠케쿠와에루,보태다,N1,to add one thing to another
24590,告げる,つげる,츠게루,고하다,N3,"to inform, to tell, to announce"
24586,浸ける,つける,츠케루,담그다. 절이다,N3,"to soak, to steep, to dip"
24591,都合,つごう,츠고우,형편,N4,"convenience, circumstances"
24610,伝わる,つたわる,츠타와루,전해지다,N4,"to be handed down, to be transmitted"
24626,突き込む,つきこむ,츠키코무,깊이 파고들다. 처넣다,N2,"to thrust into, to poke into"
24631,突っ張る,つっぱる,츳파루,"떠받치다,땅기다",N1,"to slap, to insist on, to be stiff"
24660,勤め先,つとめさき,츠토메사키,근무처,N1,"place of work, employer"
24661,努める,つとめる,츠토메루,힘쓰다,N2,"to endeavor, to strive, to make an effort"
24669,綱,つな,츠나,밧줄,N2,"rope, cord, lifeline"
24671,繋がり,つながり,츠나가리,연결,N2,"connection, link, relationship"
24678,繋げる,つなげる,츠나게루,연결하다,N2,"to connect, to link together"
24701,募る,つのる,츠노루,"심해지다,모으다",N3,"to invite, to recruit, to grow violent"
24702,唾,つば,츠바,침,N2,"spittle, saliva"
24715,潰す,つぶす,츠부스,"으깨다,없애다",N3,"to smash, to crush, to waste (time)"
24724,瞑る,つぶる,츠부루,눈을 감다,N1,to close one's eyes
24743,詰まり,つまり,츠마리,"요컨대,막힘",N2,"clogging, stoppage, in short"
24762,摘む,つむ,츠무,"뜯다, 따다",N3,"to pluck, to pick, to trim"
24793,強気,つよき,츠요키,강하게 나오는,N2,"confident, bullish, aggressive"
24797,強まる,つよまる,츠요마루,강해지다,N3,"to get strong, to gain strength"
24798,強める,つよめる,츠요메루,강하게 하다. 세게 하다,N3,"to strengthen, to emphasize"
24802,連なる,つらなる,츠라나루,나란히 줄지어 있다,N3,"to stand in a row, to be connected"
24803,貫く,つらぬく,츠라누쿠,"꿰뚫다,관철하다",N3,"to go through, to pierce, to carry out"
24804,連ねる,つらねる,츠라네루,한 줄로 죽 잇다,N2,"to put in a row, to join, to list"
24884,手当て,てあて,테아테,"수당,치료",N1,"medical treatment, allowance, preparation"
24934,提案,ていあん,테이안,제안,N4,"proposal, suggestion"
24941,低下,ていか,테이카,저하,N3,"fall, decline, deterioration"
24954,提供,ていきょう,테이쿄우,제공,N3,"offer, provision, sponsoring"
24963,提携,ていけい,테이케이,제휴,N2,"cooperation, tie-up, alliance"
24971,抵抗,ていこう,테이코우,저항,N2,"resistance, opposition"
24974,体裁,ていさい,테이사이,"외관,체면",N2,"outward appearance, format, decency"
24977,停止,ていし,테이시,정지,N3,"suspension, stop, halt"
24996,提示,ていじ,테이지,제시,N3,"presentation, exhibit, suggestion"
24983,提出,ていしゅつ,테이슈츠,제출,N5,"presentation, submission"
25005,訂正,ていせい,테이세이,정정,N2,"correction, revision"
25016,停滞,ていたい,테이타이,정체,N3,"stagnation, tie-up, congestion"
7179,鴨,かも,카모,오리,N4,Duck (wild); easy mark (slang)
32883,淵,ふち,후치,연못,N4,abyss; deep pool; depths
10956,慶祝,けいしゅく,케이슈쿠,경축,N1,Celebration; congratulation
64230,苦々しい,にがにがしい,니가니가시이,씁쓸한,N1,Bitter; loathsome
11975,公共,こうきょう,코우쿄우,공공,N2,Public; communal
8266,葱,ねぎ,네기,파,N4,Green onion; scallion
30310,班,はん,한,반,N4,group; party; team
3520,潤む,うるむ,우루무,끌썽이다,N1,To be moist; to be tearful
35419,埋葬,まいそう,마이소우,매장,N1,burial; interment
6201,各地,かくち,카쿠치,각지,N4,Everywhere; various places
4153,縁,へり,헤리,"가장자리, 테두리",N4,Fate; connection; bond; rim; edge
40562,霊,れい,레이,영,N4,spirit; soul
17330,深刻,しんこく,신코쿠,심각,N3,"serious, grave, severe"
41105,羽,わ,와,마리,N4,counter for birds/rabbits
36023,迷い,まよい,마요이,망설임,N2,hesitation; doubt; straying
35891,まで,まで,마데,까지,N5,until; to; even
30079,浜,はま,하마,해변의 모래밭,N4,Beach / seashore
4349,尾,お,오,꼬리,N4,Tail; ridge
27508,内部,ないぶ,나이부,내부,N4,"interior, inside, internal"
23951,長,ながい(ちょう),나가이(쵸우),긴 (장),N4,"long, leader, head, chief"
22331,立たす,たたす,타타스,서다,N2,to make someone stand
18682,叙述,じょじゅつ,죠쥬츠,서술,N1,"description, narrative"
60666,篤農,とくのう,토쿠노우,독농(모범 농부),N1,Exemplary farmer
27973,鉛,なまり,나마리,납,N4,lead (metal)
9595,極める,"きめる, きわめる","키메루, 키와메루","정하다, 극하다",N3,To carry to the extreme; to master
28182,煮,に,니,탕,N4,"boiling, cooking"
1652,粋,いき,이키,운치,N4,Chic; stylish; refined; essence
27905,など,など,나도,따위,N4,"and so on, etc."
20760,膳,ぜん,젠,밥상,N4,"(low) meal table, counter for bowls of rice"
24224,散らす,ちらす,치라스,흩뜨리다,N2,"to scatter, to disperse, to distribute"
440,悪,あく,아쿠,악,N4,Evil; wickedness
25018,邸宅,ていたく,테이타쿠,저택,N2,"mansion, residence"
18155,中,"じゅう, ちゅう","쥬우, 츄우",중,N4,"middle, medium, inside"
41230,分ける,わける,와케루,가르다,N4,to divide; to separate; to share
12332,交番,こうばん,코우반,파출소,N3,Police box
11789,庫,こ,코,고,N4,Warehouse; storehouse
25029,停電,ていでん,테이덴,정전,N4,"power failure, blackout"
287728,戎,えびす,에비스,아이누족,N4,Barbarian / Ebisu (God)
93682,乙,おつ,오츠,"을,멋짐",N4,"Second (in a series); chic; ""B"""
15307,師事,しじ,시지,사사,N1,Studying under (a master)
13262,昆布,こんぶ,콘부,다시마,N2,Kelp; kombu
66874,放物,ほうぶつ,호우부츠,포물,N1,Parabolic
47320,霰,あられ,아라레,싸라기눈,N4,hail; hailstone
41684,渦,うず,우즈,"소용돌이,와중",N4,whirlpool; eddy; vortex
44380,禅,ぜん,젠,좌선,N4,Zen
42682,祠,ほこら,호코라,사당,N4,small shrine; wayside shrine
45670,誉,ほまれ,호마레,명예,N4,honor; glory; fame
47143,暇,いとま,이토마,겨를,N4,leisure; free time; time off
14092,笹,ささ,사사,대나무 가지,N4,Bamboo grass
7664,感ずる,かんじる,칸지루,느껴지다,N5,To feel; to sense
31467,羊,ひつじ,히츠지,양,N4,sheep
8400,菊,きく,키쿠,국화(국),N4,Chrysanthemum
87809,囁き合う,ささやきあう,사사야키아우,속삭이다,N1,To whisper to each other
7892,蛾,が,가,나방,N4,Moth
24703,椿,つばき,츠바키,동백,N4,camellia
31475,蹄,ひずめ,히즈메,발굽,N4,hoof
6782,鰹節,かつおぶし,카츠오부시,가츠오부시,N3,Dried bonito flakes
118621,詔,みことのり,미코토노리,조(임금의 말씀),N1,Imperial edict
68405,猛者,もさ,모사,강자,N1,"Brave man; veteran; ""beast"""
65198,蚋,ぶよ,부요,파리,N4,Gnat; black fly
31792,雛,ひよこ,히요코,병아리,N4,chick; doll
44845,鯖,さば,사바,고등어,N4,mackerel
6570,風,かぜ,카제,바람,N5,Wind; breeze
28185,似合う,にあう,니아우,어울리다,N2,"to suit, to match, to become"
961,脂,あぶら,아부라,기름,N4,Fat; lard; grease (animal)
6007,踵,かかと,카카토,뒤꿈치,N4,Heel (of foot)
31142,日陰,ひかげ,히카게,음지,N2,shade; shadows
19959,整髪,せいはつ,세이하츠,"조발, 이발",N1,hairdressing
14402,鮫,さめ,사메,상어,N4,Shark
36018,繭,まゆ,마유,고치,N4,cocoon
8853,気持ち,きもち,키모찌,기분,N5,Feeling; mood; sensation
25516,で,で,데,(이)고,N4,"at, by, in, with (particle)"
10027,空気,くうき,쿠우키,공기,N5,Air; atmosphere
38151,約,やく,야쿠,약,N4,approximately; promise; contract
1765,生ける,いける,이케루,꽃꽂이를 하다,N2,To arrange flowers; to keep alive
22202,竹,たけ,타케,대나무,N4,bamboo
41308,鰐,わに,와니,악어,N4,crocodile; alligator
29215,鑿,のみ,노미,벼룩,N4,Chisel
2427,鼾,いびき,이비키,코골이,N4,Snoring
2270,五,いつ,이츠,오(5),N4,Five
24602,蔦,つた,츠타,담쟁이덩굴,N4,ivy
29340,肺,はい,하이,폐,N4,Lung
36017,眉,まゆ,마유,눈썹,N4,eyebrow
29003,能,のう,노우,노 공연,N4,Talent / Noh (theatre)
39010,要,よう,요우,요,N4,point; pivot; essence
46257,脈,みゃく,먀쿠,맥,N4,pulse; vein; hope
38088,八,やっ,얏,팔,N4,eight
2635,岩,いわ,이와,바위,N4,Rock; crag
35979,瞼,まぶた,마부타,눈꺼풀,N4,eyelid
18157,十,じゅう,쥬우,십,N5,ten
11865,高,こう,코우,고,N4,High; amount (suffix)
22564,狸,たぬき,타누키,너구리,N4,"tanuki (raccoon dog), sly person"
22298,襷,たすき,타스키,멜빵,N4,tasuki (cord used to tie back sleeves)
23936,兆,ちょう,쵸우,조,N4,"trillion (10^12), omen, sign"
15449,七,しち,시치,칠,N4,Seven
21448,橇,そり,소리,썰매,N4,"sleigh, sled"
15128,識別,しきべつ,시키베츠,식별,N1,Discrimination; identification; discernment
10867,毛,け,케,털,N4,Hair; fur; feathers
20759,善,ぜん,젠,선,N4,"good, goodness, virtue"
15895,釈放,しゃくほう,샤쿠호우,석방,N2,Release; liberation; discharge
14938,師,し,시,사,N4,Teacher; master; specialist
10127,嚔,くしゃみ,쿠샤미,재채기,N4,Sneeze
32933,筆,ふで,후데,"붓, 필기구",N4,writing brush; pen
40198,漁,りょう,료우,고기잡이,N4,fishing
280438,勿,"なか,もち","나카,모치",마라,N4,Do not / Must not
30305,半,はん,한,반,N4,half; semi-
306595,操,みさお(そう),미사오(소우),정조,N4,Chastity / Fidelity / Manipulation
87749,脚,きゃく,캬쿠,각,N4,Leg; foot
98305,藍,あい(らん),아이(란),쪽(람),N4,Indigo
30311,藩,はん,한,번,N4,feudal domain (Edo period)
31454,ヒット-hit,ヒット,힛토,히트,N4,hit; success
29716,恥,はじ,하지,"치, 창피",N4,Shame / disgrace
24820,蔓,つる,츠루,덩굴,N4,"vine, tendril, influence"
68101,升,ます,마스,되,N4,"Measuring box; ""masu"""
48836,鎹,かすがい,카스가이,꺾쇠,N4,clamp; staple; (metaphorical) bond
25037,定年,ていねん,테이넨,정년,N2,retirement age
25055,停留,ていりゅう,테이류우,정류,N2,"stopping, detention"
25069,手掛ける,てがける,테가케루,손수 다루다,N2,"to manage, to handle, to start"
12964,駒,こま,코마,망아지,N4,Chessman; piece (shogi); bridge (instrument)
25077,適応,てきおう,테키오우,적응,N1,"adaptation, accommodation"
54239,棘,とげ,토게,가시,N4,thorn; spine; splinter
7891,画,"が,かく","가,카쿠",화,N4,Picture; drawing; stroke (kanji)
45704,糠,ぬか,누카,쌀겨,N4,rice bran
25081,的確,てきかく,테키카쿠,"딱 들어맞음,적확",N2,"precise, accurate, exact"
25085,適宜,てきぎ,테키기,"적의, 적당",N1,"suitability, as one sees fit"
25098,適する,てきする,테키스루,적합하다,N2,"to suit, to be fit for"
25106,適当,てきとう,테키토우,적당,N3,"suitable, proper, (colloquial) irresponsible"
6128,角,かく,카쿠,"모서리,각",N4,Angle; corner; horn
2504,芋,いも,이모,감자,N4,Potato; tuber
4156,遠,えん,엔,원,N4,Far; distant (prefix)
41936,藪,やぶ,야부,덤불,N4,thicket; bush; grove
38982,世,よ,요,"세상, 시대",N4,world; society; age
37164,旨,むね,무네,요지,N4,"effect; gist; (also ""delicious"" if using 旨い)"
25107,適度,てきど,테키도,적당한 정도,N2,"moderate, temperate"
22923,駄,だ,다,타,N4,"poor, low-grade, horse load"
20387,腺,せん,센,선,N4,gland
20756,全,ぜん,젠,전,N4,"all, whole, entire"
42332,寸,すん,순,치,N4,"Sun (unit of length, approx 3.03cm)"
42096,鮎,あゆ,아유,은어,N4,sweetfish (Ayu)
17137,尻,しり,시리,"꽁무니, 엉덩이",N4,"buttocks, bottom, rear"
14222,幸,こう,코우,행복,N4,Happiness; blessing; sea/mountain food
20743,銭,ぜに,제니,"돈, 전",N4,"sen (1/100 yen), money, coin"
17650,ＣＴ,シーティー,시이티이,CT,N4,CT scan (computed tomography)
1836,礎,いしずえ,이시즈에,토대,N4,Cornerstone; foundation
43559,菜,な,나,"채소, 나물",N4,vegetables; greens
47795,戦,いくさ,이쿠사,전쟁,N4,war; battle
18474,嬢,じょう,죠우,"양, 아가씨",N4,"young lady, miss"
39486,嫁,よめ,요메,"며느리, 아내",N4,bride; daughter-in-law; wife
15663,屡,しばしば,시바시바,종종,N4,Frequently; often (usually kana)
14929,四,よん(し),욘(시),네(사),N4,Four
16023,朱,しゅ,슈,"주색, 붉은색",N4,Vermillion; cinnabar; red
14343,錆,さび,사비,녹,N4,Rust
30304,判,ばん,반,판,N4,seal; stamp; size (of paper/books)
29202,幟,のぼり,노보리,"깃발, 노보리",N4,Banner / streamer
29562,拍,はく,하쿠,박,N4,Beat / pulse
6831,糧,かて,카테,양식,N4,Food; bread; nourishment
27538,猶,なお,나오,더,N4,"furthermore, still, yet"
25147,手数,てすう(てかず),테스우(테카즈),"수단, 수고",N2,"trouble, labor, number of moves"
25156,手帳,てちょう,테쵸우,수첩,N3,"notebook, memo pad"
25192,哲学,てつがく,테츠가쿠,철학,N3,philosophy
25240,手配,てはい,테하이,"준비,수배",N3,"arrangement, search (by police)"
94556,首,しゅ,슈,수,N4,Neck; head
25247,手引き,てびき,테비키,안내서,N1,"guidance, manual, introduction"
25039,停泊,ていはく,테이하쿠,정박,N2,"anchorage, mooring"
24938,庭園,ていえん,테이엔,정원,N2,"garden, park"
24972,定刻,ていこく,테이코쿠,"정시,정각",N1,"scheduled time, on time"
68424,渋,しぶ,시부,떪음,N4,Astringency; tannin
24336,追求,ついきゅう,츠이큐우,추구,N2,pursuit (of a goal/ideal)
59946,鼓,つずみ,츠즈미,북,N4,Hand drum
58960,環,たまき,타마키,고리,N4,Ring; circle; link
24644,続き,つづき,츠드키,연속,N2,"continuation, sequel"
24605,伝う,つたう,츠타우,(~을)타다,N2,"to go along, to follow (a path)"
49338,乾,かん,칸,건(마를 건),N4,dry; heaven (divination)
41248,鷲,わし,와시,독수리,N4,eagle
4864,桶,おけ,오케,통,N4,Bucket; tub; pail
605,脚,あし,아시,다리,N4,Leg; limb (usually lower)
24360,追悼,ついとう,츠이토우,추모,N2,"memorial, mourning"
757,仇,きゅう,큐우,원수,N4,Foe; enemy; revenge; harm
41455,宵,よい,요이,초저녁,N4,evening; early night
42326,凸,とつ,토츠,볼록,N4,convex; protruding
41326,藁,わら,와라,짚,N4,straw
24222,散らし,ちらし,치라시,전단지,N2,"leaflet, flyer, scattering"
36988,無,む,무,무,N4,nothing; naught; nil
24709,燕,つばめ(つばくら),츠바메(츠바쿠라),제비,N4,swallow (bird)
25244,手早い,てばやい,테바야이,다듬다,N3,"quick, nimble, agile"
23879,駐日,ちゅうにち,츄우니치,주일,N1,"resident in Japan (e.g., ambassador)"
35518,巻,まき,마키,권,N4,volume; book; scroll
35389,舞,まい,마이,무,N4,dance; dancing
24381,痛飲,つういん,츠우인,통음 (술을 많이 마심),N1,"drinking hard, heavy drinking"
24925,低,てい,테이,저,N4,low
24186,直轄,ちょっかつ,촛카츠,직할,N1,direct control/jurisdiction
15241,痼,しこり,시코리,멍울,N4,Chronic illness; deep-seated grudge
24764,詰む,つむ,츠무,"촘촘하다,쪼들리다",N2,"to checkmate, to be cornered"
22684,屯,たむろ,타무로,모이다,N4,"ton, ton (weight)"
16961,食物,しょくもつ,쇼쿠모츠,음식물,N2,"food, foodstuff"
16965,食糧,しょくりょう,쇼쿠료우,식량,N2,"staple food, provisions (rations)"
16969,諸君,しょくん,쇼쿤,제군,N2,"ladies and gentlemen, everyone"
16983,所在,しょざい,쇼자이,소재,N2,"whereabouts, location"
14474,沢,さわ,사와,계곡,N4,Mountain stream; marsh; swamp
11796,股,こ,코,넙적다리(고),N4,Thigh; crotch; groin
8740,絹,きぬ,키누,비단,N4,Silk
1513,異,こと(い),코토(이),이,N4,Difference; unusual; strange
33352,部族,ぶぞく,부조쿠,부족,N1,tribe; clan
202601,暗,あん,안,암,N4,Darkness
30306,反,はん,한,반,N4,anti-; opposite; counter-
200639,標,しるし(ひょう),시루시(효우),"표지,표",N4,Signpost / Mark
28528,入港,にゅうこう,뉴우코우,입항,N1,entry into port
194999,陵,みささぎ,미사사기,능,N4,Imperial mausoleum / Mound
24395,通暁,つうぎょう,츠우교우,"통효, 훤히 앎",N1,"thorough knowledge, proficiency"
24176,著作,ちょさく,쵸사쿠,저작,N2,"literary work, book, writing"
253220,きりり,きりり,키리리,바지런,N1,Stiff / Sharp / Tense
25213,鉄棒,てつぼう,테츠보우,철봉,N2,"iron bar, horizontal bar (gymnastics)"
20384,箋,せん,센,전,N4,"tag, slip, paper"
37565,藻,も(そう),모(소우),해초(조),N4,algae; seaweed
18375,順,じゅん,쥰,순,N4,"order, turn, obedience"
11618,現,げん,겐,현,N1,Present; actual; current
135733,隊,たい,타이,부대,N4,Party; squad; troop
98415,丙,へい,헤이,병,N4,"Third (in a series); ""C"""
38316,痩せ細る,やせほそる,야세호소루,비쩍 마르다,N1,to waste away; to become thin
36183,満腹,まんぷく,만푸쿠,만복,N1,full stomach
23998,兆候,ちょうこう,쵸우코우,징후,N1,"sign, omen, indication"
24405,痛恨,つうこん,츠우콘,통한,N1,"regret, bitter grief"
24774,詰め込む,つめこむ,츠메코무,채워넣다,N2,"to cram, to stuff, to jam"
24528,接ぎ木,つぎき,츠기키,접목,N1,grafting (trees)
24940,低音,ていおん,테이온,저음,N1,"low tone, bass"
24099,帳簿,ちょうぼ,쵸우보,장부,N3,"account book, ledger"
24279,賃貸,ちんたい,친타이,임대,N1,"lease, rent, hire"
158554,核内,かくない,카쿠나이,핵내,N1,Intranuclear
24278,沈滞,ちんたい,친타이,침체,N1,"stagnation, inactivity"
67237,棟,むね,무네,동,N4,Ridge (roof); wing (building)
24989,抵触,ていしょく,테이쇼쿠,저촉,N1,"conflict, collision, violation"
24981,亭主,ていしゅ,테이슈,"주인, 남편",N1,"husband, master, host"
24931,艇,てい,테이,"배, 보트",N4,"small boat, craft"
25007,貞節,ていせつ,테이세츠,정절,N1,"chastity, fidelity"
24088,貼付,ちょうふ,쵸우후,"붙임,첩부",N1,"pasting, affixing"
64660,縁取る,ふちどる,후치도루,가장자리를 꾸미다,N1,To border; to hem
47607,院政,いんせい,인세이,원정,N1,cloistered government (by retired emperor)
24446,塚,づか,즈카,"무덤, 언덕",N4,"mound, hillock, grave"
1968,磯,いそ,이소,물가,N4,Seashore; beach; rocky coast
40851,露,ろ,로,이슬,N4,dew
21480,村,そん,손,촌,N4,village
24113,弔問,ちょうもん,쵸우몬,조문,N1,call of condolence
22677,民,たみ,타미,백성,N4,"people, nation, subjects"
24032,弔辞,ちょうじ,쵸우지,조사 (조의를 표하는 글),N1,"funeral address, eulogy"
23971,町会,ちょうかい,쵸우카이,마을 자치회,N1,"town council, neighborhood association"
24082,挑発,ちょうはつ,쵸우하츠,도발,N2,"provocation, incitement"
17995,時点,じてん,지텐,지점,N1,point in time
39269,由,よし,요시,연유,N4,reason; significance; means
6083,書き直し,かちなおす,카치나오스,다시 고쳐씀,N1,Rewriting
631,足場,あしば,아시바,발판,N1,Scaffold; foothold; bridgehead
40619,戻入,れいにゅう,레이뉴우,환입,N1,re-entry; refunding
29242,乗り上げる,のりあげる,노리아게루,좌초하다,N1,To run aground
28305,錦鯉,にしきごい,니시키고이,비단잉어,N1,"colored carp, koi"
24129,張力,ちょうりょく,쵸우료쿠,장력,N1,"tension, tensile force"
24969,逓減,ていげん,테이겐,체감,N1,gradual decrease
24975,偵察,ていさつ,테이사츠,정찰,N1,"scouting, reconnaissance"
24640,堤,つつみ,츠츠미,둑,N4,"bank, embankment, dike"
25142,手提げ,てさげ,테사게,손가방,N1,"handbag, portable"
24946,諦観,ていかん,테이칸,체관 (본질을 꿰뚫어 봄),N1,"clear vision, resignation"
25038,諦念,ていねん,테이넨,체념,N1,"resignation, world-weariness"
23880,注入,ちゅうにゅう,츄우뉴우,주입,N1,"injection, pouring into, infusion"
23851,鋳造,ちゅうぞう,츄우조우,주조,N1,"casting, founding, minting"
24955,定義,ていぎ,테이기,정의,N1,definition
23870,駐屯,ちゅうとん,츄우톤,주둔,N1,"stationing (troops), garrison"
24742,摘む,つまむ,츠마무,"집다, 꼬집다",N1,"to pinch, to pick, to pluck"
25008,停戦,ていせん,테이센,정전,N1,"armistice, ceasefire"
25183,撤兵,てっぺ이,텟페이,철병,N1,withdrawal of troops
24790,梅雨時,つゆどき,츠유도키,장마철,N1,rainy season time
25058,定例,ていれい,테이레이,정례,N2,"regular, custom, ordinary"
190342,湯畑,ゆばたけ,유바타케,유바타케,N1,Yubatake (Hot water field/source)
24883,手厚이,てあつい,테아츠이,"정성스럽다, 후하다",N1,"generous, hospitable, warm"
24635,突く,つつく,츠츠쿠,쿡쿡 찌르다,N1,"to thrust, to poke"
25051,定理,ていり,테이리,정리,N1,theorem
25093,適所,てきしょ,테키쇼,적소,N1,the right place
37031,麦,むぎ,무기,보리,N4,wheat; barley; oats
1355,暗礁,あんしょう,안쇼우,암초,N1,"Reef; sunken rock; (Part of ""Ansho ni noru"" - hit a snag)"
6942,過熱,かねつ,카네츠,과열,N1,Overheating
23935,丁,ちょう,쵸우,정,N1,"block (town unit), counter for tools/dishes"
25108,適任,てきにん,테키닌,적임,N1,"fitness, competency"
24483,付き,つき,츠키,붙음,N1,"attached to, furnished with, appearance"
23006,代償,だいしょう,다이쇼우,"대가, 대상",N1,"compensation, price, sacrifice"
23644,着,ちゃく,챠쿠,착,N1,"counter for suits, arrival"
10962,警鐘,けいしょう,케이쇼우,경종,N1,Alarm bell; warning
21443,空,そら(くう),소라(쿠우),하늘,N5,"sky, empty"
21414,祖父,そふ,소후,조부,N5,grandfather
21424,祖母,そぼ,소보,조모,N5,grandmother
21471,揃える,そろえる,소로에루,"가지런히 하다,갖추다,채우다",N3,"to arrange, to put in order, to make uniform"
21470,揃う,そろう,소로우,"갖춰지다, 모이다",N4,"to be gathered, to be complete, to match"
16799,上人,しょうにん,쇼우닌,상인 (고승의 칭호),N1,"holy priest, saint"
17399,身上,しんじょう,신죠우,"신상, 가문",N1,"one's status, social standing, merits"
12446,航路,こうろ,코우로,항로,N1,Course; sea route; air route
136475,償い,つぐない,츠구나이,"보상,속죄",N1,Atonement; compensation
142590,特賞,とくしょう,토쿠쇼우,특상,N1,Special prize
68133,鑢,やすり,야스리,사포,N4,File (tool); rasp
64196,半鐘,はんしょう,한쇼우,반종,N1,Fire bell; small bell
60630,篤志,とくし,토쿠시,독지,N1,Benevolence; volunteer spirit
49266,岩礁,がんしょう,간쇼우,암초,N1,reef; sunken rock
32700,膨らむ,ふくらむ,후쿠라무,부풀다,N3,to expand; to swell
30903,バーベキュー,バーベキュー,바아베큐우,바베큐,N5,barbecue
21300,訴訟,そしょう,소쇼우,소송,N2,"litigation, lawsuit"
13330,後,ご,고,후,N3,After; later
30798,板,"いた(はん, ばん)","이타(한, 반)",판자(반),N2,board; plank; plate
27762,泣き声,なきごえ,나키고에,울음소리,N1,"crying voice, sob"
24654,伝,つて,츠테,연줄,N1,"connection, pull, intermediary"
23214,妥当,だとう,다토우,타당,N2,"valid, proper, appropriate"
23123,妥結,だけつ,다케츠,타결,N1,"agreement, settlement"
22506,立てる,たてる,타테루,세우다,N5,"to stand something up, to set up, to establish"
23133,出し,だし,다시,"내놓음, 육수",N3,dashi (soup stock)
22259,蛸焼き,たこやき,타코야키,타코야키,N1,takoyaki (octopus balls)
22722,垂らす,たらす,타라스,떨어뜨리다,N3,"to hang, to drip, to spill"
22566,種,たね,타네,씨앗,N3,"seed, material, cause, trick"
23192,脱皮,だっぴ,닷피,탈피,N1,"shedding skin, molting, emergence"
22321,戦う,たたかう,타타카우,싸우다,N3,"to fight, to struggle against"
22851,探偵,たんてい,탄테이,탐정,N2,"detective, scout"
22397,立ち尽くす,たちつくす,타치츠쿠스,가만히 서 있다,N1,"to stand paralyzed, to remain standing"
23340,段々,だんだん,단단,점점,N3,"gradually, by degrees"
23399,小さい,ちいさい,치이사이,작은,N5,"small, little"
22806,単語,たんご,탄고,단어,N4,"word, vocabulary"
22343,唯,ただ,타다,그냥,N4,"only, merely, solely"
22342,唯,ただ,타다,단지,N2,"only, merely, solely"
23110,抱き締める,だきしめる,다키시메루,부둥켜안다,N1,"to hug tightly, to embrace"
23552,乳,ちち,치치,젖,N2,"milk, breast"
23563,縮まる,ちじまる,치지마루,단축되다,N2,"to shorten, to shrink, to narrow"
22399,立ち止まる,たちどまる,타치도마루,멈춰서다,N2,"to stop, to come to a halt"
22341,只,ただ,타다,그저,N3,"free of charge, ordinary, only"
22925,代,だい,다이,대,N3,"generation, age, price/fee"
22938,題,だい,다이,제목,N2,"title, subject, theme"
22975,代金,だいきん,다이킨,대금,N3,"price, payment, cost"
22977,大工,だいく,다이쿠,목수,N3,carpenter
23019,題する,だいする,다이스루,제목을 붙이다,N1,"to title, to entitle"
1021,雨水,あまみず(うすい),아마미즈(우수이),빗물,N1,Rainwater
9141,橋,きょう,쿄우,교,N1,Bridge
7300,下流,かりゅう,카류우,하류,N1,Downstream; lower reaches; lower class
40579,礼儀,れいぎ,레이기,예의,N4,manners; courtesy
38593,有,ゆう,유우,유,N4,possession; existence
16009,シャンプー,シャンプー,샴푸우,샴푸,N5,Shampoo
23027,大体,だいたい,다이타이,대체로,N4,"generally, substantially, outline"
14947,紙,し,시,지,N2,Paper
11258,軒,のき(けん),노키(켄),집(헌),N1,House (counter); eaves
3717,英文,えいぶん,에이분,영문,N3,English sentence; English literature
4940,押し潰す,おしつぶす,오시츠부스,짓뭉개다,N1,To crush; to squash
23029,大胆,だいたん,다이탄,대담,N2,"bold, daring, audacious"
5573,下,か,카,하,N1,Below; down; lower
61588,底流,ていりゅう,테이류우,"밑바탕,저류",N1,Undercurrent
60847,帳,とばり,토바리,장막,N1,Curtain; screen; register
12955,零す,こぼす,코보스,엎지르다,N3,To spill; to shed (tears); to grumble
195128,横風,よおかぜ,요카제,횡풍(옆바람),N1,Crosswind
32710,不遇,ふぐう,후구우,불우,N1,misfortune; bad luck
23043,大統領,だいとうりょう,다이토우료우,대통령,N3,president (of a country)
94737,木槌,きずち,키즈치,나무 망치,N1,Wooden mallet
14887,残業,ざんぎょう,잔교우,잔업,N4,Overtime work
3313,疎ましい,うとましい,우토마시이,역겹다,N1,Disagreeable; unpleasant; offensive
11676,厳粛,げんしょく,겐쇼쿠,엄숙,N1,Solemn; grave; majestic
213218,石高,こくだか,코쿠다카,쌀 수확량,N1,Kokudaka (Rice yield/Stipend)
209088,消し,けし,케시,지우개,N1,Erasing / Extinguishing
233887,プーン,ぷうん,푸운,윙,N1,Buzzing sound / Whiff (smell)
7438,代わり,かわり,카와리,"대체, 대신",N2,Substitute; replacement; alternate
87529,ロス,ロス,로스,로스,N1,Loss; Los Angeles
90193,窺い知れる,うかがいしれる,우카가이시레루,미루어 알다,N1,To be perceived; to give a glimpse
70367,弄する,ろうする,로우스루,농하다,N1,To play with; to resort to (tricks)
6672,傾ける,かたむける,카타무케루,기울이다,N3,To tilt; to bend; to devote (energy)
30373,半身,はんしん,한신,반신,N1,half the body
6918,果肉,かにく,카니쿠,과육,N1,Pulp; flesh (of fruit)
29543,吐き出す,はきだす,하키다스,내뿜다,N1,To spit out / to vomit
25261,手鞠,てまり,테마리,장난감 공,N1,traditional Japanese handball
61838,乳房,ちぶさ,치부사,유방,N1,Breast; udder
60859,鳶職,とびしょく,토비쇼쿠,비계공,N1,Scaffolder; construction worker
2266,一報,いっぽう,잇포우,"1보",N1,Information; news; a report
588,朝夕,あさゆう,아사유우,아침저녁,N1,Morning and evening
54820,担ぎ,かつぎ,카츠기,"메기, 짊어지기",N1,Carrying (on shoulder); superstition; shoulder
40164,流線,りゅうせん,류우센,유선,N1,streamline
8929,九,きゅう(く),큐우(쿠),구,N5,Nine
36152,饅頭,まんじゅう,만쥬우,만쥬,N1,Manju (steamed bun)
9355,巨額,きょうがく,쿄우가쿠,거액,N1,Enormous sum (of money)
50691,灸,きゅう,큐우,뜸,N1,moxibustion
55790,漉し餡,こしあん,코시안,팥소,N1,Smooth bean paste
51630,蹴落とす,けおとす,케오토스,차서 떨어뜨리다,N1,to kick down; to oust
23072,代弁,だいべん,다이벤,"대변, 대신 말함",N1,"speaking for another, proxy"
18487,攘夷,じょうい,죠우이,양이,N1,expulsion of foreigners
47596,因循,いんしゅん,인슌,"인순, 인습",N1,indecision; following old customs
16523,所,しょ,쇼,소,N1,"place, spot"
34853,惚れ込む,ほれこむ,호레코무,홀딱 반하다,N1,to fall deeply in love with
48240,格付け,かくずけ,카쿠즈케,급나누기,N1,rating; classification
24873,連れ,"つれ, づれ","츠레, 드레","동행, ~동반",N1,"companion, company"
15939,車体,しゃたい,샤타이,차체,N1,Body (of a car/vehicle)
24495,突き動かす,つきうごかす,츠키우고카스,움직이게 하다,N1,"to stir up, to rouse, to move"
45104,震い,ふるい,후루이,떨림,N1,shiver; tremor; shaking
23074,台本,だいほん,다이혼,대본,N2,"script, scenario"
23080,題名,だいめい,다이메이,제목,N3,title
23089,代用,だいよう,다이요우,대용,N1,"substitution, makeshift"
19259,捨て犬,すていぬ,스테이누,유기견,N1,"stray dog, abandoned dog"
11918,高架,こうか,코우카,고가,N1,Elevated (structure)
29006,農,のう,노우,농,N1,Farming / agriculture
7193,鴎,かもめ,카모메,갈매기,N1,Seagull
29631,波形,はけい,하케이,파형,N1,Waveform
87843,重なり合う,かさなりあう,카사나리아우,포개지다,N1,To overlap
65504,武功,ぶこう,부코우,무공,N1,Military merit
57220,瀬,せ,세,여울,N4,Shallows; current; rapids
49168,汗顔,かんがん,칸간,부끄러워 얼굴에 땀이남,N1,blushing with shame
41352,割り勘,わりかん,와리캉,더치페이,N1,splitting the bill (Dutch treat)
43784,天秤,てんびん,텐빈,천칭,N1,scales; balance
34042,変色,へんしょく,헨쇼쿠,변색,N1,discoloration; fading
35189,没,ぼつ,보츠,몰,N1,discarded; rejected; death (suffix)
23090,代理,だいり,다이리,대리,N3,"representation, agency, proxy"
22270,確か,たしか,타시카,확실한. 틀림없는,N4,"certain, sure, if I remember correctly"
22271,確かめる,たしかめる,타시카메루,확인하다,N4,"to ascertain, to confirm, to verify"
22281,多少,たしょう,타쇼우,다소,N3,"more or less, somewhat, a little"
22295,足す,たす,타스,보태다,N4,"to add, to supplement"
22296,多数,たすう,타수우,다수,N3,"great number, majority"
22308,携わる,たずさわる,타즈사와루,종사하다,N3,"to be involved in, to participate in"
22310,尋ねる,たずねる,타즈네루,찾아다니다. 물어보다,N3,"to ask, to inquire"
22311,訪ねる,たずねる,타즈네루,찾아가다,N4,"to visit, to call on"
22352,但し,ただし,타다시,다만,N2,"but, however, provided that"
22335,畳,たたみ,타타미,다다미,N4,tatami mat
22393,立ち去る,たちさる,타치사루,떠나다,N1,"to leave, to depart"
22408,立場,たちば,타치바,입장. 처지,N4,"standpoint, position, situation"
22412,忽ち,たちまち,타치마치,금세,N2,"at once, in a moment, suddenly"
23173,脱出,だっしゅつ,닷슈츠,탈출,N1,"escape, breakout"
22426,達する,たっする,탓스루,달하다,N3,"to reach, to attain, to arrive at"
23178,脱する,だっする,닷스루,벗어나다,N1,"to escape, to get out of, to leave"
22427,達成,たっせい,탓세이,달성,N3,"achievement, accomplishment"
23180,脱線,だっせん,닷센,탈선,N2,"derailment, digression"
23183,脱退,だったい,닷타이,탈퇴,N2,"withdrawal, secession"
22479,立て替える,たてかえる,타테카에루,대신 치르다,N1,to pay on behalf of someone else
23211,建て,#NAME?,#NAME?,#NAME?,N2,"(suffix) style of building (e.g., two-story)"
22498,奉る,たてまつる,타테마츠루,바치다. 헌상하다. 받들다,N1,"to offer, to present, to revere"
22515,他動,たどう,타도우,타동,N1,"transitive (verb), manual (action)"
22510,仮令,たとえ,타토에,비유,N1,"even if, although"
22514,例える,たとえる,타토에루,예를 들다,N2,"to compare to, to use a metaphor"
22520,辿り着く,たどりつく,타도리츠쿠,겨우 다다르다,N3,"to finally arrive at, to struggle to reach"
22536,谷,たに,타니,산골짜기,N3,valley
22580,頼む,たのむ,타노무,부탁하다,N4,"to ask, to request, to entrust"
22581,頼もしい,たのもしい,타노모시이,믿음직하다,N3,"reliable, trustworthy, promising"
22588,束,たば,타바,다발,N2,"bundle, bunch, sheaf"
19264,捨て去る,すてさる,스테사루,버리고 가 버리다,N1,"to abandon, to cast away"
17544,神木,しんぼく,신보쿠,신목,N1,sacred tree
14182,授かる,さずかる,사즈카루,받다,N2,To be gifted with; to be awarded
6524,数々,かずかず,카즈카즈,여러 가지,N1,Many; numerous
5411,恩返し,おんがえし,온가에시,은혜를 갚음,N1,Repayment of a favor
1921,居座る,いすわる,이스와루,눌러앉다,N1,To stay on; to refuse to leave
247136,削り出す,けずりだす,케즈리다스,깎아 내다,N1,To carve out / To machine
32575,吹き飛ぶ,ふきとぶ,후키토부,날아가다,N1,to be blown off; to vanish
29530,計り知れる,はかりしれる,하카리시레루,헤아려지다,N1,"Measurable (often used as ""unmeasurable"")"
29357,廃刊,はいかん,하이칸,폐간,N1,Discontinuation of publication
202780,削り滓,けずりかす,케즈리카스,깎은 부스러기,N1,Shavings / Scraps
5667,回帰,かいき,카이키,회귀,N1,Return; regression
29706,走り,はしり,하시리,주행,N1,Running / first of the season
53205,苦境,くきょう,쿠쿄우,"고경, 어려운 상황",N1,predicament; plight
4827,奥地,おくち,오쿠치,오지,N1,Backcountry; interior; remote area
26053,淘汰,とうた,토우타,도태,N1,"selection, weeding out"
7471,観,かん,칸,관,N1,Look; appearance; view
23952,長,ちょう,쵸우,장,N2,"long, leader, head, chief"
52973,干支,えと,에토,간지,N3,zodiac (sexagenary cycle)
48283,隠れ家,かくれが,카쿠레가,은신처,N1,hiding place; retreat
17435,深層,しんそう,신소우,심층,N1,"depths, deep layer"
10875,形,けい,케이,형,N1,Shape; form
175794,榛,はん,한,도장,N1,Hazel
22597,束ねる,たばねる,타바네루,묶다. 한 뭉치로 하다,N2,"to bundle, to tie up, to govern"
40456,類,るい,루이,류,N1,family (biology)
40406,隣人,りんじん,린진,이웃 사람,N1,neighbor
178848,命法,めいほう,메이호우,명법,N1,Imperative (grammar)
69831,把,わ,와,묶음,N1,Bundle; bunch; grasp
39621,来店,らいてん,라이텐,내점,N2,coming to a shop
23546,地層,ちそう,치소우,지층,N1,"stratum, layer"
22605,度々,どど,도도,여러 번. 자주,N2,"often, repeatedly, frequently"
69003,用量,ようりょう,요우료우,용량,N1,Dosage; dose
69725,流体,りゅうたい,류우타이,유체,N1,Fluid
61535,定言,ていげん,테이겐,정언,N1,Categorical (logic/assertion)
60325,等式,とうしき,토우시키,등식,N1,Equation (math)
54776,山荘,さんそう,산소우,산장,N1,Mountain villa; mountain hut
56886,滑り込む,すべりこむ,스베리코무,미끄러져 들어가다,N1,To slide into
35722,不味い,まずい,마즈이,맛없다,N1,tasty; bad; awkward; troublesome
35539,撒き散らす,まきちらす,마키치라스,뿌리고 다니다,N1,to scatter; to spread; to disseminate
22623,多分,たぶん,타분,아마,N4,"perhaps, probably, likely"
22632,他方,たほう,타호우,"한편, 타방",N1,"another side, on the other hand"
5336,折り返し,おりかえし,오리카에시,되돌아,N1,Refrain; turn-back; by return mail
5620,解,かい,카이,해,N1,Solution; explanation
22642,給う-尊敬,たまう,타마우,주시다 (존경어 문장체),N1,to deign to (honorific auxiliary)
22656,偶々,たまたま,타마타마,우연히,N3,"by chance, unexpectedly"
22659,偶に,たまに,타마니,때로는,N4,"occasionally, once in a while"
22672,溜まり場,たまりば,타마리바,불량배 집합소,N1,"hangout, gathering place"
22706,多様,たよう,타요우,다양한,N3,"diverse, varied"
22712,頼る,たよる,타요루,의지하다,N3,"to rely on, to depend on"
23262,だらし無い,だらしない,다라시나이,칠칠치 못하다,N2,"slovenly, loose, untidy"
22730,足りる,たりる,타리루,족하다,N4,"to be sufficient, to be enough"
17979,実存,じつぞん,지츠존,실존,N1,existence
33462,ぶらぶら,ぶらぶら,부라부라,어슬렁어슬렁,N3,aimlessly; idly; swinging
283672,王蟻,おうあり,오우아리,왕개미,N1,Queen ant
182520,ふわ,ふわ,후와,후와(의태어),N2,Fluffy / Softly (onomatopoeia)
2746,飲食,いんしょく,인쇼쿠,"마시고 먹음, 음식",N3,Eating and drinking
31592,雛,"ひな,ひよこ(す,すう)","히나,히요코(스,스우)",병아리,N3,chick; squab; doll (Hina)
29235,野良猫,のらねこ,노라네코,길고양이,N1,Stray cat
25408,展示,てんじ,텐지,전시,N5,"exhibition, display"
87367,読み比べる,よみくらべる,요미쿠라베루,읽고 비교하다,N1,To read and compare
71403,描き込む,えがきこむ,에가키코무,그려 넣다,N1,To draw in (detail)
58458,深窓,しんそう,신소우,규중,N1,Secluded room; sheltered upbringing
46055,冥利,みょうり,묘우리,"기쁨,명리",N1,luck; blessing; the privilege of
40130,竜,りゅう,류우,용,N4,dragon
34014,変換,えんかん,엔칸,변환,N1,conversion; transformation
25334,展,てん,텐,전,N1,"exhibition, expansion"
25795,伝導,でんどう,덴도우,전도,N1,"conduction, transmission"
22512,例えば,たとえば,타토에바,예컨대,N4,for example
22733,足る,たる,타루,족하다,N2,"to be sufficient, to be enough"
23269,怠い,だるい,다루이,나른하다,N2,"sluggish, weary, listless"
22744,垂れる,しだれる(たれる),시다레루(타레루),늘어지다. 드리워지다. 늘어뜨리다,N2,"to hang, to droop, to drip"
22768,短,みじかい(たん),미지카이(탄),짧은(단),N3,"short, brief"
22774,単一,たんいつ,탄이츠,단일,N1,"single, simple, sole"
22782,短歌,たんか,탄카,단가,N2,tanka (31-syllable poem)
23292,段階,だんかい,단카이,단계,N3,"stage, phase, level"
22790,短期,たんき,탄키,단기,N3,short-term
23301,団結,だんけつ,단케츠,단결,N1,"unity, union, solidarity"
23302,断言,だんげん,단겐,단언,N1,"assertion, declaration"
22802,炭鉱,たんこう,탄코우,탄광,N2,coal mine
23313,男子,だんし,단시,남자,N3,"boy, young man, male"
22820,短縮,たんしゅく,탄슈쿠,단축,N2,"shortening, contraction, reduction"
22829,単純,たんじゅん,탄쥰,단순,N2,"simple, straightforward"
22821,短所,たんしょ,탄쇼,단점,N3,"defect, weak point, shortcoming"
22832,淡水,たんすい,탄스이,담수,N1,fresh water
23326,断水,だんすい,단스이,단수,N2,water outage
23330,男性,だんせい,단세이,남성,N4,"male, man"
23333,断然,だんぜん,단젠,단연,N1,"firmly, absolutely, by far"
22836,炭素,たんそ,탄소,탄소,N1,carbon
22843,短大,たんだい,탄다이,"2년제 대학",N1,junior college
23339,段々,だんだん,단단,점점. 차차,N5,"gradually, by degrees"
23341,団地,だんち,단치,단지,N2,public housing complex
16991,初心,しょしん,쇼신,초심,N3,"original intention, beginner's mind"
10099,クサツ,くさつ,쿠사츠,쿠사츠,N1,Kusatsu
8088,学界,がっかい,갓카이,학계,N1,Academic world
4171,円滑,えんかつ,엔카츠,원활,N3,Smooth; harmonious
5617,界,かい,카이,계,N1,World; boundary; circle
7477,間,かん,칸,간,N1,Interval; space; room; between
7323,カルマン,カルマン,카루만,칼만,N1,Karman (as in Karman vortex)
146541,気学,きがく,키가쿠,기학,N1,Nine Star Ki (astrology)
33270,ふんだん,ふんだん,훈단,충분히. 풍부하게. 흥청망청,N1,plentiful; abundant; lavish
29078,逃れる,のがれる,노가레루,도망치다,N3,To escape / to avoid
37242,目,"め,ま(もく,ぼく)","메,마(모쿠,보쿠)",눈(목),N1,mesh; texture; grade (suffix)
23343,断定,だんてい,단테이,단정,N2,"conclusion, definite decision"
22856,担当,たんとう,탄토우,담당,N5,"being in charge, responsibility"
23351,旦那,だんな,단나,남자 집주인,N1,"husband, master, patron"
22862,単に,たんに,탄니,단지,N3,"simply, merely"
22875,蛋白,たんぱく,탄파쿠,단백,N1,"protein, albumen"
34837,掘り出す,ほりだす,호리다스,발굴,N2,to dig out; to unearth
23361,暖房,だんぼう,단보우,난방,N3,heating (indoor)
23369,弾力,だんりょく,단료쿠,탄력,N1,"elasticity, flexibility"
23394,地位,ちい,치이,지위,N2,"status, position, rank"
23424,地下,ちか,치카,지하,N5,"underground, basement"
23452,違える,ちがえる,치가에루,"다르게 하다, 틀리다",N1,"to change, to mistake, to sprain"
23432,近頃,ちかごろ,치카고로,요즘,N2,"lately, recently"
23434,近々,ちかじか,치카지카,조만간,N2,"soon, before long"
23437,近付ける,ちかづける,치카두케루,가까이 하다. 가까이 대다,N3,"to bring near, to let approach"
23478,畜生,ちくしょう,치쿠쇼우,"개새끼,축생",N1,"beast, brute, ""Damn it!"""
23482,蓄積,ちくせき,치쿠세키,축적,N2,"accumulation, storage"
23505,地形,ちけい,치케이,지형,N2,"topography, terrain"
23514,遅刻,ちこく,치코쿠,지각,N4,"lateness, being late"
23531,知事,ちじ,치지,(도)지사,N2,governor (prefectural)
23525,地質,ちしつ,치시츠,지질,N2,"geology, nature of soil"
23536,知人,ちじん,치진,지인,N3,acquaintance
23544,知性,ちせい,치세이,지성,N1,"intelligence, intellect"
23548,地帯,ちたい,치타이,지대,N3,"zone, region, belt"
23565,縮む,ちぢむ,치디무,오그라들다,N2,"to shrink, to contract"
23566,縮める,ちじめる,치지메루,줄이다,N2,"to shorten, to reduce"
23576,秩序,ちつじょ,치츠죠,질서,N2,"order, discipline, system"
23572,窒息,ちっそく,칫소쿠,질식,N1,"suffocation, choking"
23573,些とも,ちっとも,칫토모,조금도,N4,"(not) at all, (not) a bit"
23581,知的,ちてき,치테키,지적,N1,"intellectual, mental"
23582,地点,ちてん,치텐,지점,N2,"point, spot, location"
23595,知能,ちのう,치노우,지능,N2,"intelligence, brains"
23609,地平,ちへい,치헤이,지평,N3,horizon
23612,地方,ちほう,치호우,지방,N5,"region, district, countryside"
23622,地名,ちめい,치메이,지명,N3,place name
23651,着手,ちゃくしゅ,챠쿠슈,착수,N1,"starting, embarkation"
23653,着色,차くしょく,차쿠쇼쿠,착색,N1,"coloring, painting"
20169,折角,せっかく,셋카쿠,모처럼. 애써. 일부러,N2,"especially, with much trouble, kind"
18573,醸造,じょうぞう,죠우조우,양조,N1,"brewing, distilling"
18652,浄瑠璃,じょうるり,죠우루리,조루리(일본 판소리),N1,Joruri (dramatic narrative chanting)
15580,仕留める,しとめる,시토메루,처치하다,N1,To bring down (prey); to kill
3830,ＳＦ,エスエフ,에스에후,SF,N5,Science Fiction (SF)
13986,裂く,さく,사쿠,"가르다,피다",N2,To tear; to rip; to split
9884,業,ぎょう,교우,업,N1,Work; business; karma
20974,爽快,そうかい,소우카이,상쾌,N1,"refreshing, exhilarating"
22373,達,たち,타치,-들,N5,"plural suffix (e.g., we, they)"
200539,心技,しんぎ,신기,심기,N1,Spirit and Technique
33402,物,ぶつ,부츠,물,N4,thing; object
27079,同相,どうじょう,도우죠우,"위상동형,동상",N1,in-phase
24814,吊り橋,つりばし,츠리바시,현수교,N1,suspension bridge
24641,ツツミ,ツツミ,츠츠미,츠츠미 (성씨),N1,Tsutsumi (surname/bundle)
23659,着席,ちゃくせき,챠쿠세키,착석,N1,taking a seat
195885,寝惚け,ねぼけ,네보케,잠이 덜 깸,N1,Half-asleep / Groggy
7142,神業,かみわざ,카미와자,신의 조화,N1,Divine work; miracle; superhuman feat
22571,種蒔き,たねまき,타네마키,씨뿌리기,N1,sowing seeds
40195,料,りょう,료우,료,N4,fee; material
23666,着々,ちゃくちゃく,챠쿠챠쿠,착착,N2,"steadily, step by step"
16707,正真,しょうしん,쇼우신,"진실,정진",N2,"genuine, authentic"
40455,類,るい,루이,류,N1,kind; sort; category
87860,励まし合う,はげましあう,하기마시아우,서로 격려하다,N1,To encourage each other
38153,薬,やく,야쿠,약,N1,medicine; drug
23671,着目,ちゃくもく,챠쿠모쿠,착목. 주목,N1,"attention, observation"
88956,吹き消す,ふきけす,후키케스,불어 끄다,N1,To blow out (a candle)
19122,竦む,すくむ,스쿠무,움츠러들다,N1,"to freeze up, to be paralyzed (with fear)"
61033,土鈴,どれい,도레이,"흙구슬,토령",N1,Clay bell
38464,ヤマト,ヤマト,야마토,야마토,N1,Yamato (ancient name for Japan)
6899,彼方,かなた,카나타,저편,N1,Beyond; across; far away
57531,書庫,しょこ,쇼코,서고,N1,Archive; library stacks
50302,貴殿,きでん,키덴,귀하,N1,"you (honorific, formal)"
49770,気骨,きこつ,키코츠,"기골, 기개",N1,backbone; grit; spirit
39029,洋館,ようかん,요우칸,양관,N1,Western-style building
15760,染み込む,しみこむ,시미코무,깊이 스며들다,N1,To soak into; to permeate
14335,捌く,さばく,사바쿠,손질하다,N1,To handle; to deal with; to sell off
20408,戦艦,せんかん,센칸,전함,N1,battleship
47909,怪力,かいりき,카이리키,괴력,N1,superhuman strength
35926,俎板,まないた,마나이타,도마,N1,cutting board
178682,匠,たくみ,타쿠미,장인,N1,Artisan; craftsman
84316,カサ,かさ,카사,삿갓,N1,Umbrella; hat; bulk
104089,貫き通す,つらぬきとおす,츠라누키토오스,"꿰뚫다,관철하다",N1,To carry through; to stick to
46444,ばむ,ばむ,바무,~해지다,N1,to become... (suffix indicating state)
23673,着陸,ちゃくりく,챠쿠리쿠,착륙,N1,landing (aircraft)
23687,着工,ちゃっこう,챳코우,착공,N1,start of construction
23693,茶の間,ちゃのま,챠노마,"거실,다실",N1,Japanese-style living room
23750,注意,ちゅうい,츄우이,주의,N5,"caution, attention, warning"
23754,中央,ちゅうおう,츄우오우,중앙,N3,"center, central"
23743,中,"じゅう,ちゅう","쥬우,츄우",중,N4,"middle, medium, inside"
20737,絶大,ぜつだい,제츠다이,절대,N1,"immense, tremendous"
21047,走者,そうしゃ,소우샤,주자,N2,runner
17903,地蔵,じぞう,지조우,지장,N1,Jizo (guardian deity of children)
2596,入れ,いれ,이레,넣는 것,N1,Case; container; (suffix) containing
16847,正銘,しょうめい,쇼우메이,"진짜,정명",N2,"genuine, authentic"
9684,禁断,きんだん,킨단,금단,N1,Prohibition; forbidden
7813,観望,かんぼう,칸보우,관망,N1,Observation; watching
20280,説明,せつめい,세츠메이,설명,N5,explanation
5679,会議,かいぎ,카이기,회의,N5,Meeting; conference
17106,白ける,しらける,시라케루,싸해지다,N1,"to fade, to spoil the fun, to grow chilled"
21840,大切,たいせつ,타이세츠,소중,N5,"important, valuable, precious"
4875,行う,いう(おこなう),이우(오코나우),가다(이루어지다),N5,To perform; to carry out; to conduct
15523,失敗,しっぱい,싯파이,실패,N5,Failure; mistake
67282,村里,むらざと,무라자토,"촌락, 마을",N1,Village; hamlet
67285,村芝居,むらしばい,무라시바이,마을 연극,N1,Village play
61910,嫡孫,ちゃくそん,차쿠손,"장손, 적손",N1,Legitimate grandchild (usually eldest son's son)
38048,問題,もんだい,몬다이,문제,N5,problem; issue
35745,未だ,まだ,마다,아직,N5,still; yet
34931,本尊,ほんぞん,혼존,본존,N1,main image (of a temple); the man himself
32847,不遜,ふそん,후손,불손,N1,arrogant; insolent
29226,飲む,のむ,노무,마시다,N5,To drink / to swallow
29096,残る,のこる,노코루,남다,N5,To remain / to stay
29424,配送,はいそう,하이소우,배송,N1,Delivery / shipping
26854,取る,とる,토루,"취하다, 잡다, 묵다",N5,"to take, to pick up, to harvest"
26947,度,ど,도,번,N5,"degree, time, counter for occurrences"
24791,強い,つよい,쯔요이,강하다,N5,"strong, powerful, tough"
23765,中間,ちゅうかん,츄우칸,중간,N3,"middle, interim, intermediate"
23775,中級,ちゅうきゅう,츄우큐우,중급,N3,intermediate level
23785,中古,ちゅうこ,츄우코,중고,N3,"used, second-hand, old"
23835,中旬,ちゅうじゅん,츄우쥰,중순,N3,middle ten days of the month
23822,中傷,ちゅうしょう,츄우쇼우,중상,N2,"slander, libel, defamation"
23824,抽象,ちゅうしょう,츄우쇼우,추상,N2,abstraction
23827,昼食,ちゅうしょく,츄우쇼쿠,점심,N3,lunch
22496,建て前,たてまえ,타테마에,겉,N2,"tatemae (public stance), formal principles"
22401,立ち直る,たちなおれる,타치나오레루,회복해 일어서다,N2,"to recover, to get back on one's feet"
23672,着用,ちゃくよう,챠쿠요우,착용,N2,wearing (clothing/accessories)
23321,男女,"だんじょ,なんにょ","단죠,난뇨",남녀,N2,"men and women, both sexes"
23761,仲介,ちゅうかい,츄우카이,중개,N2,"agency, intermediation, brokerage"
23285,談,だん,단,담,N4,"talk, story, conversation"
23037,大地,だいち,다이치,대지,N1,"ground, earth, the solid earth"
23591,因み,ちなみ,치나미,관련,N2,"connection, relation"
22430,たって,たって,탓테,~하더라도,N1,"even if, even though"
22916,だ,だ,다,~이다,N6,"is, are (plain copula)"
22807,端午,たんご,탄고,단오,N1,Boys' Day (May 5th)
21520,村落,そんらく,손라쿠,촌락,N1,"village, hamlet"
15349,静か,しずか,시즈카,조용한,N5,Quiet; silent; calm
13107,頃,ころ,코로,무렵,N5,Time; about; around
12615,心,こころ,코코로,마음,N5,Heart; mind; spirit
12860,言葉,ことば,코토바,단어,N5,Word; language; phrase
12455,声,こえ,코에,목소리,N5,Voice
9980,銀行,ぎんこう,긴코우,은행,N4,Bank
11419,検品,けんぴん,켄핀,검품,N1,Inspection of goods
11158,欠損,けっそん,켓손,결손,N1,Loss; deficit; damage
6268,家系,かけい,카케이,가계,N1,Family lineage; genealogy
7480,館,かん,칸,관,N5,Building; hall; mansion
6297,掛ける,かける,카케루,"걸다, 얹다",N5,To hang; to sit; to spend; to multiply
5664,海岸,かいがん,카이간,해변,N4,Coast; beach
33155,震える,ふるえる,후루에루,떨다,N4,to shiver; to shake; to quake
33148,古い,ふるい,후루이,오래된,N5,old (objects)
31814,開く,ひらく,히라쿠,열리다,N5,to open; to hold (an event); to widen
29712,走る,はしる,하시루,달리다,N5,To run
27743,ながら,ながら,나가라,~면서,N5,"while, during, although"
25768,電車,でんしゃ,덴샤,전차,N5,train (electric)
25207,手続き,てつずき,테츠즈키,절차,N5,"procedure, formalities"
24648,続く,つづく,츠두쿠,계속되다,N5,"to continue, to last, to follow"
24649,続ける,つずける,츠즈케루,계속하다,N5,"to continue, to keep up"
24536,つく,つく,츠쿠,"닿다, 붙다",N5,"to stick, to arrive, to possess (e.g., a spirit)"
25076,的,てき,테키,"적, 과녁. 표적",N6,"target, mark, object"
22436,立つ,たつ,타츠,일어서다,N5,"to stand, to rise"
23397,地域,ちいき,치이키,지역,N5,"region, area"
23368,団欒,だんらん,단란,단란,N1,"sitting in a circle, happy family circle"
38404,破る,やぶる,야부루,어기다,N3,to tear; to break (a rule/promise)
19134,直ぐ,すぐ,스구,금방,N5,"immediately, right away, nearby"
4565,多く,おおく,오오쿠,많은,N5,Many; much; largely
2047,抱く,"だく,いだく","다쿠,이다쿠",안다,N4,To embrace; to hug; to harbor (an idea/feeling)
35752,町,まち,마치,마을,N5,town; street
23031,代々,だいだい,다이다이,대대로,N3,"for generations, hereditary"
34770,ほど,ほど,호도,정도. 만큼,N5,extent; degree; limit
39521,因る,よる,요루,의하다,N5,to be due to; to depend on
16206,週末,しゅうまつ,슈우마츠,주말,N5,weekend
40320,料理,りょうり,료우리,요리,N5,cooking; cuisine
3089,受ける,うける,우케루,받다,N5,To receive; to take (an exam); to be popular
19108,過ぎる,すぎる(よぎる),스기루(요기루),지나가다,N5,"to pass, to exceed, to go beyond"
11125,結局,けっきょく,켓쿄쿠,결국,N4,After all; in the end
23386,知,ち,치,지,N2,"knowledge, wisdom"
39501,より,より,요리,보다. 한결. 더욱더,N5,from; than
38638,夕暮れ,ゆうぐれ,유우구레,해질녘,N4,evening; twilight
39787,られる,られる,라레루,하게하다,N6,can; potential/passive suffix
38262,易い,やすい,야스이,쉽다,N5,easy; likely to (suffix)
36011,守る,まもる,마모루,지키다,N5,to protect; to obey; to guard
37012,昔,むかし,무카시,옛날,N5,old times; long ago
36514,道,みち,미치,길,N5,road; path; way
23328,断ずる,だんずる,단즈루,"단정하다,처단하다",N1,"to conclude, to judge, to decide"
23707,茶屋,ちゃや,챠야,찻집,N2,teahouse
21995,高い,たかい,타카이,높은,N5,"high, expensive"
20934,そう-様態,そう,소우,(~해)보이다,N5,"appearing so, seeming so"
20355,せる,せる,세루,하게하다,N5,"to compete, to bid (archaic)"
17162,知る,しる,시루,알다,N5,"to know, to find out"
15852,者,もの(しゃ),모노(샤),자,N5,Person
13619,さ,さ,사,참으로. 자못. 마치,N6,(Sentence ending particle/suffix)
11114,結果,けっか,켓카,결과,N5,Result; consequence
33318,部下,ぶか,부카,부하,N4,subordinate
31162,被害,ひがい,히가이,피해,N4,damage; harm; injury
31138,控える,ひかえる,히카에루,"삼가하다,기다리다",N4,to refrain; to hold back; to be near
31600,避難,ひなん,히난,피난,N4,evacuation; refuge
7073,紙,かみ,카미,종이,N4,Paper
31755,表情,ひょうじょう,효우죠우,표정,N4,facial expression
8300,消える,きえる,키에루,사라지다,N4,To go out; to vanish; to disappear
31431,引っ越し,ひっこし,힛코시,이사,N4,moving (house)
28749,濡れる,ぬれる,누레루,젖다,N5,To get wet
6603,固い,かたい,카타이,단단한,N5,Hard; stiff; firm; tight
27220,読書,どくしょ,도쿠쇼,독서,N4,reading books
6599,肩,かた,카타,어깨,N4,Shoulder
35765,間違える,まちがえる,마치가에루,착각하다,N5,to make a mistake; to confuse
20299,背中,せなか,세나카,등,N4,back (of the body)
26194,通す,とうす,토우스,"(길을)뚫다, 훑다",N4,"to let pass, to stick through"
88132,向ける,むける,무케루,향하다,N4,To turn toward; to aim
40966,路地,ろじ,로지,골목,N4,alley; lane
26063,到着,とうちゃく,토우챠쿠,도착,N4,arrival
26638,止める,とめる,토메루,멈추다,N4,"to stop, to park, to turn off"
9646,禁止,きんし,킨시,금지,N4,Prohibition; ban
24538,着く,つく,츠쿠,"닿다,도착하다",N4,"to arrive at, to reach"
23449,違い,ちがい,치가이,다른,N4,"difference, mistake"
15362,姿勢,しせい,시세이,자세,N4,Posture; attitude
24531,次々,つぎつぎ,츠기츠기,차례차례,N4,"one after another, successively"
24326,つい,つい,츠이,그만,N4,"unintentionally, just (now), pair"
23254,黙る,だまる,다마루,말없이,N4,to be silent
39703,らしい,らしい,라시이,~인 듯 하다,N4,seems like; typical of
17863,事実,じじつ,지지츠,사실,N4,"fact, truth, reality"
20726,絶対,ぜったい,젯타이,절대로,N4,"absolute, unconditional, definitely"
15960,社内,しゃない,샤나이,사내,N4,Within the company; in-house
37594,申し込み,もうしこみ,모우시코미,신청,N4,application; proposal
4505,終える,おえる,오에루,끝마치다,N4,To finish; to complete
17466,慎重,しんちょう,신쵸우,신중,N4,"careful, prudent, cautious"
5606,回,かい,카이,회,N4,Counter for times; round
22599,度,たび,타비,때,N4,"time, occasion, degree"
13946,下がる,さがる,사가루,내려가다,N4,To hang down; to fall; to step back
39039,容疑,ようぎ,요우기,용의,N4,suspicion; charge
9332,共有,きょうゆう,쿄우유우,공유,N4,Sharing; joint ownership
23742,中,ちゅう,츄우,중,N5,"middle, medium, inside"
23115,抱く,だく,다쿠,품다,N1,"to hold, to embrace, to harbor (feelings)"
37426,目立つ,めだつ,메다츠,눈에 띄다,N4,to stand out; to be conspicuous
23297,断崖,だんがい,단가이,절벽,N1,"precipice, cliff"
23428,地殻,ちかく,치카쿠,지각,N1,earth's crust
21763,対策,たいさく,타이사쿠,대책,N4,"measure, countermeasure"
19589,図,ず,즈,도,N4,"figure, drawing, diagram"
14085,下げる,さげる,사게루,-를 내리다,N4,To lower; to hang
19796,政策,せいさく,세이사쿠,정책,N4,"policy, political measures"
16648,証拠,しょうこ,쇼우코,증거,N5,"evidence, proof"
32430,封筒,ふうとう,후우토우,봉투,N3,envelope
30138,早起き,はやおき,하야오키,아침형,N3,Waking up early
24412,通信,つうしん,츠우신,통신,N4,"correspondence, communication, news"
24240,散る,ちる,치루,"흩날리다, (꽃이)지다",N3,"to fall (leaves/petals), to scatter"
23429,知覚,ちかく,치카쿠,지각,N1,"perception, sensation"
23111,抱き付く,だきつく,다키츠쿠,"매달리다, 달라붙다",N1,"to cling to, to embrace"
22381,立ち返る,たちかえる,타치카에루,되돌아가다,N1,"to come back to, to return to"
23621,緻密,ちみつ,치미츠,치밀함,N1,"precise, minute, elaborate"
22476,建て替え,たてかい,타테카이,재건축,N1,"rebuilding, reconstruction"
23160,脱臼,だっきゅう,닷큐우,탈구,N1,dislocation (of a joint)
22349,只事,ただごと,타다고토,예사로운 일,N1,"ordinary matter, triviality"
23783,中堅,ちゅうけん,츄우켄,중견,N1,"core, backbone, key figure"
7393,交わす,かわす,카와스,"교환하다,교차하다",N3,To exchange; to intersect; to cross
22791,探求,たんきゅう,탄큐우,탐구,N1,"search, quest, pursuit"
22844,探知,たんち,탄치,탐지,N1,detection
22837,嘆息,たんそく,탄소쿠,탄식,N1,"sigh, grief"
22789,嘆願,たんがん,탄간,탄원,N1,"petition, appeal"
22834,端正,たんせい,탄세이,단정,N1,"handsome, neat, orderly"
22899,鍛練,たんれん,탄렌,단련,N1,"tempering, discipline, training"
8437,気候,きこう,키코우,기후,N3,Climate
4854,贈る,おくる,오쿠루,보내다,N3,To give; to bestow; to confer
5009,穏やか,おだやか,오다야카,잔잔하다,N3,Calm; peaceful; moderate
5063,男,おとこ,오토코,남자,N4,Man; male
23372,談話,だんわ,단와,담화,N1,"talk, conversation, discourse"
3543,上着,うわぎ,우와기,겉옷,N3,Coat; jacket; outerwear
574,朝日,あさひ,아사히,아침 햇살,N3,Morning sun
23116,濁音,だくおん,다쿠온,탁음,N1,"voiced sound (e.g., ga, za, da)"
21918,逮捕,たいほ,타이호,체포,N3,"arrest, capture"
17925,実家,じっか,짓카,본가,N3,one's parents' home
16917,食,しょく,쇼쿠,식,N3,"food, meal, eclipse"
15726,絞る,しぼる,시보루,짜내다,N3,To wring; to squeeze; to narrow down
15221,資源,しげん,시겐,자원,N3,Resources
15374,施設,しせつ,시세츠,시설,N3,Institution; facility; establishment
812,扱い,あつかい,아츠카이,취급. 다룸. 대우,N3,Treatment; handling; management
154816,心地良い,ここちよい,코코치요이,기분좋다,N3,Comfortable; pleasant
13049,小屋,こや,코야,오두막집,N3,Hut; cabin; shed
69271,夜道,よみち,요미치,밤길,N3,Night road
38032,門,もん,몬,문,N3,gate
12359,公平,こうへい,코우헤이,공평,N3,Fairness; impartiality; justice
36284,見掛ける,みかける,미카케루,목격되다,N3,to happen to see; to notice
37144,無駄,むだ,무다,"허사,허비",N3,useless; waste; vain
34400,放課,ほうか,호우카,방과,N3,after school (as in 放課後)
12788,国境,こっきょう,콧쿄우,국경,N3,National border; frontier
10165,崩す,くずす,쿠즈스,무너뜨리다,N3,To destroy; to pull down; to make change (money)
10170,崩れる,くずれる,쿠즈레루,무너지다,N3,To collapse; to crumble
33202,触れる,ふれる,후레루,"닿다,만지다",N4,to touch; to mention; to experience
32756,不祥,ふしょう,후쇼우,불상,N3,unlucky; scandalous (as in 不祥事)
31235,引き出し,ひきだし,히키다시,서랍,N3,drawer; withdrawal
31296,被告,ひこく,히코쿠,피고,N3,defendant; the accused
29019,納期,のうき,노우키,납기,N3,Delivery date
27085,同時,どうじ,도우지,동시,N3,"simultaneous, at the same time"
28352,滲む,にじむ,니지무,번지다,N3,"to bleed, to blur, to blot"
28221,握り拳,にぎりこぶし,니기리코부시,주먹,N1,clenched fist
26316,特定,とくてい,토쿠테이,특정,N4,"specific, particular"
26803,取り出す,とりだす,토리다스,집어내다,N3,"to take out, to produce"
26631,止め,どめ,도메,"멈춤,못하게 함",N3,"stop, end"
15014,支援,しえん,시엔,지원,N3,Support; aid; assistance
24526,尽きる,つきる,츠키루,다하다. 끝나다,N4,"to be used up, to run out, to end"
12350,興奮,こうふん,코우훈,흥분,N2,Excitement; stimulation
24566,継ぐ,つぐ,츠구,잇다,N3,"to succeed (a person), to inherit, to patch"
24672,繋がる,つながる,츠나가루,이어지다,N4,"to be tied together, to be connected"
68665,濯ぐ,そそぐ,소소구,헹구다,N4,To rinse; to wash
23367,段落,だんらく,단라쿠,단락,N2,"paragraph, end of a stage"
25178,徹底,てってい,텟테이,철저히,N4,"thoroughness, completeness"
52122,敵手,てきしゅう,테키슈우,적수,N1,adversary; opponent
6349,火災,かさい,카사이,화재,N3,Conflagration; fire disaster
23427,誓う,ちかう,치카우,맹세하다,N3,"to swear, to vow"
38841,譲る,ゆずる,유즈루,양도하다,N3,to hand over; to yield; to transfer
22354,但し書き,ただしがき,타다시가키,"단서, 비고",N1,"proviso, explanatory notes"
23197,脱衣,だつい,다츠이,탈의,N1,undressing
38092,屋,や,야,가게,N4,shop; seller (suffix)
8965,休業,きゅうぎょう,큐우교우,휴업,N3,Closure of business; holiday; suspense of operations
36529,道連れ,みちずれ,미치즈레,길동무,N1,traveling companion
3249,宇宙,うちゅう,우츄우,우주,N4,Universe; cosmos; outer space
23156,奪回,だっかい,닷카이,탈환,N1,"recovery, rescue, recapture"
23171,奪取,だっしゅ,닷슈,탈취,N1,"capture, seizure"
34257,弁護,べんご,벤고,변호,N3,defense; advocacy; pleading
23354,断念,だんねん,단넨,단념,N1,"abandonment, giving up"
34535,報道,ほうどう,호우도우,보도,N3,news; report; journalism
22857,短刀,たんとう,탄토우,단도,N1,"short sword, dagger"
35497,任す,まかす,마카스,맡기다,N3,to entrust; to leave to; to beat
23500,竹林,ちくりん,치쿠린,대나무 숲,N1,bamboo grove
4890,押さえる,おさえる,오사에루,억제하다,N4,To hold down; to restrain; to catch; to grasp
23515,稚児,ちご,치고,동자,N1,"child, infant, festivity page"
19714,成果,せいか,세이카,성과,N4,"result, fruits (of labor)"
22411,立ち話,たちばなし,타치바나시,서서 이야기함,N1,chatting while standing
21935,対面,たいめん,타이멘,대면,N3,"interview, meeting face-to-face"
20826,前日,ぜんじつ,젠지츠,전일,N3,"the day before, previous day"
20149,背筋,せすじ,세스지,등 근육,N3,"muscles of the back, spine"
18639,条約,じょうやく,죠우야쿠,조약,N3,"treaty, pact"
17061,署名,しょめい,쇼메이,서명,N4,signature
17436,真相,しんそう,신소우,진상,N3,"truth, real facts"
1626,怒り,いかり,이카리,분노,N3,Anger; rage; wrath
6679,型破り,かたやぶり,카타야부리,파격적임,N1,Unconventional; novel
54569,重し,おもし,오모시,무거운 물건,N1,Weight; ballast; importance
5327,折り合う,おりあう,오리아우,이견을 좁히다,N1,To compromise; to come to an agreement
31127,冷え込む,ひえこむ,히에코무,춥다,N1,to get colder; to chill
29959,波動,はどう,하도우,파동,N1,Wave motion / surge
3536,うろうろ,うろうろ,우로우로,어정버정. 허둥지둥,N3,Wandering; aimlessly; restlessly
8546,傷付く,きずつく,키즈츠쿠,상처입다,N2,To be hurt; to be wounded; to feel hurt
1088,誤る,あやまる,아야마루,잘못하다,N3,To make a mistake; to mislead
27833,成す,なす,나스,이루다,N3,"to build, to form, to accomplish"
20933,素因,そいん,소인,소인,N1,"prime factor, primary cause"
24442,通話,つうわ,츠우와,통화,N2,"telephone call, talking on the phone"
49999,拝み倒す,おがみたおす,오가미타오스,사정사정하다,N1,to entreat; to beg persistently
11097,けじめ,けじめ,케지메,구분,N1,Distinction; discipline; boundary
37761,持ち込む,もちこむ,모치코무,가져오다,N2,to bring in; to carry into
30625,馬券,ばけん,바켄,마권,N1,betting ticket (horse racing)
30651,罵声,ばせい,바세이,욕설,N1,jeers; shouts of abuse
22530,棚田,たなだ,타나다,계단식 논,N2,terraced rice fields
19957,制覇,せいは,세이하,제패,N1,"supremacy, conquest, mastery"
30725,罵倒,ばとう,바토우,매도,N1,abuse; vilification; denunciation
23562,地中,ちちゅう,치츄우,땅 속,N1,"underground, in the earth"
23279,団,だん,단,단,N1,"group, organization, body"
22256,多項,たこう,타코우,다항,N1,"multinomial, polynomial"
29813,八十,はちじゅう,하치쥬우,팔십,N1,Eighty
174626,熱力,ねつりき,네츠리키,열역,N1,Thermodynamic
66021,肌着,はだぎ,하다기,내의. 속옷,N2,Underwear; undershirt
69744,流派,りゅうは,류우하,유파,N1,School (of art/martial arts)
29717,把持,はじ,하지,"꽉 쥠, 파지",N1,Grip / hold
29546,波及,はきゅう,하큐우,파급,N1,Spread / influence / ripple effect
23735,チャーハン,ちゃあはん,챠아한,볶음밥,N1,fried rice
29750,派生,はせい,하세이,파생,N1,Derivation
29699,覇者,はしゃ,하샤,패자,N1,Supreme ruler / champion
29493,拝礼,はいれい,하이레이,배례,N1,Worship / bow
11525,撃破,げきは,게키하,격파,N1,Defeat; crushing; smashing
25324,照れる,てれる,테레루,쑥스러워하다,N2,"to be shy, to feel awkward"
22390,立ち食い,たちぐい,타치구이,"서서 먹음,입식",N1,eating while standing
23195,脱,だつ,다츠,탈,N1,"prefix for de-, ex-, un-"
16116,終始,しゅうし,슈우시,시종,N2,"from beginning to end, throughout"
22276,他者,たしゃ,타샤,타자,N1,"another person, others"
22690,溜め込む,ためこむ,타메코무,쌓아 두다,N1,"to hoard, to save up, to accumulate"
16136,終日,しゅうじつ,슈우지츠,종일,N2,"all day, the whole day"
16121,収集,しゅうしゅう,슈우슈우,수집,N2,"collecting, gathering, accumulation"
16126,修飾,しゅうしょく,슈우쇼쿠,수식,N2,"ornamentation, modification (grammar)"
70383,老婆,ろうば,로바,노파,N1,Old woman
65616,火の気,ひのけ,히노케,불기운,N1,Sign of fire; heat
61246,壮健,そうけん,소우켄,"장건, 건강",N1,Robust health
64085,波浪,はろう,하로우,파랑,N1,Waves; surges
63477,波立つ,なみだつ,나미다츠,"파도 치다, 물결 일다",N1,To be choppy; to be agitated
8127,画伯,がはく,가하쿠,화백,N1,Master painter; artist
5944,回廊,かいろう,카이로우,회랑,N1,Corridor; gallery; cloister
256361,連泊,れんぱく,렌파쿠,연박,N2,Staying multiple nights
4266,円盤,えんばん,엔반,원반,N1,Disk; saucer; frisbee
4415,王宮,おうきゅう,오우큐우,왕궁,N1,Royal palace
2342,否,いや,이야,아니오,N4,No; nay
172428,名入り,ないり,나이리,이름이 박힘,N1,Personalized; with a name on it
29851,発効,はっこう,핫코우,발효,N1,Coming into effect
67494,飯粒,めしつぶ,메시츠부,밥알,N1,Grain of cooked rice
70263,煩わす,わずらわす,와즈라와스,귀찮게하다,N1,To trouble; to bother
67255,無比,むひ,무히,"비할 데 없다, 무비",N1,Peerless; matchless
71358,賎しむ,いやしむ,이야시무,업신여기다,N1,To despise; to look down on
64256,斑点,はんてん,한텐,반점,N1,Spot; speck; dot
64170,繁雑,はんざつ,한자츠,번잡,N1,Complicated; troublesome
65617,火の粉,ひのこ,히노코,불똥,N1,Sparks
29581,拍車,はくしゃ,하쿠샤,박차,N1,Spur (to encourage/accelerate)
38391,野蛮,やばん,야반,야만,N1,savage; barbaric
29590,剥製,はくせい,하쿠세이,박제,N1,Taxidermy / stuffed specimen
10595,黒白,くろしろ,쿠로시로,흑백,N1,Black and white; right and wrong
12341,後尾,こうび,코우비,후미,N1,Tail; rear; end
56311,直披,じきひ,지키히,친전 (직접 뜯어봄),N1,Personal opening (of a letter)
52853,銀杯,ぎんぱい,긴파이,"은잔,은배",N1,silver cup
25747,殿下,でんか,덴카,전하,N1,His/Her Highness
51391,上背,うわぜい,우와제이,키높이,N1,stature; height
26567,飛び火,とびひ,토비히,불똥이 튀다,N1,"leaping flames, spreading (to others)"
29594,剥奪,はくだつ,하쿠다츠,박탈,N1,Deprivation / forfeiture
41989,販路,はんろ,한로,판로,N1,market; sales channel
47181,否む,いなむ,이나무,거부하다,N1,to deny; to refuse; to decline
11754,原本,げんぽう,겐포우,원본,N1,Original (copy); manuscript
29539,剥がれる,はがれる,하가레루,벗겨지다,N1,To come off / to peel off
43776,卑近,ひきん,히킨,"비근함, 흔함",N1,familiar; common; close at hand
25111,適否,てきひ,테키히,"적부, 알맞음과 그렇지 않음",N1,"propriety, fitness, right or wrong"
47361,卑しめる,いやしめる,이야시메루,"비하시키다, 얕보다",N1,to despise; to look down on
30367,搬出,はんしゅつ,한슈츠,반출,N1,carrying out; taking out
30445,頒布,はんぷ,한푸,배포,N1,distribution; circulation
23003,台車,だいしゃ,다이샤,대차,N1,"cart, dolly, truck"
21429,染まる,そまる,소마루,물들다,N4,"to be dyed, to be tainted"
30457,繁茂,はんも,한모,번무,N1,luxuriant growth
21666,鯛,たい,타이,도미,N4,"sea bream, red snapper"
21463,其々,それぞれ,소레조레,저마다,N2,"each, respectively"
20703,贅沢,ぜいたく,제이타쿠,사치,N2,"luxury, extravagance"
20708,税務,ぜいむ,제이무,세무,N1,tax affairs
20765,全員,ぜんいん,젠인,전원,N5,"all members, everyone"
18959,炊飯,すいはん,스이한,취사,N1,cooking rice
16278,祝杯,しゅくはい,슈쿠하이,축배,N1,celebratory toast
15653,市販,しはん,시한,시판,N1,Over-the-counter; commercial (available in market)
13052,肥やし,こやし,코야시,거름,N1,Fertilizer; manure
13038,交々,こもごも,코모고모,교차,N1,Alternately; by turns
46445,青膨れ,あおぶくれ,아오부쿠레,부석부석하게 부음,N1,pale and swollen
5905,解剖,かいぼう,카이보우,해부,N1,Dissection; autopsy; analysis
918,暴き出す,あばきだす,아바키다스,폭로하다,N1,To expose; to bring to light
97546,某所,ぼうしょ,보우쇼,모처,N1,A certain place
150104,無帽,むぼう,무보우,"모자 없이,무모",N1,Bareheaded (no hat)
136756,北進,ほくしん,호쿠신,북진,N1,Proceeding north
27752,流れ込む,ながれこむ,나가레코무,흘러들다,N1,"to flow into, to pour into"
32727,房,ふさ,후사,송이,N4,bunch; cluster; tuft; room
66656,望郷,ぼうきょう,보우쿄우,망향,N1,Homesickness
32064,美貌,びぼう,비보우,미모,N1,beautiful face; good looks
66911,棒読み,ぼうよみ,보우요미,기계처럼읽음,N1,Reading in a monotone
32699,膨らみ,ふくらみ,후쿠라미,부푼 곳,N1,bulge; swelling; expansion
67092,慕情,ぼじょう,보죠우,그리워하는 마음(모정),N1,Affection; longing
63333,博識,はくしき,하쿠시키,박식함,N1,Erudition; extensive knowledge
33317,部員,ぶいん,부인,부원,N1,member (of a club/dept)
61382,僧坊,そうぼう,소우보우,승방,N1,Priest's quarters
30615,博労,ばくろう,바쿠로우,박로,N1,horse dealer; cattle dealer
29615,舶来,はくらい,하쿠라이,"박래, 수입",N1,Imported
60754,年の瀬,としのせ,토시노세,연말,N1,End of the year
55985,人望,じんぼう,진보우,인망,N1,Popularity; public confidence
29617,博覧,はくらん,하쿠란,박람,N1,Extensive reading / exhibition
49394,感冒,かんぼう,칸보우,감기,N1,a cold; influenza
29123,望み,のぞみ,노조미,희망,N1,Wish / hope / prospect
59141,大望,たいぼう,타이보우,대망 (큰 희망),N1,Ambition; aspiration
29059,納品,のうひん,노우힌,납품,N1,Delivery of goods
55514,逆上がり,さかあがり,사카아아가리,거꾸로 오르기,N1,Back hip circle (gymnastics)
20256,雪原,せつげん,세츠겐,설원,N1,snow field
51850,欠員,けついん,케츠인,결원,N1,vacancy
42123,援軍,えんぐん,엔군,원군,N1,reinforcements
25471,転覆,てんぷく,텐푸쿠,전복,N1,"overturn, capsize, subversion"
23204,脱帽,だつぼう,다츠보우,"탈모, 경의를 표함",N1,"taking off one's hat, admiring someone"
14380,妨げ,さまたげ,사마타게,방해,N1,Obstruction; hindrance
19998,歳暮,せいぼ,세이보,"세모, 연말",N1,"year-end, year-end gift"
20802,前後,ぜんご,젠고,전후,N2,"before and after, front and back, around"
20801,全国,ぜんこく,젠코쿠,전국,N4,"nationwide, whole country"
37611,亡者,もうじゃ,모우쟈,망자,N1,"the dead; person obsessed (with money, etc.)"
20810,前者,ぜんしゃ,젠샤,전자,N2,the former
34477,法事,ほうじ,호우지,법사(재),N1,Buddhist memorial service
20812,全集,ぜんしゅう,젠슈우,전집,N2,complete works (of an author)
35110,亡命,ぼうめい,보우메이,망명,N1,asylum; flight from one's country
20820,全身,ぜんしん,젠신,전신,N3,whole body
11050,敬慕,けいぼ,케이보,경모,N1,Adoration; love and respect
35047,忘却,ぼゆきゃく,보유캬쿠,망각,N1,oblivion; forgetting
18803,陣地,じんち,진치,진지,N1,"encampment, position"
16445,首謀,しゅぼう,슈보우,수모,N1,"conspiracy, ringleader"
15158,始業,しぎょう,시교우,수업 시작,N2,Commencement of work/school
15714,思慕,しぼ,시보,사모,N1,Yearning; affection
196947,三編み,みつあみ,미츠아미,땋은머리,N1,Braid / Plait
66646,芳紀,ほうき,호키,방년(꽃다운 나이),N1,One's youth (of a woman)
66730,水飛沫,みずしぶき,미즈시부키,물보라,N1,Water spray; splash
6681,偏り,かたより,카타요리,"편중, 치우침",N1,Bias; deviation; imbalance
33326,奉行,ぶぎょう,부교우,봉행 (관직),N1,magistrate; governor (historical)
7770,芳しい,かんばしい,칸바시이,향기롭다,N1,Fragrant; sweet-smelling; favorable
8432,寄稿,きこう,키코우,기고,N1,Contribution (to a newspaper/magazine)
66571,便法,べんぽう,벤포우,편법,N1,Expedient; shortcut
70729,眉墨,まゆずみ,마유즈미,눈썹먹,N1,Eyebrow pencil
63293,秤,はかり,하카리,저울,N4,Scales; balance
65708,日歩,ひぶ,히부,"일일 이자,일보",N1,Daily interest
60427,釣り堀,つりぼり,츠리보리,유료 낚시터,N1,Fishing pond (commercial)
5132,尾根,おね,오네,능선,N1,Ridge (mountain)
56923,墨絵,すみえ,스미에,수묵화,N1,Ink wash painting
2263,一遍,いっぺん,잇펜,"한 번, 일변",N1,Once; one time
47283,遺墨,いぼく,이보쿠,"유묵, 고인이 남긴 글",N1,writing left by the deceased
34441,芳香,ほうこう,호우코우,"방향, 향기",N1,perfume; fragrance; aroma
34415,邦楽,ほうがく,호우가쿠,방악 (국악),N1,traditional Japanese music
34966,本邦,ほんぽう,혼포우,본국,N1,this country (Japan)
34041,偏食,へんしょく,헨쇼쿠,편식,N1,unbalanced diet; picky eating
1689,憤る,いきどおる,이키도오루,분개하다,N1,To be indignant; to resent
34097,遍歴,へんれき,헨레키,편력,N1,itinerary; travels; pilgrimage
29897,発憤,はっぷん,핫푼,발분,N1,Being inspired / rousing oneself
24639,包み,づつみ,즈츠미,"보따리, 꾸러미",N1,"bundle, package, parcel"
33279,墳墓,ふんぼ,훈보,"분묘, 무덤",N1,tomb; grave
34818,堀,ほり,호리,"수로,해자",N4,moat; canal; ditch
34874,翻意,ほんい,혼이,"생각을 바꿈, 번의",N1,changing one's mind
20838,全然,ぜんぜん,젠젠,전혀,N4,"not at all (with negative), completely"
33277,奮発,ふんぱつ,훈파츠,분발,N1,strenuous exertion; (slang) splurging
35255,凡人,ぼんじん,본진,평범,N1,ordinary person; average man
1688,憤り,いきどおり,이키도오리,분노,N1,Resentment; indignation; anger
32136,便乗,びんじょう,빈죠우,편승,N1,taking advantage of; hitching a ride
33302,歩合,ぶあい,부아이,"커미션,보합",N1,percentage; commission; ratio
29787,旗本,はたもと,하타모토,하타모토 (직속 무사),N1,Direct feudatory of the Shogun
27511,内包,ないほう,나이호우,내포,N1,"connotation, inclusion"
28050,成り立ち,なりたち,나리타치,형성(과정),N1,"origin, history, organization"
24114,聴聞,ちょうもん,쵸우몬,청문,N1,"hearing, listening"
24886,手編,てあみ,테아미,손뜨개,N1,hand-knitted
23246,打撲,だぼく,다보쿠,타박,N1,"blow, bruise"
20857,前提,ぜんてい,젠테이,전제,N1,"preamble, prerequisite, premise"
20860,前途,ぜんと,젠토,"앞길,전도",N1,"future prospects, outlook"
20881,全般,ぜんぱん,젠판,전반,N2,"general, universal, overall"
20653,洗面,せんめん,센멘,세면. 세수,N2,washing one's face
17550,信奉,しんぽう,신포우,신봉,N1,"belief, faith, devotion"
12763,木立ち,こだち,코다치,"숲, 나무들",N1,Grove; cluster of trees
4672,大判,おうばん,오우반,"대형,대판",N1,Large size; large old gold coin
3161,薄らぐ,うすらぐ,우스라구,희미해지다,N1,To fade; to lessen; to decrease
25182,鉄板,てっぱん,텟판,철판,N1,"iron plate, griddle"
219963,網点,あみてん,아미텐,망점,N1,Halftone dot
194994,梅園,ばいえん,바이엔,매화정원,N1,Plum garden
104901,座面,ざめん,자멘,좌면,N1,Seat surface
152466,北前,きなまえ,키나마에,북전,N1,Kitamae (historical shipping route)
31978,鼻音,びおん,비온,비음,N1,nasal sound
30465,汎用,はいよう,하이요우,범용,N1,general purpose; versatile
53277,小鼻,こばな,코바나,콧방울,N1,wings of the nose (nostrils)
175570,歌い出す,うたいだす,우타이다스,노래를 시작하다,N1,To start singing
30374,ハンシン,はんしん,한신,한신,N1,Hanshin (region/Tiger's baseball team)
120692,梅見,うめみ,우메미,매화구경,N1,Plum blossom viewing
66405,帆前,ほまえ,호마에,범전,N1,Fore (of a ship)
67571,麦粉,むにこ,무니코,보릿가루,N1,Wheat flour
30564,倍率,ばいりつ,바이리츠,"배율,경쟁률",N1,magnification; competitive ratio
64363,備考,びこう,비코,비고,N1,Remarks; notes
37109,虫除け,むしよけ,무시요케,벌레 퇴치,N1,insect repellent
38188,役作り,やくずくり,야쿠즈쿠리,배역 준비,N1,character development (acting)
40764,連行,れんこう,렌코우,연행,N1,taking (a person) to police
16383,出帆,しゅっぱん,슛판,"출범, 출항",N1,setting sail
42435,帆,ほ,호,돛,N4,sail
64204,伴食,ばんしょく,반쇼쿠,식사,N1,Being a mere figurehead
63137,活量,かつりょう,카츠료우,활량,N1,Activity (chemistry/physics)
29396,輩出,はいしゅつ,하이슈츠,배출,N1,"Appearing in succession (e.g., great men)"
51000,急坂,きゅうはん,큐우한,급경사 언덕,N1,steep slope
27149,同伴,どうはん,도우한,동반,N1,"accompanying, going with"
53365,紅梅,こうばい,코우바이,홍매화,N1,red-blossomed plum tree
53370,広漠,こうばく,코우바쿠,"넓고 아득함,광막",N1,vast; wide
41491,陪審,ばいしん,바이신,배심,N1,jury
40226,領空,りょうくう,료우쿠우,영공,N1,territorial airspace
34794,捕縛,ほばく,호바쿠,포박,N1,arrest; apprehension; binding
30546,陪席,ばいせき,바이세키,배석,N1,sitting with a superior
26781,取り消し,とりけし,토리케시,취소,N1,"cancellation, withdrawal"
24616,培う,つちかう,츠치카우,기르다,N1,"to cultivate, to foster"
20669,占領,せんりょう,센료우,점령,N1,"occupation, capture, possession"
20673,戦力,せんりょく,센료쿠,전력,N1,"fighting power, war potential"
18962,衰微,すいび,스이비,쇠퇴,N1,"decline, decadence"
20678,線路,せんろ,센로,선로,N3,"railway track, line"
15594,品薄,しなうす,시나우스,물품 부족,N1,In short supply; scarce
20935,そう,ソー,소우시테,그리하여. 그리고나서,N4,"so, like that"
20945,沿う,そう,소우,"맞추다,더하다",N3,"to run along, to follow (a policy)"
20937,僧,そう,소우,스님,N4,"monk, priest"
17520,侵犯,しんぱん,신판,침범,N1,"invasion, violation, infringement"
16412,出力,しゅつりょく,슈츠료쿠,출력,N1,output
12316,交配,こうはい,코우하이,교배,N1,Crossbreeding; mating
10192,下り坂,くだりざか,쿠다리자카,내리막길,N1,Downhill; downward slope
9314,共犯,きょうはん,쿄우한,공범,N1,Complicity; accomplice
253431,ふんわり,ふんわり,훈와리,두둥실,N1,Fluffy / Airy
7157,加盟,かめい,카메이,가맹,N1,Affiliation; joining (a union/league)
296246,明くる朝,あくるあさ,아쿠루아사,이튿날 아침,N1,Next morning
12384,光明,こうみょう,코우묘우,광명,N1,Bright light; hope; gleam
163509,薄明かり,うすあかり,우스아카리,희미한 빛,N1,Faint light; glimmer
136063,翌る日,あくるひ,아쿠루히,다음 날,N1,The next day
42627,灯明,とうみょう,토우묘우,등불,N1,votive light; light offered to gods
95035,揺るぎない,ゆるぎない,유루기나이,흔들림없는,N1,Unwavering; steadfast
825,集まり,あつまり,아츠마리,모임,N1,Gathering; meeting; assembly
65866,箱庭,はこにわ,하코니와,모형 정원,N1,Miniature garden
66030,畑作,はたさく,하타사쿠,밭농사,N1,Dry-field farming
66013,肌色,はだいろ,하다이로,살색,N1,Flesh color; skin tone
32733,塞がり,ふさがり,후사가리,막힘,N1,blockage; closure
68746,揺り返し,ゆりかえし,유리카에시,"여진, 되흔들림",N1,Aftershock
54595,面長,おもなが,오모나가,긴 얼굴,N1,Oval face; long face
32402,風化,ふうか,후우카,풍화,N1,weathering; efflorescence; fading away
29898,八方,はっぽう,핫포우,팔방,N1,All directions
29065,濃霧,のうむ,노우무,"안개,농무",N1,Thick fog
55871,擦り付ける,こすりつける,코스리츠케루,"문지르다, 비비다",N1,To rub against; to smear
56680,純綿,じゅんめん,쥰멘,순면,N1,Pure cotton
50901,霧雨,きりさめ,키리사메,안개비,N1,drizzle
29996,鼻面,はなづら,하나즈라,코끝,N1,Muzzle / snout
25047,低迷,ていめい,테이메이,침체,N1,"hanging low, sluggishness, recession"
46548,明るむ,あかるむ,아카루무,"밝아지다, 환해지다",N1,to brighten; to clear up
34569,放免,ほうめん,호우멘,"방면, 석방",N1,acquittal; release; discharge
46510,明らむ,あからむ,아카라무,밝아지다,N1,to become light; to brighten
38348,八つ当たり,やつあたり,야츠아타리,화풀이,N1,taking one's anger out on others
47247,冥加,みょうが,묘우가,"명가, 신불의 가호",N1,divine protection; providence
38835,揺する,ゆする,유스루,흔들다,N2,to shake; to jolt; to rock
22568,種明かし,たねあかし,타네아카시,비밀을 밝힘,N1,"revealing a secret, showing how a trick is done"
34646,矛,ほこ,호코,창,N4,halberd; spear; pike
15211,茂み,しげみ,시게미,덤불,N1,Thicket; bush; glade
37187,無名,むめい,무메이,무명,N1,anonymous; unknown
37345,迷路,めいろ,메이로,미로,N1,maze; labyrinth
37265,銘柄,めいがら,메이가라,"상표,종목",N1,brand; make; description
37317,鳴動,めいどう,메이도우,"울림,명동",N1,rumbling; vibration
20947,総,そう,소우,총- (통틀어),N2,"total, whole, general"
20961,相違,そうい,소우이,상이,N2,"difference, discrepancy"
20966,相応,そうおう,소우오우,상응,N1,"suitable, appropriate, corresponding"
11492,芸名,げいめい,게이메이,예명,N1,Stage name
20967,騒音,そうおん,소우온,소음,N3,"noise, din"
21542,増加,ぞうか,조우카,증가,N4,"increase, addition"
9024,吸水,きゅうすい,큐우스이,흡수,N1,Water absorption
481,悪夢,あくむ,아쿠무,악몽,N1,Nightmare
176957,七曜,しちよう,시치요우,칠요,N1,Seven days of the week
93179,憂き目,うきめ,우키메,고초,N1,Misery; bitter experience
4945,雄蕊,おしべ,오시베,수술,N1,Stamen
54987,陰陽,いんよう,인요우,음양,N1,Yin and Yang
68666,揺すぶる,ゆすぶる,유스부루,뒤흔들다,N1,To shake; to jolt
69042,抑揚,よくよう,요쿠요우,억양,N2,Intonation; accent; inflection
70418,輪投げ,わなげ,와나게,고리 던지기,N1,Quoits; ring toss
68643,遊山,ゆさん,유산,산 나들이,N1,Excursion; outing
68534,物憂い,ものうい,모노우이,께느른하다,N1,Listless; weary
70829,優柔,ゆじゅう,유쥬우,우유,N1,Indecision
68276,綿羊,めんよう,멘요우,면양,N1,Sheep
56154,水溶,すいよう,스이요우,수용,N1,Water-soluble
3724,栄誉,えいよ,에이요,영예,N1,Honor; prestige; glory
59875,土埃,つちぼこり,츠치보코리,흙먼지,N1,Dust (soil)
53856,残余,ざんよ,잔요,잔여,N1,remainder; residue
47486,謡い,うたい,우타이,가락을 붙인 노래,N1,Noh chanting
48513,雄々しい,おおしい,오오시이,씩씩하다,N1,manly; brave; heroic
46750,預かり,あずかり,아즈카리,맡음,N1,custody; deposit; under supervision
43670,もこもこ,もこもこ,모코모코,복글복슬,N1,fluffy; lumpy; furry
43867,中庸,ちゅうよう,츄우요우,중용,N1,the golden mean; moderation
39163,葉緑,ようりょく,요우료쿠,엽록,N1,chlorophyll; leaf green
20975,総会,そうかい,소우카이,총회,N1,"general meeting, plenary session"
39056,陽光,ようこう,요우코우,햇빛,N1,sunlight; sunshine
37191,無欲,むよく,무요쿠,무욕,N1,unselfish; without greed
39693,落葉,らくよう,라쿠요우,낙엽,N1,fallen leaves; defoliation
39143,腰部,ようぶ,요우부,허리 부분,N1,lumbar region; waist
39158,擁立,ようりつ,요우리츠,옹립,N1,supporting (a candidate); giving backing
27523,内覧,ないらん,나이란,"미리 봄, 내람",N1,"private viewing, preview"
39190,浴場,よくじょう,요쿠죠우,욕조,N1,bathhouse; public bath
39201,翌々,よくよく,요쿠요쿠,그 다음다음,N1,the one after next (day/year)
26264,溶く,とく,토쿠,"풀다,녹이다",N1,"to dissolve, to scramble (eggs)"
39367,預託,よたく,요타쿠,예탁,N1,deposit; entrustment
39027,溶解,ようかい,요우카이,용해,N1,dissolution; melting
39040,窯業,ようぎょう,요우교우,요업,N1,ceramics industry
38709,誘発,ゆうはつ,유우하츠,유발,N1,induction; trigger; provocation
38636,遊具,ゆうぐ,유우구,놀이도구,N1,playground equipment
1029,余り,あまり,아마리,"나머지, 너무함",N1,Remainder; rest; surplus
14190,誘い水,さそ이미즈,사소이미즈,"마중물, 유도하는 것",N1,Priming (a pump); lure; incentive
34576,抱擁,ほうよう,호우요우,포옹,N1,embrace; hug
33432,舞踊,ぶよう,부요우,무용,N1,dancing; dance
32878,不断,ふだん,후단,부단,N1,constant; unceasing
26847,取り止める,とりやめる,토리야메루,중지하다,N1,"to cancel, to abandon"
20978,創刊,そうかん,소우칸,창간,N2,first issue (of a magazine)
21549,雑木,ぞうき,조우키,잡목,N2,"miscellaneous trees, brushwood"
21551,増強,ぞうきょう,조우쿄우,증강,N1,"reinforcement, augmentation"
12404,交遊,こうゆう,코우유우,교유,N1,Socializing; association
20993,送金,そうきん,소우킨,송금,N3,"remittance, sending money"
4777,沖合い,おきあい,오키아이,바다 멀리 나감,N1,Offshore; off the coast
181612,三昧,ざんまい,잔마이,삼매,N1,Indulgence / Immersion (full of...)
66475,磨き粉,みがきこ,미가키코,"연마제,연마분",N1,Polishing powder
67888,幕切れ,まくぎれ,마쿠기레,막이 내림,N1,Lowering of the curtain; end
67894,膜質,まくしつ,마쿠시츠,막질,N1,Membranous
70673,目深,まぶか,마부카,모자로 눈을 가림,N1,Pulling (one's hat) low
67905,紋章,もんしょう,몬쇼우,문장,N1,Crest; coat of arms
60164,天幕,てんまく,텐마쿠,천막,N1,Tent; pavilion
56183,末頼もしい,すえたのもしい,수에타노모시이,장래가 유망하다,N1,Promising (future)
58383,心神,しんしん,신신,심신 (정신),N1,Mind; spirit
51133,埋もれ木,うもれぎ,우모레기,"나무 화석, 매목",N1,fossil wood; person living in obscurity
50499,魚網,ぎょもう,교모우,어망,N1,fishing net
48842,門口,かどぐち,카도구치,대문,N1,doorway; entrance
47785,揚々,ようよう,요우요우,양양함,N1,triumphant; exultant
3410,埋め立てる,うめたてる,우메타테루,매립하다,N1,To reclaim (land); to fill up
47476,暗幕,あんまく,안마쿠,암막,N1,blackout curtain
40856,楼,ろう,로우,누각,N4,tower; multi-storied building
37627,毛髪,もうはつ,모우하츠,모발,N1,hair (on the head)
37620,妄想,もうそう,모우소우,망상,N1,delusion; wild fantasy
886,穴埋め,あなうめ,아나우메,메움,N1,Filling a gap; covering a deficit
14117,囁き,ささやき,사사야키,속삭임,N1,Whisper; murmuring
36015,麻薬,まやく,마야쿠,마약,N1,narcotics; drugs
37632,網膜,もうまく,모우마쿠,망막,N1,retina
35890,摩天,まてん,마텐,마천 (하늘에 닿음),N1,skyscraper (as in matenrou)
35441,埋没,まいぼつ,마이보츠,매몰,N1,being buried; disappearing
38037,門戸,もんこ,몬코,문호,N1,door; gateway
36655,見届ける,みとどける,미토도케루,끝까지 보다,N1,to witness; to see to the end
35804,抹殺,まっさつ,맛사츠,말살,N1,erasure; liquidation; killing off
35809,抹消,まっしょう,맛쇼우,말소,N1,cancellation; erasure; deletion
34969,本末,ほんまつ,혼마츠,본말,N1,beginning and end; (honmatsu-tento) misplaced priorities
33181,振る舞い,ふりまい,후리마이,행동,N1,behavior; conduct; feast
29767,叩く,はたく,하타쿠,"털다, 두드리다",N1,To strike / to clap / to beat
30607,幕府,ばくふ,바쿠후,막부,N1,shogunate; bakufu
30611,幕僚,ばくりょう,바쿠료우,막료,N1,staff officer
30698,末弟,ばってい,밧테이,막내,N1,youngest brother
1042,網戸,あみど,아미도,방충망,N1,Screen door
28978,粘膜,ねんまく,넨마쿠,점막,N1,Mucous membrane
27175,動乱,どうらん,도우란,동란,N1,"disturbance, riot, upheaval"
21554,増減,ぞうげん,조우겐,증감,N2,"increase and decrease, fluctuation"
21012,倉庫,そうこ,소우코,창고,N4,"warehouse, storehouse"
21021,相互,そうご,소우고,상호,N2,"mutual, reciprocal"
21023,総合,そうごう,소우고우,종합,N3,"synthesis, coordination, comprehensive"
12979,鼓膜,こまく,코마쿠,고막,N1,Eardrum
11433,研磨,けんま,켄마,연마,N1,Grinding; polishing; honing
9833,義妹,ぎまい,기마이,의동생,N1,Sister-in-law (younger)
66629,水油,みずあブラ,미즈아브라,머릿기름의 하나,N1,Hair oil; water and oil
7258,絡める,からめる,카라메루,얽히게 하다,N1,To entwine; to mix with; to connect
70704,唯物,ゆいぶつ,유이부츠,유물,N1,Materialism
33918,平癒,へいゆ,헤이유,"병이 나음,평유",N1,convalescence; recovery
31264,引き渡す,ひきわたす,히키와타스,"인도하다, 넘겨주다",N1,to hand over; to deliver; to extradite
70870,悠長,ゆうちょう,유우쵸우,유창,N1,Leisurely; slow; tedious
69414,裸身,らしん,라신,나신,N1,Naked body
69415,羅針,らしん,라신,나침,N1,Compass needle
30802,盤,ばん,반,반,N4,disk; tray; board (game)
2519,医薬,いやく,이야쿠,의약,N1,Medicine; pharmaceutical
1595,癒える,いえる,이에루,아물다,N1,To be healed; to recover
29652,運び,はこび,하코비,"운반, 진행",N1,Progress / transport
1667,行き交う,いきかう,이키카우,오가다,N1,To come and go; to cross
23931,治癒,ちゆ,치유,치유,N1,"cure, recovery"
38824,諭旨,ゆし,유시,"권고,유지",N1,admonition; instruction
23364,断面,だんめん,단멘,단면,N1,cross-section
63053,野放し,のばなし,노바나시,방임,N1,Leaving uncontrolled; at large
59667,力落とし,ちからおとし,치카라오토시,낙담,N1,Discouragement
22578,頼み,たのみ,타노미,부탁,N1,"request, favor, reliance"
21033,捜索,そうさく,소우사쿠,수색,N2,search (for missing person/suspect)
54263,諭し,さとし,사토시,"일깨움, 훈계",N1,admonition; instruction
41527,比喩,ひゆ,히유,비유,N1,metaphor; simile; allegory
38853,癒着,ゆちゃく,유챠쿠,유착,N1,adhesion; graft; corrupt tie-up
21042,葬式,そうしき,소우시키,장례식,N2,funeral
21571,増進,ぞうしん,조우신,증진,N1,"promotion, improvement, increase"
17579,辛辣,しんらつ,신라츠,신랄함,N1,"bitter, sharp, harsh"
47544,唯々,いい,이이,예예 (공손히 대답함),N1,meekly; submissively
42995,諾々,だくだく,다쿠다쿠,낙낙 (순종함),N1,yes-yes; submissively
38689,悠然,ゆうぜん,유우젠,유연함,N1,leisurely; calm; composed
21578,造船,ぞうせん,조우센,조선,N2,shipbuilding
47232,有象,うぞう,우조우,"유상, 형체가 있음",N1,all things with form; (with Musho) the masses
14294,諭す,さとす,사토스,타이르다,N1,To admonish; to persuade; to warn
39721,拉致,らち,라치,납치,N1,abduction; kidnapping
17004,初戦,しょせん,쇼센,초전,N1,first match/battle
47239,無象,むぞう,무조우,"무상, 형체가 없음",N1,all things without form; (with Uzo) the masses
9330,教諭,きょうゆ,쿄우유,교사,N1,(Licensed) teacher
38718,裕福,ゆうふく,유우후쿠,유복,N1,wealthy; rich
39719,裸体,らたい,라타이,나체,N1,naked body; nudity
9949,魚雷,ぎょらい,교라이,어뢰,N1,Torpedo
39645,来歴,らいれき,라이레키,"경력,내력",N1,history; career; origin
39579,雷雨,らいう,라이우,뇌우,N2,thunderstorm
39351,寄席,よせ,요세,집회소,N1,Yose (vaudeville theater)
37635,網羅,もうら,모우라,"포괄,망라",N1,encompassing; covering everything
39696,落涙,らくるい,라쿠루이,낙루,N1,shedding tears
38387,夜半,やはん,야한,한밤중,N1,midnight
38194,厄年,やくどし,야쿠도시,액년,N1,unlucky year (traditional ages)
68023,訳文,やくぶん,야쿠분,번역문,N1,Translated text
40636,零落,れいらく,레이라쿠,영락,N1,ruin; downfall
195856,八つ裂き,やつざき,야츠자키,갈가리 찢음,N1,Tearing limb from limb
93814,暦年,れきねん,레키넨,달력연도,N1,Calendar year
66162,兵役,へいえき,헤이에키,병역,N1,Military service
71478,組み直す,くみなおす,쿠미나오스,재조정하다,N1,To reorganize; to reassemble
70053,零下,れいか,레카,영하,N1,Below zero
67420,妙齢,みょうれい,묘우레이,묘령,N1,Marriageable age (woman)
69645,里程,りてい,리테이,이정,N1,Distance; mileage
62594,荷役,にやく,니야쿠,하역(짐을 싣고 부림),N1,Loading and unloading; cargo handling
32124,美麗,びれい,비레이,"미려, 아름다움",N1,beautiful; elegant
63605,花暦,はなごよみ,하나고요미,꽃 달력,N1,Flower calendar
32560,吹き上がる,ふきあがる,후키아가루,불어올라오다,N1,to blow up; to spout
55439,災厄,さいやく,사이야쿠,재액,N1,Calamity; misfortune
58992,霊屋,たまや,타마야,영옥 (사당),N1,Mausoleum; shrine
59624,端麗,たんれい,탄레이,단려함,N1,Graceful; beautiful
7200,火薬,かやく,카야쿠,화약,N1,Gunpowder; powder
55702,出藍,しゅつらん,슈츠란,"청출어람,출람",N1,Surpassing one's master
54228,躍り上がる,おどりあがる,오도리아가루,펄쩍 뛰다,N1,to jump up (for joy)
3522,麗しい,うるわしい,우루와시이,"아름답다, 화창하다",N1,Beautiful; lovely; graceful
53704,裂け目,さけめ,사케메,갈라진 틈,N1,fissure; crack; rip
38164,薬剤,やくざい,야쿠자이,약제,N2,pharmaceutical; drug
46651,悪霊,あくりょう,아쿠료우,악령,N1,evil spirit
45743,隷書,れいしょ,레이쇼,예서,N1,clerical script (ancient style)
52525,恋い慕う,こいしたう,코이시타우,그리워하다,N1,to adore; to yearn for
53178,空欄,くうらん,쿠우란,공란,N1,blank space; column
27690,流し,ながし,나가시,"흘림,씻는 곳",N1,"sink, drainage"
37026,剥き出し,むきだし,무키다시,노출됨,N1,bare; naked; outspoken
10201,口利き,くちきき,쿠치키키,"입김, 중개자",N1,Intermediary; mediation; influential person
54260,里心,さとごころ,사토고코로,고향생각,N1,homesickness
45791,壮烈,そうれつ,소우레츠,장렬,N1,heroic; brave; sublime
38191,躍動,やくどう,야쿠도우,약동,N1,vibrant motion; throb
29218,飲み薬,のみぐすり,노미구스리,내복약,N1,Internal medicine
40665,歴訪,れきほう,레키호우,"역방, 차례로 방문함",N1,tour; visiting various places
43393,吏員,りいん,리인,"관리,공무원",N1,official; officer
40709,劣等,れっとう,렛토우,열들,N1,inferiority
38339,躍起,やっき,얏키,"기를 씀, 혈안이 됨",N1,desperate; eager; frantic
35510,真顔,まがお,마가오,정색,N1,serious look; straight face
40821,恋慕,れんぼ,렌보,연모,N1,love; attachment
38756,優劣,ゆうれつ,유우레츠,우열,N1,merit; relative quality (superiority/inferiority)
89,藍色,あいいろ,아이이로,남색,N1,Indigo blue
21097,創造,そうぞう,소우조우,창조,N1,creation
21101,騒々しい,そうぞうしい,소우조우시이,시끄럽다. 떠들썩하다,N2,"noisy, boisterous"
21104,相対,そうたい,소우타이,상대,N1,"relativity, facing each other"
19334,砂地,すなじ,스나지,모래땅,N1,sandy soil
17483,新党,しんとう,신토우,신당,N1,new political party
8822,黄身,きみ,키미,노른자,N1,Egg yolk
31781,表裏,ひょうり,효우리,"표리, 겉과 속",N1,two sides; inside and out; duplicity
8180,画廊,がろう,가로우,화랑,N1,Art gallery
66280,弊履,へいり,헤이리,"헌신짝,폐리",N1,Worn-out shoes; something of no value
69666,離別,りべつ,리베츠,이별,N1,Parting; divorce
66930,望楼,ぼうろう,보우로우,망루,N1,Watchtower
29117,覗き込む,のぞきこむ,노조키코무,들여다보다,N1,To peer into / to look in
5424,音質,おんしつ,온시츠,음질,N1,Sound quality
63304,履き物,はきもの,하키모노,신발,N1,Footwear
3155,薄緑,うすみどり,우스미도리,연두색,N1,Light green
61827,乳離れ,ちばなれ,치바나레,젖을 뗌(이유),N1,Weaning
27992,涙ぐむ,なみだぐむ,나미다구무,눈물을 머금다,N1,to be moved to tears
56055,炊煙,すいえん,스이엔,"취연, 밥 짓는 연기",N1,Smoke from cooking
58686,赤痢,せきり,세키리,이질,N1,Dysentery
1402,安堵,あんど,안도,안도,N1,Relief; reassurance
58572,疎漏,そろう,소로우,"소홀누락,소루",N1,Oversight; negligence
27991,涙ぐましい,なみだぐましい,나미다구마시이,눈물겹다,N1,"touching, moving to tears"
54317,実録,じつろく,지츠로쿠,실록,N1,Authentic record; true account
52811,疫痢,えきり,에키리,역리,N1,dysentery
53162,楼閣,ろうかく,로오카쿠,누각,N1,multi-storied building; castle
42885,足裏,あしうら,아시우라,발바닥,N1,sole of the foot
26068,当直,とうちょく,토우쵸쿠,당직,N1,"on duty, watch"
26527,隣り合う,となりあう,토나리아우,이웃하다,N1,"to adjoin, to be adjacent"
41252,和室,わしつ,와시츠,"일본식 방,와실",N2,Japanese-style room
43122,人倫,じんりん,진린,인륜,N1,humanity; morals; ethics
22493,立札,たてふだ,타테후다,"푯말, 게시판",N1,"noticeboard, signpost"
40107,裏面,りめん,리멘,이면,N1,the back; reverse side; inside
23207,脱漏,だつろう,다츠로우,누락,N1,"omission, oversight"
21581,増大,ぞうだい,조우다이,증대,N2,"enlargement, increase"
21137,相当,そうとう,소우토우,상당,N3,"substantial, considerable, equivalent"
39951,履行,りこう,리코우,이행,N1,fulfillment; performance
39939,陸地,りくち,리쿠치,육지,N1,land; terra firma
21140,騒動,そうどう,소우도우,소동,N2,"uproar, riot, disturbance"
21152,相場,そうば,소우바,시세,N1,"market price, speculation, estimation"
21155,装備,そうび,소우비,장비,N1,"equipment, outfit"
21162,送別,そうべつ,소우베츠,송별,N2,"farewell, send-off"
40907,漏電,ろうでん,로우덴,누전,N1,short circuit; electrical leakage
18626,条文,じょうぶん,죠우분,조문,N1,text (of a law/treaty)
40897,籠城,ろうじょう,로우죠우,농성,N1,being besieged; staying indoors
21602,草履,ぞうり,조우리,짚신,N2,zori (Japanese sandals)
40995,六法,ろっぽう,롯포우,육법,N1,six codes of law
41047,論証,ろんしょう,론쇼우,논증,N1,proof; demonstration
12831,個展,こてん,코텐,개인전,N1,Solo exhibition
21181,総理,そうり,소우리,총리,N2,"prime minister, leader"
16890,鐘楼,しゅろう,슈로우,종루,N1,"bell tower, belfry"
14598,山上,さんじょう,산죠우,산 위,N1,Mountain top; on a mountain
14308,サナエ,さなえ,사나에,"사나에,모",N1,Sanae (female name)
12117,後進,こうしん,코우신,후진,N1,Backwards; retreat; junior (person)
6638,固唾,かたず,카타즈,마른 침,N1,Gulp; (holding one's) breath
6874,仮名,かな,카나,가나 (일본 문자),N1,Kana; pseudonym; alias
32143,敏腕,びんわん,빈완,"민완, 수완이 좋음",N1,capable; shrewd; sharp
118711,土塁,どるい,도루이,토루,N1,Earthwork; embankment
173576,教え合う,おしえあう,오시에아우,서로 가르쳐주다,N1,To teach each other
170002,名残惜しい,なごりおしい,나고리오시이,아쉽다,N1,Reluctant to part
102695,湾内,ウァンない,완나이,만 안,N1,Inside the bay
70013,塁審,るいしん,루이신,루심,N1,Base umpire
66283,波戸場,はとば,하토바,부두,N1,Wharf; pier; quay
67956,八百長,やおちょう,야오초,"승부 조작, 짜고 하는 시합",N1,Rigged game; fixed match
719,遊び場,あそびば,아소비바,놀이터,N1,Playground
70205,若人,わこうど,와코우도,청년,N1,Young person
30268,春先,はるさき,하루사키,초봄,N1,early spring
66356,野良犬,のらいぬ,노라이누,들개,N1,Stray dog
29414,配する,はいする,하이스루,배치하다,N1,To arrange / to distribute
61664,敵塁,てきるい,테키루이,적의 보루,N1,Enemy fort/stronghold
29233,野良,のら,노라,"들판, 떠돌이",N1,Field / wild / stray
60163,伝馬,てんま,텐마,"역마,거룻배",N2,Post horse; pack horse
60184,投網,とあみ,토아미,투망,N1,Casting net
58378,神職,しんしょく,신쇼쿠,신직 (종교 종사자),N1,Shinto priesthood/priest
56251,足袋,たび,타비,버선,N2,Tabi (traditional Japanese socks)
54598,母屋,おもや,오모야,안채,N1,Main building (of a house)
23096,大和,だいわ,다이와,다이와 (지명/성씨),N1,Yamato (ancient Japan)
53135,古道,こどう,코도우,고도,N1,ancient road; morality
14526,参観,さんかん,산칸,참관,N1,Visit; inspection; observation
40461,類型,るいけん,루이켄,유형,N1,type; pattern
49427,寒冷,かんれい,칸레이,한랭,N1,cold; chilly
48289,遠雷,えんらい,엔라이,먼 천둥소리,N1,distant thunder
21182,創立,そうりつ,소우리츠,창립,N2,"establishment, founding"
38127,焼き蕎麦,やきそば,야키소바,야키소바,N1,yakisoba (fried noodles)
40324,両脇,りょうわき,료우와키,양옆,N1,both sides; both armpits
35911,惑う,まどう,마도우,"망설이다, 헤매다",N1,to be puzzled; to go astray
16233,収賄,しゅうわい,슈우와이,수뢰,N1,"bribery, accepting bribes"
48277,神楽,かぐら,카구라,가구라(무악),N1,Kagura (sacred Shinto dance)
42776,賄い,まかない,마카나이,급식,N1,boarding; catering; meals provided
41216,枠内,わくない,와쿠나이,범위 내,N1,within the limits; inside the frame
40622,礼拝,れいはい,레이하이,예배,N1,worship; service
35923,窓枠,まどわく,마도와쿠,창틀,N1,window frame
40576,冷却,れいきゃく,레이캬쿠,냉각,N1,cooling; refrigeration
15156,市議,しぎ,시기,시의회 의원,N1,City councilor
22404,立ち退く,たちのく,타치노쿠,"물러나다, 퇴거하다",N2,"to evacuate, to leave, to vacate"
35415,毎時,まいじ,마이지,매 시각,N1,every hour
22894,鍛冶,たんや,탄야,대장장이,N1,"blacksmith, smithing"
21186,送料,そうりょう,소우료우,"배송료,송료",N3,"postage, shipping fee"
21232,促進,そくしん,소쿠신,촉진,N1,"promotion, acceleration, facilitation"
21237,即する,そくする,소쿠스루,"꼭 맞다,입각하다",N1,"to conform to, to agree with"
15999,謝礼,しゃれい,샤레이,사례,N1,Honorarium; fee; reward
218940,乙女心,おとめごころ,오토메고코로,소녀의 마음,N1,Maiden's heart / Girlish mind
170461,捕集,ほしゅう,호슈우,포집,N1,Collection; trapping
33320,部活,ぶかつ,부카츠,동아리 활동,N1,club activities
32008,微小,びしょう,비쇼우,미세,N1,microscopic; tiny
65805,冷やかし,ひやかし,히야카시,"놀림, 조롱; 물건은 안 사고 구경만 함",N1,Banter; window shopping (without buying); teasing
69619,慄然,りつぜん,리츠젠,"오싹, 율연",N1,Horrified; terrified
60180,電鈴,でんれい,덴레이,전령,N1,Electric bell
7301,花柳,かりゅう,카류우,화류 (기생집 등),N1,Red-light district; geisha world
56032,振鈴,しんれい,신레이,진령,N1,Ringing a bell
58699,竜巻,たつまき,타츠마키,회오리바람,N1,Tornado; waterspout
55284,海士,かいし,카이시,"해녀, 어부",N1,Diver (male); Ama
51601,計略,けいりゃく,케이랴쿠,계략,N1,stratagem; scheme
31700,冷ややか,ひややか,히야야카,"냉담함, 차가움",N1,cold; chilly; indifferent
31210,引き当て,ひきあて,히키아테,충당금,N1,mortgage; reserve; (hiki-ateru) to allocate
46862,後戻り,あともどり,아토모도리,되돌아가다,N1,turning back; regression
41766,ちっ,ちっ,칫,쳇,N1,tch; tut (clicking tongue)
46292,海女,あま,아마,해녀,N1,Ama (female traditional diver)
40585,励行,れいこう,레이코우,"이행, 힘써 행함",N1,enforcement; practice
30469,伴侶,はんりょ,한료,반려,N1,companion; spouse; partner
39164,用例,ようれい,요우레이,용례,N1,example (of use)
29641,励み,はげみ,하게미,"격려, 힘씀",N1,Encouragement / incentive
40043,律動,りつどう,리츠도우,율동,N1,rhythm
40175,流動,りゅうどう,류우도우,유동,N1,flow; fluidity
40508,流布,るふ,루후,유포,N1,circulation; dissemination
40133,留意,りゅうい,류우이,유의,N1,heed; attention; mindfulness
40161,竜頭,りゅうず,류우즈,용두 (시계 태엽),N1,crown (of a watch); dragon head
40154,粒子,りゅうし,류우시,입자,N1,particle; grain
37742,持ち上がる,もちあがる,모치아가루,들려 올라가다,N1,to be lifted; to arise; to happen
36351,巫女,みこ,미코,무녀,N1,Miko (shrine maiden)
34095,返戻,へんれい,헨레이,반환,N1,return; restoration
21615,属する,ぞくする,조쿠스루,속하다,N2,"to belong to, to be affiliated with"
21621,続々,ぞくぞく,조쿠조쿠,속속,N3,"successively, one after another"
21243,速達,そくたつ,소쿠타츠,속달,N3,express delivery
21248,測定,そくてい,소쿠테이,측정,N3,measurement
690,小豆,あずき,아즈키,팥,N1,Azuki bean (red bean)
21254,速度,そくど,소쿠도,속도,N3,"speed, velocity"
20664,戦慄,せんりつ,센리츠,전율,N1,"shudder, shiver, trembling with fear"
20036,精励,せいれい,세이레이,"정려, 힘써 일함",N1,"diligence, hard work"
14164,差し戻し,さしもどし,사시모도시,"환송, 되돌려 보냄",N1,Remand; sending back
12800,刻々,こっこく,콕코쿠,시시각각,N1,Moment by moment
12435,興隆,こうりゅう,코우류우,흥륭,N1,Prosperity; rise; flourishing
10602,黒ずむ,くろずむ,쿠로즈무,거무스름해지다,N1,To blacken; to darken
3332,海原,うなばら,우나바라,넓은 바다 (대해),N1,The ocean; the deep blue sea
1322,餡,あん,안,"앙금, 팥소",N1,Bean jam; paste
1601,硫黄,いおう,이오우,유황,N1,Sulfur
335036,見守り,みまもり,미마모리,감시,N1,Watching over / Monitoring
6065,掻き消す,かきけす,카키케스,"지워버리다, 감추다",N1,To drown out; to muffle
96201,鼻詰まり,はなずまり,하나즈마리,코막힘,N1,Nasal congestion
31972,微,び,비,미,N1,minute; tiny; slight
87717,浮腫み,むくみ,무쿠미,부종,N1,Swelling; edema
5205,御巡り,おまわり,오마와리,순경 아저씨,N1,Police officer (colloquial)
69796,炉辺,ろへん,로헨,화롯가,N1,Fireside
31815,開ける,ひらける,히라켈루,"열리다, 트이다",N1,to open; to unwrap; to unlock
34762,火照る,ほてる,호테루,달아오르다,N1,to flush; to feel hot; to glow
28077,馴れ初め,なれそめ,나레소메,사랑의 시작,N1,the start of a romance
24845,連れ,つれ,츠레,"동반자, 일행",N1,"companion, company"
70324,老巧,ろうこう,로우코우,노교,N1,Experience; veteran skill
69935,虜囚,りょしゅう,료슈우,"포로,노수",N1,Prisoner
67307,無慮,むりょ,무료,"걱정없이,무려",N1,No less than; about
65934,箸休め,はしやすめ,하시야스메,입가심,N1,Side dish (to refresh the palate)
3436,裏金,うらがね,우라가네,뒷돈 (뇌물),N1,Secret fund; slush fund; bribe
65491,老け役,ふきやく,후키야쿠,노인 역,N1,Role of an old person (acting)
58346,清廉,せいれん,세이렌,청렴,N1,Integrity; uprightness
58868,旅路,たびじ,타비지,여행길,N1,Journey; itinerary
24862,つん,つん,츠운,"새침한 모양, 츤",N1,"(sound of) turning up one's nose, sharp/pungent"
51367,雨露,うろ,우로,"비와 이슬,우로",N1,rain and dew; (metaphorical) hardships
53573,校了,こうりょう,코우료우,교정 완료,N1,final proofreading
44284,僚友,りょうゆう,료우유우,"료우유우, 동료",N1,colleague; coworker
9587,際,ぎわ,기와,"언저리, 끝",N4,Edge; brink; side
37807,弄ぶ,もてあそぶ,모테아소부,"농락하다, 가지고 놀다",N1,to play with; to toy with; to trifle with
35905,纏め役,まとめやく,마토메야쿠,이끄는사람,N1,coordinator; mediator
3028,迂回,うかい,우카이,우회,N1,Detour; bypass
36997,無縁,むえん,무엔,인연 없음,N1,unrelated; irrelevant
54265,里山,さとやま,사토야마,동네 산,N1,satoyama (woodland near a village)
21258,束縛,そくばく,소쿠바쿠,속박,N2,"restraint, shackles, binding"
47354,名月,めいげつ,메이게츠,밝은 달,N3,harvest moon; full moon
36095,丸まる,まるまる,마루마루,둥글게 말리다,N1,to curl up; to become round
40749,廉価,れんか,렌카,염가,N1,low price; bargain
1584,家路,いえじ,이에지,귀로,N1,Way home
14288,里親,사토오야,사토오야,"수양부모, 위탁부모",N1,Foster parent
40755,錬金,れんきん,렌킨,연금,N1,alchemy
41130,賄賂,わいろ,와이로,뇌물,N1,bribe; bribery
40999,露店,ろてん,로텐,노점,N1,street stall; stand
21270,其処,そこ,소코,거기,N3,"there, that place"
21271,底,そこ,소코,바닥. 밑,N3,"bottom, sole"
21293,阻止,そし,소시,저지,N1,"obstruction, check, prevention"
17182,試練,しれん,시렌,시련,N1,"trial, ordeal, test"
16885,渉猟,しょうりょう,쇼우료우,섭렵,N1,"wide reading, extensive search"
11836,工,こう,코우,"공 (기술자, 일)",N1,Work; craft; construction
10815,愚弄,ぐろう,구로우,우롱,N1,Mockery; derision; ridicule
10008,杭,くい,쿠이,말뚝,N1,Stake; post; pile
191693,洗い上がり,あらいあがり,아라이아가리,세탁 후 상태,N1,Finish after washing (laundry/hair)
181830,使い心地,つかえごこち,츠카에고코치,사용감,N1,Comfort in use / Usability
8019,学殖,がくしょく,가쿠쇼쿠,학식,N1,Scholarship; erudition
155574,朝会,ちょうかい,쵸우카이,조회,N1,Morning assembly
68375,木炭,もくたん,모쿠탄,목탄,N1,Charcoal
7420,カワバタ,かわばた,카와바타,강가,N1,Kawabata (surname)
32974,不発,ふはつ,후하츠,불발,N1,misfire; failure
65974,端数,はすう,하스우,"우수리,끝수",N1,Fraction; odd sum; remainder
6656,片端,かたはし,카타하시,한쪽 끝,N1,One edge; one end; side
35060,暴言,ぼうげん,보우겐,폭언,N2,reckless words; verbal abuse
31243,弾き手,ひきて,히키테,연주자,N1,player (of a stringed instrument)
64335,ひけらかす,ひけらかす,히케라카스,뽐내다,N1,To show off; to brag
4720,大喜び,おおよろこび,오오요로코비,크게 기뻐함,N1,Great joy; being delighted
62068,流れ星,ながれぼし,나가레보시,별똥별,N1,Shooting star
3565,植わる,うわる,우와루,심어지다,N1,To be planted
863,跡地,あとち,아토치,옛터,N1,Site (of a former building); remains
62221,嘆かわしい,なげかわしい,나게카와시이,개탄스럽다,N1,Lamentable; deplorable
62997,軒端,のきば,노키바,처마 끝,N1,Edge of the eaves
57904,賞罰,しょうばつ,쇼우바츠,상벌,N1,Rewards and punishments
57091,償金,しょうきん,쇼우킨,상금,N1,Indemnity; compensation
21295,組織,そしき,소시키,조직,N4,"organization, structure, tissue"
30240,張り出す,はりだす,하리다스,게시하다,N1,to post (a notice); to overhang
21296,素質,そしつ,소시츠,소질,N2,"character, qualities, talent"
47373,淡雪,あわゆき,아와유키,진눈깨비,N1,light snow
16934,植樹,しょくじゅ,쇼쿠쥬,식수,N2,tree planting
21309,祖先,そせん,소센,조상,N2,ancestor
59620,暖流,だんりゅう,단류우,난류,N1,Warm current
54054,萎れる,しおれる,시오레루,시들다,N1,to wither; to droop
12876,断り,ことわり,코토와리,"거절, 허가, 설명",N1,Refusal; notice; excuse
54010,塩断ち,しおだち,시오다치,소금 안 먹기,N1,abstaining from salt
39970,利殖,りしょく,리쇼쿠,"이식, 재산 증식",N1,money-making; investment
16859,賞与,しょうよ,쇼우요,상여금,N1,"bonus, reward"
40811,連動,れんどう,렌도우,연동,N1,coupling; interlocking
21321,育ち,ソダチ,소다치,성장. …에서 자랐음,N2,"upbringing, growth"
39681,落단,らくたん,라쿠탄,낙담,N1,discouragement; falling (as in 落胆)
35870,松葉,まつば,마츠바,목발,N1,pine needle
29048,濃淡,のうたん,노우탄,"농담, 진함과 연함",N1,Shade / light and dark
13137,強張る,こわばる,코와바루,굳다,N1,To become stiff; to stiffen
29792,破綻,はたん,하탄,파탄,N1,Failure / bankruptcy / collapse
27793,嘆き,なげき,나게키,"탄식, 한탄",N1,"grief, lamentation"
24056,長短,ちょうたん,쵸우탄,장단,N1,"length, merits and demerits"
9335,共用,きょうよう,쿄우요우,공용,N1,Common use; sharing
24994,定時,ていじ,테이지,정시,N1,"fixed time, regular"
22833,丹精,たんせい,탄세이,정성을 다함,N1,"diligence, sincerity, devotion"
22887,探訪,たんぼう,탄보우,탐방,N1,"reportage, inquiry"
21327,措置,そち,소치,조치,N2,"measure, step, action"
12936,こびり付く,こびりつく,코비리츠쿠,들러붙다,N1,To cling to; to stick to
8463,機材,きざい,키자이,기재,N1,Equipment; hardware; material
3592,雲泥,운데이,운데이,운니 (천지 차이),N1,(Part of Ondei-no-sa) A world of difference
143783,内見,ないけん,나이켄,내견,N1,Private viewing (real estate)
999,天下り,あまくだり,아마쿠다리,낙하산 인사,N1,Amakudari (retiring officials to top private jobs)
94960,新王,しんおう,신오우,신왕,N1,New King
88004,一点,いってん,잇텐,"일점, 한 점",N1,One point; a single item
67011,牧笛,ぼくてき,보쿠테키,목적(목동의 피리),N1,Shepherd's pipe
70865,郵袋,ゆうたい,유우타이,"우편자루,우대",N1,Mailbag
33616,文壇,ぶんだん,분단,문단,N1,literary world; literary circles
61621,敵意,てきい,테키이,적의,N1,Enmity; hostility
30285,春休み,はるやすみ,하루야스미,봄방학,N1,spring break
62179,帳尻,ちょうじり,쵸우지리,결산의 결과,N1,Balance of accounts
60121,摘み草,つみくさ,츠미쿠사,나물 캐기,N1,Gathering herbs/wildflowers
59948,典拠,てんきょ,텐쿄,"근거,전거",N1,Authority; source
50623,脚注,きゃくちゅう,캬쿠츄우,각주,N1,footnote
46937,天の川,あまのがわ,아마노가와,은하수,N1,The Milky Way
43885,懶け者,なまけもの,나마케모노,게으름뱅이,N1,lazy person; idler
39445,呼び戻す,よびもどす,요비모도스,불러돌리다,N1,to call back; to recall
25114,摘要,てきよう,테키요우,적요,N1,"summary, remarks"
38859,油田,ゆでん,유덴,유전,N1,oil field
21328,其方,そっち,솟치,그쪽,N4,"that way, you (polite/archaic)"
39472,夜店,よみせ,요미세,노점,N1,night stall; night market
40246,量子,りょうし,료우시,양자,N1,quantum
23356,談判,だんぱん,단판,담판,N2,"negotiation, bargaining"
35896,的外れ,まとはずれ,마토하즈레,과녁에서 벗어남,N1,off the mark; irrelevant
34944,本店,ほんてん,혼텐,본점,N1,head office; flagship store
34763,補填,ほてん,호텐,보전,N1,filling up; making up for (a loss)
27384,泥沼,どろぬま,도로누마,"진흙탕, 늪",N1,"bog, marsh, quagmire"
21364,袖,そで,소데,소매,N3,sleeve
12262,拘泥,こうでい,코우데이,"구애됨, 구니",N1,Adhering strictly to; being stickler
25109,摘発,てきはつ,테키하츠,적발,N1,"exposure, disclosure, denunciation"
25351,点火,てんか,텐카,점화,N1,"ignition, lighting a fire"
23177,脱水,だっすい,닷스이,탈수,N1,"dehydration, spinning (laundry)"
25400,転出,てんしゅつ,텐슈츠,전출,N1,moving out
24506,付き添う,つきそう,츠키소우,곁에서 보살피다,N1,"to attend on, to accompany, to escort"
21375,備え付ける,そなえつける,소나에츠케루,설치하다,N1,"to install, to equip with"
21685,耐火,たいか,타이카,내화,N1,fireproof
18313,受胎,じゅたい,쥬타이,수태,N1,"conception, pregnancy"
17906,自他,じた,지타,자타,N1,oneself and others
16213,収容,しゅうよう,슈우요우,수용,N2,"accommodation, seating, custody"
16234,主演,しゅえん,슈엔,주연,N2,starring (in a film/play)
16238,主観,しゅかん,슈칸,주관,N2,subjectivity
16284,宿命,しゅくめい,슈쿠메이,숙명,N2,"fate, destiny"
16288,手芸,しゅげい,슈게이,수예,N2,handicrafts
10990,形跡,けいせき,케이세키,"흔적, 자취",N2,Traces; evidence; vestige
9094,給与,きゅうよ,큐우요,급여,N1,Salary; pay; allowance
8862,客足,きゃくあし,캬쿠아시,손님 수,N1,Flow of customers
29426,排他,はいた,하이타,배타,N1,Exclusionary
7207,痒み,かゆみ,카유미,가려움,N2,Itch; itchiness
234542,大人買い,おとながい,오토나가이,어른 구매(대량 구매),N1,Buying in bulk (like an adult)
70731,眉唾,まゆつば,마유츠바,"믿을 수 없음, 가짜 같음",N1,Dubious; fishy
26884,吐露,とろ,토로,토로,N1,"utterance, expression, revealing one's mind"
70404,朗々,ろうろう,로우로우,낭랑,N1,Sonorous; clear (voice/moon)
67292,都落ち,みやこおち,미야코오치,도락치,N1,Leaving the capital; fleeing to the country
60831,殿方,とのがた,토노가타,남자들 (높임말),N1,Gentlemen; men
60759,斗酒,としゅ,토슈,말술,N1,A large amount of sake
60836,賭場,とば,토바,도박장,N1,Gambling den
60616,毒液,どくえき,도쿠에키,독액,N1,Venom; poisonous liquid
25797,殿堂,でんどう,덴도우,전당,N1,"palace, hall of fame"
24158,直送,ちょくそう,쵸쿠소우,직송,N2,direct shipping
28714,盗み,ぬすみ,누스미,절도,N1,"stealing, theft"
6684,語り,かたり,카타리,이야기,N1,Narrative; storytelling
4473,桜桃,おうとう,오우토우,앵두(체리),N1,Cherry (fruit)
3279,写し取る,うつしとる,우츠시토루,베껴 그리다,N1,To copy; to trace; to duplicate
60817,徒党,ととう,토토우,"패거리,도당",N1,Faction; clique; gang
1374,安打,あんだ,안다,안타,N1,(Baseball) Hit; safe hit
60311,悼辞,とうじ,토우지,조사 (추도사),N1,Condolence speech; memorial address
59175,唾液,だいき,다이키,타액,N1,Saliva
194,哀悼,あいとう,아이토우,애도,N1,Condolence; lament; mourning
59215,惰気,だき,다키,나태한 기운,N1,Laziness; spirit of indolence
21378,備える,そなえる,소나에루,준비하다,N5,"to prepare for, to provide, to possess"
54863,音吐,おんと,온토,목소리,N1,Voice; speech
16632,将軍,じょうぐん,죠우군,장군,N1,"shogun, general"
26357,吐血,とけつ,토케츠,토혈,N1,vomiting blood
23222,打破,だは,다하,타파,N1,"breakdown, defeat, abolition"
39824,乱打,らんだ,란다,난타,N1,battering; heavy hitting
23150,打線,だせん,다센,타센,N1,batting lineup
58650,石塔,せきとう,세키토우,석탑,N1,Stone monument; tombstone
14851,雑多,ざった,잣타,잡다함,N1,Miscellaneous; diverse; jumbled
51787,電報,でんぽう,덴포우,전보,N1,telegram
23106,唾棄,だき,다키,"타기, 몹시 싫어함",N1,"detestation, abhorrence (lit. spitting on)"
42545,金屏,きんびょう,킨뵤우,금병풍,N1,gold folding screen
23260,堕落,だらく,다라쿠,타락,N1,"depravity, corruption, degradation"
42960,討伐,とうばつ,토우바츠,토벌,N1,subjugation; punitive expedition
41246,和紙,わし,와시,일본 종이,N2,Japanese paper (Washi)
37930,桃色,ももいろ,모모이로,분홍색,N1,pink; peach color
37678,黙祷,もくとう,모쿠토우,"묵념,묵도",N1,silent prayer; moment of silence
35751,待ち,まち,마치,대기,N2,waiting
35671,マ시코,ましこ,마시코,마시코 (지명),N1,Mashiko (surname/place name)
21383,備わる,そなわる,소나와루,갖춰지다,N1,"to be endowed with, to be equipped with"
26539,賭博,とばく,토바쿠,도박,N1,gambling
22467,立て,だて,다테,특별히~함,N1,"(suffix) just finished, freshly"
12205,皇太子,こうたいし,코우타이시,황태자,N1,Crown Prince
21410,聳える,そびえる,소비에루,치솟다,N1,"to rise, to tower, to soar"
21427,粗末,そまつ,소마츠,"소홀한, 허술한",N2,"crude, humble, poor, careless"
63878,突き,つき,츠키,찌름,N1,Thrust; prick; poke
54835,懲らしめる,こらしめる,코라시메루,응징하다,N1,To punish; to give a lesson
32100,病棟,びょうとう,뵤우토우,병동,N1,ward (of a hospital)
253415,ぴたり,ぴたり,피타리,딱,N1,Suddenly stopping / Perfectly fitting
31589,独り者,ひとりもの,히토리모노,독신자,N1,unmarried person; person living alone
119980,導き,みちびき,미치비키,"인도, 이끎",N1,Guidance
118872,峠道,とうげみち,토게미치,고갯길,N2,Mountain pass road
140256,古碑,こひ,코히,"오래된 비석,고비",N1,Old monument/stone tablet
155553,週次,しゅうじ,슈우지,주간,N1,Weekly
60255,銅器,どうき,도우키,동기,N1,Copperware; bronze ware
22154,択一,たくいつ,타쿠이츠,택일,N1,"choosing one, alternative"
64451,濁り,にごり,니고리,"탁함, 탁주",N1,Muddiness; impurity; voiced consonant
60622,徳義,とくぎ,토쿠기,덕의,N1,Morality; integrity
60678,徳用,とくよう,토쿠요우,"실속형,덕용",N1,Economical; good value
60651,毒舌,どくぜつ,도쿠제츠,독설,N1,Wicked tongue; caustic remarks
57805,上棟,じょうとう,죠우토우,상량,N1,Completion of framework (building)
55067,懇篤,こんとく,콘토쿠,"간곡,간독",N1,Kind; courteous
57968,清濁,せいだく,세이다쿠,청탁,N1,Purity and impurity; good and evil
49014,家風,かふう,카후우,가풍,N1,family tradition/customs
42349,凸版,とっぱん,톳판,볼록판,N1,letterpress; relief printing
27245,毒薬,どくやく,도쿠야쿠,독약,N1,"poison, toxic drug"
27237,独断,どくだん,도쿠단,독단,N2,"arbitrary decision, dogmatism"
28341,二者,にしゃ,니샤,"이자, 두 사람",N1,"two persons, two things"
22165,託宣,たくせん,타쿠센,"신탁, 탁선",N1,"oracle, divine message"
19713,清音,せいおん,세이온,청음,N1,unvoiced sound
16031,首位,しゅい,슈이,"선두,수위",N2,First place; leading position
27364,度量,どりょう,도료우,도량,N1,"capacity, generosity, measurement"
26019,搭乗,とうじょう,토우죠우,탑승,N2,boarding (plane/ship)
26306,督促,とくそく,토쿠소쿠,독촉,N2,"demand, urge, dun"
26349,督励,とくれい,토쿠레이,독려,N1,"encouragement, urging"
26337,読本,とくほん,토쿠혼,독본,N1,"textbook, reader"
26075,読点,とうてん,토우텐,"모점, 쉼표",N1,comma
24054,調達,ちょうたつ,쵸우타츠,조달,N1,"supply, procurement"
22607,旅立つ,たびだつ,타비다츠,여행을 떠나다,N1,to set off on a journey
2816,隠匿,いんとく,인토쿠,은닉,N1,Concealment; hiding
11160,結託,けったく,켓타쿠,결탁,N1,Collusion; conspiracy
22445,達人,たつじん,타츠진,달인,N1,"master, expert"
9420,虚脱,きょだつ,쿄다츠,허탈함,N1,Prostration; collapse; lethargy
21431,背く,そむく,소무쿠,등을 돌리다,N2,"to disobey, to go against, to betray"
21438,染める,そめる,소메루,물들이다,N2,"to dye, to color"
21465,逸れる,それる,소레루,"벗어나다, 빗나가다",N2,"to stray, to miss the mark, to drift"
21474,算盤,そろばん,소로반,주판,N2,abacus
16663,性懲り,しょうこり,쇼우코리,뉘우침,N1,"learning a lesson (often used with ""lack of"")"
21479,損,そん,손,"손해, 손실",N2,"loss, disadvantage"
21483,損害,そんがい,손가이,손해,N2,"damage, injury, loss"
6147,格言,かくげん,카쿠겐,격언,N1,Maxim; proverb; saying
5252,思い遣り,おもいやり,오모이야리,배려,N2,Consideration; sympathy; kindness
7397,川蝉,かわせみ,카와세미,물치새 (물총새),N1,Kingfisher
32893,浮沈,ふちん,후친,부침,N1,ups and downs; floating and sinking
147383,邸内,ていない,테이나이,저택 안,N1,Inside the grounds of a mansion
10314,苦悩,くのう,쿠노우,고뇌,N1,Suffering; distress; anguish
5846,海底,かいてい,카이테이,해저,N1,Seabed; ocean floor
26794,取り締まり,とりしまり,토리시마리,"관리,이사",N1,"control, management, supervision"
3048,浮き沈み,うきしずみ,우키시즈미,"영고성쇠, 부침",N1,Ups and downs; rise and fall
62303,勅語,ちょくご,초쿠고,칙어(임금의 말씀),N1,Imperial Rescript
62309,勅使,ちょくし,쵸쿠시,칙사,N1,Imperial Messenger
61527,低級,ていきゅう,테이큐우,저급,N1,Low grade; vulgar
64273,低まる,ひとまる,히토마루,내려가다,N1,To lower; to subside
61560,貞操,ていそう,테이소우,정조,N1,Chastity; virtue
62853,寝付き,ねつき,네츠키,잠들기,N1,Falling asleep (quality/speed)
62614,入超,にゅうちょう,뉴우쵸우,수입초과(무역적자),N1,Import excess; trade deficit
57061,実直,じっちょく,짓쵸쿠,직접,N1,Honest; upright; steady
57692,初手,しょて,쇼테,초수,N1,First move; at the beginning
55666,定紋,じょうもん,죠우몬,가문 (집안 문양),N1,Family crest
52554,厚意,こうい,코우이,호의,N1,kindness; favor
42473,必定,ひつじょう,히츠죠우,"필정, 반드시",N1,inevitable; necessary
48037,火気,かき,카키,"화기, 불기운",N1,fire; heat; flammables
16378,出廷,しゅってい,슛테이,출두 (법정에 나감),N1,appearance in court
23309,段差,だんさ,단사,단차,N1,"step, level difference, gap"
40849,炉,ろ,로,화로,N4,hearth; furnace; kiln
37304,瞑想,めいそう,메이소우,명상,N1,meditation
31274,低める,ひくめる,히쿠멜루,낮추다,N1,to lower; to humble
29870,発する,はっする,핫스루,내다,N1,To emit / to utter / to originate
23040,大腸,だいちょう,다이쵸우,대장,N1,"large intestine, colon"
25226,手直し,てなおし,테나오시,"수정, 고침",N1,"adjustment, repair, alteration"
9817,義弟,ぎてい,기테이,의제 (처남 등),N1,Brother-in-law (younger)
24284,珍重,ちんちょう,친쵸우,진기하고 귀중,N1,"valuing highly, prizing"
24998,呈上,ていじょう,테이죠우,"증정, 올림",N1,presentation (of a gift)
28870,熱病,ねつびょう,네츠뵤우,열병,N1,Fever
24942,定価,ていか,테이카,정가,N1,fixed price
28944,捻挫,ねんざ,넨자,염좌,N1,Sprain
17357,新種,しんしゅ,신슈,신종,N1,new species
21489,尊敬,そんけい,손케이,존경,N2,"respect, esteem, reverence"
21492,損失,そんしつ,손시츠,손실,N3,loss (financial/assets)
28964,粘着,ねんちゃく,넨챠쿠,점착,N1,Adhesion
21638,存ずる,ぞんじる,존지루,知っている의 낮춤말. 알다.,N4,"to know, to think (humble)"
21509,損得,そんとく,손토쿠,"손실과 이득, 손익",N2,"loss and gain, advantage and disadvantage"
21649,田,た,타,논,N2,"rice field, paddy"
17786,直訴,じきそ,지키소,직소,N1,direct appeal
15565,子弟,してい,시테이,자제,N1,Children; sons; younger generation
15567,私邸,してい,시테이,사저,N1,Private residence
14218,定め,さだめ,사다메,정함,N1,Law; rule; fate; destiny
14205,定か,さだか,사다카,확실함,N1,Definite; sure; distinct
58656,咳払い,せきばらい,세키바라이,헛기침,N1,Clearing one's throat
31845,ひりひり,ひりひり,히리히리,얼얼,N1,stinging; smarting; tingling
62271,帳面,ちょうめん,쵸우멘,공책,N1,Account book; notebook
76513,カイヅカ,かいづか,카이드카,"조개무지,폐총",N1,Kaizuka (shell mound)
87396,舞い下りる,まずおりる,마즈오리루,내려앉다,N1,To swoop down; to flutter down
3549,上澄み,うわずみ,우와즈미,윗물 (맑은 물),N1,The clear surface (of a liquid); the best part
67824,前触れ,まいぶれ,마이부레,전조,N1,Omen; herald; precursor
24117,跳躍,ちょうやく,쵸우야쿠,도약,N2,"jump, leap, spring"
66411,満潮,まんちょう,만쵸우,만조,N1,High tide
71570,つま弾く,つまびく,츠마비쿠,뚱기다,N1,To pluck (strings); to strum
63687,椎間,ついかん,츠이칸,추간,N1,Intervertebral
61626,敵機,てきき,테키키,적기(적의 비행기),N1,Enemy aircraft
63422,生爪,なまづめ,나마즈메,생손톱,N1,One's own fingernail/toenail
58017,清澄,せいちょう,세이쵸우,청정,N1,Clear; serene
58749,建坪,たてつぼ,타테츠보,건평,N1,Floor space; acreage (of a building)
50472,漁場,ぎょば,교바,어장,N1,fishing ground
50032,億兆,おくちょう,오쿠쵸우,"만민,억조",N1,the masses; the people
42493,嘲る,あざける,아자케루,비웃다,N1,to scoff; to mock; to sneer
21660,対,たい,타이,대,N3,"pair, couple, versus, against"
15020,潮風,しおかぜ,시오카제,바닷바람,N2,Sea breeze
24024,嘲笑,ちょうしょう,쵸우쇼우,조소,N1,"scorn, derision, sneer"
39196,欲張る,よくばる,요쿠바루,과욕을 부리다,N1,to be greedy
24126,潮流,ちょうりゅう,쵸우류우,조류,N1,"tide, current, trend"
41367,割り増し,わりまし,와리마시,할증,N1,extra charge; premium
48105,書き留める,かきとめる,카키토메루,적어두다,N1,to write down; to record
21675,退院,たいいん,타이인,퇴원,N4,discharge from hospital
34146,べた付く,べたつく,베타츠쿠,끈적거리다,N1,to be sticky; to cling to
40904,労組,ろうそ,로우소,노조,N1,labor union
11518,撃墜,げきつい,게키츠이,격추,N1,Shooting down (aircraft)
20099,脊椎,せきつい,세키츠이,척추,N1,"spine, vertebrae"
21686,退化,たいか,타이카,퇴화,N1,"degeneration, retrogression"
34656,綻び,ほころび,호코로비,"터짐, 풀림",N1,rip; tear; beginning of a bloom
21687,大会,たいかい,타이카이,대회,N5,"convention, tournament, mass meeting"
21701,退学,たいがく,타이가쿠,퇴학,N3,"dropping out of school, expulsion"
36758,未納,みのう,미노우,미납,N1,unpaid; non-payment
24263,鎮座,ちんざ,친자,진좌 (신령이 자리 잡음),N1,"enshrinement, sitting still"
24068,提灯,ちょうちん,쵸우친,제등,N2,paper lantern
24387,痛快,つうかい,츠으카이,통쾌,N1,"thrilling, delightful, extremely pleasant"
21707,大気,たいき,타이키,대기,N2,atmosphere
21720,大金,たいきん,타이킨,"큰돈,대금",N1,large sum of money
21727,退屈,たいくつ,타이쿠츠,따분,N2,"boredom, tedium"
17921,自嘲,じちょう,지쵸우,자조,N1,"self-derision, self-mockery"
17442,神像,しんぞう,신조우,신상,N1,statue of a deity
17471,心痛,しんつう,신츠우,심병,N1,"heartache, grief, worry"
12515,国外,こくがい,코쿠가이,국외,N1,Outside the country; overseas
9294,強敵,きょうてき,쿄우테키,강적,N1,Formidable enemy; tough rival
174003,血抜き,ちぬき,치누키,피 빼기,N1,Bleeding (meat/fish)
54809,残忍,ざんにん,잔닌,잔인,N1,Cruel; ruthless; brutal
5870,懐妊,かいにん,카이닌,임신,N1,Pregnancy; conception
2010,頂き物,いただきもの,이타다키모노,받은 선물,N1,Gift; present (received)
68631,締まり,しまり,시마리,"단속, 야무짐, 긴장",N1,Tightness; management; discipline
94119,逓信,ていしん,테이신,체신,N1,Communications (archaic)
172618,尿症,にょうしょう,뇨우쇼우,뇨증,N1,-uria (suffix for urine condition)
98727,登園,とうえん,토우엔,동원,N1,Going to (nursery/kindergarten)
68719,湯水,ゆみず,유미즈,"물,탕수",N1,Hot and cold water; spending like water
62140,釣果,ちょうか,쵸우카,"조업 결과,조과",N1,Fishing catch
60383,釣り合う,つりあう,츠리아우,조화를 이루다,N1,To balance; to suit; to match
62596,乳液,にゅうえき,뉴우에키,유액,N2,Milk lotion
23494,乳首,ちくび,치쿠비,유두,N1,"nipple, teat"
62634,尿素,にょうそ,뇨우소,요소,N1,Urea
64117,煮え湯,にえゆ,니에유,끓는 물,N1,"Boiling water (e.g., betrayal)"
50528,木彫り,きぼり,키보리,나무조각,N1,wood carving
31230,引き締め,ひきしめ,히키시메,긴축,N1,tightening; (monetary) restraint
20411,洗顔,せんがん,센간,세안,N3,washing one's face
31605,否認,ひにん,히닌,부인,N1,denial; disapproval
16418,種痘,しゅとう,슈토우,종두,N1,vaccination (smallpox)
21733,体系,たいけい,타이케이,체계,N2,"system, organization"
21735,対決,たいけつ,타이케츠,대결,N1,"confrontation, showdown"
36768,身의程,みのほど,미노호도,분수,N1,one's social standing; one's place
29212,飲ます,のます,노마스,마시게 하다,N1,To let drink / to administer (medicine)
26013,湯治,とうじ,토우지,"온천치료,탕치",N1,hot spring cure
53550,交友,こうゆう,코우유우,교우,N1,friendship; companion
48456,大入り,おおいり,오오이리,만원 (관객이 가득 참),N1,large audience; full house
49331,艦艇,かんてい,칸테이,함정,N1,naval vessels
52540,恋文,こいぶみ,코이부미,"연서, 러브레터",N1,love letter
42070,不妊,ふにん,후닌,불임,N1,infertility; sterility
43477,安寧,あんねい,안네이,안녕,N1,public peace; tranquility
28628,庭先,にわさき,니와사키,마당 앞,N1,"in the garden, doorstep"
24101,眺望,ちょうぼう,쵸우보우,조망,N1,"view, prospect, outlook"
25012,逓送,ていそう,테이소우,"체송, 전달함",N1,"conveyance, delivery"
35104,防波,ぼうは,보우하,방파,N1,breakwater; sea wall
18336,授乳,じゅにゅう,쥬뉴우,수유,N1,"breastfeeding, nursing"
34178,別棟,べつむね,베츠무네,별관,N1,separate building; annex
21767,滞在,たいざい,타이자이,체재. 체류,N3,"stay, sojourn"
28546,乳児,にゅうじ,뉴우지,젖먹이,N1,"infant, baby"
21836,体積,たいせき,타이세키,체적,N2,"volume, capacity"
15641,忍ぶ,しのぶ,시노부,"참다, 숨다",N1,To endure; to hide; to conceal oneself
21845,体操,たいそう,타이소우,체조,N2,"gymnastics, physical exercises"
13417,誤記,ごき,고키,"오기, 잘못 적음",N1,Clerical error; miswriting
11563,下段,げだん,게단,하단,N1,Lower tier; lower column
8710,規程,きてい,키테이,규정,N1,Regulations; rules
9734,近隣,きんりん,킨린,"이웃, 근린",N2,Neighborhood; vicinity
9293,競艇,きょうてい,쿄우테이,경정,N1,Motorboat racing
193142,縺れ,もつれ,모츠레,엉킴,N1,Tangle / Complication
206352,焼き目,やきめ,야키메,구운 자국,N1,Grill mark / Browned textture
177350,花開く,はなひらい,하나히라이,꽃이 피다,N1,To bloom; to blossom
59748,痴情,ちじょう,치죠우,치정,N1,Blind love; passion
72394,イチジョウ,いちじょう,이치죠우,한 줄기,N1,"Ichijo (often a name or ""one strip/streak"")"
5791,回線,かいせん,카이센,회선,N1,Circuit; line
155355,丁目,ちょうめ,쵸우메,초메,N1,City district/block
4241,円柱,えんちゅう,엔츄우,원기둥,N1,Column; cylinder; pillar
32428,風致,ふうち,후우치,"풍치, 경치",N1,scenic beauty; elegance
68546,物知り,ものしり,모노시리,박식한 사람,N1,Knowledgeable person
31218,引き金,ひきがね,히키가네,방아쇠,N1,trigger
2509,鋳物,いもの,이모노,주물,N1,Casting; metalwork
67994,薬液,やくえき,야쿠에키,약액,N1,Chemical solution
64064,破廉恥,はれんち,하렌치,파렴치,N1,Shameless; disgraceful
31448,引っ手繰り,ひったくり,힛타쿠리,날치기,N1,purse snatching; snatching
28930,念入り,ねんいり,넨이리,꼼꼼함,N1,Careful / conscientious / thorough
61722,遅速,ちそく,치소쿠,늦고 빠름,N1,Speed; slowness or fastness
23545,稚拙,ちせつ,치세츠,치졸함,N1,"unskillful, childish, crude"
1641,鋳型,いがた,이가타,주형,N1,Mold; cast; template
335,赤土,あかつち,아카츠치,적토,N1,Red clay/soil
27192,怒気,どき,도키,"분노,노기",N1,"anger, wrath"
29602,白熱,はくねつ,하쿠네츠,백열,N1,Incandescence / white heat
58004,誠忠,せいちゅう,세이츄우,성충 (충성),N1,Loyalty; devotion
55532,守銭,しゅせん,슈센,돈을 아낌,N1,Miserliness; hoarding money
36465,水割り,みずわり,미즈와리,미즈와리 (술에 물을 탐),N1,"diluting with water (whisky, etc.)"
24180,貯水,ちょすい,쵸스이,저수,N1,water storage
23778,忠勤,ちゅうきん,츄우킨,충성스럽게 일함,N1,loyal service
50051,遅らす,おくらす,오쿠라스,늦추다,N1,to delay; to put off
24939,低温,ていおん,테이온,저온,N1,low temperature
21846,大層,たいそう,타이소우,매우,N1,"very, extremely, exaggerated"
62041,沖する,ちゅうする,츄우스루,높이 올라가다,N1,To rise high; to soar
23821,抽出,ちゅうしつ,츄우시츠,추출,N1,"extraction, sampling"
50552,苦衷,くちゅう,쿠츄우,고충,N1,inner suffering; predicament
22988,大黒,だいこく,다이코쿠,중심의 큰,N1,"Daikoku (god of wealth), main pillar"
42848,羞じらい,はじらい,하지라이,수줍음,N1,shyness; bashfulness
53274,法度,はっと,핫토,"법도, 법령",N1,law; prohibition
21854,対談,たいだん,타이단,대담,N1,"talk, dialogue, interview"
34585,放流,ほうりゅう,호우류우,방류,N1,discharge; releasing (fish)
15463,支柱,しちゅう,시츄우,지주,N1,Prop; stay; pillar; support
42453,稚魚,ちぎょ,치교,치어,N1,fry; young fish
48519,鋳鉄,ちゅうてつ,츄우테츠,주철,N1,cast iron
36156,満水,まんすい,만스이,만수,N1,full of water; high water level
21873,対等,たいとう,타이토우,대등,N1,"equivalent, equal, on par"
21890,滞納,たいのう,타이노우,체납,N1,"non-payment, default, arrears"
16322,取水,しゅすい,슈스이,취수,N1,"water intake, drawing water"
11523,激怒,げきど,게키도,격노,N1,Rage; fury; indignation
198375,深煎り,ふかいり,후카이리,진하게 볶는 것,N1,Dark roast (coffee)
5826,改築,かいちく,카이치쿠,개축,N1,Reconstruction; rebuilding
2443,異物,いぶつ,이부츠,이물,N1,Foreign body; foreign matter
221742,泥浴び,どろあび,도로아비,진흙 뒤집어쓰기,N1,Mud bath
216970,母豚,ははぶた,하하부타,어미돼지,N1,Sow / Mother pig
16613,少額,しょうがく,쇼우가쿠,소액,N1,small amount (of money)
2310,以東,いとう,이토우,이동 (어떤 지점의 동쪽),N1,East of...
148314,丼飯,どんぶりめし,돈부리메시,덮밥,N1,Bowl of rice
67391,名刀,めいとう,메토,명검,N1,Famous sword
69209,夜逃げ,よにげ,요니게,야반도주,N1,Flight by night; absconding
60924,共倒れ,ともだおれ,토모다오레,둘다 망함,N1,Mutual ruin; going down together
54446,撓う,しなう,시나우,휘다,N1,To bend; to be pliant; to yield
59698,逐一,ちくいち,치쿠이치,일일이,N1,One by one; in detail
54369,茶話,さわ,사와,다화,N1,Tea-table talk; gossip
59736,作り置き,つくりおき,츠쿠리오키,만들어둔 반찬,N1,Pre-prepared food
54936,小分け,こうけ,코우케,소분,N1,Subdividing; small portions
51265,裏道,うらみち,우라미치,뒷길,N1,back road
173,愛着,あいちゃく,아이챠쿠,애착,N1,Attachment; love (for an object)
42785,嫡子,ちゃくし,챠쿠시,적자,N1,legitimate child; heir
39132,養豚,ようとん,요우톤,양돈,N1,pig farming
40881,老後,ろうご,로우고,노후,N1,one's old age
39046,요건,ようけん,요우켄,요건,N1,requirement; condition (Yoken)
37006,迎え,むかえ,무카에,마중,N1,meeting; greeting; welcome
30600,爆竹,ばくちく,바쿠치쿠,폭죽,N1,firecracker
25924,冬季,とうき,토우키,동계,N1,winter season
35063,防護,ぼうご,보우고,방호,N1,protection; shelter
35097,暴投,ぼうとう,보우토우,폭투,N1,wild pitch (baseball)
29596,伯仲,はくちゅう,하쿠츄우,백중,N1,Being evenly matched
30856,番茶,ばんちゃ,반챠,반차 (일본의 거친 차),N1,coarse tea; bancha
30291,晴れ着,はれぎ,하레기,나들이 정장,N1,festive clothes; one's best clothes
31177,東側,ひがしがわ,히가시가와,동측,N1,east side
27277,土着,どちゃく,도챠쿠,토착,N1,"indigenous, native"
21896,大半,たいはん,타이한,대부분,N2,"majority, mostly"
27054,動産,どうさん,도우산,동산,N2,"movable property, personal effects"
21899,対比,たいひ,타이히,대비,N1,"contrast, comparison"
26183,当惑,とうわく,토우와쿠,당혹,N1,"bewilderment, perplexity"
21921,待望,たいぼう,타이보우,대망,N1,"long-awaited, expectation"
25898,投下,とうか,토우카,투하,N1,"dropping, throwing down, investment"
14438,さらさら,さらさら,사라사라,"졸졸, 보슬보슬, 술술",N1,Rustling; silky; smoothly
23479,逐次,ちくじ,치쿠지,"순차,축차",N1,"successively, one by one"
23488,蓄電,ちくでん,치쿠덴,축전,N1,storage of electricity
23571,窒素,ちっそ,칫소,질소,N1,nitrogen
23698,茶番,ちゃばん,챠반,"익살극, 가짜 연극",N1,"farce, charade"
23802,仲裁,ちゅうさい,츄우사이,중재,N1,"arbitration, mediation"
21927,怠慢,たいまん,타이만,태만,N1,"negligence, procrastination"
21948,平ら,たいら,타이라,평평한,N2,"flat, level, smooth"
19938,整頓,せいとん,세이톤,정돈,N1,"orderliness, tidying up"
66426,洞穴,ほらあな,호라아나,동굴,N1,Cave; grotto
5922,快癒,かいゆ,카이유,쾌유,N1,Recovery (from illness)
66344,母堂,ぼどう,보도우,"모친,모당",N1,Mother (honorific)
70455,童,わらべ,와라베,아이,N1,Child; youngster
69538,陸稲,おかぼ,오카보,"밭 벼, 육도",N1,Upland rice
5452,音頭,おんど,온도,선창 (노래 등의 앞소리),N1,Leading a song; taking the lead
2392,稲刈り,いねかり,이네카리,벼베기,N1,Rice reaping; harvest
743,頭金,あたまきん,아타마킨,"계약금, 착수금",N1,Down payment; deposit
742,頭打ち,あたまうち,아타마우치,고점에서 정체,N1,Reaching the peak; hitting the ceiling
66017,旗頭,はたがしら,하타가시라,"기수,기두",N1,Leader; figurehead; spearhead
60495,唐本,とうほん,토우혼,중국 서적,N1,Chinese book
63721,離れ島,はなれじま,하나레지마,"외딴 섬, 낙도",N1,Isolated island
62806,寝癖,ねぐせ,네구세,"잠버릇,눌린머리",N1,Bedhead; hair messed up from sleep
55839,古城,こじょう,코죠우,고성,N1,Old castle
32771,藤,ふじ,후지,등나무,N1,wisteria
28157,難病,なんびょう,난뵤우,난(치)병,N1,"incurable disease, serious illness"
21958,体力,たいりょく,타이료쿠,체력,N3,physical strength
49641,唐織り,からおり,카라오리,"당직물,카라오리",N1,Chinese-style brocade
49662,唐草,からくさ,카라쿠사,당초 무늬,N1,arabesque design
52174,高踏,こうとう,코우토우,고답,N1,aloof; high-brow
27053,洞察,どうさつ,도우사츠,통찰,N1,"insight, discernment"
26083,唐突,とうとつ,토우토츠,"당돌함, 돌연함",N1,"abrupt, sudden"
49120,髪結い,かみゆい,카미유이,머리손질,N1,hairdresser (archaic)
26143,島民,とうみん,토우민,도민,N1,islanders
17485,神道,しんとう,신토우,신도 (일본의 종교),N1,Shinto (Japanese religion)
48154,円筒,えんとう,엔토우,원통,N1,cylinder
17981,実働,じつどう,지츠도우,실동,N1,"actual work, hours worked"
21982,倒す,たおす,타오스,쓰러뜨리다,N4,"to knock down, to defeat"
42431,統べる,すべる,스베루,통솔하다,N2,to rule; to govern; to command
21986,倒れる,たおれる,타오레루,쓰러지다,N4,"to fall down, to collapse"
25991,謄写,とうしゃ,토우샤,"베껴쓰다,등사",N1,"transcription, duplication"
40114,略称,りゃくしょう,랴쿠쇼우,약칭,N1,abbreviated name
22075,高まる,たかまる,타카마루,높아지다,N4,"to rise, to swell, to be promoted"
35098,暴騰,ぼうとう,보우토우,폭등,N1,sudden rise (in prices)
35407,舞子,まいこ,마이코,마이코,N1,Maiko (apprentice Geisha)
18952,水稲,すいとう,스이토우,"논벼,수도",N1,paddy rice
22087,高める,たかめる,타카메루,높이다,N4,"to raise, to lift, to improve"
27084,童心,どうしん,도우신,동심,N1,"child's mind, innocence"
27314,土日,どにち,도니치,토일,N1,Saturday and Sunday
26045,闘争,とうそう,토우소우,투쟁,N1,"struggle, strife, conflict"
22122,耕す,たがやす,타가야스,파서 일구다,N2,"to till, to plow, to cultivate"
22126,滝,たき,타키,폭포,N2,waterfall
21652,たい,たい,타이,싶은,N6,want to (suffix)
21665,隊,たい,타이,대,N4,"party, squad, corps"
21790,大将,たいしょう,타이쇼우,대장,N1,"general, admiral, leader, boss"
21316,そそる,そそる,소소루,돋우다,N2,"to excite, to incite, to stimulate"
47749,浮き,うき,우키,"찌, 부표",N1,float; buoy
309801,弱音,じゃくおん,자쿠온,"약음(작은 소리), 약한 소리",N1,Complaints / Whining
65840,別離,べつり,베츠리,이별,N1,Separation; parting
7441,変わり種,かわりだね,카와리다네,별난 종류,N1,Variation; eccentric; rarity
62708,抜かる,ぬかる,누카루,실수하다,N1,To make a mistake; to be muddy
64628,病癖,びょうへき,뵤우헤키,병벽,N1,Bad habit; morbid habit
7254,絡まる,からまる,카라마루,엉키다,N1,To be entwined; to be caught in
60200,胴衣,どうい,도우이,"상의, 조끼",N1,Vest; waistcoat; life jacket
4484,横柄,おうへい,오우헤이,거만함,N1,Arrogant; haughty; insolent
63625,陳腐,ちんぷ,친푸,진부,N1,Stale; cliché; trite
63590,花柄,はながら,하나가라,꽃무늬,N1,Flower pattern
60144,天罰,てんばつ,텐바츠,천벌,N1,Divine punishment
54927,音符,おんぷ,온푸,음표,N1,Musical note
2449,異変,いへん,이헨,이변,N1,Accident; disaster; unusual event
54793,並べ,ならべ,나라베,늘어놓기,N1,Row; line; ordinary
33035,富裕,ふゆう,후유우,부유,N1,wealth; riches
50362,気抜け,きぬけ,키누케,맥이 빠짐,N1,dejection; listlessness
3039,浮かれる,うかれる,우카레루,"들뜨다, 신나다",N1,To be festive; to be high-spirited
1682,行き着く,いきつく,이키츠쿠,도달하다,N1,To arrive at; to reach (the end)
630,足並み,あしなみ,아시나미,보조,N1,Pace; step; (keeping) in step
30061,派閥,はばつ,하바츠,파벌,N1,Clique / faction
31963,貧富,ひんぷ,힌푸,빈부,N2,wealth and poverty; rich and poor
41065,論破,ろんぱ,론빠,논파,N1,refutation; winning an argument
51970,潔癖,けっぺき,켓페키,결벽,N1,fastidiousness; love of cleanliness
42861,侮る,あなどる,아나도루,얕보다,N1,to despise; to disdain; to make light of
31784,兵糧,ひょうろう,효우로우,병량,N1,provisions; victuals
32766,腐心,ふしん,후신,고심,N1,taxing one's ingenuity; taking pains
49381,完膚,かんぷ,칸푸,완부 (온전한 피부),N1,unblemished skin; (to defeat) completely
51476,天賦,てんぷ,텐푸,천부,N1,natural gift; innate talent
10204,口癖,くちぐせ,쿠치구세,입버릇,N1,Favorite phrase; mannerism of speech
14082,蔑む,さげすむ,사게스무,업신여기다,N1,To despise; to look down on
37185,謀反,むほん,무혼,모반,N1,rebellion; treason
36308,身柄,みがら,미가라,신병,N1,one's person; (custody)
9084,救命,きゅうめい,큐우메이,구명,N1,Lifesaving
23360,断片,だんぺん,단펜,단편,N1,"fragment, scrap"
36585,密閉,みっぺい,밋페이,밀폐,N1,shuttering; airtight
34164,蔑視,べっし,벳시,멸시,N1,contempt; derision; scorn
34096,返礼,へんれい,헨레이,답례,N1,return gift; return courtesy
28788,寝返り,ねがえり,네가에리,"배반, 뒤척임",N1,Turning over in bed / betrayal
33860,併合,へいごう,헤이고우,병합,N1,merger; annexation; union
28027,並び,ならび,나라비,줄지음,N1,"line, row, sequence"
21136,相当,そうとう,소우토우,상당,N1,"substantial, considerable, equivalent"
21350,率直,そっちょく,솟쵸쿠,솔직,N2,"frank, candid, straightforward"
20774,前回,ぜんかい,젠카이,"지난번,전회",N2,"previous time, last time"
21119,早朝,そうちょう,소우쵸우,조조(이른 아침),N3,early morning
11414,券売,けんばい,켄바이,"매표,권매",N1,Ticket sales
11043,軽侮,けいぶ,케이부,경멸,N1,Contempt; slight; disdain
159691,花畑,はなばたけ,하나바타케,꽃밭,N1,Flower garden
5887,海浜,かいひん,카이힌,해변,N1,Beach; seashore
118921,愛猫,あいびょう,아이뵤우,애묘,N1,Beloved cat
70137,霊峰,れいほう,레호,영봉(신령스러운 산),N1,Sacred mountain
70039,冷暗,れいあん,레이안,냉암,N1,Cool and dark
62694,縫い目,ぬいめ,누이메,바느질 땀,N1,Seam; stitch
33842,弊害,へいがい,헤이가이,폐해,N1,evil practice; harmful effect
3742,描き出す,えがきだす,에가키다스,그려내다,N1,To delineate; to describe; to depict
60470,痘苗,とうびょう,토우뵤우,우두,N1,Vaccine (specifically for smallpox)
32099,秒速,びょうそく,뵤우소쿠,초속,N1,speed per second
55729,種苗,しゅびょう,슈뵤우,종묘,N1,Seeds and seedlings
25467,点描,てんびょう,텐뵤우,점포,N1,"pointillism, sketch"
31957,頻度,ひんど,힌도,빈도,N1,frequency
64569,病根,きょうこん,쿄우콘,병근,N1,Root of an evil; cause of disease
2851,隠蔽,いんぺい,인페이,은폐,N1,Concealment; suppression; cover-up
33044,付与,ふよ,후요,부여,N1,grant; bestowal; assignment
64853,瓶詰め,びんずめ,빈즈메,병에 담음,N1,Bottled; bottling
62984,農夫,のうふ,노우후,농부,N1,Farmer; peasant
55913,新茶,しんちゃ,신챠,새 차,N1,New tea (first of the season)
51013,旧弊,きゅうへい,큐우헤이,구폐,N1,old evil; old-fashioned
52108,剣が峰,けんがみね,켄가미네,"검가봉, 절체절명의 위기",N1,critical moment; brink
49048,過褒,かほう,카호우,과찬,N1,excessive praise
20636,煎餅,せんべい,센베이,"센베, 전병",N1,rice cracker
44833,幣,へい,헤이,제물,N4,Shinto offering; paper streamers
40822,連峰,れんぽう,렌포우,연봉,N1,mountain range
8794,機敏,きびん,키빈,기민함,N1,Quick; agile; prompt
21579,増税,ぞうぜい,조우제이,증세,N1,tax increase
46553,飽き,あき,아키,싫증,N1,weariness; boredom; satiety
46473,飽かす,あかす,아카스,아낌없이 쓰다,N1,to satiate; to use lavishly
43267,疾病,しっぺい,싯페이,질병,N1,disease; illness
40339,旅程,りょてい,료테이,여정,N1,itinerary
40180,流木,りゅうぼく,류우보쿠,유목,N1,driftwood
26804,取り違え,とりちがえ,토리치가에,"오해, 잘못 앎",N1,"misunderstanding, mistake"
37041,報い,ムクイ,名詞,体,N1,reward; retribution; result
20710,税率,ぜいりつ,제이리츠,세율,N1,tax rate
22036,高台,たかだい,타카다이,"고지대, 언덕",N1,"elevation, high ground"
21439,抑,そもそも,소모소모,애초,N4,"in the first place, anyway"
34432,砲撃,ほうげき,호우게키,포격,N1,bombardment; shelling
34423,蜂起,ほうき,호우키,봉기,N1,uprising; insurrection
34595,飽和,ほうわ,호우와,포화,N1,saturation
34470,飽食,ほうしょく,호우쇼쿠,포식,N1,satiation; glutting
12602,焦げ,こげ,코게,"눌음,탄 것",N1,Burning; charring
34467,褒章,ほうしょう,호우쇼우,포장,N1,medal; decoration
34491,縫製,ほうせい,호우세이,봉제,N1,sewing; garment making
21361,卒論,そつろん,소츠론,"졸업 논문,졸론",N1,graduation thesis
19970,清貧,せいひん,세이힌,청빈,N1,honorable poverty
18517,情景,じょうけい,죠우케이,정경,N1,"scene, sight, spectacle"
16433,主賓,しゅひん,슈힌,주빈,N1,guest of honor
9076,給付,きゅうふ,큐우후,급부,N1,Payment; benefit; grant
32813,扶助,ふじょ,후죠,"부조, 도움",N1,aid; help; assistance
137386,米俵,こめだわら,코메다와라,쌀가마니,N1,Rice bale
62750,布目,ぬのめ,누노메,"직물의 올, 천의 짜임새",N1,Texture of cloth
65206,幅員,ふくいん,후쿠인,폭,N1,Width; breadth
61138,全幅,ぜんぷく,젠푸쿠,"전체 폭,전폭",N1,Full width; maximum; utter (confidence)
65076,匹夫,ひっぷ,힛푸,필부,N1,Ordinary man; person of low rank
65087,筆力,ひつりょく,히츠료쿠,필력,N1,Power of the pen; writing ability
55734,首府,しゅふ,슈후,수도,N1,Capital city
58439,微風,そよかぜ,소요카제,산들바람,N1,Gentle breeze
57458,全書,ぜんしょ,젠쇼,전서 (책),N1,Complete book; compendium
48365,負い目,おいめ,오이메,"부채, 마음의 짐",N1,debt; feeling of obligation; burden
38047,門前,もんぜん,몬젠,문전,N1,in front of the gate
36584,密封,みっぷう,밋푸우,밀봉,N1,sealing up (airtight)
35740,跨ぐ,またぐ,마타구,걸치고 서다,N1,to stride across; to step over
35391,舞い上がる,まいあがる,마이아가루,춤추며 날아오르다,N2,to soar; to fly up; to be ecstatic
32391,扶育,ふいく,후이쿠,길러 키움,N1,nurturing; bringing up
33635,文武,ぶんぶ,분부,문무,N1,literary and military arts
33420,舞踏,ぶとう,부토우,무도,N1,dancing; dance
32415,封書,ふうしょ,후우쇼,봉한 편지,N1,sealed letter
32652,伏선,ふくせん,후쿠센,복선,N1,foreshadowing (Fukusen)
32824,伏す,ふす,후스,엎드리다,N1,to lie face down; to bow low
31674,火元,ひもと,히모토,발화 지점,N1,origin of a fire
31741,氷山,ひょうざん,효우잔,빙산,N1,iceberg
29710,走り抜ける,はしりぬける,하시리누케루,달려 나가다,N1,To run through
20634,潜伏,せんぷく,센푸쿠,잠복,N1,"concealment, latency, hiding"
28726,布地,ぬのじ,누노지,천,N1,"cloth, fabric"
27573,ナカ,なか(ちゅう),나카(츄우),가운데(중),N1,"inside, middle (katakana)"
25043,定評,ていひょう,테이효우,정평,N1,established reputation
21129,総出,そうで,소우데,총출동,N1,"all going out, general turnout"
21266,そぐう,そぐう,소구우,걸맞다,N1,"to suit, to match, to be appropriate"
2181,一行,いっこう,잇코우,"한 줄 ,일행",N1,A line (of text); a party/group (traveling)
20645,先方,せんぽう,센포우,상대방,N2,"the other party, the other side"
3287,うつ伏せ,うつぶせ,우츠부세,엎드림,N1,Lying face down
21228,即座,そくざ,소쿠자,"즉석, 즉시",N1,"immediate, on the spot"
21423,素封,そほう,소호우,"소봉, 부자",N1,wealthy person
20897,前夜,ぜんや,젠야,전야,N2,"previous night, eve"
17535,振幅,しんぷく,신푸쿠,진폭,N1,amplitude (of a wave)
19979,正副,せいふく,세이후쿠,정·부,N1,"chief and deputy, original and copy"
15843,指紋,しもん,시몬,지문,N1,Fingerprint
21541,憎悪,ぞうお,조우오,증오,N1,"hatred, abhorrence"
20757,前,ぜん,젠,전,N4,"before, previous, front"
19012,数百,すうひゃく,스우햐쿠,수백,N1,hundreds
11172,結氷,けっぴょう,켓표우,결빙,N1,Freezing; icing
14805,財宝,ざいほう,자이호우,재보,N2,Treasure
6377,風上,かざかみ,카자카미,바람이 불어오는 쪽,N1,Windward; upwind
5812,海賊,かいぞく,카이조쿠,해적,N1,Pirate
98919,空き瓶,あきびん,아키빈,빈 병,N1,Empty bottle
5744,改宗,かいしゅう,카이슈우,개종,N1,Conversion (religion)
69308,舟運,しゅううん,슈우운,"수운,주운",N1,Water transport
69601,舟艇,しゅうてい,슈테,주정(작은 배),N1,Boats and ships
33178,古本,ふるほん,후루혼,오래된 책,N1,secondhand book
4444,王子,おうじ,오우지,왕자,N1,Prince
69439,舟航,しゅうこう,슈코,주항(배가 다님),N1,Navigation
70337,渡し舟,わたしぶね,와타시부네,나룻배,N1,Ferry boat
61241,宗家,そうけ,소우케,종가,N1,Head of a family/school
61287,宗匠,そうしょう,소우쇼우,종장,N1,Master (of arts like tea or haiku)
61464,俗臭,ぞくしゅう,조쿠슈우,속된 냄새,N1,Vulgarity; worldliness
3451,裏手,うらて,우라테,뒤편,N1,Back of a house; rear
60509,罷業,ひぎょう,히교우,파업,N1,Strike; walkout
55463,儒者,じゅしゃ,쥬샤,유생,N1,Confucian scholar
54930,修養,しゅうよう,슈우요우,수양,N1,Self-culture; mental training
16287,主権,しゅけん,슈켄,주권,N2,"sovereignty, supremacy"
55333,主君,しゅくん,슈쿤,주군,N2,Lord; master
56629,殉難,じゅんなん,쥰난,순난,N1,Martyrdom
16056,秀逸,しゅういつ,슈우이츠,수일 (매우 뛰어남),N1,Excellent; superb; outstanding
16082,秋季,しゅうき,슈우키,추계,N1,Autumn; fall season
57048,湿潤,しつじゅん,시츠쥰,습윤,N1,Wet; damp; humid
18992,水路,すいろ,스이로,수로,N1,"waterway, canal"
53258,臭み,くさみ,쿠사미,"구린내, 비린내",N1,bad smell; odor
43531,中洲,なかす,나카스,"모래톱, 삼각주",N1,sandbank (in a river); islet
31119,秀でる,ひいでる,히이데루,뛰어나다,N1,to excel; to surpass
47004,後ろ盾,うしろだて,우시로다테,"뒷배, 후원자",N1,backing; support; patron
16296,主催,しゅさい,슈사이,주최,N2,"sponsorship, hosting"
16303,趣旨,しゅし,슈시,취지,N2,"object, meaning, intent"
16319,種々,しゅじゅ,슈쥬,각종,N2,"various, all kinds of"
9040,急増,きゅうぞう,큐우조우,급증,N1,Rapid increase; surge
26483,突進,とっしん,톳신,돌진,N1,"rush, charge"
38411,野望,やぼう,야보우,야망,N1,ambition; aspiration
38053,門扉,もんとびら,몬토비라,"대문, 문비",N1,gate leaf; door of a gate
32810,不純,ふしゅん,후슌,불순,N1,impure; dishonest
31877,拾い物,ひろいもの,히로이모노,"주운 물건, 횡재",N1,find; windfall; bargain
32541,不可避,ふかひ,후카히,불가피,N1,inevitable; unavoidable
30830,晩秋,ばんしゅう,반슈우,늦가을,N1,late autumn
26330,特番,とくばん,토쿠반,특집 방송,N1,special program (TV/radio)
26117,逃避,とうひ,토우히,도피,N1,"escape, evasion"
21988,多寡,たか,타카,"다과, 많고 적음",N1,"amount, quantity (large or small)"
21710,耐久,たいきゅう,타이큐우,내구,N3,"endurance, durability"
21006,双肩,そうけん,소우켄,"쌍견, 양 어깨",N1,"both shoulders, bearing responsibility"
21222,即応,そくおう,소쿠오우,"즉시 대응,즉응",N1,"swift response, adaptation"
21251,即答,そくとう,소쿠토우,즉답,N1,immediate answer
20577,剪定,せんてい,센테이,전정,N1,pruning
16315,主食,しゅしょく,슈쇼쿠,주식,N2,staple food
16194,宗派,しゅうは,슈우하,종파,N1,"sect, denomination"
30699,抜擢,ばってき,밧테키,발탁,N1,selection; promotion (of a person)
6517,掠れる,かすれる,카스레루,"(목소리가) 쉬다, (글씨가) 비치다",N1,To be grazed; to be blurred; to get hoarse
138964,インフル,インフル,인후루,인플루엔자,N1,Influenza (flu)
65904,梯子乗り,はしごのり,하시고노리,사다리타기,N1,Ladder-top acrobatics
69813,論旨,ろんし,론시,논지,N1,Point of an argument
61709,出初め,でぞめ,데조메,"갓 나옴,시작",N1,First appearance; debut
3508,潤す,うるおす,우루오스,축이다,N2,To moisten; to enrich; to profit
37516,免疫,めんえき,멘에키,면역,N1,immunity
63258,映え,ばえ,바에,"빛남,잘나옴",N1,Visual appeal; glow; shining
2922,初々しい,ういういしい,우이우이시이,"풋풋하다, 천진난만하다",N1,Innocent; naive; fresh
780,圧搾,あっさく,앗사쿠,압착,N1,Pressing; squeezing; compression
61754,縮れ毛,ちぢれげ,치디레게,곱슬머리,N1,Curly hair
31740,表札,ひょうさつ,효우사츠,문패,N1,nameplate; doorplate
57733,静粛,せいしゅく,세이슈쿠,정숙,N1,Silence; quiet
56501,私塾,しじゅく,시쥬쿠,사숙,N1,Private school
59823,出窓,でまど,데마도,튀어나온 창,N1,Bay window
50169,遅咲き,おそざき,오소자키,늦게 핌,N1,late bloomer
54164,札入れ,さついれ,사츠이레,지폐지갑,N1,wallet; billfold
45887,遵法,じゅんぽう,쥰포우,준법,N1,law-abiding
38842,油性,ゆせい,유세이,유성,N1,oil-based; oily
15255,思索,しさく,시사쿠,사색,N1,Speculation; meditation; thinking
47700,初陣,ういじん,우이진,첫 출진,N1,one's first battle
12246,工程,こうてい,코우테이,공정,N1,Process; stage; itinerary
48093,書き初め,かきぞめ,카키ぞ메,새해 첫 글씨 쓰기,N1,first calligraphy of the year
44419,禅寺,ぜんでら,젠데라,선사 (선종 사찰),N1,Zen temple
12046,交錯,こうさく,코우사쿠,교착,N1,Mixture; blending; complication
10980,計上,けいじょう,케이죠우,계상,N1,Appropriation; booking; adding up
28533,入札,にゅうさつ,뉴우사츠,입찰,N1,"bid, bidding, tender"
40431,倫理,りんり,린리,윤리,N1,ethics; morals
8729,起動,きどう,키도우,기동 (시작함),N1,Startup; booting up; activation
39160,容量,ようりょう,요우료우,용량,N1,capacity; volume
36260,見え隠れ,みえかくれ,미에카쿠레,보이다 안 보이다 함,N1,appearing and disappearing
22814,炭酸,たんさん,탄산,탄산,N1,"carbonic acid, carbonation"
14059,策略,さくりゃく,사쿠랴쿠,책략,N1,Stratagem; tactic; scheme
16998,処女,しょじょ,쇼죠,처녀,N1,"virgin, maiden"
19350,酢の物,すのもの,스노모노,초절임,N1,vinegared dish (salad)
29727,初め,はじめ,하지메,처음,N1,Beginning / start
29164,伸び縮み,のびちじみ,노비치지미,늘었다 줄었다 하다,N1,Elasticity / stretching and shrinking
22117,互い違い,たがいちがい,타가이치가이,"어긋남, 교차함",N1,"alternating, staggered"
21718,対局,たいきょく,타이쿄쿠,대국,N1,game (of go/shogi)
18409,順守,じゅんしゅ,쥰슈,준수,N1,"compliance, observance"
18171,重機,じゅいき,쥬이키,"중장비,중기",N1,heavy machinery
17295,シンク,シンク,싱쿠,"싱크, 생각하다",N4,sink (kitchen)
16272,粛清,しゅくせい,슈쿠세이,숙청,N1,"purge, cleanup"
14006,搾取,さくしゅ,사쿠슈,착취,N1,Exploitation
14228,錯覚,さっかく,삿카쿠,착각,N1,Illusion; hallucination
8027,額装,がくそう,가쿠소우,액자에 넣음,N1,Framing (a picture)
23349,段取り,だんどり,단도리,절차,N1,"arrangements, program, plans"
243131,一巡,いちじゅん,이치쥰,일순,N1,One round / One cycle
4033,絵巻,えまき,에마키,족자,N1,Picture scroll
5460,女心,おんなごころ,온나고코로,여자 마음,N1,Woman's heart; woman's feelings
29871,発声,はっせい,핫세이,발성,N1,Utterance / vocalization
264331,秋服,あきふく,아키후쿠,가을 옷,N1,Autumn clothes
28611,如実,にょじつ,뇨지츠,여실함,N1,"reality, as it is, vivid"
406,商い,あきない,아키나이,장사,N1,Business; trade; sales
89645,撮り直す,とりなおす,토리나오스,다시 찍다,N1,To retake (a photo/video)
89245,巡り歩く,めぐりあるく,메구리아루쿠,돌아다니다,N1,To walk around; to wander
63580,鼻緒,はなお,하나오,(게다 등의) 끈,N1,Clog thong (for geta/zori)
62641,女人,にょにん,뇨닌,여인,N1,Woman (formal/religious)
44898,諸般,しょはん,쇼한,"제반, 여러 가지",N1,various; all sorts of
61103,善男,ぜんなん,젠난,선남,N1,Pious man; good man
28612,如来,にょらい,뇨라이,여래,N1,Tathagata (Buddha)
62627,如意,にょい,뇨이,여의,N1,Buddhist staff; as one wishes
55631,術策,じゅっさく,쥿사쿠,술책,N1,Artifice; stratagem
37152,むっと,むっと,뭇토,"욱함, 무뚝뚝함",N1,offended; sullen; (also) stuffy
56567,俊才,しゅんさい,슌사이,"천재, 뛰어난 재능",N1,Genius; brilliant person
56477,旬刊,じゅんかん,쥰칸,순간,N1,Published every ten days
55750,書画,しょが,쇼가,서화,N1,Paintings and calligraphic works
55771,暑気,しょき,쇼키,더위,N1,The heat (of summer)
38587,由緒,ゆいしょ,유이쇼,유서,N1,history; lineage; tradition
37367,女神,めがみ,메가미,여신,N1,goddess
20942,層,そう,소우,층,N2,"layer, stratum, class"
21344,測候,そっこう,솟코우,측후,N1,weather observation
54696,残暑,ざんしょ,잔쇼,늦더위,N1,Late summer heat
24270,陳述,ちんじゅつ,친쥬츠,진술,N1,"statement, declaration"
40017,立春,りっしゅん,릿슌,입춘,N1,first day of spring
39911,力士,りきし,리키시,스모 선수,N1,sumo wrestler
39455,読み,よみ,요미,"읽기, 해석",N2,reading; interpretation
25770,伝承,でんしょう,덴쇼우,전승,N2,"tradition, transmission, folklore"
24179,著述,ちょじゅつ,쵸쥬츠,저술,N1,"writing, literary work"
40405,臨場,りんじょう,린죠우,"현장,임장",N2,presence at the scene
38178,躍如,やくじょ,야쿠죠,뚜렷,N1,vivid; lifelike
37476,女々しい,めめしい,메메시이,계집애 같다,N1,effeminate; unmanly
16506,俊敏,しゅんびん,슌빈,준민함,N1,"sharp, agile, smart"
34923,本数,ほんすう,혼스우,"갯수, 횟수",N1,number of (long objects)
24985,提唱,ていしょう,테이쇼우,제창,N1,"advocacy, proposal"
21747,大綱,たいこう,타이코우,"대강, 개요",N1,"outline, general principles"
22171,宅地,たくち,타쿠치,택지,N1,"building lot, residential land"
11338,検出,けんしゅつ,켄슈츠,검출,N1,Detection
16490,俊秀,しゅんしゅう,슌슈우,준수함,N1,"brilliant person, genius"
16482,春季,しゅんき,슌키,춘계,N1,springtime
13008,小道,こみち,코미치,오솔길,N1,Path; lane; alley
8177,瓦礫,がれき,가레키,잔해,N1,Rubble; debris; ruins
198621,松竹,しょうちく,쇼우치쿠,송죽,N1,Shochiku (Pine and Bamboo) / Ranking tiers
6721,課長,かちょう,카쵸우,과장,N1,Section chief
5070,男勝り,おとこまさり,오토코마사리,남자 못지않은,N1,Strong-minded woman; masculine woman
83926,アサギリ,あさぎり,아사기리,아침안개,N2,Morning mist
2423,遺品,いひん,이힌,유품,N1,Mementos; remains (of the deceased)
3584,運針,うんしん,운신,바느질질,N1,Stitching; needlework
174081,立ち消える,たちきえる,타치키에루,사그러들다,N1,To die out; to fade away
105020,真南,まみなみ,마미나미,정남,N1,Due south
67369,名勝,めいしょう,메쇼,명승지,N1,Scenic spot
67305,深山,ふかやま,후카야마,깊은 산,N1,Deep mountains
702,焦り,あせり,아세리,초조해함,N1,Impatience; hurry; panic
60392,釣り糸,つりいと,츠리이토,낚시줄,N2,Fishing line
57737,掌中,しょうちゅう,쇼우츄우,손아귀 안,N1,In the palm of one's hand; under control
57476,職掌,しょくしょう,쇼쿠쇼우,"직장, 맡은 직무",N1,Duties; office
56955,炭焼き,すみやき,스미야키,숯 굽기,N1,Charcoal making; charcoal grilling
56618,進み,すすみ,스스미,진행,N1,Progress; advance
58160,森閑,しんがん,신간,"적막,삼한",N1,Silent; deserted
53239,水晶,すいしょう,스이쇼우,수정,N1,crystal; quartz
50975,黒焦げ,くろこげ,쿠로코게,검게 탐,N1,burnt to a cinder
32913,ふっ,ふっ,훗,훗 (가볍게 웃는 소리),N2,(sound of a sudden breath/snort)
9843,逆算,ぎゃくさん,갸쿠산,역산,N1,Counting backward
12808,こつ,こつ,코츠,요령,N2,Knack; trick; skill
12487,焦がれる,こがれる,코가레루,연모하다,N1,To yearn for; to pine for
38696,誘致,ゆうち,유우치,유치,N1,"attraction; luring (e.g., Olympics)"
23318,談笑,だんしょう,단쇼우,담소,N1,"chatting, pleasant talk"
18196,重症,じゅうしょう,쥬우쇼우,중증,N1,serious illness/condition
38795,雪吊り,ゆきずり,유키즈리,눈에 대비해 묶기,N1,Yukitsuri (ropes to support tree branches in snow)
32522,深入り,ふかいり,후카이리,깊이 들어감,N1,going too deep (into a matter)
31024,ぱり,ぱりっ,파릿,"빳빳하게, 파삭",N1,Paris; (also) crisp/crunchy
16881,焦慮,しょうりょ,쇼우료,"초조함,초려",N1,"impatience, anxiety"
25470,添付,てんぷ,텐푸,첨부부,N1,"attachment (email, document)"
31362,費消,ひしょう,히쇼우,탕진,N1,consumption; spending
29575,白砂,はくしゃ,하쿠샤,흰 모래,N1,White sand
29862,発祥,はっしょう,핫쇼우,"발상, 발상",N1,Origin / cradle
28733,沼地,ぬまち,누마치,늪지,N1,"marshland, swampland"
30111,嵌まる,はまる,하마루,쏙 들어가다,N2,To fit / to fall into / to be addicted to
21677,退役,たいえき,타이에키,퇴역,N1,retirement (from military service)
21123,想定,そうてい,소우테이,"예상,상정",N2,"hypothesis, assumption"
17484,浸透,しんとう,신토우,삼투,N1,"permeation, penetration, osmosis"
16708,焦心,しょうしん,쇼우신,"애를 태움, 노심초사",N1,"impatience, anxiety"
5766,解除,かいじょ,카이죠,해제,N2,Cancellation; release; lifting (a ban)
5684,開業,かいぎょう,카이교우,개업,N1,Opening a business
292465,寝入る,ねいる,네이루,잠들다,N2,To fall asleep
32814,不浄,ふじょう,후죠우,"부정, 깨끗하지 못함",N1,impurity; filth
32094,病床,びょうしょう,뵤우쇼우,병상,N1,sickbed
193017,城内,じょうない,죠우나이,성내,N1,Inside the castle
183941,完食,かんしょく,칸쇼쿠,완식,N1,Eating everything / Finishing a meal
65618,不肖,ふしょう,후쇼우,불초,N1,Unworthy; (I) the undersigned
71654,絆す,ほだす,호다스,붙들어 매다,N1,To bond; to tether; to entangle
93185,結び目,むすびめ,무스비메,매듭,N1,Knot
100762,席数,せきすう,세키스,좌석 수,N1,Number of seats
41613,剰余,じょうよ,죠우요,잉여,N1,surplus; balance; remainder
67310,蒸れる,むれる,무레루,"뜸 들다,눅눅하다",N1,To be stuffy; to get sweaty
70093,令嬢,れいじょう,레이죠우,영애,N1,Young lady; daughter (honorific)
68110,枡目,ますめ,마스메,네모칸,N1,Measure; scale
4769,小川,おがわ,오가와,작은 시내,N1,Stream; brook; creek
58240,森厳,しんげん,신겐,삼엄,N1,Solemn; majestic
5427,温床,おんしょう,온쇼우,온상,N1,Hotbed; breeding ground (for bad things)
59927,慎み,つつしみ,츠츠시미,조심성,N1,Modesty; self-restraint
57136,畳語,じょうご,죠우고,첩어,N1,Reduplication; repetitive word
1876,意匠,いしょう,이쇼우,"의장, 디자인",N1,Design; device; idea
12127,小路,こうじ,코우지,"골목길, 소로",N1,Alley; lane; path
17350,寝室,しんしつ,신시츠,침실,N1,bedroom
51108,君臣,くんしん,쿤신,군신,N1,ruler and subject
49759,辛み,からみ,카라미,매운맛,N1,pungency; hotness (taste)
46437,青畳,あおだたみ,아오다타미,새 다다미,N1,freshly woven tatami mat
58508,畳表,たたみおもて,타타미오모테,다다미 겉,N1,Tatami matting surface
56557,自縄,じじょう,지죠우,자승,N1,Being caught in one's own trap
39677,落城,らくじょう,라쿠죠우,낙성,N1,fall of a castle
21560,増刷,ぞうさつ,조우사츠,증쇄,N1,"additional printing, second press"
24688,常々,つねづね,츠네즈네,"늘, 평소",N1,"always, constantly"
12613,ココナッツ,ココナッツ,코코낫츠,코코넛,N1,Coconut
39181,翌,よく,요쿠,익,N4,the following; next
39349,余剰,よじょう,요죠우,잉여,N1,surplus; residue
38557,和らぐ,やわらぐ,야와라구,누그러지다,N3,to soften; to calm down; to ease
34418,方眼,ほうがん,호우간,방안(모눈),N1,graph; grid (as in graph paper)
37700,潜り込む,もぐりこむ,모구리코무,잠입하다,N2,to slip into; to crawl under
8848,決め付ける,きめつける,키메츠케루,단정짓다,N1,To jump to a conclusion; to categorize
38769,床下,ゆかした,유카시타,마루 밑,N1,under the floor
28878,寝床,ねどこ,네도코,잠자리,N1,Bed / place to sleep
28745,温い,ぬるい,누루이,미지근하다,N1,"lukewarm, tepid"
18620,常備,じょうび,죠우비,상비,N1,"standing, permanent, kept on hand"
26369,常夏,とこなつ,토코나츠,상하,N1,everlasting summer
26007,等身,とうしん,토우신,등신,N1,life-size
22825,単身,たんしん,탄신,단신,N1,"alone, by oneself"
21077,奏する,そうする,소우스루,"아뢰다,이루다",N1,"to play (instrument), to achieve (result)"
306481,蒸らし,むらし,무라시,뜸,N1,Steaming / Resting (cooking)
52812,神々しい,こうごうしい,코우고우시이,신성하다,N2,divine; sublime
86702,不可侵,ふかしん,후카신,불가침,N1,Inviolable; sacred
33201,振れる,ふれる,후레루,"흔들리다, 휘다",N1,to swing; to shake; to deviate
92269,失い掛ける,うしなうかける,우시나우카케루,잃을 뻔하다,N1,To be on the verge of losing
67490,飯炊き,めしたき,메시타키,밥 짓기,N1,Cooking rice; a cook
26024,統帥,とうすい,토우스이,통수,N1,high command
7658,完遂,かんすい,칸스이,완수,N1,Completion; accomplishment
8411,気配り,きくばり,키쿠바리,배려,N1,Care; attentiveness; consideration
33648,文民,ぶんみん,분민,문민,N1,civilian
32640,服飾,ふくしょく,후쿠쇼쿠,복식,N1,clothing and ornaments; attire
5095,衰え,おとろえ,오토로에,"쇠약, 쇠퇴",N1,Decline; decay; weakening
66152,白金,はっきん,핫킨,백금,N1,Platinum; white gold
67898,門限,もんげん,몬겐,통금,N1,Curfew
2223,一線,いっせん,잇센,일선,N1,A line; the frontline; a boundary
58384,津々,しんしん,신신,넘치는 모양,N1,Overflowing; trickling
58403,神通,じんずい,진즈이,신통,N1,Magical power; divine power
2366,稲穂,いなほ,이나호,벼이삭,N1,Ear of rice
55223,祝詞,ぬりと,누리토,축문,N1,Shinto prayer (Norito); congratulations
56091,粋人,すいじん,스이진,멋쟁이,N1,Man of refined taste
57836,精粋,せいすい,세이스이,"정수, 정화",N1,Essence; purity
29512,羽織,はおり,하오리,겉옷,N1,Haori (Japanese formal coat)
56063,酔漢,すいかん,스이칸,취한,N1,Drunkard
1878,委嘱,いしょく,이쇼쿠,위촉,N1,Entrusting; commission
29742,辱しめる,はずかしめる,하즈카시메루,"모욕하다, 창피를 주다",N1,To humiliate / to insult
41895,元帥,げんすい,겐스이,원수,N1,Field Marshal; General of the Army
47502,祝い酒,いわいざき,이와이자키,축하주,N1,celebratory drink
12115,口唇,こうしん,코우신,"입술,구순",N1,Lips
14451,さらり,さらり,사라리,"매끈,말끔",N1,Smoothly; lightly; without hesitation
17404,心酔,しんすい,신스이,심취,N1,"fascination, adoration, devotion"
14375,様変わり,さまがわり,사마가와리,"변모, 양상이 바뀜",N1,Transformation; complete change
36395,未遂,みすい,미스이,미수,N1,attempted (crime)
36771,미노루,みのる,미노루,미노루 (이름),N1,Minoru (given name)
17875,自炊,じすい,지스이,자취,N1,cooking for oneself
26198,遠退く,とうのく,토우노쿠,멀어지다,N1,"to recede, to withdraw"
37405,目尻,めじり,메지리,눈꼬리,N1,outer corner of the eye
9699,近年,きんねん,킨넨,근래,N1,Recent years
29732,初めまして,はじめまして,하지메마시테,처음 뵙겠습니다.,N1,Nice to meet you
23533,恥辱,ちじょく,치죠쿠,치욕,N1,"disgrace, humiliation, insult"
20817,全焼,ぜんしょう,젠쇼우,전소,N1,burned down completely
21303,祖述,そじゅつ,소쥬츠,소술 (조상의 설을 계승함),N1,expounding (someone's theory)
21310,租税,そぜい,소제이,조세,N1,"tax, taxation"
21306,素性,すじょう,스죠우,신상,N1,"birth, lineage, identity"
21209,疎外,そがい,소가이,소외,N1,"alienation, ostracism"
16366,出穂,しゅっすい,슛스이,출수,N1,"heading (of grain), earing"
16947,触媒,しょくばい,쇼쿠바이,촉매,N1,catalyst
52264,原色,げんしょく,겐쇼쿠,원색,N1,primary color
7626,感傷,かんしょう,칸쇼우,감상,N1,Sentimentality; sentiment
195470,巨象,きょぞう,쿄조우,거대한 코끼리,N1,Huge elephant
7391,革ジャン,かわジャン,카와쟌,가죽 점퍼,N1,Leather jacket
174384,明点,めいてん,메이텐,명점,N1,Bright spot
165412,風邪薬,かずぐすり,카즈구스리,감기약,N1,Cold medicine
6968,化膿,かのう,카노우,화농,N1,Suppuration; festering
139181,堂内,どうない,도우나이,당내,N1,Inside the temple/hall
33856,平行,へいこう,헤이코우,평행,N2,parallel (lines)
66574,未詳,みしょう,미쇼우,미상,N1,Unknown; unidentified
33383,物色,ぶっしょく,붓쇼쿠,물색,N1,looking for; hunting for
5821,買い出し,かいだし,카이다시,물건을 사러 나감,N1,Going out to buy supplies
63698,追伸,ついしん,츠이신,추신,N1,Postscript (P.S.)
63068,上す,のぼす,노보스,올리다,N1,To offer; to report to a superior
33162,古着,ふるぎ,후루기,헌 옷,N1,old clothes; secondhand clothing
32911,払拭,ふっしょく,훗쇼쿠,불식,N1,wiping out; sweeping away
57587,硝石,しょうせき,쇼우세키,초석,N1,Saltpeter; niter
54345,ざらつく,ざらつく,자라츠쿠,거칠거칠하다,N1,To feel rough; to be grainy
57339,詔書,しょうしょ,쇼우쇼,조서,N1,Imperial edict
2073,一撃,いちげき,이치게키,일격,N1,A single blow; a hit
58064,錠前,じょうまえ,죠우마에,자물쇠,N1,Lock
3554,上積み,うわずみ,우와즈미,추가로 쌓음,N1,Adding to; top load
528,憧れ,あこがれ,아코가레,동경,N2,Longing; yearning; admiration
18913,推奨,すいしょう,스이쇼우,권장,N1,"recommendation, endorsement"
15120,色調,しきちょう,시키쵸우,색조,N1,Tone of color; hue
26210,通り魔,とおりま,토오리마,무차별 범죄자 (토리마),N1,"random attacker, phantom slasher"
31498,日照り,ひでり,히데리,가뭄,N1,drought; dry weather
43343,詔勅,しょうちょく,쇼우쵸쿠,조칙,N1,imperial edict
18595,譲渡,じょうと,죠우토,양도,N2,"transfer, assignment, conveyance"
11439,検問,けんもん,켄몬,검문,N1,Inspection; check (police)
41894,詳報,しょうほう,쇼우호우,상세한 보도,N1,detailed report
10018,食い物,くいもの,쿠이모노,"먹이, 음식",N1,Food; prey; victim
38405,破れ,やぶれ,야부레,"깨짐,찢어짐",N1,tear; rip; hole
31102,碑,ひ,히,비석,N2,stone monument; tablet
28702,拭う,ぬぐう,누구우,씻어내다,N1,"to wipe, to mop up"
21547,象眼,ぞうがん,조우간,상감,N1,"inlay, damascene"
21586,贈呈,ぞうてい,조우테이,증정,N1,presentation (of a gift)
18562,醸成,じょうせい,죠우세이,"조성, 양성",N1,"brewing, fomenting, cultivating"
21587,贈答,ぞうとう,조우토우,증답,N1,exchange of gifts
21777,代謝,たいしゃ,타이샤,대사,N1,"metabolism, renewal"
20300,背伸び,せのび,세노비,까치발,N1,"stretching oneself, overreaching"
21238,促成,そくせい,소쿠세이,촉성,N1,"forcing (growth), accelerated cultivation"
16683,硝酸,しょうさん,쇼우산,질산,N1,nitric acid
16603,傷害,しょうがい,쇼우가이,상해,N1,"injury, wound, casualty"
16789,衝動,しょうどう,쇼우도우,충동,N1,"impulse, urge"
9704,緊迫,きんぱく,킨파쿠,긴박,N1,Tension; strain; urgency
1383,安置,あんち,안치,안치,N1,Enshrinement; installation (of a statue)
6494,下垂,かすい,카스이,처짐,N1,Drooping; ptosis
31726,表記,ひょうき,효우키,표기,N1,notation; writing; transcription
98477,度重なる,たびかさなる,타비카사나루,거듭되다,N2,Repeated; frequent
68259,免状,めんじょう,멘조,"면장(면허증, 자격증)",N1,Diploma; license; permit
68065,正夢,まさゆめ,마사유메,"맞는 꿈,정몽",N1,Dream that comes true
4973,御節,おせち,오세치,오세치 (명절 음식),N1,Osechi (traditional New Year's food)
4371,生い茂る,おいしげる,오이시게루,우거지다,N1,To grow in abundance; to be overgrown
15527,疾風,しっぷう,싯푸우,질풍,N1,Gale; strong wind
57928,冗費,じょうひ,죠우히,쓸데없는 비용,N1,Unnecessary expenses
57444,乗数,じょうすう,죠우스우,승수 (곱하는 수),N1,Multiplier (math)
59049,大乗,だいじょう,다이죠우,대승,N1,Mahayana (Buddhism)
59755,作り笑い,つくりわらい,츠쿠리와라이,억지 웃음,N1,Forced smile
57624,女婿,じょせい,죠세이,여성,N1,Son-in-law
57277,晴雨,せいう,세이우,맑음과 비옴,N1,Rain or shine
41353,割り切る,わりきる,와리키루,딱 잘라 결론짓다,N1,to divide evenly; to reach a clear conclusion
41505,甚大,じんだい,진다이,심대,N1,enormous; immense; serious
40317,両用,りょうよう,료우요우,양용,N1,dual use
37809,持て成し,もてなし,모테나시,환대,N1,hospitality; reception
37122,無尽,むじん,무진,무진,N1,exhaustless; (also) mutual loan association
27679,長生き,ながいき,나가이키,장수,N1,"long life, longevity"
36423,水色,みずいろ,미즈이로,"하늘색, 물색",N1,light blue; aqua
12716,鼓吹,こすい,코스이,선전,N1,Advocacy; inspiration; encouragement
30295,晴れやか,はれやか,하레야카,환하다,N1,sunny; cheerful; bright
36419,水浴び,みずあび,미즈아비,물을 끼얹음,N2,bathing (in cold water)
30200,晴らす,はらす,하라스,"풀다, 없애다",N1,to dispel; to clear away (suspicion/gloom)
10402,蔵,くら(ぞう),쿠라(조우),창고(장),N2,Warehouse; storehouse; cellar
27969,生水,なまみず,나마미즈,생수,N1,"unboiled water, raw water"
27966,生々しい,なまなましい,나마나마시이,생생하다,N1,"vivid, fresh, graphic"
26365,渡航,とこう,토코우,도항,N2,"voyage, travel abroad"
24964,締結,ていけつ,테이케츠,체결,N2,conclusion (of a treaty/contract)
24465,尽かす,ずかす,즈카스,"물리게 하다, 정떨어지게 하다",N1,"to exhaust, to run out of"
14273,扠置く,さておく,사테오쿠,그만두다,N1,To set aside; to leave as it is
11510,激甚,げきじん,게키진,격심함,N1,Intense; severe; violent
23605,チヒロ,チヒロ,치히로,치히로 (이름),N1,Chihiro (given name)
22309,尋ね人,たずねびと,타즈네비토,찾는 사람,N1,"person being sought, missing person"
22893,反物,たんもの,탄모노,"포목, 옷감",N1,"cloth, roll of silk"
8783,気晴らし,きばらし,키바라시,기분 전환,N1,Diversion; pastime; recreation
21335,側近,そっきん,솟킨,측근,N1,"close associate, aide"
21260,側壁,そくへき,소쿠헤키,측벽,N1,side wall
21616,属性,ぞくせい,조쿠세이,속성,N1,"attribute, property"
18591,冗長,じょうちょう,죠우쵸우,장황함,N1,"redundant, wordy, verbose"
13335,誤,ご,고,오,N4,Error; mistake
13769,最短,さいたん,사이탄,최단,N1,Shortest
4255,沿道,えんどう,엔도우,"길가, 연도",N2,Route; roadside
4221,遠征,えんせい,엔세이,원정,N1,Expedition; campaign; road trip (sports)
200744,きらり,きらり,키라리,반짝,N1,Twinkle / Flash
67257,見向く,みむく,미무쿠,돌아보다,N1,To look toward; to take notice of
65917,震う,ふるう,후루우,떨리다,N1,To shake; to tremble; to vibrate
63340,白刃,はくじん,하쿠진,서슬 퍼런 칼(시퍼런 칼날),N1,Naked blade
13706,西国,さいごく,사이고쿠,일본의 서부 지방,N1,Western countries; western Japan
56669,至誠,しせい,시세이,지성 (정성),N1,Sincerity; devotion
57674,誓詞,せいし,세이시,맹세하는 말,N1,Written pledge/oath
59641,誓い,ちかい,치카이,맹세,N1,Oath; vow
58496,薪炭,しんたん,신탄,땔감과 숯,N1,Wood and charcoal; fuel
33340,無精,ぶしょう,부쇼우,게으름,N1,laziness; indolence; untidiness
58345,仁術,じんじゅつ,진쥬츠,인술,N1,Benevolent art (esp. medicine)
51409,凶刃,きょうじん,쿄우진,"흉기,흉인",N1,assassin's dagger
51527,強大,きょうだい,쿄우다이,강대,N1,mighty; powerful
38026,諸刃,もろは,모로하,양날,N1,double-edged
37760,持ち込み,もちこみ,모치코미,반입,N1,carrying in; bringing your own
36805,見回る,みまわる,미마와루,"둘러보다, 순찰하다",N1,to patrol; to make rounds
30129,刃物,はもの,하모노,칼붙이,N1,Edged tool / cutlery
22134,薪,たきぎ,타키기,장작,N4,"firewood, fuel"
25444,点滴,てんてき,텐테키,점적(주사),N2,"intravenous drip, falling drop"
12861,言葉選び,ことばえらび,코토바에라비,단어 선택,N1,Wording; choice of words
25202,鉄製,てつせい,테츠세이,철제,N1,made of iron
20000,精米,せいまい,세이마이,"도정, 쌀을 쓺",N1,"polished rice, rice milling"
36282,見掛け,みかけ,미카케,겉보기,N1,outward appearance
37300,名声,めいせい,메이세이,명성,N1,fame; reputation
32765,普請,ふしん,후신,"토목 공사, 집짓기",N1,construction; building
17493,震動,しんどう,신도우,진동,N1,"shaking, tremor, quaking"
15361,静める,しずめる,시즈메루,조용히 시키다,N2,To quiet; to appease; to suppress
10996,計測,けいそく,케이소쿠,계측,N1,Measurement; instrumentation
18771,人員,じんいん,진인,인원,N2,"personnel, staff"
34622,北西,ほくせい,호쿠세이,북서,N1,northwest
28194,新妻,にいずま,니이즈마,새댁,N1,"new wife, bride"
33153,震え,ふるえ,후루에,떨림,N1,shivering; trembling; tremor
15403,下請け,したうけ,시타우케,하청,N1,Subcontract
21692,体感,たいかん,타이칸,체감,N1,"bodily sensation, experience"
17871,自刃,じじん,지진,자결,N1,suicide by sword/blade
16368,出征,しゅっせい,슛세이,출정,N1,"going to war, departure for the front"
32989,訃報,ふぼう,후보우,부고,N2,obituary; news of death
16829,性分,しょうぶん,쇼우분,성분,N1,"nature, disposition"
28201,仁王,におう,니오우,인왕,N1,Deva king (guardian of Buddhism)
27097,同姓,どうせい,도우세이,동성 (성씨가 같음),N1,same surname
27151,銅板,どうばん,도우반,동판,N1,copper plate/sheet
21613,続出,ぞくしゅつ,조쿠슈츠,속출,N1,appearing one after another
13130,声色,こわいろ,코와이로,목소리,N1,Tone of voice; mimicry
208199,差し色,さしいろ,사시이로,강조색,N1,Accent color
8366,聞き手,ききて,키키테,듣는사람,N1,Listener; audience
6555,家政,かせい,카세이,가정 관리,N1,Household management; home economics
6175,各省,かくしょう,카쿠쇼우,각 성 (부처),N1,Each ministry
5830,会長,かいちょう,카이쵸우,회장,N1,Chairman; president (of a society)
6286,駆け付ける,かけつける,카케츠케루,달려가다,N1,To rush to; to hasten to
1420,安否,あんぴ,안피,안부,N1,Safety; welfare; well-being
90795,結び直す,むすびなおす,무스비나오스,다시 묶다,N1,To retie; to bind again
175455,擤む,かむ,카무,코를 풀다,N1,To blow (one's nose)
137715,昼時,ひるどき,히루도키,점심 때,N1,Lunchtime
66365,骨接ぎ,ほねつぎ,호네츠기,접골,N1,Bone-setting
66548,弁舌,べんぜつ,벤제츠,변설,N1,Eloquence; speech
31515,一際,ひときわ,히토키와,유난히,N1,conspicuously; remarkably
67012,北斗,ほくと,호쿠토,북두,N1,The Big Dipper
59481,拙劣,せつれつ,세츠레츠,졸렬,N1,Clumsy; unskilful
57906,凄絶,せいぜつ,세이제츠,처절,N1,Extremely fierce; ghastly
38798,雪解け,ゆきどけ,유키도케,"해빙, 눈이 녹음",N1,thawing; melting of snow
52836,絵師,えし,에시,화가,N1,painter; artist
51107,群青,ぐんじょう,군죠우,군청,N1,ultramarine; navy blue
1714,逝く,いく,이쿠,"가다, 죽다",N1,To pass away; to die
50490,清まる,きよまる,키요마루,깨끗해지다,N1,to be purified
41202,湧き水,わきみず,와키미즈,샘물,N1,spring water
10616,黒星,くろぼし,쿠로보시,패배 (패점),N1,Black spot; failure; defeat
17381,深々,しんしん,신신,심심 (깊고 고요함),N1,"deeply, late at night, silently"
43888,脳髄,のうずい,노우즈이,뇌수,N1,brain; grey matter
21349,卒中,そっちゅう,솟츄우,"졸중, 중풍",N1,"stroke, apoplexy"
24608,拙い,つたない,츠타나이,"서투르다, 보잘것없다",N1,"clumsy, unskillful, poor"
40162,流星,りゅうせい,류우세이,"유성, 별똥별",N2,shooting star; meteor
21508,村長,そんちょう,손쵸우,촌장,N1,village headman
40778,連勝,れんしょう,렌쇼우,연승,N1,consecutive wins
40163,隆盛,りゅうせい,류우세이,융성,N1,prosperity
38688,遊説,ゆうぜい,유우제이,유설,N1,election campaign tour; stumping
36779,未払い,みはらい,미하라이,미지불,N1,unpaid; overdue
11910,校歌,こうか,코우카,교가,N1,School song
35035,暴飲,ぼういん,보우인,폭음,N1,excessive drinking
29569,白衣,はくい,하쿠이,백의,N1,White robe / lab coat
21809,胎児,たいじ,타이지,태아,N1,"fetus, embryo"
29978,花盛り,はなざかり,하나자카리,꽃이 한창임,N1,Flowers in full bloom
29846,白血,はっけつ,핫케츠,백혈,N1,White blood (cells)
12176,降雪,こうせつ,코우세츠,강설,N1,Snowfall
35075,暴食,ぼうしょく,보우쇼쿠,폭식,N1,gluttony; overeating
27482,内省,ないせい,나이세이,내성,N1,"reflection, introspection"
24044,長逝,ちょうせい,쵸우세이,"죽음, 서거",N1,"passing away, death"
24346,追随,ついずい,츠이즈이,따라가다,N1,following in the footsteps
19684,政,せい,세이,정치,N4,"government, politics"
31767,標的,ひょうてき,효우테키,표적,N1,target; mark
208424,仕入れ先,しいれさき,시이레사키,매입처,N1,Supplier
183948,赤組,あかぐみ,아카구미,홍팀,N2,Red team
98158,雪山,ゆきやま,유키야마,설산,N2,Snowy mountain
159859,繕い,ずくろい,즈쿠로이,손질,N1,Mending; repair
68672,油井,ゆせい,유세이,유정,N1,Oil well
62482,措辞,そじ,소지,조사(말이나 글을 꾸밈),N1,Diction; phrasing
41986,枢軸,すうじく,스우지쿠,"중추, 추축",N1,axis; pivot; hub
56177,枢要,すいよう,스이요우,핵심,N1,Cardinal; vital; pivotal
5796,改組,かいそ,카이소,조직 개편,N1,Reorganization
3311,疎い,うとい,우토이,"멀다, 둔하다",N1,Estranged; poorly informed; distant
58380,粗密,そみつ,소미츠,소밀,N1,Density; sparseness and denseness
53139,偶像,ぐうぞう,구우조우,우상,N1,idol; icon
559,浅瀬,あさせ,아사세,얕은 여울,N2,Shoal; shallow water
48901,数え年,かぞえどし,카조에도시,세는나이,N1,traditional Japanese age system (one year old at birth)
52292,険阻,けんそ,켄소,"험준,험조",N1,steep; rugged
51971,公租,こうそ,코우소,공조 (조세),N1,taxes
1107,粗い,あらい,아라이,"거칠다, 성기다",N1,Coarse; rough (texture)
50440,挙措,きょそ,쿄소,"행동거지,거조",N1,bearing; behavior; manner
19559,座り,すわり,스와리,"안정감, 앉음",N1,"sitting, stability"
49518,疎んずる,うとんずる,우톤즈루,멀리하다,N1,to neglect; to shun
10375,組長,くみちょう,쿠미쵸우,"조장, 두목",N1,Leader; boss; foreman
19100,スギナミ,すぎなみ,스기나미,스기나미,N1,Suginami (ward in Tokyo)
28960,年数,ねんすう,넨스우,연수,N1,Number of years
19205,裾野,すその,스소노,저변,N1,"foot of a mountain, base, range"
19003,崇高,すうこう,스우코우,숭고,N1,"sublime, noble, lofty"
41801,脊髄,せきずい,세키즈이,척추,N1,spinal cord
43574,脊柱,せきちゅう,세키츄우,"척추,척주",N1,spinal column; backbone
1344,暗号,あんごう,안고우,암호,N1,Code; cipher; password
19014,数量,すいりょう,스이료우,수량,N2,"quantity, volume"
37924,揉め事,もめごと,모메고토,"분쟁, 말썽",N1,quarrel; trouble; dispute
17409,真髄,しんずい,신즈이,진수,N1,"essence, pith, soul"
29420,配膳,はいぜん,하이젠,"배선, 식사 차림",N1,Serving a meal
36320,見極める,みきわめる,미키와메루,"끝까지 지켜보다, 간파하다",N1,to see through; to judge; to ascertain
33934,壁画,へきが,헤키가,벽화,N2,fresco; mural; wall painting
15363,市井,しせい,시세이,"시정, 저잣거리",N1,The streets; the town; (common) people
26149,当面,とうめん,토우멘,당면함,N1,"current, urgent, to face"
20749,是非,ぜひ,제히,"시비, 부디",N1,"right and wrong, pros and cons"
20745,是認,ぜにん,제닌,승인,N1,"approval, authorization"
21721,退勤,たいきん,타이킨,퇴근,N1,"leaving work, clocking out"
21268,狙撃,そげき,소게키,저격,N1,"shooting, sniping"
21210,阻害,そがい,소가이,저해,N1,"obstruction, inhibition, hindrance"
12544,国是,こくぜ,코쿠제,국시,N1,National policy
12546,告訴,こくそ,코쿠소,고소,N1,Accusation; complaint; charge
30786,ばれる,ばれる,바레루,발각되다,N2,to be exposed; to be found out
7094,噛み砕く,かみくだく,카미쿠다쿠,"씹어 부수다, 이해하기 쉽게 설명하다",N1,To crunch; to simplify; to explain clearly
28689,泥濘む,ぬかるむ,누카루무,질척거리다,N1,"to be muddy, to be slushy"
198058,どさ,どさっ,도삿,털썩,N1,Thud (sound of something heavy falling)
6725,各界,かっかい,캇카이,각계,N1,Each field; various circles
243223,一句,いっく,잇쿠,한 수,N1,One haiku / A phrase
5737,買い占め,かいしめ,카이시메,매점매석,N1,Monopoly; cornering the market
169799,屋敷跡,やしきあと,야시키아토,집터,N2,Site of a former mansion
87999,両案,りょうあん,료우안,양안,N1,Both plans/proposals
98418,油染み,あぶらじみ,아부라지미,기름 얼룩,N1,Oil stain
28137,難題,なんだい,난다이,난제,N1,"difficult problem, challenge"
61905,名折れ,なおれ,나오레,불명예,N1,Disgrace to one's name
61733,千々,ちじ,치지,"수없이 많음, 가지가지",N1,Thousands; pieces
58564,隻手,せきしゅ,세키슈,한쪽 손,N1,One hand
56842,下積み,したずみ,시타즈미,밑바닥 생활,N1,Working in a low position; bottom of the pile
54670,折り箱,おりばこ,오리바코,종이상자,N1,Folding box; cardboard box
18830,人力,じんりき,진리키,인력,N1,human power
5339,折り紙,おりがみ,오리가미,종이접기,N1,Origami; paper folding; (also: certified)
57391,千差,せんさ,센사,천차,N1,Great variety
13962,先立つ,さきだつ,사키다츠,앞서다,N1,To precede; to die before
57394,万別,ばんべつ,반베츠,만별,N1,Infinite variety (with 千差)
57382,仙骨,せんこつ,센코츠,"엉치뼈,천골",N1,Sacrum (bone)
26475,徳利,とっくり,톡쿠리,"술병, 돗쿠리",N1,sake bottle (ceramic)
20107,惜敗,せきはい,세키하이,패배,N1,"narrow defeat, regrettable loss"
47659,庵,いおり,이오리,암자,N1,hermitage; hut
16936,職責,しょくせき,쇼쿠세키,직책,N1,professional duties/responsibilities
38773,縁,ゆかり,유카리,인연,N1,connection; fate; edge
20667,川柳,せんりゅう,센류우,시조,N1,senryu (comic haiku)
37250,名,めい,메이,명,N2,famous; great (prefix)
15936,車窓,しゃそう,샤소우,차창,N1,Car window
27105,同窓,どうそう,도우소우,동창,N1,"alumni, same school"
9031,旧跡,きゅうせき,큐우세키,"고적, 유적",N1,Historic ruins/sites
26186,遠浅,とうあさ,토우아사,(바다가) 기슭에서 먼 곳까지 얕음,N1,"shoal, wide shallow beach"
24417,痛惜,つうせき,츠우세키,"통석, 매우 아쉬워함",N1,"deep regret, great sorrow"
3170,埋もれる,うずもれる,우즈모레루,파묻히다,N2,To be buried; to be obscure
23503,チグサ,ちぐさ,치구사,여러가지 풀,N1,Chigusa (name/variety of plants)
22513,例え話,たとえばなし,타토에바나시,비유담,N1,"fable, allegory, parable"
158,愛惜,あいせき,아이세키,"애석, 아껴서 소중히 함",N1,Cherishing; prizing
21347,率先,そっせん,솟센,솔선,N1,taking the initiative
9590,際立つ,きわだつ,키와다츠,두드러지다,N1,To stand out; to be prominent
20670,染料,せんりょう,센료우,염료,N1,"dye, dyestuff"
21868,泰斗,たいと,타이토,"태두, 권위자",N1,"authority, luminary"
20269,切断,せつだん,세츠단,절단,N1,"cutting, amputation, disconnection"
20275,切に,せつに,세츠니,간절히,N1,"eagerly, earnestly"
26042,東漸,とうぜん,토우젠,동쪽으로의 전파,N1,advancing eastward
25829,徒,と,토,도,N4,"vain, useless, empty"
68573,喪服,もふく,모후쿠,상복,N1,Mourning dress
69033,浴槽,よくそう,요쿠소우,욕조,N1,Bathtub
61188,僧院,そういん,소우인,승원,N1,Monastery; cloister
64561,尼僧,にそう,니소,여승,N1,Nun
37564,喪,も,모,상,N4,mourning
61190,層雲,そううん,소우운,층운,N1,Stratus clouds
59637,善悪,ぜんあく,젠아쿠,선악,N1,Good and evil
61187,総意,そうい,소우이,총의,N1,Consensus; collective will
62492,塑像,そぞう,소조,소조(점토상),N1,Clay figure/statue
23335,断層,だんそう,단소우,단층,N1,(geological) fault
62201,彫塑,ちょうそ,쵸우소,조소,N1,Sculpture; plastic arts
57407,漸次,ぜんじ,젠지,점차,N1,Gradually; by degrees
53803,無双,むそう,무소우,무쌍,N1,unparalleled; peerless
43547,禅宗,ぜんしゅう,젠슈우,선종,N1,Zen Buddhism
41462,可塑,かそ,카소,가소 (모양을 바꿈),N1,plasticity; plastic
39361,装い,よそおい,요소오이,"옷차림, 단장",N1,attire; dress; guise
20472,潜在,せんざ이,센자이,잠재,N1,"latency, potential"
5797,会葬,かいそう,카이소우,장례 참석,N1,Attendance at a funeral
13799,再燃,さいねん,사이넨,"재발, 다시 타오름",N1,Resurgence; revival
21043,喪失,そうしつ,소우시츠,상실,N1,"loss, forfeiture"
37715,喪主,もしゅ,모슈,상주,N1,chief mourner
12189,高僧,こうそう,코우소우,고승,N1,High-ranking priest
20610,専念,せんねん,센넨,전념,N1,"absorption, dedication"
38245,夜食,やしょく,야쇼쿠,야식,N1,late-night snack; supper
20400,遷延,せんえん,센엔,"천연, 지연됨",N1,"delay, procrastination"
21060,痩身,そうしん,소우신,날씬한 몸,N1,"slender build, weight loss"
20976,総括,そうかつ,소우카츠,총괄,N1,"summary, synthesis, generalization"
8701,気遣い,きづかい,키즈카이,"걱정, 배려",N1,Consideration; worry; fear; attention
35823,全う,まっとう,맛토우,"완수함, 온전함",N1,fulfill; accomplish; complete
34060,変装,へんそう,헨소우,변장,N1,disguise; masquerade
24276,沈潜,ちんせん,친센,침잠,N1,"immersion, being engrossed in"
24014,庁舎,ちょうしゃ,쵸우샤,청사,N1,government office building
15509,失踪,しっそう,싯소우,실종,N1,Disappearance; running away
19664,ずれ込む,ずれこむ,즈레코무,미뤄지다,N1,"to be delayed, to drag on"
21001,遭遇,そうぐう,소우구우,조우,N1,encounter (unexpected)
21153,早晩,そうばん,소우반,소만,N1,sooner or later
21094,早々,そうそう,소우소우,일찌감치,N1,"as soon as, early, hurriedly"
21942,貸与,たいよ,타이요,대여,N1,"loan, lending"
17893,自薦,じせん,지센,자천,N1,self-recommendation
16749,装束,しょうぞく,쇼우조쿠,장속 의상,N1,"costume, attire"
14832,座禅,ざぜん,자젠,좌선,N1,Zazen (seated Zen meditation)
14726,産卵,さんらん,산란,산란,N1,Egg-laying; spawning
10035,空前,くうぜん,쿠우젠,"전례없는,공전",N2,Unprecedented; record-breaking
9268,強壮,きょうそう,쿄우소우,강장,N1,Strong; robust; healthy
9270,競走,きょうそう,쿄우소우,경주,N1,Race
1779,遺骨,いこつ,이코츠,유골,N1,Ashes; remains (of deceased)
39820,卵巣,らんそう,란소우,난소,N1,ovary
16149,周旋,しゅうせん,슈우센,주선,N1,"mediation, agency, recommendation"
20405,旋回,せんかい,센카이,선회,N1,"revolution, rotation, circling"
46397,相宿,あいやど,이야도,여관에서 합숙함,N1,sharing a room (with a stranger)
32956,船旅,ふなたび,후나타비,배 여행,N1,voyage; boat trip
61049,扇状,せんじょう,센죠우,부채꼴,N1,Fan-shaped
54636,親船,おやぶね,오야부네,모선,N1,Depot ship; mother ship
32098,病巣,びょうそう,뵤우소우,병소,N1,focus of infection; nidus
20983,奏楽,そうがく,소우가쿠,주악,N1,instrumental music
21842,対戦,たいせん,타이센,"대전, 경기",N1,"competition, match"
194833,銭入れ,ぜにいれ,제니이레,동전 지갑,N1,Coin purse
17054,処方,しょほう,쇼호우,처방,N2,"prescription, formula"
10176,苦戦,くせん,쿠센,고전,N1,Hard fight; close game
70401,老練,ろうれん,로렌,노련함,N1,Experienced; veteran
21122,荘重,そうちょう,소우쵸우,장중,N1,"solemn, grave, impressive"
7991,雅楽,ががく,가가쿠,가악 (일본의 아악),N1,Gagaku (ancient court music)
70019,涙腺,るいせん,루이센,누선(눈물샘),N1,Tear duct
67565,芽吹く,めぶく,메부쿠,싹트다,N1,To bud; to sprout
18565,乗船,じょうせん,죠우센,승선,N1,boarding a ship
20958,草案,そうあん,소우안,초안,N1,"draft, rough copy"
3449,裏付け,うらずけ,우라즈케,뒷받침,N1,Backing; support; evidence
20468,詮索,せんさく,센사쿠,"뒤조사, 캐어물음",N1,"prying, inquiry, search"
18015,自販,じはん,지한,자판,N1,automatic vending
8108,合奏,がっそう,갓소우,합주,N1,Ensemble; concert
57828,白壁,しらかべ,시라카베,흰 벽,N2,White plastered wall
53765,穀倉,こくそう,코쿠소우,곡창,N1,granary
4419,扇,おうぎ,오우기,부채,N4,Folding fan
53877,挿し木,さしき,사시키,꺾꽂이,N1,cutting (plant propagation)
48592,大船,おおぶね,오오부네,"큰 배, 안심할 수 있는 상황",N1,large ship; (feeling of) security
20592,銭湯,せんとう,센토우,대중탕,N1,public bath
8370,聞き流す,ききながす,키키나가스,한귀로 흘리다,N1,To ignore; to pay no heed to
48525,勝ち戦,かちいくさ,카치이쿠사,이긴 전쟁,N1,victorious battle
36147,満室,まんしつ,만시츠,만실,N1,no vacancy (hotel/room)
14734,山麓,さんろく,산로쿠,산기슭,N1,Foot of a mountain
15743,島々,しまじま,시마지마,여러 섬,N1,Islands
65316,船賃,ふなちん,후나친,배삯,N1,Boat fare
61086,煎茶,せんちゃ,센챠,잎차,N1,Sencha (green tea)
61164,前立,ぜんりつ,젠리츠,전립,N1,Front ornament (of a helmet); prostate
42888,急須,きゅうす,큐우스,찻주전자,N1,teapot
35668,増し,まし,마시,"증가, 더 나음",N1,better; preferable; increase
35141,牧草,ぼくそう,보쿠소우,목초,N1,grass; pasture; fodder
21143,挿入,そうにゅう,소우뉴우,삽입,N1,insertion
19354,巣箱,すばこ,스바코,"새집, 벌통",N1,"nest box, birdhouse, beehive"
14135,挿し絵,さしえ,사시에,삽화,N1,Illustration; cut
10649,桑畑,くわばたけ,쿠와바타케,뽕밭,N1,Mulberry field
3679,営巣,えいそう,에이소우,둥지틀기,N1,Nesting
61211,霜害,そうがい,소우가이,피해,N1,Frost damage
102897,織布,しょくふ,쇼쿠후,직포,N1,Woven fabric
18212,従属,じゅうぞく,쥬우조쿠,종속,N1,"subordination, dependency"
28216,苦笑い,にがわらい,니가와라이,쓴웃음,N1,"bitter smile, wry smile"
21543,造花,ぞうか,조우카,조화,N1,artificial flower
269548,曽祖,そうそ,소우소,증조,N1,Great-grandfather/mother
6414,加湿,かしつ,카시츠,가습,N1,Humidification
5805,海藻,かいそう,카이소우,해조류,N1,Seaweed; algae
250490,しゃり,しゃり,샤리,바삭,N1,Sushi rice / Crunch (sound) / Bones (slang)
6619,片側,かたがわ,카타가와,한쪽,N1,One side
609,足音,あしおと,아시오토,발소리,N3,Sound of footsteps
195103,初霜,はつしも,하츠시모,첫서리,N1,First frost
172756,潮溜まり,しおざまり,시오자마리,바닷물 웅덩이,N1,Tide pool
69524,陸曹,りくそう,리쿠소우,육조(부사관),N1,Sergeant (JSDF)
33106,振り込み,ふりこみ,후리코미,"송금, 납입",N1,bank transfer (payment)
59834,手短,てにじか,테니지카,간단함,N1,Brief; short
1698,息巻く,いきまく,이키마쿠,씩씩거리다,N1,To be enthusiastic; to fume; to huff and puff
30473,判例,はんれい,한레이,판례,N1,judicial precedent
31653,曾孫,ひまご,히마고,증손,N1,great-grandchild (himage/hisago)
16744,焦燥,しょうそう,쇼우소우,초조,N1,"impatience, irritation, fretfulness"
20215,節操,せっそう,셋소우,절조,N1,"constancy, integrity, principle"
34062,変則,へんそく,헨소쿠,변칙,N1,irregular; anomalous
29881,発注,はっちゅう,핫츄우,발주,N2,Ordering
24195,直結,ちょっけつ,춋케츠,직결,N1,direct connection
68790,霜柱,しもばしら,시모바시라,서릿발,N1,Frost columns; ice needles
64227,晩霜,ばんそう,반소우,늦서리,N1,Late frost
51997,高燥,こうそう,코우소우,"고조, 지대가 높고 건조함",N1,high and dry
61415,藻類,そうるい,소우루이,조류,N1,Algae
55518,酒蔵,さかぐら,사카구라,술창고,N1,Sake brewery
42827,矜持,きょうじ,쿄우지,긍지,N1,pride; dignity
64849,敏速,びんそく,빈소쿠,민속(민첩하고 빠름),N1,Promptness; quickness
47423,暗室,あんしつ,안시츠,암실,N1,darkroom
28237,憎しみ,にくにみ,니쿠니미,증오,N1,"hatred, enmity"
46377,愛憎,あいぞう,아이조우,"사랑과 미움,애증",N1,love and hate
20550,船体,せんたい,센타이,선체,N1,hull (of a ship)
37672,目測,もくそく,모쿠소쿠,"눈대중,목측",N1,measuring by eye
17422,新雪,しんせつ,신세츠,신설,N1,fresh snow
25175,鉄則,てっそく,텟소쿠,철칙,N1,ironclad rule
36461,水増し,みずまし,미즈마시,물을 타서 늘림,N1,inflation; watering down; padding
15388,詞藻,しそう,시소우,시적 표현,N1,Flowery words; poetic diction
37271,名義,めいぎ,메이기,명의,N1,name; title (legal)
34705,捕捉,ほそく,호소쿠,포착,N1,capture; seizure; apprehension
30563,培養,ばいよう,바이요우,배양,N1,culture; cultivation (bacteria/cells)
21601,贈与,ぞうよ,조우요,증여,N1,"donation, bequest, gift"
14988,試飲,しいん,시인,시음,N1,Tasting (a drink)
12447,功労,こうろう,코우로우,공로,N1,Merit; meritorious service
7369,カワカミ,かわかみ,카와카미,상류,N1,Kawakami (surname)
7388,川下,かわしも,카와시모,하류,N1,Downstream
87173,書き下ろす,かきおろす,카키오로스,"새로 쓰다, 써 내려가다",N1,To write a new piece; to write down
104862,夏服,なつふく,나츠후쿠,여름옷,N1,Summer clothes
34890,本家,ほんけ,혼케,본가,N2,head of family; the original
26450,途端,とたん,토탄,찰나,N2,just at that moment
66225,初荷,ひつに,히츠니,"첫 출하,초하",N1,First load of goods in the New Year
66230,兵卒,へいそつ,헤이소츠,병졸,N1,Private (soldier)
32568,吹き込む,ふきこむ,후키코무,불어넣다,N1,to blow into; to record; to inspire
63277,化かす,ばかす,바카스,"속이다,호리다",N1,To bewitch; to enchant (fox/raccoon dog)
60221,灯火,とうか,토우카,"등화, 등불",N1,Lamp; light
60862,飛び散る,とびちる,토비치루,튀다,N1,To scatter; to fly around
62108,昼夜,ちゅうや,츄우야,주야,N3,Day and night
54976,権化,ごんげ,곤게,화신(권화),N1,Incarnation; embodiment
57312,盛夏,せいか,세이카,한여름,N1,Height of summer
56298,直々,じきじき,지키지키,직접,N1,Directly; in person
57065,実体,じってい,짓테이,실체,N1,Substance; entity; reality
6040,夏季,かき,카키,하계,N1,Summer season
2403,命綱,いのちずな,이노치즈나,구명줄,N1,Lifeline; safety rope
6865,門出,かどで,카도데,"출발, 새로운 시작",N1,Setting off; starting a new life
47943,塩基,えんき,엔키,염기,N1,base (chemistry)
450,悪臭,あくしゅう,아쿠슈우,악취,N1,Stink; bad odor
51772,化身,けしん,케신,화신,N1,incarnation; avatar
51721,夏至,げし,게시,하지,N1,summer solstice
15711,四方,にほう,니호우,사방,N1,Four directions; all sides
33570,分家,ぶんけ,분케,분가,N1,branch family
1593,家元,いえもと,이에모토,"종가, 본가",N1,Head of a school (arts/tea ceremony)
29828,発火,はっか,핫카,발화,N1,Ignition / fire
47639,家柄,いえがら,이에가라,가문,N1,family lineage; pedigree
12096,高所,こうしょ,코우쇼,높은 곳,N1,High place; heights
51538,栄華,えいが,에이가,영화,N2,glory; splendor
22200,岳,だけ,다케,"산봉우리, 큰 산",N1,"peak, mountain"
39446,呼び寄せる,よびよせる,요비요세루,불러 모으다,N1,to summon; to gather
24755,積み込む,つみこむ,츠미코무,실어 넣다,N1,"to load (cargo), to ship"
15898,借家,しゃくや,샤쿠야,셋집,N1,Rented house
4966,汚水,おすい,오스이,오수,N1,Sewage; dirty water
36710,南口,みなみぐち,미나미구치,남쪽 출구,N1,south exit
35932,真夏,まなつ,마나츠,한여름,N3,midsummer
31843,比率,ひりつ,히리츠,비율,N1,ratio; proportion
31211,率いる,ひきいる,히키이루,통솔하다,N1,to lead; to head; to command
29071,能率,のうりつ,노우리츠,능률,N1,Efficiency
26051,盗賊,とうぞく,토우조쿠,도적,N1,"thief, robber"
23469,築,ちく,치쿠,"축,건축한 지~",N1,(suffix) years since construction
18005,次男,じなん,지난,차남,N1,second son
16900,初夏,しょか,쇼카,초여름,N2,early summer
16342,出荷,しゅっか,슛카,출하,N1,"shipping, outgoing freight"
17146,退く,しりぞく,시리조쿠,물러나다,N1,"to retreat, to withdraw, to step back"
31643,罅割れ,ひびわる,히비와루,균열,N1,crack; fissure
7370,乾き,かわき,카와키,건조함,N1,Drying; dryness; thirst
119406,赤鬼,あかおに,아카오니,붉은 도깨비,N1,Red ogre/demon
64522,引き落とす,ひきおとす,히키오토스,"당겨떨어뜨리다,자동이체하다",N1,To deduct (from an account)
61639,敵陣,てきじん,테키진,적진,N1,Enemy camp
8326,帰還,きかん,키칸,귀환,N1,Return; homecoming
7840,肝要,かんよう,칸요우,"매우 중요함,간요",N1,Essential; vital; crucial
57247,前額,ぜんがく,젠가쿠,이마,N1,Forehead
59002,黙り込む,だまりこむ,다마리코무,다물고 있다,N2,To fall silent
55692,出典,しゅってん,슛텐,출처,N1,Source (of a quotation/info)
57036,常軌,じょうき,죠우키,상궤,N1,Normal course; beaten track
50228,忌中,きちゅう,키츄우,기중 (상중),N1,mourning period
6397,歌詞,かし,카시,가사,N2,Lyrics
52693,広軌,こうき,코우키,광궤 (넓은 선로),N1,broad gauge (railway)
49939,鬼神,きしん,키신,귀신,N1,fierce god; departed spirit
49779,鬼才,きさい,키사이,귀재,N1,extraordinary talent; genius
49319,肝胆,かんたん,칸탄,"간과 쓸개,간담",N1,one's innermost heart
46213,ぽたぽた,ぽたぽた,포타포타,뚝뚝,N1,dripping; trickling
42309,干潟,ひがた,히가타,간석,N2,tidal flat; tideland
5928,快楽,かいらく,카이라쿠,쾌락,N1,Pleasure
6278,掛け算,かけざん,카케잔,곱셈,N1,Multiplication
6761,喝破,かっぱ,캇파,갈파 (진리를 밝힘),N1,Proclaiming the truth; exposure
2162,一喝,いっかつ,잇카츠,일갈,N1,A loud scolding cry; thundering
45808,潟,かた,카타,갯벌,N4,lagoon
3044,雨期,うき,우키,우기,N1,Rainy season
36510,乱れ,みだれ,미다레,문란,N2,disorder; disturbance
29551,歯軋り,はぎしり,하기시리,이갈기,N1,Grinding one's teeth
43158,珍奇,ちんき,친키,진기,N1,strange; rare; curiosity
34405,包括,ほうかつ,호우카츠,포괄,N1,inclusion; coverage; comprehensive
36300,未完,みかん,미칸,미완,N1,incomplete; unfinished
33557,分割,ぶんかつ,분카츠,분할,N1,partition; division; installment
28840,ねた,ねた,네타,"증거,꼬투리",N1,Material / ingredient / proof
15865,社屋,しゃおく,샤오쿠,사옥,N1,Company building
43918,トランスフォーマー,トランスフォーマー,토란스호우마아,트랜스포머,N1,Transformers (media franchise/device)
32407,風紀,ふうぎ,후우기,풍기,N1,public morals; discipline
32897,復帰,ふっき,훗키,복귀,N1,return; comeback; reinstatement
23267,打率,だりつ,다리츠,타율,N1,batting average
21961,隊列,たいれ츠,타이레츠,대열,N1,"ranks, file, procession"
21684,滞貨,たいか,타이카,"체화, 팔리지 않은 상품",N1,"stockpile, accumulation of goods"
9175,恐喝,きょうかつ,쿄우카츠,공갈,N1,Blackmail; extortion
22049,高鳴る,たかなる,타카나루,(가슴이) 두근거리다,N1,"to throb, to beat fast (heart)"
17793,時급,じきゅう,지큐우,시급,N1,hourly wage
17003,諸説,しょせつ,쇼세츠,"제설, 여러 가지 설",N1,various theories/rumors
9620,禁忌,きんき,킨키,금기,N1,Taboo; contraindication
31875,拾い集める,ひろいあつめる,히로이아츠메루,주워 모으다,N1,to gather; to collect
75440,オオタマ,おおたま,오오타마,큰 구슬,N1,Otama (large ball; name)
29902,初,しょ,쇼,초,N4,First / new
99375,寒暑,かんしょ,칸쇼,한서(추위와 더위),N1,Cold and heat; seasons
47016,当千,とうせん,토우센,당천 (일당백),N1,match for a thousand (with Ikki-)
94700,召喚,しょうかん,쇼우칸,소환,N1,Summoning
67853,巻き貝,まきがい,마키가이,"소라,고둥 따위",N1,Spiral shell; snail
70258,和書,わしょ,와쇼,일본 서적,N1,Japanese book
68857,要塞,ようさい,요사이,요새,N1,Fortress
68418,持病,じびょう,지뵤우,지병,N1,Chronic illness
69124,尺貫,しゃっかん,샷칸,척관(무게와 길이 단위),N1,Shakkan-ho (traditional measurement system)
775,圧巻,あっかん,앗칸,압권,N2,Masterpiece; best part; highlight
27978,並み,なみ,나미,보통,N1,"average, ordinary, row of"
62076,長煩い,ながわずらい,나가와즈라이,지병,N1,Long illness
62473,底冷え,そこびえ,소코비에,뼛속까지 시린,N1,Chilling to the bone
50570,肝っ玉,きもったま,키못타마,배짱,N1,pluck; guts; courage
49360,官能,かんのう,칸노우,관능,N1,sensuality; the senses; function
4408,王冠,おうかん,오우칸,왕관,N1,Crown
50396,騎馬,きば,키바,기마,N1,horseback riding; cavalry
50319,武者,むしゃ,무샤,무사,N1,warrior; samurai
50563,偽名,ぎめい,기메이,가명,N1,alias; false name
41264,患う,わずらう,와즈라우,앓다,N1,to be ill; to suffer from
40818,連発,れんぱつ,렌파츠,연발,N1,running/firing in rapid succession
22867,堪能,"たんのう,かんのう","탄노우,칸노우","충분,능통",N1,"satisfaction, enjoying to the full"
37667,木製,もくせい,모쿠세이,목제,N1,made of wood
19442,スマート-外国,スマート,스마아토,스마트,N1,"smart, stylish, slim"
22155,卓越,たくえつ,타쿠에츠,탁월,N1,"excellence, superiority"
35895,纏う,まとう,마토우,두르다,N2,to wear; to put on; to clad
8851,肝,きも,키모,핵심,N1,Liver; courage; guts; crux
21111,争奪,そうだつ,소우다츠,쟁탈,N1,"struggle, contest, scramble"
21712,退去,たいきょ,타이쿄,퇴거,N1,"departure, evacuation, deportation"
21356,訴追,そつい,소츠이,소추,N1,"prosecution, indictment"
20852,前兆,ぜんちょう,젠쵸우,전조,N1,"omen, sign, precursor"
20727,絶頂,ぜっちょう,젯쵸우,절정,N1,"summit, peak, climax"
18170,縦貫,じゅうかん,쥬우칸,종관,N1,running through vertically
17794,自給,じきゅう,지큐우,자급,N1,self-sufficiency
7737,巻頭,かんとう,칸토우,권두,N1,Opening page; front of a book
17901,自足,じそく,지소쿠,자급,N1,"self-sufficiency, contentment"
15480,疾患,しっかん,싯칸,질환,N1,Disease; ailment
12556,国土,こくど,코쿠도,국토,N1,Territory; country; land
11636,厳寒,げんかん,겐칸,엄한 (심한 추위),N1,Intense cold; midwinter
12609,孤高,ここの,코코노,"고독,고고",N1,Aloof; solitary pride
9178,教官,きょうかん,쿄우칸,교관,N1,Instructor; teacher
6707,勝ち取る,かちとる,카치토루,쟁취하다,N1,To win; to gain; to conquer
7815,陥没,かんぼつ,칸보츠,함몰,N1,Collapse; cave-in; sinking
3640,栄冠,えいかん,에이칸,영광,N1,Crown of glory; laurels
2286,偽る,いつわる,이츠와루,"속이다, 거짓말하다",N1,To lie; to deceive; to feign
243219,三塁,さんるい,산루이,"3루",N2,Third base
97418,戯れ,たわむれ,타와무레,"장난, 유희",N1,Play; prank; flirtation
2285,偽り,いつわり,이츠와리,거짓,N1,Lie; falsehood; deception
66509,御籤,みくじ,미쿠지,점괘,N1,Omikuji (sacred lot/fortune)
3190,疑わしい,うたがわしい,우타가와시이,의심스럽다,N1,Doubtful; suspicious; fishy
60258,闘牛,とうぎゅう,토우규우,투우,N1,Bullfighting
56285,児戯,じぎ,지기,"어린애장난, 치희",N1,Child's play; mere trifle
49467,擬音,ぎおん,기온,"의음, 효과음",N1,onomatopoeia; sound effects
3346,鵜呑み,うのみ,우노미,"통째로 삼킴, 무비판적으로 받아들임",N1,Swallowing whole; accepting without question
50254,吉日,きちじつ,키츠지츠,길일,N1,lucky day
50233,吉例,きちれい,키치레이,좋은 관례,N1,time-honored custom; lucky precedent
1706,威儀,いぎ,이기,위의,N1,Dignity; solemnity
50278,吉報,きっぽう,킷포우,"희소식, 길보",N2,good news
50497,清める,きよめる,키요메루,정화하다,N2,to purify; to cleanse
50996,牛馬,ぎゅうば,규우바,"소와 말,우마",N1,cattle and horses
28359,偽札,にせさつ,니세사츠,위조지폐,N1,counterfeit bill/note
40323,両論,りょうろん,료우론,양론,N1,both arguments
38634,遊戯,ゆうぎ,유우기,놀이,N1,game; play; sport
37648,模擬,もぎ,모기,모의,N1,mock; sham; simulated
37942,催し,もよおし,모요오시,"행사, 모임",N1,event; gathering; festivities
36135,満喫,まんきつ,만키츠,만끽,N1,enjoying to the full; having enough of
18776,神宮,じんぐう,진구우,신궁,N2,Shinto shrine (Imperial)
36830,宮,みや,미야,궁,N4,shrine; palace; prince
35166,墓前,ぼぜん,보젠,"묘전, 무덤 앞",N1,before a grave
33250,紛糾,ふんきゅう,훈큐우,분규규,N1,complication; entanglement; disorder
29351,肺炎,はいえん,하이엔,폐렴,N1,Pneumonia
12184,控訴,こうそ,코우소,항소,N1,Appeal (legal)
14763,罪悪,ざいあく,자이아쿠,죄악,N1,Sin; vice; crime
23322,壇上,だんじょう,단죠우,단상,N3,on the platform/podium
20231,窃盗,せっとう,셋토우,절도,N2,"theft, larceny"
28357,偽,にせ,니세,거짓,N1,"fake, counterfeit, false"
22754,戯れる,たわむれる,타와무레루,"장난치다, 놀다",N1,"to play, to frolic, to flirt"
23070,大分,だいぶ,다이부,꽤,N1,"considerably, greatly, a lot"
21191,壮麗,そうれい,소우레이,장엄,N1,"magnificent, splendid"
21220,即位,そくい,소쿠이,즉위,N2,"enthronement, accession"
22192,貯え,たくわえ,타쿠와에,"비축, 저축",N1,"savings, store, stock"
12201,皇族,こうぞく,코우조쿠,황족,N1,Imperial family; royalty
20997,操業,そうぎょう,소우교우,조업,N1,operation (of a factory/machine)
16332,主体,しゅたい,슈타이,주체,N2,"subject, main constituent"
21516,存亡,そんぼう,손보우,존망,N1,"existence or nonexistence, life or death"
16334,主題,しゅだい,슈다이,주제,N2,"subject, theme"
9358,虚偽,きょぎ,쿄기,허위,N1,Falsehood; untrue; fallacy
9821,疑念,ぎねん,기넨,의념 (의심),N1,Doubt; suspicion; misgiving
7555,観劇,かんげき,칸게키,관극,N1,Theatergoing
8452,気心,きごころ,키고코로,속마음,N1,Disposition; temper; nature
119786,御中,おんちゅう,온츄우,귀중,N1,(Company) Messers; To the Attention of
98392,広狭,こゆきょう,코유쿄우,"넓고 좁음, 광협",N1,Width; extent
65878,不漁,ふりょう,후료,불어(고기가 안 잡힘),N1,Poor catch (fishing)
71024,薄味,うすあじ,우스아지,담백한 맛,N1,Mild flavor
7913,概況,がいきょう,가이쿄우,"개황, 일반적인 상황",N1,General situation; outlook
22583,多発,たはつ,타하츠,다발,N1,frequent occurrence
60920,共食い,ともぐい,토모구이,동족 상잔,N1,Cannibalism; dog-eat-dog
6073,掻き立てる,かきたてる,카키타테루,"부추기다, 선동하다",N1,To stir up; to arouse
49302,敢然,かんぜん,칸젠,감연히,N1,resolute; bold; daring
5100,脅し,おどし,오도시,으름장,N1,Threat; intimidation
52507,近郷,きんごう,킨고우,"인근 마을, 근향",N1,neighboring villages
52897,郷士,ごうし,고우시,향사,N1,country samurai
50241,吉凶,きっきょう,킷쿄우,길흉,N1,good or ill luck
50920,狂おしい,くるおしい,쿠루오시이,미칠듯하다,N1,mad; crazy; agonizing
39971,理事,りじ,리지,이사,N1,director; trustee
37992,盛り付ける,もりつける,모리츠케루,보기 좋게 담다,N1,to dish up; to arrange food
37107,無性,むしょう,무쇼우,무턱,N1,excessive; irresistible; (mushou-ni)
32865,二手,ふたて,후타테,두 갈래,N1,two groups; two ways
27112,導体,どうたい,도우타이,도체,N2,conductor (electricity/heat)
26796,取り調べ,とりしらべ,토리시라베,"조사, 심문",N1,"investigation, examination"
26642,供,とも,토모,"동반, 일행",N1,"attendant, companion, follower"
24792,強がる,つよがる,츠요가루,센 척 하다,N2,"to bluff, to pretend to be strong"
13371,強情,ごうじょう,고우죠우,"강압,강정",N1,Stubbornness; obstinacy
22787,タンカー,タンカー,탄카아,"탱커, 유조선",N1,tanker (ship)
15740,島国,しまぐに,시마구니,섬나라,N2,Island country
20714,絶叫,ぜっきょう,젯쿄우,절규,N1,"shout, scream, shriek"
21639,存分,ぞんぶん,존분,"마음껏, 충분히",N1,"to one's heart's content, as much as one likes"
21922,耐乏,たいぼう,타이보우,"내핍, 모자람을 견딤",N1,enduring austerity/poverty
10399,供養,くよう,쿠요우,공양,N1,Memorial service; offering to the dead
21814,退場,たいじょう,타이죠우,퇴장,N1,"leaving (a stage/ring), exit"
21161,双璧,そうへき,소우헤키,쌍벽,N1,"pair of bright jewels, two greatest"
20064,セキ,せき,세키,세키 (성씨),N1,"barrier, dam (also surname/phonetic for seat)"
14774,在郷,ざいきょう,자이쿄우,재향 (고향에 있음),N1,In the country; residing in one's hometown
15046,撓,しおり,시오리,책갈피,N1,Bending; flexibility (rarely used kanji form)
13885,境目,さかいめ,사카이메,경계선,N1,Boundary line; borderline
9153,脅威,きょうい,쿄우이,"위협,협위",N1,Threat; menace
9251,強弱,ぎょうじゃく,교우쟈쿠,강약,N1,Strength and weakness; dynamics
9148,凶悪,きょうあく,쿄우아쿠,흉악함,N1,Atrocious; heinous; brutal
8431,寄港,きこう,키코우,기항,N1,Calling at a port
7521,歓喜,かんき,칸키,환희,N1,Delight; joy; ecstasy
3873,得体,えたい,에타이,정체 (주로 정체를 알 수 없을 때),N1,"Nature; character; (usually ""etai no shirenai"" - mysterious)"
87197,鍛え上げる,きたえあげる,키타에아게루,충분히 단련하다,N1,To train well; to drill
67200,胸板,むないた,무나이타,가슴팍,N1,Chest; breastplate
67207,胸毛,むなげ,무나게,가슴털,N1,Chest hair
4639,大手,おおて,오오테,대형,N2,Major company; big player
67209,胸騒ぎ,むなさわぎ,무나사와기,가슴이 두근거림,N2,Apprehension; uneasy feeling
71610,苦る,にがる,니가루,찌푸리다,N1,To suffer; to be bitter (rare usage)
67422,身寄り,みより,미요리,친척,N1,Relative; relation
64504,悲喜,ひき,히키,희비,N1,Joy and sorrow
59546,狭苦しい,せまくるしい,세마쿠루시이,좁아터지다,N1,Cramped; stifling
1673,息苦しい,いきぐるしい,이키구루시이,"숨막히다, 답답하다",N1,Stifling; suffocating; oppressive
59295,多幸,たこう,타코우,"많은 행복,다행",N1,Great happiness
59800,風琴,ふうきん,후우킨,풍금,N1,Organ; accordion
55227,開襟,かいきん,카이킨,옷깃을 염미,N1,Open collar
51094,恭賀,きょうが,쿄우가,"근하,공하",N1,respectful congratulations
51373,恭順,きょうじゅん,쿄우쥰,"복종,공순",N1,allegiance; submission
51139,恭しい,うやうやしい,우야우야시이,공손한,N1,respectful; reverent
42030,錦絵,にしきえ,니시키에,니시키에,N1,colored woodblock print
52648,琴線,きんせん,킨센,"심금,금선",N1,heartstrings
52519,筋骨,きんこつ,킨코츠,근골,N1,muscles and bones; physique
52526,僅差,きんさ,킨사,근소,N1,narrow margin
52571,錦秋,きんしゅう,킨슈우,"금추, 단풍 든 가을",N1,beautiful autumn (colors)
52383,謹賀,きんが,킨가,근하,N1,respectful congratulations
11646,厳禁,げんきん,겐킨,엄금,N1,Strict prohibition
18890,水銀,すいぎん,스이긴,수은,N1,mercury (element)
25163,鉄筋,てっきん,텟킨,철근,N1,reinforcing iron/steel
51152,胸襟,きょうきん,쿄우킨,흉금,N1,one's heart; thoughts
47084,襟首,えりくび,에리쿠비,옷깃,N1,nape of the neck
39531,喜ばしい,よろこばしい,요로코바시이,기쁘다,N1,joyful; delightful
21919,大砲,たいほう,타이호우,대포,N1,"cannon, gun"
37323,冥福,めいふく,메이후쿠,명복,N2,happiness in the next world
34019,偏狭,へんきょう,헨쿄우,편협,N1,narrow-minded; parochial
28967,年頭,ねんとう,넨토우,"연초,연두",N1,Beginning of the year
16391,出演,しゅつえん,슈츠엔,출연,N2,appearance (on stage/screen)
27198,度胸,どきょう,도쿄우,베짱,N2,"courage, grit, nerve"
27894,夏用,なつよう,나츠요우,여름용,N1,for summer use
28215,苦虫,にがむし,니가무시,쓴벌레 (씹은 듯한 얼굴),N1,unpleasant face (like chewing a bitter bug)
21412,素描,そびょう,소뵤우,"소묘, 데생",N1,"sketch, rough drawing"
20892,前方,ぜんぽう,젠포우,전방,N1,"ahead, front, forward"
21926,大枚,だいまい,다이마이,"거금, 큰돈",N1,large sum of money
21127,争点,そうてん,소우텐,쟁점,N1,"point at issue, dispute"
20304,狭める,せばめる,세바메루,좁히다,N1,"to narrow, to reduce"
16356,出産,しゅっさん,슛산,출산,N2,"childbirth, delivery"
9209,恐慌,きょうこう,쿄우코우,공황,N1,Panic; scare; (Great) Depression
66012,旗色,はたいろ,하타이로,"형세, 전황",N1,The tide of war; signs; outlook
66854,未曾有,みぞう,미조우,미증유,N1,Unprecedented
66015,機織り,はたおり,하타오리,길쌈,N1,Weaving
25932,騰貴,とうき,토우키,"급등,등귀",N1,"rise (in price), appreciation"
59783,手旗,てばた,테바타,수기,N1,Flag (signaling)
37246,目当て,めあて,메아테,목표,N1,purpose; aim; goal
8474,棋士,きし,키시,기사,N2,(Professional) Shogi or Go player
3704,栄転,えいてん,에이텐,영전,N1,Promotion; transfer with promotion
51042,毀誉,きよ,키요,"비방과 칭찬,훼예",N1,praise and blame
49560,旗艦,きかん,키칸,"플래그십,기함",N1,flagship
3808,餌遣り,えさやり,에사야리,먹이 주기,N1,Feeding (animals/pets)
2167,一喜,いっき,잇키,일희,N1,(Part of Ichiki-ichiyu) Joy and sorrow
53326,輝石,きせき,키세키,휘석,N1,pyroxene (mineral)
52687,光輝,こうき,코우키,광휘,N1,brightness; splendor
51599,鶏卵,けいらん,케이란,계란,N1,chicken egg
34660,補佐,ほさ,호사,보좌,N1,assistant; counselor; aide
51402,鶏舎,けいしゃ,케이샤,"닭장,계사",N1,poultry house; chicken coop
2133,一憂,いちゆう,이치유우,"일비,일우",N1,A worry; a moment of anxiety
2372,古,いにしえ,이니시에,과거,N1,Old (prefix/archaic)
54275,佐幕,さばく,사바쿠,"막부를 도움, 좌막",N1,supporting the Shogunate
47825,憩う,いこう,이코우,"쉬다, 휴식하다",N1,to rest; to relax
1769,憩い,いこい,이코이,휴식,N1,Rest; relaxation; repose
37623,詣でる,もうでる,모우데루,참배하다,N1,to visit a temple/shrine
38519,弥生,やよい,야요이,야요이,N1,March (lunar calendar); Yayoi period
39042,養鶏,ようけい,요우케이,양계,N1,poultry farming
34713,細める,ほそめる,호소메루,가늘게 하다,N1,to make narrow; to squint
25140,手先,てさき,테사키,"손끝, 수하",N1,"fingertips, tool, agent"
8796,棋譜,きふ,키후,기보,N1,Record of a game (shogi/go)
32977,不備,ふび,후비,하자,N2,defect; deficiency; inadequacy
29667,鋏,はさみ,하사미,가위,N2,Scissors
13710,最期,さいご,사이고,"최후, 임종",N2,One's last moments; death
11683,現職,げんしょく,겐쇼쿠,현직,N1,Incumbent; present post
27030,憧憬,どうけい,도우케이,동경,N1,"longing, adoration, yearning"
14554,参詣,さんけい,산케이,참배,N1,Visit to a temple or shrine
11012,慶弔,けいちょう,케이쵸우,경조,N1,Congratulations and condolences
26905,頓挫,とんざ,톤자,돈좌,N1,"setback, deadlock, stalemate"
21759,大佐,たいさ,타이사,대령,N1,"colonel, captain (navy)"
20663,センリ,センリ,센리,센리 (지명),N1,"Senri (place name), 1000 ri (great distance)"
20661,戦乱,せんらん,센란,전란,N1,"wars, disturbances, civil war"
21280,底力,そこじから,소코지카라,저력,N1,"latent power, reserve strength"
22195,類い,たぐい,타구이,따위,N1,"kind, sort, type"
10910,慶賀,けいが,케이가,경하,N1,Congratulation; celebration
16106,秀才,しゅうさい,슈우사이,수재,N1,"prodigy, bright person"
8492,旗手,きしゅ,키슈,기수,N1,Flag-bearer; standard-bearer
9545,器量,きりょう,키료우,기량,N1,Ability; capacity; looks; appearance
8734,キナイ,きない,키나이,기내,N1,Kinai (provinces surrounding the old capital)
7933,外食,がいしょく,가이쇼쿠,외식,N2,Eating out
67957,矢面,やおもて,야오모테,정면,N1,Brunt (of an attack/criticism)
6740,喝采,かっさい,캇사이,갈채,N1,Applause; cheers
33256,粉砕,ふんさい,훈사이,분쇄,N1,shattering; crushing; smashing
4650,大鍋,おおなべ,오오나베,큰 냄비,N1,Large pot; cauldron
2190,一矢,いっし,잇시,한 방,N1,An arrow; (to fire back) a retort
52521,金婚,きんこん,킨콘,금혼,N1,golden wedding anniversary
85489,ヒカミ,ひかみ,히카미,얼음 위,N1,Hikami (name)
69825,良妻,りょうさい,료우사이,양처,N1,Good wife
70602,祭り上げる,まつりあげる,마츠리아게루,떠받들다,N1,To deify; to put on a pedestal
67107,細腕,ほそうで,호소우데,가녀린 팔; 여자의 힘,N1,Slender arms; poor ability
67690,本旨,ほんし,혼시,본지(본래의 취지),N1,Main object; true aim
55344,砕石,さいせき,사이세키,쇄석,N1,Crushed stone; gravel
55410,砕氷,さいひょう,사이효우,쇄빙,N1,Icebreaking
59471,淡彩,たんさい,탄사이,담채,N1,Light coloring; pastels
55337,細心,さいしん,사이신,세심,N2,Meticulous; careful; prudent
12612,心地,ここち,코코치,"기분,심지",N1,Feeling; sensation; mood
40588,零細,れいさい,레이사이,영세,N1,insignificant; tiny; small-scale
59594,競市,せりいち,세리이치,경매 시장,N1,Auction
54971,死に絶える,しにたえる,시니타에루,"끊어지다, 절멸하다",N1,To die out; to become extinct
37524,綿糸,めんし,멘시,면사,N1,cotton thread; cotton yarn
57666,製糸,せいし,세이시,제사 (실 뽑기),N1,Silk reeling
54092,死角,しかく,시카쿠,사각,N2,blind spot
15121,敷き詰める,しきつめる,시키츠메루,전면에 깔다,N1,"To cover a surface (with stones, etc.)"
13755,再選,さいせん,사이센,재선,N1,Reelection
23781,忠義,ちゅうぎ,츄우기,충의,N1,"loyalty, devotion"
15089,史学,しがく,시가쿠,사학,N1,History (as a study); historiography
45738,青菜,あおな,아오나,푸성귀,N1,green vegetables; greens
21760,大差,たいさ,타이사,"큰 차,대차",N1,great difference
47149,糸目,いとめ,이토메,"실눈, 제한",N1,fine line; kite string; (no) limit
16297,主宰,しゅさい,슈사이,주재,N1,"management, presidency, supervision"
37042,報いる,むくいる,무쿠이루,되갚다,N1,to reward; to repay; to retaliate
40864,漏洩,ろうえい,로우에이,누설,N2,leakage; disclosure
34715,細る,ほそる,호소루,"가늘어지다, 줄어들다",N1,to get thin; to taper off
18901,水彩,すいさい,스이사이,수채,N1,watercolor
31542,人妻,ひとづま,히토즈마,유부녀,N1,married woman
28573,入門,にゅうもん,뉴우몬,입문,N1,"primer, manual, entering an institute"
21070,奏上,そうじょう,소우죠우,"천황에게 아룀,주상",N1,report to the Emperor
14433,再来,さらい,사라이,"다음다음의,재래",N2,"Return; second coming; next (year, etc.)"
21605,贈賄,ぞうわい,조우와이,증뢰,N1,bribery
21963,退路,たいろ,타이로,퇴로,N1,path of retreat
20739,絶望,ぜつぼう,제츠보우,절망,N1,"despair, hopelessness"
33823,兵,へい,헤이,병,N4,soldier; army; troops
6935,カネコ,かねこ,카네코,카네코,N1,Kaneko (surname)
243142,三流,さんりゅう,산류우,삼류,N1,Third-rate
193688,慈しみ,いつくしみ,이츠쿠시미,"자애, 사랑",N1,Affection / Charity
93839,石段,いしだん,이시단,돌계단,N2,Stone steps
44383,名刹,めいさつ,메이사츠,명찰 (유명한 사찰),N1,famous temple
96963,病後,びょうご,뵤고,병후(병을 앓고 난 뒤),N1,Convalescence; after illness
67031,解れる,ほぐれる,호구레루,풀리다,N1,To come untied; to be frayed
3813,餌食,えじき,에지키,"먹이, 희생양",N1,Prey; victim
1870,異臭,いしゅう,이슈우,"이상한 냄새,이취",N2,Offensive odor; weird smell
66450,身動き,みうごき,미우고키,몸을 움직임,N1,Moving one's body
68644,滋味,じみ,지미,깊은 맛,N1,Nourishing; tasty; rich flavor
54169,擦過,さっか,삿카,찰과,N1,abrasion; scratch
61302,雑炊,ぞうすい,조우스이,죽,N2,Zousui (rice porridge/soup)
63157,敗残,はいざん,하이잔,패잔,N1,Defeated; ruined
54418,至当,しとう,시토우,지당함,N1,Proper; appropriate; reasonable
57093,擦り傷,すりきず,스리키즈,찰과상,N1,Scratch; graze; abrasion
57658,姓氏,せいし,세이시,성씨,N1,Surname; family name
56384,時候,じこう,지코우,"계절의 기후,시후",N1,Season; time of year
37656,黙殺,もくさつ,모쿠사츠,묵살,N2,ignoring; noticing but remaining silent
52197,切り盛り,きりもり,키리모리,처리,N1,management; running (a house)
57473,食餌,しょくじ,쇼쿠지,식이,N1,Diet; food; feeding
29960,歯止め,はどめ,하도메,"제동, 억제책",N1,Brake / restraint
19005,数式,すうしき,스우시키,수식,N2,mathematical formula/equation
52893,好餌,こうじ,코우지,미끼,N1,good bait; enticement
14252,殺到,さっとう,삿토우,쇄도,N2,Rush; flood; throng
12652,古刹,こさつ,코사츠,고찰,N1,Ancient temple
53784,国璽,こくじ,코쿠지,국새,N1,State Seal
9013,給仕,きゅうじ,큐우지,심부름꾼,N1,Waiter; steward; office boy
47000,氏神,うじがみ,우지가미,"씨신, 마을 수호신",N1,tutelary deity; guardian god
42501,慈悲,じひ,지히,자비,N3,mercy; compassion; charity
41661,慈しむ,いつくしむ,이츠쿠시무,가여워하다,N1,to cherish; to love; to be affectionate to
14658,賛同,さんどう,산도우,"찬성, 찬동",N1,Approval; endorsement; agreement
35069,某氏,ぼうし,보우시,모씨,N1,a certain person
30474,反論,はんろん,한론,반론,N2,objection; rebuttal; refutation
26400,年子,としご,토시고,연년생,N1,children born within a year
13114,殺し,ころし,코로시,"죽이기, 살인",N1,Killing; murder
22371,太刀,たち,타치,"태도, 칼",N2,"long sword, tachi"
21029,相殺,そうさい,소우사이,상쇄,N1,"offset, cancel each other out"
22100,高らか,たからか,타카라카,"드높음, 낭랑함",N1,"loud, ringing, sonorous"
20723,絶する,ぜっする,젯스루,"초월하다, 극에 달하다",N1,"to be beyond (words/imagination), to transcend"
14248,察知,さっち,삿치,"감지, 알아챔",N1,Sense; infer; perceive
12052,考察,こうさつ,코우사츠,고찰,N1,Consideration; inquiry; study
49829,義歯,ぎし,기시,"의치, 틀니",N1,dentures; artificial tooth
120336,どき,どきっ,도킷,철렁,N1,Heart throb; time (archaic)
33523,ぶれる,ぶれる,부레루,흔들리다,N2,to be blurred; to waver; to shake (camera)
6394,下賜,かし,카시,하사,N1,Granting; bestowing (by royalty)
4526,大忙し,おおいそがし,오오이소가시,매우바쁨,N1,Very busy
181191,夜市,よいち,요이치,야시장,N1,Night market
2609,入れ歯,いれば,이레바,틀니,N1,Dentures; false teeth
136692,雌牛,めうし,메우시,암소,N1,Cow
69048,車軸,しゃじく,샤지쿠,차축,N1,Axle
1608,異音,いおん,이온,이상한 소리,N1,Abnormal noise
67556,雌花,めばな,메바나,암꽃,N1,Female flower
62605,乳歯,にゅうし,뉴시,유치(젖니),N1,Baby tooth
59738,地軸,ちじく,치지쿠,지질,N1,Earth's axis
28428,日誌,にっし,닛시,일지,N1,"journal, log"
59554,責め,せめ,세메,질책,N1,Responsibility; blame; torture
56425,嗣子,しし,시시,양자,N1,Heir; successor
54731,恩賜,おんし,온시,은사 (임금이 내린 물건),N1,Imperial gift
48841,家督,かとく,카토쿠,"가독, 집안의 상속권",N1,headship of a family; inheritance
31519,一口,ひとくち,히토쿠치,"한 입, 한 모금",N1,a mouthful; a bite; a sip
29386,配合,はいごう,하이고우,배합,N2,Combination / mixture
9550,切り分ける,きりわける,키리와케루,잘라 나누다,N2,To carve; to cut and divide
53920,詩歌,しいか,시이카,시가,N1,poetry
54073,賜暇,しか,시카,휴가를 줌,N1,leave of absence
15328,詩情,しじょう,시죠우,시정,N1,Poetic sentiment
46279,福神,ふくじん,후쿠진,복신,N1,god of luck; deity of fortune
25994,当主,とうしゅ,토우슈,당주,N1,head of a family
37640,朦朧,もうろう,모우로우,몽롱,N1,dim; hazy; dazed
16364,出身,しゅっしん,슛신,출신,N3,"hailing from, origin"
41625,人脈,じんみゃ쿠,진먀쿠,인맥,N1,personal connections; network
12319,高配,ごうはい,고우하이,"혜려, 고배",N1,Your kind concern (honorific)
48438,大字,おおあざ,오오아자,대문자,N1,large village section; large characters
34023,変形,へんけい,헨케이,변형,N1,transformation; deformation; variation
21909,タイヘイ-外国,たいへい,타이헤이,태평,N1,Pacific (Ocean)
40318,療養,りょうよう,료우요우,요양,N1,medical treatment; recuperation
36803,見回す,みまわす,미마와스,둘러보다,N1,to look around
35759,町起こし,まちおこし,마치오코시,마을 살리기,N1,town revitalization
34902,本山,ほんざん,혼잔,본산,N1,head temple (of a sect)
33883,平素,へいそ,헤이소,평소,N1,usually; habitually; in the past
30120,食む,はむ,하무,먹다,N1,To eat (grass) / to receive (salary)
24558,作り直す,つくりなおす,츠쿠리나오스,다시 만들다,N1,"to remake, to reconstruct"
24343,追試,ついし,츠이시,추가시험,N1,"re-examination, makeup test"
24359,次いで,ついで,츠이데,"이어서, 다음에",N1,"next, secondly, subsequently"
21512,尊皇,そんのう,손노우,존황,N1,reverence for the Emperor
17917,示談,じだん,지단,합의,N1,settlement out of court
17765,字画,じかく,지카쿠,자획,N1,number of strokes in a character
16367,出世,しゅっせ,슛세,출세,N3,"success in life, promotion"
16370,出席,しゅっせき,슛세키,출석,N4,"attendance, presence"
289774,今昔,こんじゃく,콘자쿠,금석(지금과 옛날),N1,Past and present
29415,排斥,はいせき,하이세키,배척,N1,Boycott / exclusion
6191,覚醒,かくせい,카쿠세이,각성,N1,Awakening; disillusionment
15224,伺候,しこう,시코우,"문안,사후",N1,Waiting upon; attendance (on a superior)
92664,聞き逃す,ききのがす,키키노가스,못 듣다,N1,To miss hearing; to overlook
5785,解析,かいせき,카이세키,해석,N1,Analysis
68445,事物,じぶつ,지부츠,사물,N1,Things; matters
68946,赤銅,しゃくどう,샤쿠도,적동(구리와 금의 합금),N1,Shakudo (gold-copper alloy)
63895,早耳,はやみみ,하야미미,"소식이 빠름, 귀가 밝음",N1,Quick-eared; first to hear news
5234,思い掛ける,おもいがける,오모이가케루,예상하다,N1,To expect; to anticipate
63624,珍品,ちんぴん,친핀,"진귀한 물건,진품",N1,Rare article; curiosity
29873,発赤,はっせき,핫세키,발적,N1,Redness / erythema
4480,王妃,おうひ,오우히,왕비,N2,Queen; princess
61623,敵影,てきえい,테키에이,적의 그림자,N1,Sign of the enemy
56494,侍従,じじゅう,지쥬우,시종,N1,Chamberlain; attendant
56515,侍女,じじょ,지죠,시녀,N1,Waiting woman; lady's maid
56118,吸い付く,すいつく,스이츠쿠,흡착,N1,To stick to; to cling; to attract
58661,赤貧,せきひん,세키힌,"적빈, 아주 가난함",N1,Extreme poverty
58559,昔日,せきじつ,세키지츠,"옛날,석일",N1,Old days
2238,一朝,いっちょう,잇쵸우,"일조, 하루아침",N1,One morning; (Part of Iccho-isseki) in a short time
52894,好事,こうじ,코우지,호사,N1,good thing; benevolent act
15680,私腹,しふく,시후쿠,사복 (개인의 이익),N1,Private pocket (illegal gain)
50601,客人,きゃくじん,캬쿠진,손님,N1,guest; visitor
28945,年始,ねんし,넨시,연초,N2,Beginning of the year
40263,療治,りょうじ,료우지,치료,N1,medical treatment; cure
23832,中耳,ちゅうじ,츄우지,중이 (귀),N1,middle ear
47067,一夕,いっせき,잇세키,하룻저녁,N1,one evening
13287,今夕,こんゆう,콘유우,오늘 저녁,N1,This evening
24183,直下,ちょっか,춋카,바로 아래,N1,directly below
38748,優良,ゆうりょう,유우료우,우량,N2,superior; excellent
46126,斥候,せっこう,셋코우,척후,N1,scout; patrol; spy
13054,肥やす,こやす,코야스,살찌우다,N1,To enrich; to fatten; to fertilize
43790,寸志,すんし,순시,촌지,N1,small gift; token of gratitude
38720,夕べ,ゆうべ,유우베,"저녁, 어제 저녁",N1,evening; last night
38654,有志,ゆうし,유우시,뜻 있는,N1,volunteer; interested person
25243,手放す,てばなす,테바나스,손놓다,N3,"to let go of, to part with"
23537,治水,ちすい,치스이,치수,N1,flood control
11544,下山,げざん,게잔,하산,N1,Descending a mountain
23770,中学,ちゅうがく,츄우가쿠,중학교,N1,junior high school
19061,姿,すがた,스가타,모습,N5,"figure, shape, appearance"
20063,席,せき,세키,자리,N5,seat
19068,好き,すき,스키,좋다,N5,"fondness, love, like"
15011,使役,しえき,시에키,사역,N1,Employing; setting to work; causative
11808,小石,こいし,코이시,"작은 돌, 자갈",N1,Pebble; small stone
9795,疑似,ぎじ,기지,유사,N1,Pseudo; quasi; dummy
327,赤字,あかじ,아카지,적자,N1,Deficit; (in the) red
355,赤らめる,あからめる,아카라메루,붉히다,N1,To blush; to redden
172701,打ち上げ,うちあげ,우치아게,마무리,N1,Launch; wrap party
7265,借り,かり,카리,"빚, 빌림",N1,Debt; loan; borrowing
8358,聞き返す,ききかえす,키키카에스,되묻다,N1,To ask back; to ask again
35903,纏め上げる,まとめあげる,마토메아게루,하나로 묶어 완성하다,N1,to unify; to bring together
14342,寂,さび,사비,와비 사비 (일본의 정서적 개념),N1,Elegant simplicity (Sabi)
3878,枝葉,えだは,에다하,지엽,N1,Leaves and branches; side issues; unnecessary detail
4435,応酬,おうしゅう,오우슈우,응수,N1,Reply; answer; exchange (of words/blows)
68912,爵位,しゃくい,샤쿠이,작위,N1,Peerage; court rank
68965,寂然,じゃくねん,자쿠넨,적연(조용함),N1,Lonely; quiet; desolate
70827,憂愁,ゆうしゅう,유우슈우,우수,N1,Melancholy; grief
64134,番狂わせ,ばんくるわせ,반쿠루와세,"예상 밖의 결과, 이변",N1,Upset; surprise result
61328,総立ち,そうだち,소우다치,일제히 일어섬,N1,All standing up
56487,自若,じじゃく,지쟈쿠,"자약함, 태연함",N1,Calm; self-possessed
59876,寺参り,てらまいり,테라마이리,절 참배,N1,Visit to a temple
54495,惨劇,さんげき,산게키,참극,N1,Tragedy; tragic event
49245,閑寂,かんじゃく,칸쟈쿠,한적함,N1,quiet; seclusion; silence
30828,晩酌,ばんしゃく,반샤쿠,반주,N1,evening drink (at home)
50124,産み月,うみずき,우미즈키,산달,N1,last month of pregnancy
49548,産湯,うぶゆ,우부유,산탕,N1,first bath of a newborn
49544,産着,うぶぎ,우부기,배냇저고리,N1,newborn's first clothes
49545,産毛,うぶげ,우부게,솜털,N1,downy hair; peach fuzz
46744,足弱,あしよわ,아시요와,다리가 약한,N1,weak-legged; woman/child
47033,衆生,しゅじょう,슈죠우,중생,N1,all living things; sentient beings
40911,老若,ろうにゃく,로우냐쿠,"노소,노약",N1,young and old
14345,寂れる,さびれる,사비레루,쇠락하다,N1,To decline; to go to ruin
15890,尺度,しゃくど,샤쿠도,척도,N1,Scale; measure; yardstick
40252,領袖,りょうしゅう,료우슈우,"영수, 우두머리",N1,leader; boss; figurehead
25227,手習い,てならい,테나라이,"글씨 연습, 배움",N1,"learning, practicing penmanship"
38554,軟らかい,やわらかい,야와라카이,부드럽다,N2,soft; limp (not stiff)
37103,むしゃむしゃ,むしゃむしゃ,무샤무샤,우적우적,N1,munching; crunching
31504,人集め,ひとあつめ,히토아츠메,사람을 모음,N1,gathering people; recruiting
27912,七十,ななじゅう,나나쥬우,칠십,N1,seventy
19172,寿司,すし,스시,스시,N3,sushi
27845,謎解き,なぞとき,나조토키,수수께끼풀이,N1,"solving a mystery, puzzle-solving"
25176,撤退,てったい,텟타이,철수,N1,"evacuation, withdrawal, retreat"
24666,集う,つどう,츠도우,모이다,N1,"to gather, to meet, to assemble"
19186,進む,すすむ,스스무,진행하다,N5,"to advance, to proceed, to go forward"
24665,集い,つどい,츠도이,모임,N1,"gathering, meeting"
21781,貸借,たいしゃく,타이샤쿠,대차,N1,"debit and credit, loan"
16353,出航,しゅっこう,슛코우,출항,N2,"setting sail, departure (ship/plane)"
21261,速報,そくほう,소쿠호우,속보,N3,"news flash, bulletin"
19448,隅,すみ(ぐう),스미(구우),모퉁이(우),N3,"corner, nook"
16168,羞恥,しゅうち,슈우치,수치심,N1,"shyness, shame, humiliation"
15899,借用,しゃくよう,샤쿠요우,차용,N1,Borrowing; loan
49859,狩る,かる,카루,사냥하다,N1,to hunt
39064,容姿,ようし,요우시,"외모,용자",N1,appearance; figure
14706,酸味,さんみ,산미,산미,N2,Sourness; acidity
5290,思わしい,おもわしい,오모와시이,"바람직하다, 만족스럽다",N1,Satisfactory; desirable
2245,一転,いってん,잇텐,일전,N1,A complete change; a reversal
139336,朱塗り,しゅぬり,슈누리,주홍색을 칠함,N1,Vermilion-lacquered
120685,施し,ほどこし,호도코시,은혜를 배품,N1,Alms; charity
1024,雨漏り,あまもり,아마모리,비샘,N1,Leaking of rain (from roof)
32830,布施,ふせ,후세,보시,N1,alms; offerings
64450,日傘,ひがさ,히가사,양산,N1,Parasol; sunshade
63444,散り散り,ちりぢり,치리지리,뿔뿔이 흩어짐,N2,Scattered; dispersed
61616,手柄,てがら,테가라,"공로, 공적",N1,Achievement; merit
60080,電卓,でんたく,덴타쿠,계산기,N1,Calculator
58287,辛酸,しんさん,신산,"괴로움과 쓰라림,신산",N2,Hardship; bitterness
59267,手繰る,たぐる,타구루,끌어당기다,N1,To reel in; to haul in; to trace (back)
58804,施主,せしゅ,세슈,"시주, 주인",N1,Donor; benefactor; chief mourner
55728,朱筆,しゅひつ,슈히츠,"붉은 펜,주필",N1,Red ink brush/pen; correction in red
46912,雨傘,あまがさ,아마가사,우산,N1,umbrella (for rain)
48720,下肢,かし,카시,하지,N1,lower limbs; legs
41763,脂ぎる,あぶらぎる,아부라기루,번들거리다,N1,to be greasy; to be oily
10245,屈指,くっし,쿳시,굴지,N1,Leading; prominent; one of the best
38656,雄姿,ゆうし,유우시,웅지,N1,majestic figure; brave appearance
17914,地代,じだい,지다이,지대,N1,land rent
15401,肢体,したい,시타이,"지체, 몸",N1,Limbs and body
36010,마모루,まもる,마모루,마모루 (이름),N1,"Mamoru (name meaning ""to protect"")"
35078,防水,ぼうすい,보우스이,방수,N1,waterproof; watertight
31261,引き寄せる,ひきよせる,히키요세루,끌어당기다,N1,to draw close; to attract
16473,手腕,しゅわん,슈완,수완,N1,"ability, skill, capacity"
25389,添削,てんさく,텐사쿠,첨삭,N1,"correction, looking over (writing)"
27817,名指し,なざし,나자시,지명,N1,"naming, calling by name"
18293,樹脂,じゅし,쥬시,수지,N1,"resin, rosin"
27489,内臓,ないぞう,나이조우,내장,N1,"internal organs, viscera"
20955,相愛,そうあい,소우아이,"상애, 서로 사랑함",N1,mutual love
9733,筋力,きんりょく,킨료쿠,근력,N1,Physical strength; muscle power
24017,聴取,ちょうしょ,쵸우쇼,청취,N2,"hearing, listening, interrogation"
19060,清々しい,すがすがしい,스가스가시이,상쾌하다,N2,"refreshing, bracing, fresh"
19167,凄まじい,すさまじい,스사마지이,무시무시하다,N1,"terrific, fierce, staggering"
20055,急かす,せかす,세카스,재촉하다,N1,"to hurry someone, to urge"
20221,設置,せっち,셋치,설치,N3,"establishment, installation"
15675,痺れ,しびれ,시비레,"저림, 마비",N1,"Numbness; ""pins and needles"""
17277,心機,しんき,신키,심기,N1,"mental state, turning point"
12855,殊に,ことに,코토니,특히,N1,Especially; particularly
16458,狩猟,しゅりょう,슈료우,수렵,N1,hunting
12857,殊の外,ことのほか,코토노호카,유난히,N1,Exceedingly; unusually
12846,殊更,ことさら,코토사라,"일부러, 각별히",N1,Especially; intentionally
186374,てかる,てかる,테카루,번들거리다,N1,To shine (often oily skin)
8486,喜捨,きしゃ,키샤,희사 (돈을 기부함),N1,Alms; charity; donation
67314,室咲き,むろざき,무로자키,온실 재배,N1,Hothouse bloom
6166,確執,かくしつ,카쿠시츠,"불화, 반목",N1,Discord; feud; friction
5425,恩赦,おんしゃ,온샤,은사,N1,Amnesty; pardon
29523,袴,はかま,하카마,하카마,N4,Hakama (traditional trousers)
3277,写し,うつし,우츠시,"촬영,필사,사본",N1,Copy; duplicate; transcript
68712,湿す,しめす,시메스,"축이다, 적시다",N1,To moisten; to dampen
14002,作詞,さくし,사쿠시,작사,N1,Writing lyrics
31943,品詞,ひんし,힌시,품사,N1,part of speech
66445,見誤る,みあやまる,미아야마루,오인하다,N1,To misjudge; to mistake
2584,射る,いる,이루,(활을) 쏘다,N1,To shoot (an arrow)
63426,生煮え,なまにえ,나마니에,설익음,N1,Half-cooked
31444,必須,ひっす,힛스,필수,N2,essential; required
56408,紫根,しこん,시콘,자곤,N1,Gromwell root (purple dye)
57579,除湿,じょしつ,죠시츠,제습,N1,Dehumidification
59313,多湿,たしつ,타시츠,다습,N1,Humid
56948,質屋,しちや,시치야,전당포,N1,Pawnshop
53953,紫煙,しえん,시엔,자욱한 담배연기,N1,purple smoke; cigarette smoke
50144,湿り,しめり,시메리,습기,N1,moisture; dampness
40597,礼状,れいじょう,레이죠우,"감사편지, 예장",N1,letter of thanks
17287,新曲,しんきょく,신쿄쿠,신곡,N1,new song/composition
20062,咳,せき,세키,기침,N3,cough
12684,古書,こしょ,코쇼,고서,N1,Old book; rare book
49238,乾漆,かんしつ,칸시츠,건칠,N1,dry lacquer
50654,逆光,ぎゃっこう,걋코우,역광,N1,backlight
24148,直射,ちょくしゃ,쵸쿠샤,직사,N1,"direct fire, direct rays"
37600,申し出,もうしで,모우시데,신청,N2,offer; proposal; report
46616,悪疾,あくしつ,아쿠시츠,"악질,고질병",N1,malignant disease
48776,我執,あしゅう,아슈우,아집,N1,egoism; attachment to self
31798,平謝り,ひらあやまり,히라아야마리,석고대죄,N1,earnest apology
42807,大赦,だいしゃ,다이샤,"대사, 사면",N1,amnesty; general pardon
28536,入室,にゅうしつ,뉴우시츠,입실,N1,entering a room
46066,邪悪,じゃあく,쟈아쿠,사악,N1,evil; wicked
41840,正邪,せいじゃ,세이쟈,정사 (옳고 그름),N1,right and wrong; good and evil
15088,紫外,しがい,시가이,자외,N1,Ultraviolet
23813,注視,ちゅうし,츄우시,주시,N1,"gazing, steady look"
28496,煮やす,にやす,니야스,삶다,N1,"to boil, to cook (often used as 'tease')"
25026,丁重,ていちょう,테이쵸우,정중함,N1,"polite, courteous, hospitable"
24265,陳謝,ちんしゃ,친샤,"사죄, 사과함",N1,apology
19642,頭痛,ずつう,즈츠우,두통,N3,headache
15510,疾走,しっそう,싯소우,질주,N1,Sprinting; dashing
15554,執務,しつむ,시츠무,집무,N1,Office work; performance of duties
15481,漆器,しっき,식키,칠기,N1,Lacquerware
15905,射撃,しゃげき,샤게키,사격,N1,Shooting; firing
2197,一蹴,いっしゅう,잇슈우,일축,N1,Refusal; kicking away; rejecting flatly
32645,服従,ふくじゅう,후쿠쥬우,복종,N1,obedience; submission
1027,雨宿り,あまやどり,아마야도리,비긋기,N3,Taking shelter from the rain
54698,大蛇,おろち,오로치,큰 뱀,N1,Giant snake; serpent
919,暴く,あばく,아바쿠,"폭로하다, 파헤치다",N2,To disclose; to divulge; to debunk
205070,伯叔,はくしゅく,하쿠슈쿠,백숙,N1,Uncles (paternal)
62204,長蛇,ちょうだ,초다,"장사(큰 뱀), 긴 줄",N1,Long line/queue; huge snake
59341,蛇足,だそく,다소쿠,사족,N1,Redundancy (lit. snake legs)
64046,腫れ,はれ,하레,부음,N1,Swelling
63939,腫らす,はらす,하라스,붓게 하다,N1,To cause to swell
62277,菜種,なたね,나타네,유채씨,N1,Rapeseed
62070,ちゃんちゃんこ,ちゃんちゃんこ,챤챤코,패딩조끼,N1,Padded sleeveless kimono vest
61860,祝言,しゅうげん,슈우겐,"축사, 혼례",N1,Wedding; celebration
32006,美醜,びしゅう,비슈우,미추,N1,beauty and ugliness
55570,酒盛り,さかもり,사카모리,술잔치,N1,Drinking bout; revelry
55675,従容,しょうよう,쇼우요우,"종용함, 침착함",N1,Calm; composed; quiet
29288,呪う,のろう,노로우,저주하다,N1,To curse
54865,三位,さんみ,산미,삼품,N1,Third rank; Trinity
57616,叙する,じょする,죠스루,서위(작위 수여)하다,N1,To describe; to narrate; to confer (a rank)
53692,酒好き,さけずき,사케즈키,술꾼,N1,drinker; lover of sake
16299,珠算,しゅざん,슈잔,주산,N1,calculation on the abacus
25774,伝授,でんじゅ,덴쥬,전수,N1,"initiation, instruction"
45349,珠玉,しゅぎょく,슈교쿠,주옥,N1,gem; jewel; masterpiece
46920,甘酒,あまざけ,아마자케,"단술, 식혜",N1,Amazake (sweet sake)
42706,焜炉,こんろ,콘로,"가스레인지,곤로",N1,cooking stove; burner
38996,余韻,よいん,요인,여운,N1,lingering memory; resonance; aftertaste
37313,名店,めいてん,메이텐,맛집,N1,famous store
39073,洋酒,ようしゅ,요우슈,양주,N1,Western liquor
37612,猛獣,もうじゅう,모우쥬우,맹수,N1,beast of prey; wild animal
24711,粒,つぶ,츠부,톨,N4,"grain, bead, drop"
37096,虫刺され,むしさされ,무시사사레,벌레물린 곳,N1,insect bite
24035,鳥獣,ちょうじゅう,쵸우쥬우,"조수, 새와 짐승",N1,"birds and beasts, wildlife"
24147,直視,ちょくし,쵸쿠시,직시,N1,"looking someone in the eye, facing (reality)"
15289,私淑,ししゅく,시슈쿠,사숙 (직접 배우지는 않으나 스승으로 모심),N1,Looking up to (a teacher); adoring
16452,腫瘍,しゅよう,슈요우,종양,N1,tumor
23127,蛇行,だこう,다코우,"사행, 구불구불함",N1,"meandering, zigzagging"
22505,縦横,たてよこ,타테요코,"종횡, 가로세로",N1,"length and width, in all directions"
21432,背ける,そむける,소무케루,외면하다,N1,to turn away (one's face/eyes)
19137,優れる,すぐれる,스구레루,뛰어나다,N3,"to surpass, to excel, to be superior"
16267,淑女,しゅくじょ,슈쿠죠,숙녀,N1,"lady, gentlewoman"
19270,捨てる,すてる,스테루,버리다,N4,"to throw away, to discard"
16160,醜態,しゅうたい,슈우타이,추태,N1,"disgraceful behavior, unseemly sight"
14588,惨事,さんじ,산지,참사,N1,Disaster; tragedy; catastrophe
13924,酒屋,さかや,사카야,술집,N1,Liquor store
194898,並べ代え,ならべかえ,나라베카에,정렬,N1,Rearrangement / Sorting
19868,生成,せいせい,세이세이,생성,N1,"generation, creation, formation"
28581,柔和,にゅうわ,뉴우와,유화,N1,"gentle, mild, meek"
24037,重畳,ちょうじょう,쵸우죠우,"중첩, 겹침",N1,"superposition, repeating, being pleased"
19402,滑り台,すべりだい,스베리다이,미끄럼틀,N3,slide (playground)
12007,高下,こうげ,코우게,"오르내림,고하",N1,Rise and fall; fluctuations; rank
19260,素敵,すてき,스테키,아주 멋짐,N3,"lovely, wonderful, nice"
10366,組み替える,くみかえる,쿠미카에루,재편성하다,N1,To rearrange; to recombine
154852,頬っぺ,ほっぺ,홋페,볼떼기,N1,Cheek
19189,進める,すすめる,스스메루,진행하다,N5,"to advance, to promote, to hasten"
19536,擦る,する,스루,으깨다,N3,"to rub, to chafe, to file"
173619,重ね着,かさねぎ,카사네기,겹쳐입기,N1,Layering clothes
62607,柔弱,にゅうじゃく,뉴자쿠,유약함,N1,Effeminate; weak
43259,儒学,じゅがく,쥬가쿠,유학,N1,Confucianism
39790,乱,らん,란,난,N4,rebellion; disorder; war
40289,量的,りょうてき,료우테키,양적,N1,quantitative
38107,八重桜,やいざくら,야이자쿠라,겹벚꽃,N1,double-flowered cherry tree
19611,図々しい,ずうずうしい,즈우즈우시이,뻔뻔스럽다,N3,"impudent, shameless, cheeky"
19025,据え付ける,すえつける,스에츠케루,"설치하다,고정시켜 놓다",N1,"to install, to equip, to mount"
19021,末っ子,すえっこ,스엣코,막내,N3,youngest child
19033,据える,すえる,스에루,설치하다,N2,"to set, to place, to install"
19159,健やか,すこやか,스코야카,건강,N2,"healthy, sound, wholesome"
19174,筋,すじ,스지,줄기,N2,"muscle, fiber, plot, lineage"
19204,裾,すそ,스소,옷자락,N3,"hem, cuff, foot of a mountain"
19246,すっ,すっ,숫,휙,N3,"quickly, smoothly, all of a sudden"
19343,即ち,すなわち,스나와치,즉,N2,"that is to say, namely"
19644,頭脳,ずのう,즈노우,두뇌,N2,"brains, intellect"
19435,住まう,すまう,스마우,주거. 사는 곳,N3,"to reside, to live"
19437,済ます,すます,스마스,끝내다,N1,"to finish, to settle, to get over with"
19480,澄む,すむ,스무,맑다,N4,to become clear (water/air)
19653,ずらす,ずらす,즈라스,옆으로 비켜놓다,N2,"to shift, to slide, to postpone"
19547,擦れ違い,すれちがい,스레치가이,비껴감,N2,"passing each other, missing each other"
19550,擦れる,すれる,스레루,스치다,N2,"to rub, to be worn, to become sophisticated"
19573,寸法,すんぽう,슨포우,치수,N2,"measurements, dimensions, plan"
19701,成育,せいいく,세이이쿠,"자람,성육",N1,"growth, development"
19724,正解,せいかい,세이카이,정답,N3,correct answer
19772,制限,せいげん,세이겐,제한,N3,"restriction, limit"
19771,政権,せいけん,세이켄,정권,N3,"political administration, power"
19781,精巧,せいこう,세이코우,정교,N2,"elaborate, delicate, exquisite"
19805,星座,せいざ,세이자,성좌,N2,constellation
19793,制裁,せいさい,세이사이,제재,N1,"sanctions, punishment"
19795,制作,せいさく,세이사쿠,제작,N2,production (art/film)
19797,製作,せいさく,세이사쿠,제작,N2,"manufacture, production"
19803,生産,せいさん,세이산,생산,N4,"production, manufacture"
19815,生死,せいし,세이시,생사,N1,life and death
18261,需給,じゅきゅう,쥬큐우,수급,N1,supply and demand
18262,儒教,じゅきょう,쥬쿄우,유교,N1,Confucianism
5764,懐柔,かいじゅう,카이쥬우,회유,N1,Appeasement; winning over
104964,極性,きょくせい,쿄쿠세이,극성,N1,Polarity
70855,優性,ゆうせい,유우세이,우성,N1,Dominant (genetics)
70223,劣性,れっせい,렛세이,열성,N1,Recessive (genetics)
63147,敗血,はいけつ,하이케츠,패혈,N1,Sepsis; blood poisoning
46960,一網,いちもう,이치모우,일망,N1,a single casting of a net
46961,打尽,だじん,다진,타진,N1,sweeping up; rounding up (with Ichimo-)
40572,霊感,れいかん,레이칸,영감,N1,inspiration; spiritual sense
40036,立案,りつあん,리츠안,입안,N1,drafting; planning
34356,ＰＨ,ペーハー,페에하아,PH,N1,pH (potential of hydrogen)
19823,性質,せいしつ,세이시츠,성질,N3,"nature, property, disposition"
19846,誠実,せいじつ,세이지츠,성실,N3,"sincere, honest, faithful"
19850,成熟,せいじゅく,세이쥬쿠,성숙,N1,"maturity, ripeness"
19827,聖書,せいしょ,세이쇼,성서,N1,"Bible, scriptures"
19855,正常,せいじょう,세이죠우,정상,N3,"normal, normalcy"
19833,青少年,せいしょうねん,세이쇼우넨,청소년,N3,"youth, young people"
19862,整数,せいすう,세이스우,정수,N2,"integer, whole number"
19876,精々,せいぜい,세이제이,기껏,N2,"at most, at best, to the best of one's ability"
19872,成績,せいせき,세이세키,성적,N3,"results, record, grades"
19885,清掃,せいそう,세이소우,청소,N3,"cleaning, sweeping"
19892,製造,せいぞう,세이조우,제조,N2,"manufacture, production"
19905,盛大,せいだい,세이다이,성대,N3,"grand, magnificent, splendid"
19917,生長,せいちょう,세이쵸우,생장,N2,growth (of plants)
19920,制定,せいてい,세이테이,제정,N1,"enactment, establishment"
19924,製鉄,せいてつ,세이테츠,제철,N1,iron manufacture
19925,晴天,せいてん,세이텐,청천,N2,"fine weather, clear sky"
19939,制度,せいど,세이도,제도,N4,"system, institution"
19930,生徒,せいと,세이토,학생,N5,"pupil, student"
19932,政党,せいとう,세이토우,정당,N2,political party
19933,正当,せいとう,세이토우,정당,N1,"just, justifiable, legitimate"
19952,成年,せいねん,세이넨,성년,N2,"adult age, majority"
19953,青年,せいねん,세이넨,청년,N3,"young man, youth"
19954,性能,せいのう,세이노우,성능,N2,"ability, performance, efficiency"
19972,整備,せいび,세이비,정비,N3,"maintenance, servicing, preparation"
19974,政府,せいふ,세이후,정부,N5,government
19976,制服,せいふく,세이후쿠,제복,N3,uniform
19977,征服,せいふく,세이후쿠,정복,N1,"conquest, subjugation"
19987,性別,せいべつ,세이베츠,성별,N2,"gender, sex"
19992,製法,せいほう,세이호우,제법,N1,"manufacturing method, recipe"
20004,姓名,せいめい,세이메이,성명,N1,full name
20006,生命,せいめい,세이메이,생명,N2,"life, existence"
20003,声明,せいめい,세이메이,성명,N2,"declaration, statement"
20008,正門,せいもん,세이몬,정문,N3,main gate
20010,制約,せいやく,세이야쿠,제약,N1,"limitation, constraint"
20024,整理,せいり,세이리,정리,N4,"sorting, arrangement, liquidation"
20025,生理,せいり,세이리,생리,N1,"physiology, menstruation"
20033,勢力,せいりょく,세이료쿠,세력,N2,"influence, power, force"
20038,西暦,せいれき,세이레키,서기,N2,"Christian Era, A.D."
20052,背負う,せおう,세오우,등에 메다,N2,"to carry on one's back, to shoulder"
20097,石炭,せきたん,세키탄,석탄,N2,coal
20115,責務,せきむ,세키무,책무,N1,"duty, obligation"
234980,軸力,じくりょく,지쿠료쿠,축력,N1,Axial force
32062,微分,びぶん,비분,미분,N1,differentiation (calculus); infinitesimal
66535,弁証,べんしょう,벤쇼우,변증,N1,Dialectics; proof
65510,部材,ぶざい,부자이,부재,N1,Member; component
64553,微視,びし,비시,미시,N1,Microscopic
56536,磁場,じじょう,지죠우,자장,N1,Magnetic field
28259,二元,にげん,니겐,이원,N1,"dual, duality"
57930,正則,せいそく,세이소쿠,정칙,N1,Regular; standard; formal
25773,電磁,でんじ,덴지,전자,N1,electromagnetic
25780,伝送,でんそう,덴소우,전송,N1,transmission
21691,対角,たいかく,타이카쿠,대각,N1,diagonal
58114,深淵,しんえん,신엔,심연,N1,Abyss; deep chasm
60030,電場,でんじょう,덴죠우,"전기장,전장",N1,Electric field
20981,相関,そうかん,소우칸,상관,N1,"correlation, interrelation"
59064,代数,だいすう,다이스우,대수,N1,Algebra; number of generations
55033,金字,こんじ,콘지,금자,N1,Gold letters; monumental (achievement)
51828,巨視,きょし,쿄시,거시,N1,macroscopic
21795,対称,たいしょう,타이쇼우,대칭,N1,symmetry
51241,群論,ぐんろん,군론,군론,N1,group theory
52937,公準,こうじゅん,코우쥰,공준,N1,postulate; axiom
20123,石油,せきゆ,세키유,석유,N3,"oil, petroleum, kerosene"
52128,光電,こうでん,코우덴,광전,N1,photoelectric
41211,枠組み,わくぐみ,와쿠구미,틀,N1,framework; outline
48427,応力,おうりょく,오우료쿠,응력,N1,stress (physics)
11861,項,こう,코우,항,N1,Paragraph; item; term (math)
5595,過,か,카,과,N1,Excess; (prefix for past/over)
9851,逆説,ぎゃくせつ,갸쿠세츠,역설,N1,Paradox
20433,線形,せんけい,센케이,선형,N1,linear
1971,位相,いそう,이소우,위상,N1,Phase (physics/math); topology
38641,有限,ゆうげん,유우겐,유한,N1,finite; limited
10978,形状,けいじょう,케이죠우,형상,N1,Shape; form
41070,論法,ろんぽう,론포우,논법,N1,reasoning; logic
37306,命題,めいだい,메이다이,명제,N1,proposition; thesis
34783,骨組み,ほねぐみ,호네구미,"뼈대,골조",N1,skeleton; framework; outline
4196,演算,えんざん,엔잔,연산,N1,Operation; calculation (math/comp)
20156,世帯,せたい,세타이,가구. 세대,N1,household
20244,節,せつ,세츠,마디,N2,"joint, knot, verse, section"
20113,積分,せきぶん,세키분,적분,N1,integral (calculus)
20247,説,せつ,세츠,설,N2,"theory, view, rumor"
20166,切開,せっかい,셋카이,절개,N1,"incision, opening up"
17956,実体,じったい,짓타이,실체,N1,"entity, substance, reality"
20177,積極,せっきょく,셋쿄쿠,적극,N3,"positive, active, proactive"
20178,接近,せっきん,셋킨,접근,N3,"approach, nearing"
20184,設計,せっけい,셋케이,설계,N4,"plan, design"
20261,切実,せつじつ,세츠지츠,절실,N1,"compelling, serious, earnest"
17000,処する,しょせる,쇼세루,처하다,N1,"to manage, to deal with, to sentence"
12191,光速,こうそく,코우소쿠,광속,N1,Speed of light
12422,功利,こうり,코우리,공리,N1,Utility; self-interest
104810,側,そく,소쿠,측,N1,Side
101831,ドゥルーズ,ドゥルーズ,도루우즈,들뢰즈,N1,Deleuze (philosopher)
32984,不変,ふへん,후헨,불변,N1,unchangeable; immutable
71137,恒等,こうとう,코우토우,항등,N1,Identity; identical
30707,バッハ-外国,バッハ,밧하,바흐,N1,Bach (Composer)
64210,汎神,はんしん,한신,범신,N1,Pantheistic
62934,粘性,ねんせい,넨세이,점성,N1,Viscosity
29800,破断,はだん,하단,파단,N1,Fracture / breaking
59997,繋ぎ止める,つなぎとめる,츠나기토메루,붙들어 매다,N1,To tie down; to hold back
26297,特性,とくせい,토쿠세이,특성,N1,"characteristic, trait"
25903,透過,とうか,토우카,투과,N1,"permeation, penetration, transmission"
24345,追従,ついじゅう,츠이쥬우,추종,N1,"following, flattery, sycophancy"
22764,単,たん,탄,단,N1,"single, simple"
22698,多面,ためん,타멘,다면,N1,"many-sided, multifaceted"
21217,即,そく,소쿠,즉,N1,"immediately, that is to say"
49522,級数,きゅうすう,큐우스우,급수,N1,series (mathematics); progression
44360,モンテカルロ,モンテカルロ,몬테카르로,몬테카를로로,N1,Monte Carlo
39818,乱数,らんすう,란스우,난수,N1,random number
37021,向き,むき,무키,방향,N1,direction; suitability; for (suffix)
20213,せっせと,せっせと,셋세토,부지런히,N2,"diligently, assiduously"
20268,接続,せつぞく,세츠조쿠,접속,N1,"connection, junction"
20223,折衷,せっちゅう,셋츄우,절충,N2,"compromise, blending"
20232,説得,せっとく,셋토쿠,설득,N2,persuasion
20277,設備,せつび,세츠비,설비,N3,"equipment, facilities"
20282,節約,せつやく,세츠야쿠,절약,N3,"economizing, saving"
20286,設立,せつりつ,세츠리츠,설립,N2,"establishment, founding"
20293,セト,セト,세토,세토(지명),N2,Seto (place name / ceramics)
20335,せめて,せめて,세메테,적어도,N2,"at least, at most"
20505,先日,せんじつ,센지츠,일전,N3,"the other day, a few days ago"
20482,先週,せんしゅう,센슈우,지난주,N5,last week
20483,専修,せんしゅう,센슈우,전공,N1,"specialization, major"
20511,戦術,せんじゅつ,센쥬츠,전술,N1,tactics
7588,監獄,かんごく,칸고쿠,감옥,N1,Prison; jail
20523,扇子,せんす,센스,쥘부채,N2,folding fan
20524,潜水,せんすい,센스이,잠수,N1,"diving, submerging"
19013,数理,すうり,스우리,수리,N1,mathematics (logic/theory)
16193,周波,しゅうは,슈우하,주파,N1,"frequency, wave (cycles)"
15937,写像,しゃぞう,샤조우,사상,N1,Mapping; image (math)
7850,還流,かんにゅう,칸뉴우,환류,N1,Reflux; return current
11643,言及,げんきゅう,겐큐우,언급,N1,Mention; reference
9657,近似,きんじ,킨지,근사,N1,Approximation; resemblance
9243,共振,きょうしん,쿄우신,공진,N1,Resonance
9429,挙動,きょどう,쿄도우,거동,N1,Conduct; behavior; movement
6395,可視,かし,카시,가시,N1,Visible
2302,遺伝,いでん,이덴,유전,N1,Heredity; genetics
182304,閉,へい,헤이,폐,N1,Closed / Shut
237915,逆性,ぎゃくせい,갸쿠세이,역성,N1,Inverse / Opposite nature
226871,重ね合わせ,かさねあわせ,카사네아와세,중첩,N1,Superposition / Overlay
32654,複素,ふくそ,후쿠소,복소,N1,complex (as in complex numbers)
32948,不動,ふどう,후도우,부동,N1,immobile; firm; (also) real estate
30370,反証,はんしょう,한쇼우,반증,N1,disproof; counter-evidence
25800,伝播,でんぱ,덴파,전파,N1,"propagation, spread"
174974,正孔,せいこう,세이코우,정공,N1,Electron hole
25001,定数,ていすう,테이스우,상수,N1,"fixed number, constant"
68313,網状,もうじょう,모우죠우,"망 형태,망태",N1,Network; net-like
21821,対数,たいすう,타이스우,대수,N1,logarithm
65023,物性,ぶっせい,붓세이,물성,N1,Physical properties
21063,相似,そうじ,소우지,상이,N1,"resemblance, similarity"
20529,専制,せんせい,센세이,전제(정치),N1,"despotism, autocracy"
20545,先祖,せんぞ,센조,선조. 조상,N3,ancestor
20543,戦争,せんそう,센소우,전쟁,N5,war
20559,先代,せんだい,센다이,선대,N1,"predecessor, previous generation"
43355,フッサール-外国,フッサール,훗사아루,후설,N1,Husserl (Edmund Husserl)
47554,律,りつ,리츠,률,N1,law; rhythm; regulation
42140,凌駕,りょうが,료우가,능가,N1,to surpass; to outstrip; to excel
20552,選択,せんたく,센타쿠,선택,N3,"selection, choice"
20563,先達て,せんだって,센닷테,요전에,N1,"the other day, recently"
20554,先端,せんたん,센탄,첨단. 선단,N2,"tip, point, cutting edge"
20570,先着,せんちゃく,센챠쿠,선착,N1,first arrival
20585,宣伝,せんでん,센덴,선전,N3,"propaganda, advertisement"
20590,先頭,せんとう,센토우,선두,N2,"head, lead, van"
20605,潜入,せんにゅう,센뉴우,잠입,N1,"infiltration, sneaking in"
20617,先輩,せんぱい,센파이,선배,N4,"senior, superior"
20632,扇風,せんぷう,센푸우,선풍,N3,fan (electric)
20541,戦前,せんぜん,센젠,전쟁 전,N1,pre-war
19935,正統,せいとう,세이토우,정통,N1,"orthodox, legitimate"
19695,製,せい,세이,#NAME?,N4,"made in..., manufactured"
20125,積乱,せきらん,세키란,적란,N1,cumulonimbus (cloud)
19614,図画,ずが,즈가,도화,N2,"drawing, picture"
20209,節水,せっすい,셋스이,절수,N1,water conservation
20473,戦士,せんし,센시,전사,N1,"warrior, soldier"
19730,生還,せいかん,세이칸,생환,N1,"returning alive, survival"
11389,検知,けんち,켄치,검지,N1,Detection; sensing
19111,救い,すくい,스쿠이,도움,N2,"help, rescue, salvation"
17945,実証,じっしょう,짓쇼우,실증,N1,"verification, proof"
9859,逆流,ぎゃくりゅう,갸쿠류우,역류,N1,Backward flow; reflux
18993,推論,すいろん,스이론,추론,N1,"inference, deduction"
16834,障壁,しょうへき,쇼우헤키,장벽,N1,"barrier, obstacle"
14507,散逸,さんいつ,산이츠,산일,N1,Dissipation; dispersion
12421,公理,こうり,코우리,공리,N1,Axiom; self-evident truth
4943,押し退ける,おしのける,오시노케루,밀어내다,N1,To push aside; to elbow out
174655,引っ張り,ひっぱり,힛파리,인장,N1,Pulling; tension
30872,万物,ばんぶつ,반부츠,만물,N1,all things; creation
27074,導出,どうしゅつ,도우슈츠,도출,N1,"derivation, deduction"
93359,記法,きほう,키호우,표기법,N1,Notation
25581,ＤＮＡ,ディーエヌエー,디이에누에이,DNA,N1,DNA
20939,双,そう,소우,쌍,N1,"pair, set, counter for pairs"
21552,造形,ぞうけい,조우케이,조형,N1,"modeling, molding, plastic arts"
87416,回り込む,まわりこむ,마와리코무,돌아 들어가다,N1,To go around; to bypass
20100,関取,せきとり,세키토리,스모선수,N1,sumo wrestler (ranked)
135806,塗り分ける,ぬりわける,누리와케루,나누어 칠하다,N1,To paint in different colors
63164,媒質,ばいせつ,바이세츠,매질,N1,Medium (physics)
61290,層状,そうじょう,소우죠우,층상,N1,Stratified; layered
50498,気泡,きほう,키호우,기포,N1,bubble
20106,関の山,せきのやま,세키노야마,"고작, 기껏해야",N1,"the best one can do, the limit"
20351,台詞回し,せりふまわし,세리후마와시,대사의 구사,N1,"delivery (of lines), elocution"
19890,生息,せいそく,세이소쿠,"서식,생식",N2,"inhabiting, living"
20415,占拠,せんきょ,센쿄,점거,N1,"occupation, possession"
20424,鮮魚,せんぎょ,센교,"생선, 신선한 물고기",N1,fresh fish
19756,制御,せいぎょ,세이교,제어,N1,"control, management"
20271,節度,せつど,세츠도,"절도, 중용",N1,"moderation, standard"
20302,狭まる,せばまる,세바마루,좁아지다,N1,"to narrow, to contract"
19176,筋書き,すじがき,스지가키,줄거리,N1,"synopsis, plot, plan"
43920,ちゅう,ちゅう,츄우,츄우,N1,kiss (onomatopoeia); middle
38649,融合,ゆうごう,유우고우,융합,N1,fusion; merger
19982,西部,せいぶ,세이부,서부,N1,"western part, the West"
20428,先駆,せんく,센쿠,선구,N1,"pioneer, forerunner"
20436,鮮血,せんけつ,센케츠,선혈,N1,fresh blood
20204,殺生,せっしょう,셋쇼우,살생,N1,"taking life, killing animals, cruel"
20084,石材,せきざい,세키자이,석재,N1,"stone, stone materials"
20460,センゴク,せんごく,센고쿠,천석,N1,Sengoku (Warring States period)
20085,析出,せきしゅつ,세키슈츠,석출,N1,"precipitation, separation"
20087,席上,せきじょう,세키죠우,"석상, 자리",N1,"at the meeting, on the occasion"
19285,素手,すで,스데,맨손,N2,bare hands
19652,図면,ずめん,즈멘,도면,N1,"blueprint, floor plan (drawn from 'zumenn')"
20352,施療,せりょう,세료우,"무료 치료, 시료",N1,medical treatment (often free)
19831,青松,せいしょう,세이쇼우,푸른 소나무,N1,green pine tree
19689,生,せい,세이,생,N1,"life, birth, raw"
20637,選別,せんべつ,센베츠,선별,N1,"sorting, grading"
20194,切削,せっさく,셋사쿠,절삭,N1,"cutting, machining"
16148,集積,しゅうせき,슈우세키,집적,N1,"accumulation, pile, integration"
17375,侵食,しんしょく,신쇼쿠,침식,N1,"erosion, corrosion"
15558,質量,しつりょう,시츠료우,질량,N1,Mass
13698,最古,さいこ,사이코,"가장 오래됨,최고",N1,Oldest
8784,基板,きばん,키반,기판,N1,Circuit board; substrate
5786,回折,かいせつ,카이세츠,회절,N1,Diffraction
4782,置き換える,おきかえる,오키카에루,치환하다,N1,To replace; to substitute; to displace
2497,異名,いみょう,이묘우,이명,N1,Alias; nickname; another name
272459,閉,へい,헤이,폐,N1,Closed (Duplicate)
196771,独我,どくが,도쿠가,독아,N1,Solipsism
189846,標数,ひょうすう,효스,표수(특성수),N1,Characteristic (Mathematics)
93860,磁束,じそく,지소쿠,자속,N1,Magnetic flux
33880,平静,へいせい,헤이세이,평정,N1,calm; serenity; composure
32970,不能,ふのう,후노우,불능,N1,impossible; incompetent
92022,テクトニクス,テクトニクス,테크토니쿠스,테크토닉스,N1,Tectonics
33105,振り子,ふりこ,후리코,진자,N1,pendulum
30547,倍増,ばいぞう,바이조우,배증,N1,doubling
30583,爆音,ばくおん,바쿠온,폭음,N1,explosion sound; roar (engine)
172604,層流,そうりゅう,소우류우,층류,N1,Laminar flow
29824,波長,はちょう,하쵸우,파장,N1,Wavelength
105043,等速,とうそく,토우소쿠,등속,N1,Constant speed
98469,地動,ちどう,치도우,지동,N1,Earth's movement (as in heliocentrism)
26952,度合い,どあい,도아이,정도,N1,"degree, extent"
49374,岩盤,がんばん,간반,암반,N1,bedrock
47913,外力,がいりょく,가이료쿠,외력,N1,external force
27516,内面,ないめん,나이멘,내면,N1,"inside, interior, inner face"
39856,乱流,らんりゅう,란류우,난류,N1,turbulent flow
28661,認知,にんち,닌치,인지,N1,"cognition, acknowledgement"
26271,特異,とくい,토쿠이,특이,N1,"singular, peculiar, unique"
22337,畳み込む,たたみこむ,타타미코무,접치다,N1,"to fold into, to press home (an argument)"
22812,探索,たんさく,탄사쿠,탐색,N1,"search, quest"
20575,船長,せんちょう,센쵸우,선장,N1,captain (of a ship)
19856,清浄,せいじょう,세이죠우,청정,N2,"purity, cleanliness"
20495,染織,せんしょく,센쇼쿠,염직,N1,dyeing and weaving
20265,雪辱,せつじょく,세츠죠쿠,설욕,N1,"vindication, revenge (for a loss)"
19951,生肉,せいにく,세이니쿠,생고기,N1,raw meat
20202,折衝,せっしょう,셋쇼우,절충,N1,"negotiation, compromise"
19834,生殖,せいしょく,세이쇼쿠,생식,N1,"reproduction, procreation"
20159,背丈,せたけ,세타케,키,N1,"stature, height"
19859,聖人,せいじん,세이진,성인,N1,"saint, holy person"
19699,誠意,せいい,세이이,성의,N1,"sincerity, good faith"
20034,精力,せいりょく,세이료쿠,정력,N1,"energy, vigor, vitality"
20013,誓約,せいやく,세이야쿠,서약,N1,"pledge, oath, covenant"
20067,積,せき,세키,적,N1,"product (math), volume, footprint"
19015,数列,すうれつ,스우레츠,수열,N1,numerical sequence
2039,至る所,いたるところ,이타루토코로,도처,N1,Everywhere; all over
15673,指標,しひょう,시효우,지표,N1,Index; indicator; benchmark
14725,散乱,さいらん,사이란,산란,N1,Scattering; dispersion; littering
10878,系,けい,케이,계,N1,System; lineage; group
2343,否,いな,이나,아니,N1,(Repeated) Negative; non-
56957,住み分け,すみわけ,스미와케,영역 구분,N1,Habitat segregation; coexistence
31208,引き上げ,ひきあげ,히키아게,인상,N1,raising; withdrawal; increase
49807,借り越し,かりこし,카리코시,차월,N1,overdraft
29448,配当,はいとう,하이토우,배당,N1,Dividend / share
25430,転送,てんそう,텐소우,전송,N1,"transfer, forwarding (mail/data)"
25926,当期,とうき,토우키,당기,N1,current term/period
25979,当座,とうざ,토우자,당좌,N1,"the present, current (account)"
24948,定額,ていがく,테이가쿠,정액,N1,fixed amount/sum
25053,定率,ていりつ,테이리츠,정률,N1,fixed rate
23542,地政,ちせい,치세이,지정,N1,geopolitics
22777,単価,たんか,탄카,단가,N1,unit price
21835,耐性,たいせい,타이세이,내성,N1,"tolerance, resistance"
21533,増,ぞう,조우,증,N1,"increase, gain"
20528,宣誓,せんせい,센세이,선서,N1,"oath, pledge"
19736,請願,せいがん,세이간,청원,N1,petition
19734,声楽,せいがく,세이가쿠,성악,N1,vocal music
20170,せっかち,せっかち,셋카치,성급함,N1,"impatient, hasty"
19927,青天,せいてん,세이텐,청천,N1,blue sky
19829,斉唱,せいしょう,세이쇼우,제창,N1,singing in unison
20203,摂政,せっしょう,셋쇼우,섭정,N1,"regent, regency"
20199,窃取,せっしゅ,셋슈,절취,N1,"stealing, theft"
20091,積雪,せきせつ,세키세츠,적설,N1,"fallen snow, snow cover"
20211,摂生,せっせい,셋세이,절제,N1,"hygiene, taking care of one's health"
19801,凄慘,せいさん,세이산,처절함,N1,"ghastly, gruesome, tragic"
19599,随行,ずいこう,즈이코우,수행,N1,"accompanying, attendance"
19595,随意,ずいい,즈이이,"자유,수의",N1,"voluntary, optional, at will"
19056,素顔,すがお,스가오,맨얼굴,N1,"unpainted face, true self"
20606,仙人,せんにん,센닌,"신선, 선인",N1,"hermit, sage"
20527,占星,せんせい,센세이,점성,N1,astrology
20548,専属,せんぞく,센조쿠,전속,N2,"exclusive, attached to"
20267,節税,せつぜい,세츠제이,절세,N1,tax saving
20356,セル-cell,セル,세루,셀,N1,cell
18374,純,じゅん,쥰,순,N1,"pure, innocent, net"
17965,実,じつ,지츠,실,N1,"fruit, nut, seed, truth"
16620,償却,しょうきゃく,쇼우캬쿠,상각,N1,"depreciation, redemption"
13824,債務,さいむ,사이무,채무,N1,Debt; liabilities
14024,策定,さくてい,사쿠테이,제정,N1,Formulation; mapping out
11869,考案,こうあん,코우안,고안,N1,Device; plan; idea; invention
12409,効用,こうよう,코우요우,효용,N1,Utility; use; benefit
11716,減損,げんそん,겐손,감손,N1,Impairment; loss; wear
11630,減価,げんか,겐카,감가,N1,Depreciation; reduction in price
5884,回避,かいひ,카이히,회피,N1,Evasion; avoidance
5212,オムニ,オムニ,오무니,옴니,N1,Omni (prefix); name context
614,足掛かり,あしがかり,아시가카리,발판,N1,Foothold; stepping stone; clue
33262,粉飾,ふんしょく,훈쇼쿠,분석,N1,window dressing; makeup; embellishment
32682,含み益,ふくみえき,후쿠미에키,평가액,N1,unrealized gain
92032,ディリジェンス,ディリジェンス,데리졘스,딜리전스,N1,Diligence
33305,部位,ぶい,부이,부위,N1,part; region (of body/object)
33548,分化,ぶんか,분카,분화,N1,differentiation; specialization
28761,値上がり,ねあがり,네아가리,오름폭,N1,Price rise / appreciation
28087,軟,なん,난,난,N1,soft
164783,基質,きしつ,키시츠,기질,N1,Substrate
25999,当初,とうしょ,토우쇼,당초,N1,"at the beginning, originally"
24961,定型,ていけい,테이케이,정형,N1,"fixed form, routine"
23303,断固,だんこ,단코,단호,N1,"firm, resolute, determined"
21870,台頭,たいとう,타이토우,대두,N1,"rise, emergence"
145514,産生,さいせん,사이센,생성,N1,Production (biological)
21049,創出,そうしゅつ,소우슈츠,창출,N1,"creation, generation"
21014,奏功,そうこう,소우코우,"일에 성공함,주공",N1,"success, being effective"
20496,染色,せんしょく,센쇼쿠,염색,N1,"dyeing, staining"
19239,巣立つ,すだつ,스다츠,"자립하다, 둥지를 떠나다",N1,"to leave the nest, to graduate"
143983,泳動,えいどう,에이도우,영동,N1,Electrophoresis; migration
19446,炭,すみ,스미,숱,N4,charcoal
19903,生誕,せいたん,세이탄,"탄생,생탄",N1,birth
20604,先入,せんにゅう,센뉴우,선입,N1,"preconception, preoccupation"
48832,加水,かすい,카스이,가수,N1,addition of water; hydration
19043,透かす,すかす,스카스,틈새를 만들다,N2,"to look through, to leave a gap, to thin out"
39717,螺旋,らせん,라센,나선,N1,spiral; helix; screw
38611,有価,ゆうか,유우카,유가,N1,valuable; for value
19142,透ける,すける,스케루,비쳐보이다,N1,"to be transparent, to show through"
19908,精緻,せいち,세이치,"정치함, 정교함",N1,"delicate, minute, exquisite"
20093,積層,せきそう,세키소우,적층,N1,"lamination, layering"
19936,製糖,せいとう,세이토우,제당,N1,sugar manufacture
19632,頭上,ずじょう,즈죠우,머리 위,N1,"overhead, high in the sky"
20395,遷移,せんい,센이,전이,N1,"transition, change"
3748,益,いき,이키,익,N1,Benefit; profit; use
16639,証券,しょうけん,쇼우켄,증권,N1,"securities, bonds"
14661,参入,さんにゅう,산뉴우,"알현,신규진입,참입",N1,Entry (into a market); joining
15564,シティ,シティ,시티,시티,N1,City
12523,国債,こくさい,코쿠사이,국채,N1,National debt; government bond
12185,酵素,こうそ,코우소,효소,N1,Enzyme
12204,抗体,こうたい,코우타이,항체,N1,Antibody
10704,偶発,ぐうはつ,구우하츠,우발,N1,Contingency; accidental occurrence
9204,強固,きょうこ,쿄우코,"견고,강고",N1,Firm; solid; strong
3489,売り込む,うりこむ,우리코무,매도하다,N1,To market; to build a reputation for; to betray
149216,盲検,もうけん,모우켄,맹검,N1,Blind test/study
71074,間質,かんしつ,칸시츠,간질,N1,Interstitial
71418,不斉,ふせい,후세,"비대칭, 불균형",N1,Asymmetry (chiral)
62488,疎水,そすい,소스이,소수,N1,Drainage; canal
52644,光学,こうがく,코우가쿠,광학,N1,optics
51396,形質,けいじつ,케이지츠,형질,N1,trait; character
48134,可逆,かじゃく,카쟈쿠,가역,N1,reversible
48196,核酸,かくさん,카쿠산,핵산,N1,nucleic acid
34009,変異,へんい,헨이,변이,N1,mutation; variation
32088,病原,びょうげん,뵤우겐,병원,N1,pathogen; cause of disease
29916,発現,はつげん,하츠겐,발현,N1,Expression / manifestation
25395,転写,てんしゃ,텐샤,전사,N1,"transcription, transfer"
21570,増殖,ぞうしょく,조우쇼쿠,증식,N1,"proliferation, multiplication"
19965,征伐,せいばつ,세이바츠,정벌,N1,"conquest, subjugation"
20614,選抜,せんばつ,센바츠,선발,N1,"selection, choice"
20623,先般,せんぱん,센판,"일전, 요전",N1,"some time ago, lately"
20108,赤飯,せきはん,세키한,팥밥,N1,sekihan (red rice with beans)
20307,施肥,せひ,세히,시비 (비료를 줌),N1,"fertilization, manuring"
20116,赤面,せきめん,세키멘,"적면, 얼굴을 붉힘",N1,"blushing, being ashamed"
19607,随伴,ずいはん,즈이한,수반,N1,"concomitance, accompanying"
19221,廃る,すたる,스타루,쇠퇴하다,N1,"to go out of fashion, to decline"
20283,説諭,せつゆ,세츠유,"설유, 타이름",N1,"reprimand, admonition"
20124,赤裸々,せきらら,세키라라,적나라,N1,"stark naked, frank, outspoken"
20042,精錬,せいれん,세이렌,제련,N1,"refining, smelting"
20031,清涼,せいりょう,세이료우,청량,N1,"cool, refreshing"
19596,随一,ずいいち,즈이이치,"제일, 으뜸",N1,"number one, the best"
19110,空く,すく,스쿠,비다,N1,"to be empty, to become less crowded"
19546,擦れ擦れ,すれすれ,스레스레,아슬아슬함,N1,"grazing, passing very close"
19093,過ぎ去る,すぎさる,스기사루,지나가다,N2,"to pass by, to go past"
19191,啜る,すする,스스루,홀짝이다,N1,"to sip, to slurp, to sniffle"
20388,船,せん,센,선,N2,"ship, boat"
19922,政敵,せいてき,세이테키,정적,N1,political opponent
19764,成型,せいけい,세이케이,성형,N1,"molding, forming"
19900,生体,せいたい,세이타이,생체,N1,"living body, organism"
19869,精製,せいせい,세이세이,정제,N1,"refining, purification"
19499,すらすら,すらすら,스라스라,술술,N1,"smoothly, fluently"
16701,少々,しょうしょう,쇼우쇼우,잠시,N3,"a little, a few"
16857,醤油,しょうゆ,쇼우유,간장,N4,soy sauce
16475,旬,"しゅん, じゅん","슌, 쥰","열흘(순), 제철",N3,"season (for food), peak period"
17231,新,しん,신,신,N5,"new, fresh"
17153,資料,しりょう,시료우,자료,N5,"data, materials, documents"
17023,食器,しょっき,숏키,식기,N3,"tableware, dishes"
17419,親戚,しんせき,신세키,친척,N3,"relative, kin"
16172,集中,しゅうちゅう,슈우츄우,집중,N5,"concentration, focus, convergence"
17464,伸長,しんちょう,신쵸우,신장,N1,"expansion, extension, growth"
9903,凝集,ぎょうしゅう,교우슈우,응집,N1,Aggregation; cohesion; flocculation
32295,負,ふ,후,"마이너스, 패배",N1,negative; minus; defeat
261630,収率,しゅうりつ,슈우리츠,수율,N1,Yield (Chemistry/Manufacturing)
30350,半減,はんげん,한겐,반감,N1,halving; reduction by half
184083,遊走,ゆうそう,유우소우,유주,N1,Migration / Wandering / Locomotion
227162,頻回,ひんかい,힌카이,"빈번,빈회",N1,Frequent
27405,貪食,どんしょく,돈쇼쿠,탐식,N1,"gluttony, voracity"
287719,右方,みぎかた,미기카타,우측,N1,Right side
145694,好中,こうちゅう,코우츄우,호중,N1,Neutro- (as in neutrophils)
26982,同位,どうい,도우이,동위,N1,"same rank, isotope"
26035,透析,とうせき,토우세키,투석,N1,dialysis
23448,置換,ちかん,치칸,치환,N1,"substitution, replacement"
21234,即時,そくじ,소쿠지,즉시,N1,"prompt, immediate"
19808,製剤,せいざい,세이자이,제제,N1,"formulation (pharmacy), compounding"
88019,幹,かん,칸,줄기(간),N1,Trunk (tree); core; main part
175041,半透,はんとう,한토우,반투,N1,Semipermeable
93373,培地,ばいち,바이치,배지,N1,Culture medium
57972,試料,しりょう,시료우,시료,N1,Sample; specimen
49856,燐酸,りんさん,린산,인산,N1,phosphoric acid
51904,血漿,けっしょう,켓쇼우,혈장,N1,plasma
40890,漏出,ろうしゅつ,로우슈츠,누출,N1,leakage; seepage
39103,陽性,ようせい,요우세이,양성,N1,positive (test result); sunny
37440,滅菌,めっきん,멧킨,멸균,N1,sterilization
18047,自慢,じまん,지만,"자만, 자랑",N3,"pride, boast"
18942,水中,すいちゅう,스이츄우,수중,N2,underwater
17524,神秘,しんぴ,신피,신비,N2,"mystery, mysteriousness"
17516,心配,しんぱい,신파이,걱정,N4,"worry, concern, anxiety"
17961,じっと,じっと,짓토,지그시,N3,"motionlessly, fixedly, patiently"
18900,吸い込む,すいこむ,스이코무,빨아들이다,N3,"to inhale, to absorb, to suck in"
18623,丈夫,じょうぶ,죠우부,튼튼함,N3,"strong, durable, healthy"
19006,数字,すうじ,스우지,숫자,N4,"digit, number, figure"
18982,水曜,すいよう,스이요우,수요,N3,Wednesday
17934,実験,じっけん,짓켄,실험,N5,experiment
18370,樹齢,じゅれい,쥬레이,수령,N1,age of a tree
17705,寺院,じいん,지인,사원,N3,"temple, religious building"
17480,しんと,しんと,신토,고요히,N3,"quietly, hushed (also ""Shinto"" believers)"
17750,自衛,じえい,지에이,자위,N3,self-defense
17782,磁気,じき,지키,자기,N2,magnetism
17805,軸,じく,지쿠,축,N4,"axis, shaft, pivot, scroll"
17819,事項,じこう,지코우,사항,N4,"matters, items, facts"
18014,自発,じはつ,지하츠,자발,N1,"spontaneity, voluntary"
17010,初代,しょだい,쇼다이,초대,N1,"first generation, founder"
15230,指向,きこう,키코우,지향,N1,Directional; orientation
13246,混入,こんにゅう,콘뉴우,혼입,N1,Mixing; contamination; inclusion
11123,血球,けっきゅう,켓큐우,혈구,N1,Blood corpuscle
4730,オカザキ,おかざき,오카자키,오카자키,N1,Okazaki (city/surname)
2739,因子,いんし,인시,인자,N1,Factor; divisor (math)
19678,制,せい,세이,제,N1,"system, organization"
33110,降り注ぐ,ふりそそぐ,후리소소구,쏟아지다,N1,to pour down (rain/sunlight)
31623,日の丸,ひのまる,히노마루,일장기,N1,the Japanese flag (Rising Sun)
5934,解離,かいり,카이리,해리,N1,Dissociation; separation
29531,図る,はかる,하카루,꾀하다,N3,To plan / to aim for
29067,能面,のうめん,노우멘,노 가면,N1,Noh mask
28616,睨む,にらむ,니라무,노려보다,N2,"to glare at, to scowl, to estimate"
3303,雨天,うてん,우텐,우천,N1,Rainy weather
11078,経路,けいろ,케이로,경로,N3,Route; path; channel
28579,入力,にゅうりょく,뉴우료쿠,입력,N2,"input, data entry"
28096,難解,なんかい,난카이,난해,N1,"unintelligible, hard to understand"
24041,調製,ちょうせい,쵸우세이,조제,N1,"preparation, making"
28124,汝,なんじ,난지,"너,그대",N1,you (archaic/singular)
26977,道,どう,도우,도,N1,"road, path, way, Tao"
12810,骨,こつ,코츠,골,N1,Bone
24378,痛,つう,츠우,통,N1,"pain, ache, damage"
23383,値,ち,치,치,N1,"value, price, worth"
22468,立て,#NAME?,#NAME?,갓 -함,N1,"(suffix) just finished, freshly"
37574,網,もう,모우,망,N1,net; network
20390,選,せん,센,선,N1,"selection, choice"
17822,時刻,じこく,지코쿠,시각,N3,"time, instant"
17827,地獄,じごく,지고쿠,지옥,N2,hell
225,曖昧,あいまい,아이마이,애매,N3,Vague; ambiguous; fuzzy
17828,時差,じさ,지사,시차,N1,"time difference, jet lag"
17831,自殺,じさつ,지사츠,자살,N2,suicide
9368,曲芸,きょくげい,쿄쿠게이,곡예,N1,Acrobatics; circus feat
14881,ざわめく,ざわめく,자와메쿠,술렁거리다,N2,To be noisy; to rustle; to murmur
36230,味,み,미,맛,N1,taste; flavor
17832,持参,じさん,지산,지참,N3,"bringing, taking with"
34377,峰,ほう,호우,봉,N1,peak; ridge; summit
17841,磁石,じしゃく,지샤쿠,자석,N2,"magnet, compass"
58838,多能,たのう,타노우,다능,N1,Versatile; multi-talented
13634,歳,さい,사이,세,N1,Age; years old
23261,だらけ,だらけ,다라케,뿐(=だけ),N1,"full of, covered with (usually negative)"
195277,秀峰,しゅうほう,슈우호우,"빼어난 봉우리,수봉",N1,Graceful peak / Beautiful mountain
8938,級,きゅう,큐우,급,N1,Class; grade; rank
277976,縮重,しゅくじゅう,슈쿠쥬우,"축퇴,축중",N1,Degeneracy (Physics)
58549,某,それがし(ぼう),소레가시(보우),아무개(모),N1,A certain (person/place); so-and-so
93918,清,しん,신,청나라 청,N1,Pure; clean (often a name)
49357,神主,かんぬし,칸누시,신관,N1,Shinto priest
33931,壁,かべ,카베,벽,N1,wall; barrier
93415,限り無い,かぎりなく,카기리나쿠,끝없다,N1,Boundless; endless
49506,貴下,きか,키카,귀하,N1,"you (honorific, used in letters)"
88033,飼い猫,かいねこ,카이네코,키우는 고양이,N1,Pet cat
48089,遠心,えんしん,엔신,원심,N1,centrifugal
68918,弱酸,じゃくさん,쟈쿠산,약산,N1,Weak acid
65324,船乗り,ふなのり,후나노리,선원,N1,Sailor; mariner
37684,木馬,もくば,모쿠바,목마,N1,rocking horse; vaulting horse
57004,小器,しょうき,쇼우키,작은 그릇 (속 좁음),N1,Small vessel; person of small caliber
274343,棟木,むなぎ,무나기,마룻대로 쓰는 목재,N1,Ridgepole / Ridge beam
14751,ザ,ザ,자,더 (The),N1,"The (as in ""The"" definitive)"
30044,撥ね除ける,はねのける,하네노케루,뿌리치다,N1,To brush aside / to reject
27381,泥臭い,どろくさい,도로쿠사이,"흙내가 나다, 촌스럽다",N1,"muddy, earthy, unrefined"
4887,押さえ込む,おさえこむ,오사에코무,억제하다,N1,To pin down; to hold down; to suppress
21785,退出,たいしゅつ,타이슈츠,"물러남,퇴출",N1,"leaving, withdrawal"
20770,全会,ぜんかい,젠카이,"회원 전원,전회",N1,"unanimous, whole assembly"
16845,賞味,しょうみ,쇼우미,"음미하면서 먹음,상미",N1,"relish, appreciate (food)"
14373,様,さま,사마,님,N1,Mr./Ms.; state; way
8072,型,がた,가타,형,N1,Model; type; pattern; mold
10983,係数,けいすう,케이스우,계수,N1,Coefficient; factor
247809,瓦屋根,かわらやね,카와라야네,기와 지붕,N1,Tiled roof
19681,性,せい,세이,"성질, 성별",N1,"gender, sex"
64315,肉芽,にくが,니쿠가,육아(상처가 아물 때 돋는 살),N1,Granulation; bud (botany)
17844,自首,じしゅ,지슈,자수,N1,surrender (to the police)
17847,自習,じしゅう,지슈우,자습,N3,self-study
17852,辞書,じしょ,지쇼,사전,N5,dictionary
87069,言い争う,いいあらそう,이아라소우,말다툼하다,N1,To quarrel; to argue
17868,事情,じじょう,지죠우,사정,N4,"circumstances, reasons, situation"
103966,アリストテレス,アリストテレス,아리스토테레스,아리스토텔레스,N1,Aristotle
70356,渡り,わたり,와타리,건너감; 도항; 처세,N1,Passage; migration; crossing
66945,見違える,みちがえる,미치가에루,잘못 보다; 몰라보게 달라지다,N1,To mistake for; to look completely different
66474,縁取り,へりとり,헤리토리,테두리 장식,N1,Bordering; edging; hemming
66967,火影,ほかげ,호카게,"불빛, 불에 비친 그림자",N1,Firelight; flickering flame
68478,木琴,もっきん,목킨,목금(실로폰),N1,Xylophone
69581,離職,りしょく,리쇼쿠,이직,N1,Leaving a job
66091,罰当たり,ばちあたり,바치아타리,천벌을 받음,N1,Damned; cursed; impious person
66175,末子,まっし,맛시,"막내,말자",N1,Youngest child
69721,轆轤,ろくろ,로쿠로,"도르래,녹로",N1,Potter's wheel; lathe
62558,日照,にっしょう,닛쇼,일조(햇볕),N1,Sunshine
61890,萎える,なえる,나에루,"시들다, 쇠약해지다",N1,To wither; to weaken; to droop
52343,極め付き,きわめずき,키와메즈키,공인됨,N1,the very best; certified
52515,恋い焦がれる,こいこがれる,코이코가레루,애타게 그리다,N1,to yearn for; to be head over heels
51654,共役,きょうやく,쿄우야쿠,"켤례,공역",N1,conjugate (math/science)
38129,焼き付く,やきつく,야키츠쿠,"눌어붙다,뇌리에 새겨지다",N1,to be seared/burned into (memory)
37572,猛,もう,모우,맹,N1,fierce; extreme (prefix)
35563,捲し立てる,まくしたてる,마쿠시타테루,떠들어대다,N1,to rattle off; to talk volubly
17856,辞職,じしょく,지쇼쿠,사직,N2,resignation
17895,事前,じぜん,지젠,사전,N4,"prior, beforehand, in advance"
17905,持続,じぞく,지조쿠,지속,N2,"continuation, duration, sustainability"
16564,証,しょう,쇼우,증,N1,"proof, certificate, evidence"
11254,権,けん,켄,권,N1,Authority; right; power
2233,一退,いったい,잇타이,일퇴,N1,(Part of Isshin-ittai) Retreat
1096,歩み寄る,あゆみよる,아유미요루,"걸어 다가가다,양보하다",N1,To step up; to compromise
17900,時速,じそく,지소쿠,시속,N3,speed per hour
17910,辞退,じたい,지타이,사퇴,N1,"declining, refusal, withdrawal"
17918,自治,じち,지치,자치,N2,"self-government, autonomy"
17926,実感,じっかん,짓칸,실감,N3,"real sensation, actual feeling"
17972,実業,じつぎょう,지츠교우,"사업,실업",N1,"business, industry"
17974,実現,じつげん,지츠겐,실현,N3,"realization, materialization"
17940,実施,じっし,짓시,실시,N3,"enforcement, implementation"
17944,実習,じっしゅう,짓슈우,실습,N2,"practical training, practice"
17948,実績,じっせき,짓세키,실적,N2,"achievements, actual results"
17951,実践,じっせん,짓센,실천,N1,"practice, putting into practice"
17957,実態,じったい,짓타이,실태,N2,"actual conditions, reality"
17983,実物,じつぶつ,지츠부츠,실물,N2,"the real thing, original"
17987,実用,じつよう,지츠요우,실용,N2,"practical use, utility"
17989,実力,じつりょく,지츠료쿠,실력,N3,"(real) ability, merit, force"
17990,実例,じつれい,지츠레이,실례,N2,"example, illustration"
17997,辞典,じてん,지텐,사전,N4,dictionary
18001,児童,じどう,지도우,아동,N3,"children, juvenile"
18049,地味,じみ,지미,검소,N2,"plain, simple, sober"
18056,事務,じむ,지무,사무,N4,"office work, business, administration"
193620,尼寺,あまでら,아마데라,비구니 절,N1,Nunnery / Convent
136685,雌犬,めすいぬ,메스이누,암캐,N1,Female dog
104789,中袋,なかぶくろ,나카부쿠로,"속주머니, 봉투 속의 봉투",N1,Inner envelope
94614,桟,さん,산,"빗장, 잔교",N1,Crosspiece; frame; cleat
178380,助太刀,すけだち,스케다치,"조력, 가세",N1,Assistance (in a fight/duel)
102696,満床,まんしょう,만쇼,만상(병상이 꽉 참),N1,Full beds (hospital)
87904,長め,ながめ,나가메,"약간 김, 길쭉함",N1,Somewhat long
87856,抱き合う,だきあう,다키아우,서로 껴안다,N1,To embrace each other
69757,隆々,りゅうりゅう,류류,"융융(기세가 좋음, 근육이 불끈함)",N1,Prosperous; muscular
71449,噛み潰す,かみつぶす,카미츠부스,씹어 으깨다; (웃음 등을) 억지로 참다,N1,To crush with teeth
70102,沸き起こる,わきおこる,와키오코루,"솟아오르다, 터져 나오다",N1,To gush forth; to arise (applause)
66658,宝玉,ほうぎょく,호교쿠,보옥(보석),N1,Jewel; gem
68530,物言い,ものいい,모노이,말씨; 이의 제기,N1,Manner of speaking; objection
62232,弔電,ちょうでん,초덴,조전(조문의 전보),N1,Telegram of condolence
65391,人寄せ,ひとよせ,히토요세,"사람을 모으는 일, 사람 모이는 곳",N1,Gathering of people; attraction
62497,唆す,そそのかす,소소노카스,"부추기다, 꾐",N1,To instigate; to entice
61640,敵する,てきする,테키스루,"대적하다, 필적하다",N1,To rival; to be a match for
62850,寝違える,ねちがえる,네치가에루,잠을 잘못 자서 목이 결리다,N1,To get a crick in the neck from sleeping
62554,日射,にっしゃ,닛샤,일사(햇볕),N1,Solar radiation
65293,船遊び,ふなあそび,후나아소비,뱃놀이,N1,Boating
65335,船宿,ふなやど,후나야도,뱃집(배를 빌려주거나 낚시꾼을 재워주는 집),N1,Boat house; riverside inn
65297,舟歌,ふなうた,후나우타,뱃노래,N1,Boat song
61749,鉄柵,てっさく,텟사쿠,철책,N1,Iron fence/railing
61750,鉄索,てっさく,텟사쿠,철삭(케이블),N1,Steel cable; wire rope
61753,縮らす,ちじらす,치지라스,"주름지게 하다, 오그라뜨리다",N1,To curl; to frizzle
61757,徹宵,てっしょう,텟쇼,철소(밤을 새움),N1,All night through
62218,蝶番,ちょうつがい,초츠가이,경첩,N1,Hinge
65705,罅割れる,ひびわれる,히비와레루,"금 가다, 갈라지다",N1,To crack; to be fissured
18065,地元,じもと,지모토,그 지방,N5,"local, home town"
18067,じゃ,じゃ,쟈,그럼,N4,"well then, see you (also ""be"")"
18088,蛇口,じゃぐち,쟈구치,수도꼭지,N2,"faucet, tap"
18082,弱点,じゃくてん,쟈쿠텐,약점,N2,"weak point, flaw"
18118,邪魔,じゃま,쟈마,방해,N4,"hindrance, intrusion, obstacle"
18138,ジャンパー,ジャンパー,쟌파아,점퍼,N2,"jumper, jacket"
18162,銃,じゅう,쥬우,총,N2,"gun, rifle"
18174,住居,じゅうきょ,쥬우쿄,주거,N3,"dwelling, residence, housing"
18175,従業,じゅうぎょう,쥬우교우,종업,N3,employment
18191,重視,じゅうし,쥬우시,중시. 중요시,N3,"importance, stressing, value"
18200,充実,じゅうじつ,쥬우지츠,충실,N3,"fullness, completion, enrichment"
18193,住所,じゅうしょ,쥬우쇼,주소,N4,address
18214,重態,じゅうたい,쥬우타이,중태,N2,critical condition
18216,絨毯,じゅうたん,쥬우탄,융단,N2,"carpet, rug"
18223,重点,じゅうてん,쥬우텐,중점,N2,"important point, emphasis"
18228,柔道,じゅうどう,쥬우도우,유도,N4,judo
18246,従来,じゅうらい,쥬우라이,종래,N2,"up to now, traditional, former"
18249,重量,じゅうりょう,쥬우료우,중량,N2,weight
18250,重力,じゅうりょく,쥬우료쿠,중력,N2,gravity
18265,塾,じゅく,쥬쿠,학원,N2,"cram school, private school"
18289,受験,じゅけん,쥬켄,수험,N3,taking an examination
18325,述語,じゅつご,쥬츠고,술어,N2,predicate
18349,寿命,じゅみょう,쥬묘우,수명,N3,lifespan
18355,需要,じゅよう,쥬요우,수요,N3,"demand, request"
177460,付き合わす,つきあわす,츠키아와스,사귀게 하다; 동행시키다,N1,To force someone to go along
87795,色味,いろみ,이로미,"색깔, 색조",N1,Tint; hue; coloration
94155,体幹,たいかん,타이칸,체간(몸통),N1,Core (body); trunk
98890,靴底,くつぞこ,쿠츠조코,구두 밑창,N1,Sole of a shoe
69684,緑青,ろくしょう,로쿠쇼,녹청(구리 녹),N1,Patina; verdigris
68650,染み抜き,しみぬき,시미누키,얼룩 빼기,N1,Stain removal
66810,法曹,ほうそう,호소,법조,N1,The legal profession
71404,書き足す,かきたす,카키타스,"써서 보태다, 가필하다",N1,To add (in writing)
70725,魔物,まもの,마모노,"마물, 요괴",N1,Monster; demon
70488,悪ふざけ,わるふざけ,와루후자케,지나친 장난,N1,Practical joke; prank
66863,豊年,ほうねん,호넨,풍년,N1,Fruitful year
68859,溶剤,ようざい,요자이,용제,N1,Solvent
63679,花婿,はなむこ,하나무코,신랑,N1,Bridegroom
65542,節穴,ふしあな,후시아나,옹이구멍; 보는 눈이 없음,N1,Knot-hole; unseeing eyes
64998,筆舌,ひつぜつ,히츠제츠,필설(글과 말),N1,Writing and speaking; pen and tongue
62814,猫舌,ねこじた,네코지타,뜨거운 것을 잘 못 먹는 혀/사람,N1,Sensitivity to hot food/drinks
63083,二枚舌,にまいじた,니마이지타,"일구이언, 한 입으로 두 말 함",N1,Double-tongued; deceitful
62187,手水,ちょうず,초즈,손 씻는 물; 화장실,N1,Water for washing hands; restroom
62490,礎石,そせき,소세키,"초석, 주춧돌",N1,Foundation stone
65572,美男,びなん,비난,미남,N1,Handsome man
63716,苗代,なわしろ,나와시로,못자리,N2,Rice nursery; seedbed
63688,対句,ついく,츠이쿠,대구,N1,Couplet; antithesis
64990,風体,ふうたい,후타이,"풍채, 외관",N1,Appearance; air; attire
62759,塗り絵,ぬりえ,누리에,색칠 공부,N1,Coloring book/picture
63361,白桃,はくとう,하쿠토,백도(복숭아),N1,White peach
63639,珍妙,ちんみょう,침묘,진묘함(기이하고 묘함),N1,Strange; queer; odd
18365,樹立,じゅりつ,쥬리츠,수립,N1,"establishment, creation"
18371,受話,じゅわ,쥬와,수화,N3,receiving a call
18373,準,じゅん,쥰,준,N2,"semi-, quasi-, associate"
18390,循環,じゅんかん,쥰칸,순환,N2,"circulation, rotation, cycle"
18391,準急,じゅんきゅう,쥰큐우,준급(준급행),N1,local express (train)
18405,巡査,じゅんさ,쥰사,순사,N1,"police officer, patrolman"
193892,初便り,はつだより,하츠다요리,새해 첫 편지,N1,First letter (of the year/season)
18417,順序,じゅんじょ,쥰죠,순서,N2,"order, sequence, procedure"
18418,純情,じゅんじょう,쥰죠우,순정,N2,"pure heart, innocence, naivety"
18421,準ずる,じゅんする,쥰스루,준하다,N1,"to correspond to, to be proportionate to"
18419,純粋,じゅんすい,쥰스이,순수,N2,"pure, genuine, unadulterated"
18428,順調,じゅんちょう,쥰쵸우,순조,N3,"favorable, smooth, doing well"
18477,情,じょう,죠우,정,N4,"emotion, feeling, sympathy"
18495,上演,じょうえん,죠우엔,상연,N1,"performance, staging"
18509,蒸気,じょうき,죠우키,증기. 김,N2,"steam, vapor"
18515,定規,じょうぎ,죠우기,"자,척도",N2,"ruler, straightedge"
18510,乗客,じょうきゃく,죠우캬쿠,승객,N3,passenger
18511,上級,じょうきゅう,죠우큐우,상급,N3,"advanced level, senior"
18512,上京,じょうきょう,죠우쿄우,상경,N2,proceeding to the capital (Tokyo)
18516,上空,じょうくう,죠우쿠우,상공,N2,"sky, high altitude"
18519,上下,じょうげ,죠우게,상하,N3,"top and bottom, up and down"
18518,条件,じょうけん,죠우켄,조건,N5,"condition, requirement"
18533,常識,じょうしき,죠우시키,상식,N3,common sense
118947,敵方,てきがた,테키가타,"적군, 적측",N1,Opposing side; enemy
67791,本望,ほんもう,홈모,"숙원, 본래의 소망",N1,One's long-cherished ambition
69804,路傍,ろぼう,로보,노방(길가),N1,Wayside; roadside
66917,謀略,ぼうりゃく,보랴쿠,모략,N1,Stratagem; plot; intrigue
66698,芳志,ほうし,호시,"방지(남의 호의, 친절한 마음)",N1,Kindness; your will (honorific)
68331,燃え上がる,もえあがる,모에아가루,타오르다,N1,To flare up; to burn up
67000,木石,ぼくせき,보쿠세키,"목석(나무와 돌, 감정이 없는 사람)",N1,Trees and stones; person with no feeling
66541,片,へん,헨,"편(조각), 한쪽",N4,Piece; fragment; one side
66887,豊満,ほうまん,호만,풍만함,N1,Plump; voluptuous; buxom
66680,縫合,ほうごう,호고,봉합,N1,Suture; sewing up
65737,備忘,びぼう,비보,비망(잊음에 대비함),N1,Memorandum; reminder
63556,どんより,どんより,돈요리,날씨가 흐린 모양; 눈이 게슴츠레한 모양,N1,Dull; gloomy; stagnant
63376,薄暮,はくぼ,하쿠보,박모(해 질 녘),N1,Twilight; dusk
65645,火柱,ひばしら,히바시라,불기둥,N1,Pillar of fire
65171,人聞き,ひとぎき,히토기키,"남에게 들림, 평판",N1,Reputation; what people say
63640,花便り,はなだより,하나다요리,꽃 소식(개화 소식),N1,News of blossoms
65083,筆墨,ひつぼく,히츠보쿠,"필묵(붓과 먹, 서화)",N1,Pen and ink; writing
62547,外堀,そとぼり,소토보리,바깥 해자,N1,Outer moat
65363,浮薄,ふはく,후하쿠,경박함,N1,Frivolous; flippant
65178,富強,ふきょう,후쿄,부강,N1,Wealth and power
64929,富貴,ふっき,훗키,부귀,N1,Wealth and honor
65047,賦役,ふえき,후에키,부역,N1,Corvée labor; duty
62945,年譜,ねんぷ,넴푸,연보,N1,Chronology of a person's life
64813,賓客,ひんかく,힌카쿠,빈객(귀한 손님),N1,Guest of honor
65547,伏し拝む,ふしおがむ,후시오가무,엎드려 절하다,N1,To worship prostrate; to revere
18535,乗車,じょうしゃ,죠우샤,승차,N3,boarding a vehicle
18552,上旬,じょうじゅん,죠우쥰,"초순,상순",N3,first 10 days of a month
18590,情緒,じょうちょ,죠우쵸,정서,N2,"emotion, atmosphere, feeling"
18542,上昇,じょうしょう,죠우쇼우,상승,N3,"rise, ascent, climb"
18561,情勢,じょうせい,죠우세이,정세,N3,"state of affairs, situation"
18579,上達,じょうたつ,죠우타츠,숙달,N2,"improvement, progress"
18615,蒸発,じょうはつ,죠우하츠,증발,N2,"evaporation, disappearance"
18619,上品,じょうひん,죠우힌,고급,N3,"elegant, refined, polished"
18628,譲歩,じょうほ,죠우호,양보,N2,"concession, compromise"
18650,上陸,じょうりく,죠우리쿠,상륙,N2,"landing, disembarkation"
18661,除外,じょがい,죠가이,제외,N2,"exclusion, exception"
18667,助言,じょげん,죠겐,조언,N1,"advice, suggestion"
18670,徐行,じょこう,죠코우,서행,N1,going slowly
18673,助詞,じょし,죠시,조사. 토씨,N1,particle (grammar)
18674,女史,じょし,죠시,여사,N1,polite term for an educated woman
18675,女子,じょし,죠시,여자,N3,"woman, girl, female"
193616,幽境,ゆうきょう,유쿄,유경(그윽한 경지),N1,Secluded place / Mystic region
18676,助手,じょしゅ,죠슈,조수,N2,"assistant, helper"
18718,女優,じょゆう,죠유우,여배우,N3,actress
18745,自立,じりつ,지리츠,자립,N2,"independence, self-reliance"
18774,人格,じんかく,진카쿠,인격,N2,"personality, character"
18780,人口,じんこう,진코우,인구,N4,population
18786,人種,じんしゅ,진슈,인종,N3,race (of people)
18799,人造,じんぞう,진조우,인조,N2,"artificial, man-made"
18801,人体,じんたい,진타이,인체. 몸,N1,human body
17479,神殿,しんでん,신덴,신전,N1,"temple, sacred edifice"
17490,振動,しんどう,신도우,진동,N2,"vibration, oscillation"
17501,侵入,しんにゅう,신뉴우,침입,N3,"invasion, penetration, trespass"
17505,信任,しんにん,신닌,신임,N1,"trust, confidence, accreditation"
214397,焼き御握り,やきおにぎり,야키오니기리,구운 주먹밥,N1,Grilled rice ball
80832,サヨウ,サヨウ,사요,사요(성씨),N1,Sayo (name); so; such
118587,刃紋,はもん,하몬,칼 무늬,N1,Blade pattern (on a sword)
137131,別れ際,わかれぎわ,와카레기와,헤어질 무렵,N1,At the moment of parting
92583,研ぎ上げる,とぎあげる,토기아게루,"갈아 내다, 다 갈다",N1,To sharpen/polish well
87117,御酒,みき,미키,신주(신에게 바치는 술),N1,Sake (honorific)
67028,牧羊,ぼくよう,보쿠요,목양(양을 침),N1,Sheep farming
68297,妄言,もうげん,모겐,망언,N1,Reckless talk; nonsense
66140,文盲,ぶんもう,붐모,문맹,N1,Illiteracy
70702,唯美,ゆいび,유이비,유미(아름다움 추구),N1,Aestheticism
70791,郵券,ゆうけん,유켄,우권(우표),N1,Postage stamp
70843,湧水,ゆうすい,유스이,용수(솟아나는 물),N1,Spring water
64243,万端,ばんたん,반탄,"만반, 모든 것",N1,All; everything
62737,抜け毛,ぬけげ,누케게,"빠진 털, 탈모",N1,Fallen hair
62993,能吏,のうり,노리,능리(유능한 관리),N1,Capable official
65156,人垣,ひとがき,히토가키,인파가 만든 벽,N1,A crowd/wall of people
61636,敵将,てきしょう,테키쇼,적장,N1,Enemy general
64411,逃げ水,にげみず,니게미즈,신기루(도망가는 물),N1,Mirage (road)
65505,冬場,ふゆば,후유바,겨울철,N1,Winter season
65376,歩兵,ふひょう,후효,보병,N1,Infantry; pawn (shogi)
47474,案文,あんぶん,안분,"초안, 문안",N1,draft; rough copy
17522,審判,しんぱん,신판,심판,N3,"refereeing, judgment, umpire"
18820,人物,じんぶつ,진부츠,인물,N3,"person, character, figure"
17543,辛抱,しんぼう,신보우,인내,N1,"patience, endurance, perseverance"
18826,人民,じんみん,진민,인민,N1,"the people, public"
18828,人命,じんめい,진메이,인명,N2,human life
17585,診療,しんりょう,신료우,진료,N2,medical examination and treatment
17589,親類,しんるい,신루이,친척,N3,"relative, relation"
18832,人類,じんるい,진루이,인류,N3,"mankind, humanity"
18917,推進,すいしん,스이신,추진,N1,"propulsion, promotion"
18926,推薦,すいせん,스이센,추천,N2,recommendation
18928,水洗,すいせん,스이센,수세,N1,"flushing (toilet), washing"
18931,水素,すいそ,스이소,수소,N3,hydrogen
18932,吹奏,すいそう,스이소우,취주,N3,playing wind instruments
18935,推測,すいそく,스이소쿠,추측,N2,"guess, conjecture"
18944,垂直,すいちょく,스이쵸쿠,수직,N2,"vertical, perpendicular"
18949,推定,すいてい,스이테이,추정,N2,"estimation, assumption"
18950,水田,すいでん,스이덴,"수전, 논",N1,rice paddy
18953,水筒,すいとう,스이토우,물통,N2,"canteen, water bottle"
61242,象牙,ぞうげ,조우게,상아,N1,Ivory
54754,恩情,おんじょう,온죠우,온정,N1,Kindness; affection; mercy
57750,命日,めいにち,메이니치,제삿날,N1,Anniversary of a death
55173,災禍,さいか,사이카,"재화, 재난",N1,Disaster; calamity
50029,憶説,おくせつ,오쿠세츠,억설,N1,hypothesis; conjecture
49020,禍福,かふく,카후쿠,화복,N1,fortune and misfortune; ups and downs
48790,牙城,がじょう,가죠우,"아성, 본거지",N1,stronghold; inner citadel
54074,歯牙,しが,시가,"치아, 이",N1,teeth; (not to) heed
49391,岸壁,がんぺき,간페키,"안벽, 부두",N2,wharf; quay; jetty
50494,机辺,きへん,키헨,책상 근처,N1,one's desk; by the desk
51726,気色,けしき,케시키,"기색, 안색",N1,mood; look; indication
51806,挙国,きょこく,쿄코쿠,거국,N1,national; nationwide
49091,神棚,かみだな,카미다나,신단,N1,household Shinto altar
51699,狭量,きょうりょう,쿄우료우,협량,N1,narrow-mindedness
50611,愚鈍,ぐどん,구돈,우둔함,N1,stupidity; dullness
50337,一隅,いちぐう,이치구우,"일우, 한 구석",N1,corner; nook
53282,串刺し,くしざし,쿠시ざ시,꼬챙이에 꿴 것,N1,skewering
52159,堅固,けんご,켄고,견고함,N2,solid; firm; steady
50903,宮中,きゅうちゅう,큐우츄우,궁중,N1,Imperial Court
47872,沿革,えんかく,엔카쿠,연혁,N1,history; development
48370,押韻,おういん,오우인,압운,N1,rhyme; rhyming
48420,欧文,おうぶん,오우분,유럽 언어 문장,N1,European languages; Roman script
48372,桜花,おうか,오우카,벚꽃,N1,cherry blossoms
46700,糾う,あざなう,아자나우,(노끈 등을) 꼬다,N1,to intertwine; to twist together
48254,岳父,がくふ,가쿠후,장인어른,N1,father-in-law
48234,楽隊,がくたい,가쿠타이,악대,N1,band; orchestra
46567,空き巣,あきす,아키스,빈집털이,N1,sneak thief; empty house
48595,大股,おおまた,오오마타,큰 걸음,N1,striding; long steps
48015,円弧,えんこ,엔코,원호,N1,arc (of a circle)
48728,かじかむ,かじかむ,카지카무,"(손발이) 곱다, 얼다",N1,to be numb with cold
46801,厚紙,あつがみ,아츠가미,두꺼운 종이,N1,cardboard; thick paper
46682,朝一,あさいち,아사이치,아침 일찍,N1,first thing in the morning
18955,水道,すいどう,스이도우,수도,N4,"water supply, waterworks"
18967,水平,すいへい,스이헤이,수평,N3,"horizontal, level"
18985,推理,すいり,스이리,추리,N2,"reasoning, inference, mystery"
18999,数学,すうがく,스우가쿠,수학,N4,mathematics
19004,数詞,すうし,스우시,수사,N1,numeral (grammar)
19011,崇拝,すうはい,스우하이,숭배,N2,"worship, adoration"
18299,受信,じゅしん,쥬신,수신,N2,"reception (signal), receiving (email)"
18768,陣,じん,진,진,N4,"camp, battle array, rank"
18753,事例,じれい,지레이,사례,N2,"example, instance, case"
18324,術後,じゅつご,쥬츠고,수술후,N1,"post-operative, after surgery"
17508,信念,しんねん,신넨,신념,N3,"belief, faith, conviction"
18414,順次,じゅんじ,쥰지,순차,N1,"in order, sequentially"
18744,自律,じりつ,지리츠,자율,N1,"autonomy, self-control"
18292,受講,じゅこう,쥬코우,수강,N1,taking a lecture/course
17991,実話,じつわ,지츠와,실화,N1,true story
18436,純白,じゅんぱく,쥰파쿠,순백,N1,pure white
18870,水,すい,스이,수,N4,water
18653,条例,じょうれい,죠우레이,조례,N2,"ordinance, regulation"
17570,新薬,しんやく,신야쿠,신약,N2,new medicine
17756,直,"ただちに(じき,じか,ちょく)","타다치니(지키,지카,쵸쿠)",곧바로,N4,"direct, immediate, straight"
57518,叙景,じょけい,죠케이,서경 (경치를 서술함),N1,Description of scenery
57799,焦土,しょうど,쇼우도,초토,N1,Scorched earth
57712,沼沢,しょうたく,쇼우타쿠,늪과 못,N1,Marsh; swamp
56037,針路,しんろ,신로,"침로, 나아갈 방향",N1,Course; direction (ship/plane)
57608,除数,じょすう,죠스우,제수 (나누는 수),N1,Divisor (math)
55709,丈六,じょうろく,죠우로쿠,장륙 (불상의 크기),N1,"16-foot (standard size for a Buddha statue)"
50224,吉祥,きっしょう,킷쇼우,길상,N1,good omen; lucky
50049,小暗い,おぐらい,오구라이,어둑어둑하다,N1,dim; dusky
51886,幸甚,こうじん,코우진,다행임,N1,extremely grateful
49441,生糸,きいと,키이토,생사,N1,raw silk
52616,公課,こうか,코우카,공과금,N1,public taxes/levies
50349,気取り,きどり,키도리,~인 척함,N1,affectation; airs
54112,砂州,さす,사스,사주 (모래톱),N1,sandbar
54177,争議,そうぎ,소우기,쟁의,N1,dispute; strike
53547,先走る,さきばしる,사키바시루,앞서 나가다,N1,to be forward; to act prematurely
53664,探り,さぐり,사구리,"탐색, 탐지",N1,search; probe; investigation
49121,神代,かみよ,카미요,신대 (신화 시대),N1,age of the gods
54216,殺伐,さつばつ,사츠바츠,살벌함,N1,bloodthirsty; brutal; desolate
46571,商う,あきなう,아키나우,장사하다,N1,to trade in; to deal in
45517,黴臭い,かびくさい,카비쿠사이,곰팡이 냄새가 나다,N1,musty; smelling of mold
46368,愛嬢,あいじょう,아이죠우,"애양, 남의 딸의 높임말",N1,beloved daughter
47820,生け捕り,いけどり,이케도리,산 채로 잡음,N1,capturing alive
47310,新盆,あらぼん,아라본,첫 우란분재,N1,first Obon after a person's death
47706,凧,いかのぼり,이카노보리,연,N1,kite
46376,哀訴,あいそ,아이소,"애소, 사정을 호소함",N1,appealing for mercy; petition
44899,母胎,ぼたい,보타이,모태,N1,mother's womb; matrix
48173,角帯,かくおび,카쿠오비,카쿠오비 (전통 허리띠),N1,stiff sash (for Kimono)
47256,衣鉢,いはつ,이하츠,"의발, 스승의 법통",N1,one's mantle (tradition/secrets)
46200,簪,かんざし,칸자시,비녀,N4,Kanzashi (ornamental hairpin)
32581,腐朽,ふきゅう,후큐우,"썩음, 부휴",N1,rot; decay
32867,双葉,ふたば,후타바,떡잎,N1,bud; sprout; cotyledon
32823,布陣,ふじん,후진,포진,N1,lineup; battle array
32667,福徳,ふくとく,후쿠토쿠,복덕,N1,fortune and virtue
33018,不眠,ふみん,후민,불면,N1,insomnia; sleeplessness
31285,比肩,ひけん,히켄,비견 (어깨를 나란히 함),N1,ranking with; equaling
31681,百姓,ひゃくしょう,햐쿠쇼우,"농민, 백성",N1,farmer; peasant
31126,冷え込み,ひえこみ,히에코미,추위가 심해짐,N1,cold snap; morning/evening chill
31401,肥大,ひだい,히다이,비대,N1,hypertrophy; swelling; bloating
31273,卑屈,ひくつ,히쿠츠,비굴,N1,servile; menial; groveling
18638,縄文,じょうもん,죠우몬,"조몬, 승문",N2,Jomon period (straw-rope pattern)
18046,字幕,じまく,지마쿠,자막,N1,"subtitles, captions"
18467,上,じょう,죠우,상,N4,"up, above, upper"
17978,実像,じつぞう,지츠조우,실상,N1,real image
18811,人道,じんどう,진도우,인도,N1,"humanity, sidewalk"
60190,問い質す,といただす,토이타다스,캐묻다,N1,To inquire into; to cross-examine
61614,てかてか,てかてか,테카테카,번들번들,N1,Shiny; greasy; gleaming
58510,反り,そり,소리,"휨, 반동",N1,Warp; curvature; arch
54864,散漫,さんまん,산만,산만함,N1,Vague; distracted; loose
53203,釘抜き,くぎぬき,쿠기누키,"장도리, 못 빼는 도구",N1,nail puller; pincers
43237,石臼,いしうす,이시우스,맷돌,N1,stone mill; quern
42741,蛇의 눈,じゃのめ,쟈노메,쟈노메 (우산 무늬 등),N1,snake's eye (Janome pattern)
41320,和睦,わぼく,와보쿠,"화목, 화친",N1,peace; reconciliation
42308,泌尿,ひにょう,히뇨우,비뇨,N1,urinary (system)
39664,楽園,らくえん,라쿠엔,낙원,N2,paradise
39435,呼び起こす,よびおこす,요비오코스,불러일으키다,N1,to rouse; to evoke; to recall
39922,離宮,りきゅう,리큐우,이궁,N1,detached palace
39454,夜回り,よまわり,요마와리,야경,N1,night watch; night patrol
39246,横幅,よこはば,요코하바,가로폭,N1,width; breadth
37605,猛暑,もうしょ,모우쇼,폭염,N2,heat wave; fierce summer heat
38904,弓矢,ゆみや,유미야,활과 화살,N1,bow and arrow
38714,雄飛,ゆうひ,유우히,웅비,N1,embarking on a grand career
37629,毛筆,もうひつ,모우히츠,"모필, 붓",N1,writing brush
38936,揺るぐ,ゆるぐ,유루구,흔들리다,N1,to shake; to waver (faith/resolve)
38747,憂慮,ゆうりょ,유우료,우려,N1,anxiety; concern
38613,融解,ゆうかい,유우카이,융해,N1,melting; fusion
36251,身内,みうち,미우치,"친척, 동료",N1,relatives; one's own circle
36250,見失う,みうしなう,미우시나우,"놓치다, 잃어버리다",N1,to lose sight of
36000,まめ,まめ,마메,"성실함, 부지런함",N1,"diligent; healthy; (also ""bean"" if kanji used)"
36019,眉毛,まゆげ,마유게,눈썹,N1,eyebrows
35133,撲殺,ぼくさつ,보쿠사츠,타살,N1,clubbing to death
34964,奔放,ほんぽう,혼포우,분방,N1,extravagant; uninhibited; wild
33939,壁面,へきめん,헤키멘,벽면,N1,surface of a wall
34553,報復,ほうふく,호우후쿠,보복,N1,retaliation; revenge
34650,矛先,ほこさき,호코사키,"창끝, 공격의 화살",N1,point of the spear; target of criticism
18878,水温,すいおん,스이온,수온,N1,water temperature
18521,上限,じょうげん,죠우겐,상한,N1,"upper limit, maximum"
17932,実権,じっけん,짓켄,실권,N1,real power
18156,住,じゅう,쥬우,주,N4,"dwelling, residing, living"
33028,不毛,ふもう,후모우,불모,N1,barren; sterile; unproductive
30842,万全,ばんぜん,반젠,만전,N1,perfection; flawlessness
30845,絆創,ばんそう,반소우,"반창, 상처 드레싱",N1,bandage (usually 絆創膏 bansoukou)
29528,計らう,はからう,하카라우,"처리하다, 주선하다",N1,To arrange / to manage
29080,軒先,のきさき,노키사키,처마 밑,N1,Edge of the eaves / storefront
29863,発色,はっしょく,핫쇼쿠,발색,N1,Coloration
28948,捻出,ねんしゅつ,넨슈츠,염출 (돈 등을 짜냄),N1,Contriving / squeezing out (money/time)
29032,悩殺,のうさつ,노우사츠,뇌쇄,N1,To fascinate / to captivate
28074,慣れ,なれ,나레,"숙련, 익숙함",N1,"practice, experience, habituation"
42759,凡庸,ぼんよう,본요우,범용,N1,mediocrity; commonplace
39797,欄干,らんかん,란칸,난간,N1,railing; balustrade
37587,毛細,もうさい,모우사이,모세,N1,"capillary (e.g., blood vessels)"
37607,妄信,もうしん,모우신,맹신,N1,blind faith
37613,盲従,もうじゅう,모우쥬우,맹종,N1,blind obedience
38731,勇猛,ゆうもう,유우모우,용맹,N1,brave; intrepid
37668,目前,もくぜん,모쿠젠,목전,N1,before one's eyes; imminent
38033,門下,もんか,몬카,문하,N1,under the tutelage of
35871,松林,まつばやし,마츠바야시,소나무 숲,N1,pine forest
27471,内申,ないしん,나이신,내신,N1,"internal report, school record"
28711,脱げる,ぬげる,누게루,벗겨지다,N1,"to come off, to slip off (shoes, etc.)"
26245,解き解す,ときほぐす,토키호구스,(엉킨 것을) 풀다,N1,"to unravel, to untie, to ease"
26790,取り壊す,とりこわす,토리코와스,"헐다, 부수다",N1,"to demolish, to tear down"
25840,吐息,といき,토이키,한숨,N1,sigh
25162,撤去,てっきょ,텟쿄,철거,N2,"removal, withdrawal"
24086,懲罰,ちょうばつ,쵸우바츠,징벌,N1,"discipline, punishment"
23969,懲戒,ちょうかい,쵸우카이,징계,N1,"discipline, punishment, reprimand"
23964,懲役,ちょうえき,쵸우에키,징역,N1,"penal servitude, imprisonment with labor"
22511,例え,たとえ,타토에,"비유, 설령",N2,"example, simile, metaphor"
22307,携える,たずさえる,타즈사에루,"지니다, 휴대하다",N1,"to carry in one's hand, to bring along"
22313,他薦,たせん,타센,타천 (남이 추천함),N1,recommendation by others
23119,濁流,だくりゅう,다큐류우,탁류,N1,muddy stream
21709,退却,たいきゃく,타이캬쿠,퇴각,N2,"retreat, withdrawal"
21307,組成,そせい,소세이,조성,N1,"composition, constitution"
20677,洗練,せんれん,센렌,세련,N1,"refinement, polish, sophistication"
20651,鮮明,せんめい,센메이,선명,N1,"vivid, clear, distinct"
20815,善処,ぜんしょ,젠쇼,선처,N1,"dealing with appropriately, best discretion"
20823,漸進,ぜんしん,젠신,점진,N1,"gradual progress, steady advance"
21213,遡及,そきゅう,소큐우,소급,N1,"retroaction, being retroactive"
20588,遷都,せんと,센토,천도,N1,transfer of the capital
18881,水害,すいがい,스이가이,수해,N1,flood damage
18000,自得,じとく,지토쿠,자득,N1,"self-satisfaction, comprehension"
17927,実況,じっきょう,짓쿄우,중계,N1,"live broadcast, actual conditions"
18569,上層,じょうそう,죠우소우,상층,N1,"upper layer, upper class"
17813,次元,じげん,지겐,차원,N2,dimension
17968,実演,じつえん,지츠엔,실연,N1,"demonstration, stage performance"
18085,若年,じゃくねん,쟈쿠넨,약년 (젊은 나이),N1,"youth, young age"
18086,寂滅,じゃくめつ,쟈쿠메츠,적멸,N1,"nirvana, death"
18548,成就,じょうじゅ,죠우쥬,성취,N1,"fulfillment, realization"
3347,右派,うは,우하,우파,N1,Right wing; rightist
28244,肉薄,にくはく,니쿠하쿠,육박,N1,"closing in on, being hot on the heels"
28633,任意,にんい,닌이,임의,N1,"optional, voluntary, arbitrary"
28649,忍者,にんじゃ,닌자,닌자,N1,ninja
26630,弔う,とむらう,토무라우,"애도하다, 조상하다",N1,"to mourn, to condole"
25949,凍結,とうけつ,토우케츠,동결,N2,"freezing, freeze (assets/prices)"
25981,凍死,とうし,토우시,동사,N1,"death from cold, freezing to death"
26126,頭部,とうぶ,토우부,머리 부분,N1,"head, cranium"
26127,当分,とうぶん,토우분,당분간,N1,"for the time being, for a while"
24131,鳥類,ちょうるい,쵸우루이,조류 (새),N1,birds (as a class)
24274,鎮静,ちんせい,친세이,진정,N1,"sedation, calming down"
24342,墜死,ついし,츠이시,추락사,N1,death by falling
24426,通読,つうどく,츠우도쿠,통독,N1,reading through
24781,通夜,つや,츠야,장례 전야 (밤샘),N1,"vigil, wake"
23020,大豆,だいず,다이즈,"대두, 콩",N1,soybean
20985,双眼,そうがん,소우간,쌍안,N1,"binocular, both eyes"
21779,退社,たいしゃ,타이샤,퇴사,N1,"leaving the office, resigning"
19484,相撲,すもう,스모우,스모,N2,sumo wrestling
19187,勧め,すすめ,스스메,"권유, 추천",N1,"recommendation, advice"
19140,スケッチ,スケッチ,스켓치,스케치,N2,sketch
19560,座り込み,すわりこみ,스와리코미,연좌 농성,N1,sit-in (protest)
20612,センバ,センバ,센바,센바 (지명/성씨),N1,Senba (place name / selection)
18779,人権,じんけん,진켄,인권,N2,human rights
17796,自供,じきょう,지쿄우,자백,N1,confession
16711,商事,しょうじ,쇼우지,상사,N1,commercial affairs
17306,進軍,しんぐん,신군,진군,N1,"march, advance (military)"
16268,祝する,しゅくする,슈쿠스루,축하하다,N1,"to celebrate, to congratulate"
16347,出家,しゅっけ,슛케,출가,N1,entering the priesthood
16658,焼香,しょうこう,쇼우코우,분향,N1,burning incense
17384,神事,しんじ,신지,신사 (제사),N1,Shinto ritual
15245,死後,しご,시고,사후,N1,After death
14399,寒空,さむぞら,사무조라,겨울 하늘,N1,Wintry sky; cold weather
14535,三箇日,さんがにち,산가니치,신정 초사흘,N1,First three days of the New Year
13189,紺青,こんじょう,콘죠우,"군청색, 진한 남색",N1,Prussian blue; deep blue
13398,豪遊,ごうゆう,고우유우,호유 (호화로운 유흥),N1,Extravagant spree; revelry
14424,左翼,さよく,사요쿠,좌익,N1,Left wing
12320,紅白,こうはく,코우하쿠,홍백,N1,Red and white
11359,拳銃,けんじゅう,켄쥬우,권총,N1,Handgun; pistol
11431,拳法,けんぽう,켄포우,권법,N1,Kenpo (martial art)
11407,県道,けんどう,켄도우,현도 (현에서 관리하는 도로),N1,Prefectural road
7100,上座,かみざ,카미자,상석,N1,Seat of honor; top seat
8369,聞き直す,ききなおす,키키나오스,다시 듣다,N1,To ask again; to listen again
5666,회기,かいき,카이키,회기,N1,Session (of a legislature); period
4231,円卓,えんたく,엔타쿠,원탁,N1,Round table
4222,宴席,えんせき,엔세키,연석 (잔칫상),N1,Banquet; dinner party; festive occasion
3042,右岸,うがん,우간,우안 (강의 오른쪽 기슭),N1,Right bank (of a river)
18738,滋養,じよう,지요우,자양,N1,"nourishment, nutrition"
17698,慈愛,じあい,지아이,자애,N1,"affection, love, benevolence"
18026,耳鼻,じび,지비,이비 (귀와 코),N2,nose and ears
18287,受刑,じゅけい,쥬케이,수형,N1,serving a sentence
18283,熟慮,じゅくりょ,쥬쿠료,숙려,N1,careful consideration
16357,出仕,しゅっし,슛시,"출사, 관직에 나감",N1,entering government service
16182,習得,しゅうとく,슈우토쿠,습득,N1,"learning, mastery, acquisition"
16131,就寝,しゅうしん,슈우신,취침,N1,"going to bed, retiring"
16097,集結,しゅうけつ,슈우케츠,집결,N1,"concentration, gathering, massing (of troops)"
16604,渉外,しょうがい,쇼우가이,섭외,N1,"public relations, external affairs"
16874,笑覧,しょうらん,쇼우란,소람 (남에게 보여줌의 겸양어),N1,looking at (humble term for showing something)
16696,召集,しょうしゅう,쇼우슈우,소집,N1,"summons, convening"
16892,抄録,しょうろく,쇼우록,초록 (요약),N1,"abstract, summary, excerpt"
15139,市況,しきょう,시쿄우,시황,N1,Market conditions
15081,士官,しかん,시칸,사관,N1,(Military) officer
14893,惨殺,ざんさつ,잔사츠,참살,N1,Slaughter; brutal murder
15366,施政,しせい,시세이,시정,N1,Administration; government
14974,恣意,しい,시이,자의,N1,Self-will; selfishness; arbitrary
15168,シクラメン,シクラメン,시쿠라멘,시클라멘,N1,Cyclamen (flower)
15986,赦免,しゃめん,샤멘,사면,N1,Pardon; amnesty; remission
15432,舌端,したはじ,시타하지,혓끝 (설단),N1,Tip of the tongue
12972,細か,こまか,코마카,"미세함, 상세함",N1,Small; fine; detailed
14143,刺し殺す,さしころす,사시코로스,찔러 죽이다,N1,To stab to death
14512,傘下,さんか,산카,산하,N1,Under the umbrella/leadership of
14144,差し障り,さしさわり,사시사와리,"지장, 방해",N1,Obstacle; hindrance; offense
13174,混在,こんざい,콘자이,혼재,N1,Mixture; coexistence
14134,差し入れ,さしいれ,사시이레,"간식, 넣어줌",N1,Supply; insertion; snacks for workers
12938,小瓶,こびん,코빈,작은 병,N1,Small bottle; vial
12527,国史,こくし,코쿠시,국사,N1,National history
11979,公金,こうきん,코우킨,공금,N1,Public funds
12814,骨髄,こつずい,코츠즈이,골수,N1,Bone marrow
11135,潔斎,けっさい,켓사이,계재 (부정을 멀리하고 몸을 깨끗이 함),N1,Purification; abstinence
11183,欠如,けつじょ,케츠죠,결여,N1,Lack; deficiency
11198,結露,けつろ,케츠로,결로,N1,Condensation
8043,額縁,がくぶち,가쿠부치,액자 틀,N1,Picture frame
6990,華美,かび,카비,"화려함, 사치스러움",N1,Splendor; pomp; gorgeousness
6987,可否,かひ,카히,가부,N1,Yes or no; pros and cons; propriety
7174,仮面,かめん,카멘,가면,N1,Mask; persona
8439,紀行,きこう,키코우,기행,N1,Travelogue; journal
7548,完結,かんけつ,칸케츠,완결,N1,Conclusion; completion
7777,看破,かんぱ,칸파,간파,N1,Penetration; seeing through
7843,陥落,かんらく,칸라쿠,함락,N1,Fall; surrender; sinking
7749,勘当,かんどう,칸도우,의절 (부모 자식 관계를 끊음),N1,Disinheritance
7725,貫通,かんつう,칸츠우,관통,N1,Penetration; piercing
7829,喚問,かんもん,칸몬,소환하여 신문함,N1,Summons; subpoena
6320,囲い,かこい,카코이,"울타리, 담",N1,Enclosure; fence
6240,隔離,かくり,카쿠리,격리,N1,Isolation; segregation
6146,隔月,かくげつ,카쿠게츠,격월,N1,Every other month
8497,奇襲,きしゅう,키슈우,기습,N1,Surprise attack
9177,叫喚,きょうかん,쿄우칸,규환,N1,Shouting; screaming; wailing
9800,擬人,ぎじん,기진,의인화,N1,Personification
9813,犠打,ぎだ,기다,희생 번트,N1,Sacrifice hit (baseball)
8660,菊花,きっか,킷카,국화,N1,Chrysanthemum flower
9405,去就,きょしゅう,쿄슈우,거취,N1,Course of action; attitude
6143,閣議,かくぎ,카쿠기,국무회의,N1,Cabinet meeting
5906,開幕,かいまく,카이마쿠,개막,N1,Opening (of a play/event); curtain-praising
6729,割拠,かっきょ,캇쿄,할거 (나뉘어 점유함),N1,Rivalry (of local leaders)
5993,顔負け,かおまけ,카오마케,부끄러울 정도로 무색함,N1,Putting to shame; outshining
6637,片隅,かたすみ,카타스미,구석,N1,Corner; nook
5417,穏健,おんけん,온켄,온건,N1,Moderate; sound
5310,泳ぎ,およぎ,오요기,수영,N1,Swimming
4886,押さえ,おさえ,오사에,"억제, 누름",N1,Weight; stop; control; pressure
5077,陥れる,おとしいれる,오토시이레루,"빠뜨리다, 함정에 넣다",N1,To trap; to frame; to lure into
3751,駅員,えきいん,에키인,역무원,N2,Station attendant; station staff
3501,雨量,うりょう,우료우,우량,N1,Rainfall; precipitation
2101,一任,いちにん,이치닌,일임,N1,Entrusting; leaving everything to someone
2377,委任,いにん,이닌,위임,N1,Charge; mandate; delegation
2429,畏怖,いふ,이후,"경외, 두려워함",N1,Awe; fear; dread
2139,胃腸,いちょう,이쵸우,위장,N1,Stomach and intestines; digestive tract
2111,市場,いちば,이치바,시장 (장터),N1,Market (Ichiba is local; Shijo is professional/financial)
2501,忌む,いむ,이무,"싫어하다, 기피하다",N1,To abhor; to detest; to shun
660,味付け,あじつけ,아지츠케,"맛을 냄, 양념",N1,Seasoning; flavoring
931,阿鼻,あび,아비,아비 (아비규환의 아비),N1,(Part of Abi-kyokan) Hell; agony
1170,表われ,あらわれ,아라와레,"표현, 나타남",N1,Expression; manifestation
8467,刻み,きざみ,키자미,"잘게 쒊, 새김",N1,Chop; notch; nick; interval
7400,川底,かわぞこ,카와조코,강바닥,N1,Riverbed
6673,固め-居体言,かため,카타메,굳히기,N1,Tightening; hardening; defense (noun form)
5251,思いの外,おもいのほか,오모이노호카,"의외로, 생각보다",N1,Unexpectedly
18094,邪推,じゃすい,쟈스이,억측,N1,"unjust suspicion, distrust"
5033,億劫,おっくう,옥쿠우,번거롭고 귀찮음,N1,Troublesome; annoying; reluctant
18113,蛇腹,じゃばら,쟈바라,자바라 (주름),N1,"bellows, accordion fold"
17836,地酒,じざけ,지자케,지역 술,N1,locally brewed sake
18316,受諾,じゅだく,쥬다쿠,수락,N1,acceptance
18342,呪縛,じゅばく,쥬바쿠,주박,N1,"spell, binding, curse"
18219,銃弾,じゅうだん,쥬우단,총탄,N1,bullet
18388,巡回,じゅんかい,쥰카이,순회,N2,"tour, patrol, circuit"
18218,縦断,じゅうだん,쥬우단,종단,N1,"cutting across, traversing"
17801,辞儀,じぎ,지기,머리숙여 인사,N1,"bow, bowing"
18408,殉死,じゅんし,쥰시,순사,N1,following one's master to the grave
18410,殉職,じゅんしょく,쥰쇼쿠,순직,N1,dying in the line of duty
18412,純真,じゅんしん,쥰신,순진,N1,"purity, sincerity, innocence"
18411,潤色,じゅんしょく,쥰쇼쿠,윤색,N1,"rhetorical flourish, embellishment"
18425,潤沢,じゅんたく,쥰타쿠,윤택,N1,"abundance, luster, wealth"
17848,自粛,じしゅく,지슈쿠,자숙,N1,"self-restraint, voluntary restraint"
18284,熟練,じゅくれん,쥬쿠렌,숙련,N2,"skill, proficiency, mastery"
18951,出納,すいとう,스이토우,출납,N1,receipts and disbursements
18395,巡業,じゅんぎょう,쥰교우,순업 (순회 공연 등),N1,"roadshow, tour (by actors/wrestlers)"
18719,女流,じょりゅう,죠류우,여류,N1,female (in arts/literature)
18720,助力,じょりょく,죠료쿠,조력,N1,"assistance, help"
18666,叙勲,じょくん,죠쿤,서훈,N1,conferring of a decoration
18918,水深,すいしん,스이신,수심,N1,water depth
17556,親身,しんみ,신미,"친절함, 혈육 같음",N1,"relative, cordially, kindly"
18899,遂行,すいこう,스이코우,수행,N1,"accomplishment, execution"
18273,熟睡,じゅくすい,쥬쿠스이,"숙면,숙수",N1,deep sleep
18649,条理,じょうり,죠우리,조리,N1,"logic, reason"
18810,陣頭,じんとう,진토우,진두,N1,"lead, front of an army"
18806,陣痛,じんつう,진츠우,진통,N1,labor pains
18829,尋問,じんもん,진몬,심문,N1,"interrogation, questioning"
18793,尋常,じんじょう,진죠우,심상 (예사로움),N1,"common, ordinary, normal"
18977,吹鳴,すいめい,스이메이,"취명, 울림",N1,blowing (a whistle/horn)
9510,切り口,きりくち,키리쿠치,"단면, 베인 곳",N1,Cut end; cross section; perspective
9156,教員,きょういん,쿄우인,교원,N1,Teaching staff; faculty
9696,均等,きんとう,킨토우,균등,N1,Equality; uniformity
9608,均一,きんいつ,킨이츠,균일,N1,Uniformity; equality
3526,憂える,うれえる,우레에루,"걱정하다, 한탄하다",N2,To grieve; to lament; to be anxious
3511,漆,うるし,우루시,옻,N4,Lacquer; varnish
1127,抗う,あらがう,아라가우,"다투다, 저항하다",N1,To resist; to defy; to oppose
16980,書斎,しょさい,쇼사이,서재,N2,"study, library (room)"
16995,所持,しょじ,쇼지,소지,N2,"possession, carrying"
16997,初旬,しょじゅん,쇼쥰,초순,N2,first 10 days of the month
17014,処置,しょち,쇼치,처치. 조치,N3,"measure, step, treatment"
17029,しょっちゅう,しょっちゅう,숏츄우,자꾸만,N2,"always, constantly, frequently"
17034,所定,しょてい,쇼테이,소정,N1,"fixed, prescribed, designated"
17036,書店,しょてん,쇼텐,서점,N3,bookstore
17040,所得,しょとく,쇼토쿠,소득,N3,"income, earnings"
17048,処罰,しょばつ,쇼바츠,처벌,N2,"punishment, penalty"
17047,初版,しょはん,쇼한,초판,N1,first edition
17053,初歩,しょほ,쇼호,초보,N2,"basics, rudiments"
17064,書物,しょもつ,쇼모츠,책. 도서,N2,"books, literature"
17068,処理,しょり,쇼리,처리,N4,"processing, handling, disposal"
17132,調べ,しらべ,시라베,조사,N1,"investigation, inspection, melody"
17169,記す,しるす,시루스,쓰다,N3,"to write down, to record"
17193,素人,しろうと,시로우토,풋내기,N2,"amateur, novice"
17238,芯,しん,신,심,N3,"core, wick, lead (pencil)"
17259,進化,しんか,신카,진화,N2,evolution
17273,進学,しんがく,신가쿠,진학,N3,entering a higher-level school
17291,審議,しんぎ,신기,심의,N2,"deliberation, discussion"
17297,真空,しんくう,신쿠우,진공,N2,vacuum
17310,真剣,しんけん,신켄,진검,N3,"serious, earnest, real sword"
17317,信仰,しんこう,신코우,신앙,N3,"faith, belief, religion"
17318,振興,しんこう,신코우,진흥,N2,"promotion, encouragement"
17319,新興,しんこう,신코우,신흥,N1,"emerging, rising, developing"
17326,進行,しんこう,신코우,진행,N2,"progress, advance"
17337,審査,しんさ,신사,심사,N3,"examination, screening, judging"
17414,申請,しんせい,신세이,신청,N4,"application, petition"
17431,親善,しんぜん,신젠,친선,N1,"friendship, goodwill"
17453,寝台,しんだい,신다이,침대,N2,"bed, couch"
17457,新築,しんちく,신치쿠,신축,N1,"new building, newly built"
17213,皺,しわ,시와,주름,N4,"wrinkle, crease"
16522,初,しょ,쇼,초,N3,"first, beginning"
16897,昭和,しょうわ,쇼우와,쇼와,N3,Showa era
17147,退ける,しりぞける,시리조케루,치우다,N2,"to repel, to reject, to push aside"
16393,出願,しゅつがん,슈츠간,출간,N2,"application, filing a petition"
16191,収納,しゅうのう,슈우노우,수납,N2,"storage, putting away"
17405,浸水,しんすい,신스이,침수,N2,"flooding, inundation"
16524,書,しょ,쇼,붓글씨,N4,"book, document"
16117,終止,しゅうし,슈우시,종지,N2,"termination, end, stop"
16280,宿場,しゅくば,슈쿠바,역참,N2,"post town, relay station"
16705,小心,しょうしん,쇼우신,소심,N2,"timidity, prudence"
16552,症,しょう,쇼우,증,N4,"illness, condition, symptom"
16589,消火,しょうか,쇼우카,소화,N2,"firefighting, extinguishing"
16265,祝辞,しゅくじ,슈쿠지,축사,N1,congratulatory address
16198,修復,しゅうふく,슈우후쿠,수복,N2,"restoration, repair"
17346,真摯,しんし,신시,진지,N2,"sincere, earnest, serious"
16559,章,しょう,쇼우,장,N4,"chapter, section, medal"
17292,真偽,しんぎ,신기,진위,N1,"truth or falsehood, authenticity"
17105,白菊,しらぎこ,시라기코,흰 국화,N1,white chrysanthemum
17045,初任,しょにん,쇼닌,초임,N1,"first appointment, new to the job"
16581,省エネ,しょうエネ,쇼우에네,에너지 절약,N1,energy saving
16622,焼却,しょうきゃく,쇼우캬쿠,소각,N1,"incineration, burning up"
17396,信条,しんじょう,신죠우,신조,N1,"creed, belief, tenet"
16914,職,しょく,쇼쿠,직,N4,"employment, job, trade"
16907,初期,しょき,쇼키,초기,N2,"early stage, initial"
16285,殊勲,しゅくん,슈쿤,수훈,N1,"meritorious service, distinguished exploit"
16748,肖像,じょうじょう,죠우죠우,초상,N2,portrait
16291,首肯,しゅこう,슈코우,고개,N1,"assent, nod of approval"
16271,粛正,しゅくせい,슈쿠세이,"숙정, 정립",N1,enforcement of discipline
16101,就航,しゅうこう,슈우코우,취항,N1,"going into commission (ship/plane), service"
17151,史料,しりょう,시료우,사료,N1,historical records/materials
17177,司令,しれい,시레이,명령,N1,"command, headquarters, commandant"
16684,称賛,しょうさん,쇼우산,칭찬,N2,"praise, admiration"
17443,親族,しんぞく,신조쿠,친족,N2,"relatives, kin"
17154,飼料,しりょう,시료우,사료,N1,"fodder, animal feed"
16726,精進,しょうじん,쇼우진,정진,N2,"diligence, purification, veganism"
16304,取捨,しゅしゃ,슈샤,취사,N1,"selection, choice (adopt or reject)"
16435,首尾,しゅび,슈비,"시비, 자초지종",N1,"beginning and end, outcome, result"
16327,首席,しゅせき,슈세키,수석,N1,"head, top seat, chief"
16312,殊勝,しゅしょう,슈쇼우,기특함,N1,"admirable, laudable"
16689,消失,しょうしつ,쇼우시츠,소실,N1,"disappearance, loss"
16190,執念,しゅうねん,슈우넨,집념,N1,"tenacity, persistence, obsession"
16130,執心,しゅうしん,슈우신,집착,N1,"devotion, attachment, obsession"
16780,消灯,しょうどう,쇼우도우,소등,N1,turning out the lights
16209,襲名,しゅうめい,슈우메이,습명 (이름을 물려받음),N1,succession to a name
16181,拾得,しゅうとく,슈우토쿠,습득,N1,finding (lost property)
16120,収拾,しゅんしゅう,슌슈우,수습,N1,"settling, tidying up, getting under control"
17279,新規,しんき,신키,신규,N3,"new, fresh, startup"
16493,瞬時,しゅんじ,슌지,"순간,순시",N2,"moment, instant"
17018,署長,しょちょう,쇼쵸우,서장,N1,chief (police/fire/station)
16976,諸国,しょこく,쇼코쿠,여러 나라,N1,various countries
16538,商,しょう,쇼우,상,N4,"commerce, trade, quotient"
16761,招致,しょうち,쇼우치,유치,N1,"invitation, lure, attraction"
16735,招請,しょうせい,쇼우세이,초청,N1,invitation
16654,昇降,しょうこう,쇼우코우,승강,N1,ascending and descending
16850,消滅,しょうめつ,쇼우메츠,소멸,N1,"extinction, disappearance"
17282,進級,しんきゅう,신큐우,진급,N1,promotion (to a higher grade)
17313,進言,しんげん,신겐,진언,N1,"advice, suggestion (to a superior)"
17302,寝具,しんぐ,신구,침구,N1,bedding
16839,抄本,しょうほん,쇼우본,초본,N1,"extract, abstract, transcript"
16856,抄訳,しょうやく,쇼우야쿠,초역,N1,abridged translation
16742,尚早,しょうそう,쇼우소우,시기상조,N1,"premature, too early"
17444,身体,しんたい,신타이,신체,N1,"body, physique"
17269,侵害,しんがい,신가이,침해,N1,"infringement, violation, trespass"
16945,触発,しょくはつ,쇼쿠하츠,촉발,N1,"triggering, inspiration, contact detonation"
16940,嘱託,しょくたく,쇼쿠탁,촉탁,N1,"commission, part-time employee"
17022,織機,しょっき,쇼키,직기,N1,loom
17145,尻込み,しりごみ,시리고미,"뒷걸음질, 주춤함",N1,"recoiling, hesitating"
17361,伸縮,しんしゅく,신슈쿠,신축,N1,"expansion and contraction, flexibility"
16593,照会,しょうかい,쇼우카이,조회,N1,"inquiry, reference"
16851,生滅,しょうめつ,쇼우메츠,생멸,N1,"birth and death, appearance and disappearance"
17001,処世,しょせい,쇼세이,처세,N1,"conduct in life, social wisdom"
17433,親疎,しんそ,신소,친소,N1,degree of intimacy
17445,進退,しんだい,신다이,진퇴,N1,"movement, course of action"
17208,代物,しろもの,시로모노,"물건, 대물",N1,"article, thing, fellow"
16178,周到,しゅどう,슈도우,주도,N1,"thorough, meticulous, scrupulous"
16225,秀麗,しゅうれい,슈우레이,수려함,N1,"graceful, beautiful, elegant"
16821,焦眉,しょうび,쇼우비,초미 (매우 급함),N1,"urgent, imminent (lit. burning eyebrows)"
17366,新春,しんしゅん,신슌,신춘,N1,"New Year, early spring"
16527,署,しょ,쇼,서,N1,"office, bureau, station"
15280,支社,ししゃ,시샤,지사,N3,Branch office
15738,仕舞う,しまう,시마우,(~해)버리다,N5,To finish; to put away; to end
15607,しなやか,しなやか,시나야까,나긋나긋,N2,Supple; flexible; graceful
15037,潮干,しおひ,시오히,조개잡이,N1,Ebb tide; low tide
14849,雑草,ざっそお,잣소오,잡초,N4,Weed
15869,社会,しゃかい,샤카이,사회,N5,Society; public
15051,鹿,しか,시카,사슴,N2,Deer
15064,仕掛ける,しかける,시카케루,"도전하다,장치하다",N2,To set up; to commence; to challenge
15717,脂肪,しぼう,시보우,지방,N2,Fat; grease
15385,思想,しそう,시소우,사상,N3,Thought; idea; ideology
14777,財源,ざいげん,자이겐,재원,N1,Source of funds; resources
14781,財産,ざいさん,자이산,재산,N2,Property; assets; fortune
14811,材料,ざいりょう,자이료우,재료,N4,Material; ingredients
14823,座敷,ざしき,자시키,다다미방. 특히 객실,N2,Tatami room; formal reception room
14830,座席,ざせき,자세키,좌석,N3,Seat
14834,座談,ざだん,자단,좌담,N1,Conversation; discussion
14859,雑音,ざつおん,자츠온,잡음,N2,Noise; static
14852,ざっ,ざっ,잣,잣,N3,Roughly; quickly
14858,雑,ざつ,자츠,조잡,N4,Rough; crude; miscellaneous
14865,座標,ざひょう,자효우,좌표,N1,Coordinates
14578,産出,さんしゅつ,산슈츠,산출,N1,Production; output; yield
14581,参照,さんしょう,산쇼우,참조,N1,Reference; consultation; browse
14597,参上,さんじょう,산죠우,찾아뵘,N1,Calling on; visiting (humble)
14606,賛成,さんせい,산세이,찬성,N4,Agreement; approval; support
14607,酸性,さんせい,산세이,산성,N2,Acidity
14905,残高,ざんだか,잔다카,잔고,N2,Balance (bank account)
14674,賛美,さんび,산비,찬미,N1,Praise; adoration; glorification
14686,山腹,さんぷく,산푸쿠,산허리,N1,Hillside; mountainside
14709,山脈,さんみゃく,산먀쿠,산맥,N2,Mountain range
14730,山林,さんりん,산린,산림,N2,Mountain forest; timberland
14958,仕上がる,しあがる,시아가루,마무리되다. 다 되다,N3,To be finished; to be completed
14960,仕上げる,しあげる,시아게루,마무리하다,N3,To finish up; to complete
15022,塩辛い,しおからい,시오카라이,짜다,N3,Salty (taste)
15049,歯科,しか,시카,치과,N1,Dentistry
15052,司会,しかい,시카이,사회(자),N3,Chairman; moderator; master of ceremonies
15062,四角い,しかくい,시카쿠이,네모지다,N2,Square; rectangular
15066,然し,しかし,시카시,그러나,N4,But; however (usually written in kana)
15182,湿気る,しける,시케루,습기가 차다,N1,To become damp/moist
15220,茂る,しげる,시게루,빽빽히 들어차다,N2,To grow thick; to be luxuriant
15228,志向,しこう,시코우,지향,N1,Intention; aim; preference
15232,施行,"しこう,せこう","시코우,세코우",시행,N2,Execution; operation; enforcement
15226,嗜好,しこう,시코우,기호,N1,Taste; liking; preference
15285,刺繍,ししゅう,시슈우,자수,N2,Embroidery
15316,始終,しじゅう,시쥬우,시종,N2,From beginning to end; continuously
15290,支出,ししゅつ,시슈츠,지출,N2,Expenditure; outlays
15332,詩人,しじん,시진,시인,N3,Poet
15350,滴,しずく,시즈쿠,물방울,N4,Drop; droplet
15356,静まる,しずまる,시즈마루,가라앉다,N3,To become quiet; to calm down
15360,沈める,しずめる,시즈메루,가라앉히다,N2,To submerge; to sink (something)
15380,自然,しぜん,시젠,자연(스러운),N3,Nature; natural
15391,子息,しそく,시소쿠,자제,N1,Son (honorific)
15392,子孫,しそん,시손,자손,N2,Descendant; offspring
15477,失格,しっかく,싯카쿠,실격,N1,Disqualification; elimination
15539,質疑,しつぎ,시츠기,질의,N1,Question; inquiry
15540,失業,しつぎょう,시츠교우,실업,N3,Unemployment
15542,仕付ける,しつける,시츠케루,예의범절을 가르치다,N1,To train; to discipline; to tack (sewing)
15545,しつこい,しつこい,시츠코이,끈덕지다. 끈질기다,N3,Persistent; stubborn; heavy (taste/color)
15507,質素,しっそ,싯소,검소,N2,Simple; plain; frugal
15516,失調,しっちょう,싯쵸우,실조,N1,Lack of coordination; imbalance; disorder
15550,湿度,しつど,시츠도,습도,N3,Humidity
15525,執筆,しっぴつ,싯피츠,집필,N2,Writing (as a profession/act)
15553,失望,しつぼう,시츠보우,실망,N2,Disappointment; despair
15559,失礼,しつれい,시츠레이,실례,N4,Rude; impolite; Excuse me
15560,失恋,しつれん,시츠렌,실연,N3,Broken heart; unrequited love
15566,指定,してい,시테이,지정,N3,Designation; appointment; specification
15569,指摘,してき,시테키,지적,N3,Pointing out; indication
15571,私鉄,してつ,시테츠,"민영 철도,사철",N2,Private railway
15574,支店,してん,시텐,지점,N3,Branch office/shop
15575,視点,してん,시텐,시점,N2,Point of view; viewpoint
15584,指導,しどう,시도우,지도,N3,Guidance; leadership; coaching
15589,品,しな,시나,"물건,품위",N3,Article; item; quality
15710,司法,しほう,시호우,사법,N1,Administration of justice; judicature
15716,死亡,しぼう,시보우,사망,N3,Death; mortality
15713,資本,しほん,시혼,자본,N2,Capital; funds
15736,姉妹,しまい,시마이,자매,N4,Sisters
15747,始末,しまつ,시마츠,"나쁜 결과, 신세",N2,Management; settlement; cleaning up
15761,染み染み,しみじみ,시미지미,절실함,N3,Deeply; keenly; thoroughly
15772,市民,しみん,시민,시민,N5,Citizen
15782,氏名,しめい,시메이,성명,N3,Full name; identity
15777,締め,しめ,시메,마감,N3,Closure; end; total
15784,締め切る,しめきる,시메키루,완전히 닫다. 마감하다,N2,To close up; to shut
15798,湿る,しめる,시메루,습기차다,N2,To become damp; to be moist
15797,占める,しめる,시메루,차지하다,N2,To occupy; to hold; to account for
15809,霜,しも,시모,서리,N2,Frost
15875,しゃがむ,しゃがむ,샤가무,웅크리다,N3,To squat; to crouch
15906,車庫,しゃこ,샤코,차고,N3,Garage; coach house
15923,車掌,しゃしょう,샤쇼우,차장,N2,(Train) conductor
15931,社説,しゃせつ,샤세츠,사설,N3,Editorial; leading article
15940,社宅,しゃたく,샤타쿠,사택,N2,Company housing
15946,社長,しゃちょう,샤쵸우,사장,N5,Company president
15948,借金,しゃっきん,샷킨,빚,N3,Debt; loan; liabilities
15996,しゃる,しゃる,샤루,~하시다,N2,"To be (honorific suffix, e.g., irassharu)"
15969,しゃぶる,しゃぶる,샤부루,입안에 넣고 핥다,N2,To suck; to lick
15975,喋る,しゃべる,샤베루,지껄이다,N2,To talk; to chat; to speak
15985,斜面,しゃめん,샤멘,사면. 경사면,N3,Slope; inclined plane
15995,車輪,しゃりん,샤린,차륜,N3,Wheel
16001,洒落る,しゃれる,샤레루,센스있다,N2,To dress up; to be smart; to joke
16059,収益,しゅうえき,슈우에키,수익,N3,Earnings; proceeds; profit
15443,次第,しだい,시다이,차차,N4,Order; circumstances; as soon as
16037,周,しゅう,슈우,주,N4,Circuit; lap; circumference
14804,在米,ざいべい,자이베이,재미,N1,Residing in America
14957,仕上がり,しあがり,시아가리,만듦새,N1,Finish; completion; end result
15592,市内,しない,시나이,시내,N3,Within the city
15551,室内,しつない,시츠나이,실내,N1,Indoor; interior of a room
14675,三百,さんびゃく,산뱌쿠,삼백,N2,Three hundred
15309,指示,しじ,시지,지시,N4,Instruction; direction; indication
14761,財,ざい,자이,"재산,재",N3,Wealth; assets; fortune
15257,試作,しさく,시사쿠,"시험제작,시작",N2,Prototype; trial production
15786,締め括る,しめくくる,시메쿠쿠루,매듭짓다,N2,To bring to a close; to wind up
14791,在宅,ざいたく,자이타쿠,재택,N2,Being at home; home care
15319,子女,しじょ,시죠,자녀,N1,Children; boys and girls
15054,視界,しかい,시카이,시야,N3,Visibility; field of vision
16088,祝儀,しゅうぎ,슈우기,축의,N2,Celebration; wedding gift; tip
15505,叱責,しっせき,싯세키,질책,N1,Reprimand; scolding
15087,死骸,しがい,시가이,사체,N1,Corpse; carcass
14886,残虐,ざんぎゃく,잔갸쿠,잔학,N1,Cruelty; brutality
15297,師匠,ししょう,시쇼우,스승,N3,Master; teacher; mentor
15159,詩吟,しぎん,시긴,"시조 읽기,시음",N1,Recitation of a Chinese poem
14579,算出,さんしゅつ,산슈츠,산출,N1,Calculation; computation
15249,至極,しごく,시고쿠,지극,N1,Very; extremely; most
15721,絞り上げる,しぼりあげる,시보리아게루,짜내다,N1,To squeeze (money/information); to wring
15252,示唆,しさ,시사,시사,N1,Suggestion; hint; implication
14831,挫折,ざせつ,자세츠,좌절,N1,Setback; frustration; failure
14572,蚕糸,さんし,산시,잠사,N2,Silk thread; cocoon silk
14918,残留,ざんりゅう,잔류우,잔류,N1,Residual; remaining
15436,下回る,したまわる,시타마와루,밑돌다,N1,To fall below; to be less than
14894,斬殺,ざんさつ,잔사츠,참살,N1,Killing with a sword
14900,暫時,ざんじ,잔지,잠시,N1,For a short while; for a moment
14907,暫定,ざんてい,잔테이,잠정,N1,Provisional; tentative
15288,止宿,ししゅく,시슈쿠,숙박,N1,Lodging; staying at
15114,式辞,しきじ,시키지,식사(式辞),N1,Address (at a ceremony)
15805,誌面,しめん,시멘,지면,N1,Space/page in a magazine
15682,雌伏,しふく,시후쿠,지복 (때를 기다리며 굴복함),N1,Remaining in obscurity; biding one's time
15845,諮問,しもん,시몬,자문,N1,Consultation; inquiry
15902,酌量,しゃくりょう,샤쿠료우,"참작, 작량",N1,Consideration; extenuation
15896,釈明,しゃくめい,샤쿠메이,"석명, 해명",N1,Explanation; vindication
14583,蚕食,さんしょく,산쇼쿠,잠식,N1,Encroachment; devouring (like a silkworm)
15547,質実,しつじつ,시츠지츠,"실속,실질",N1,Simplicity and fortitude; unaffected
15922,捨象,しゃしょう,샤쇼우,"추상화,사상",N1,Abstraction
15932,斜線,しゃせん,샤센,사선,N1,Diagonal line; slash
15967,煮沸,しゃふつ,샤후츠,"열탕,자비",N1,Boiling; sterilization by boiling
15428,滴る,したたり,시타타리,물방울,N1,To drip; to trickle
15636,忍び足,しのびあし,시노비아시,살금살금 걷는 발걸음,N1,Stealthy steps; tiptoeing
15638,忍びやか,しのびやか,시노비야카,"은밀함, 남몰래 함",N1,Stealthy; secret; quiet
14802,財閥,ざいばつ,자이바츠,재벌,N1,Zaibatsu; financial clique/conglomerate
14666,産婆,さんば,산바,산파,N1,Midwife (archaic)
15701,紙片,しへん,시헨,종이조각,N1,Scrap of paper
15056,仕返し,しかえし,시카에시,"보복, 복수",N1,Revenge; retaliation
15107,敷石,しきいし,시키이시,깔개 돌,N1,Paving stone
15420,親しみ,したしみ,시타시미,친근함,N1,Affection; familiarity; intimacy
15526,湿布,しっぷ,싯푸,"파스,습포",N1,Compress; poultice
13146,紺色,こんいろ,콘이로,곤색,N2,Navy blue; deep blue
14820,雑魚,じゃこ,쟈코,"잔챙이, 어린 물고기",N1,Small fish; small fry; insignificant person
15593,竹刀,しない,시나이,죽도,N1,Shinai (bamboo sword used in Kendo)
15681,至福,しふく,시후쿠,"지극한 행복,지복",N1,Beatitude; supreme bliss
16022,手,しゅ,슈,수,N1,Hand; arm
14757,剤,ざい,자이,제,N1,Agent; drug; medicine (suffix)
15652,四半,しはん,시한,"4분의 1",N1,Quarter (one fourth)
13861,遮る,さえぎる,사에기루,차단하다,N2,To interrupt; to obstruct; to block
13865,囀る,されずる,사레주루,지저귀다,N2,To twitter; to chirp; to chatter
13894,栄える,さかえる,사카에루,번영하다,N3,To prosper; to flourish
12905,此の,この,코노,이,N6,This (usually written in kana)
13443,午後,ごご,고고,오후,N5,Afternoon; P.M.
14043,桜,さくら,사쿠라,벚꽃,N5,Cherry tree; cherry blossom
13987,咲く,さく,사쿠,피다,N5,To bloom
13675,最近,さいきん,사이킨,최근,N5,Recently; lately
14303,作動,さどう,사도우,작동,N2,Operation; movement; functioning
13709,最後,さいご,사이고,최후,N5,Last; end; conclusion
12999,困る,こまる,코마루,곤란하다,N5,To be troubled; to be in a fix
14249,殺虫,さっしゅう,삿슈우,살충,N1,Insecticide; killing insects
13640,際,さい,사이,"때, 끝",N4,Occasion; edge; when
13941,探す,さがす,사가수,찾다,N5,To search; to look for
13240,こんな,こんな,콘나,이런,N5,Such; like this
14406,覚める,さめる,사메루,떠지다,N4,To wake up; to become sober
12894,熟す,こなす,코나스,소화시키다,N3,To digest; to master; to handle; to manage
13810,裁判,さいばん,사이반,재판,N4,Trial; judgment
14499,三,さん,산,삼,N5,Three
14405,冷める,"さめる, ひめる","사메루, 히메루",식다,N3,To cool down; to subside (passion)
13770,最大,さいだい,사이다이,최대,N3,Maximum; largest
14444,晒す,さらす,사라스,노출시키다,N1,"To expose (to sun, etc.); to bleach"
13349,合意,ごうい,고우이,합의,N3,Agreement; consent; consensus
13351,強引,ごういん,고우인,강압,N2,Forcible; pushy; coercive
13384,強盗,ごうとう,고우토우,강도,N2,Robber; burglary
13385,合同,ごうどう,고우도우,합동,N3,Combination; union; joint
13405,護衛,ごえい,고에이,호위,N2,Guard; escort; convoy
13413,語学,ごがく,고가쿠,어학,N3,Language study; linguistics
13422,極く,ごく,고쿠,극히,N2,Quite; very; extremely
13424,語句,ごく,고쿠,어구,N2,Words and phrases
13438,語源,ごげん,고겐,어원,N1,Etymology; word origin
13444,誤差,ごさ,고사,오차,N2,Error; margin of error
12892,粉々,こなごな,코나고나,산산조각,N2,In pieces; fragments; shattered
12950,個別,こべつ,코베츠,개별,N1,Individual; separate; case-by-case
12961,零れる,こぼれる,코보레루,흘러나오다,N3,To be spilled; to overflow
13552,ごまかす,ごまかす,고마카스,"속이다,둘러대다",N1,To deceive; to falsify; to juggle
12997,濃やか,こまやか,코마야카,세심,N1,Friendly; intimate; detailed; profound
13020,込む,こむ,코무,혼잡하다. 붐비다,N4,To be crowded; to go into
13059,固有,こゆう,코유우,고유,N2,Characteristic; inherent; peculiar to
13066,暦,こよみ,코요미,달력,N4,Calendar; almanac
13569,娯楽,ごらく,고라쿠,오락,N2,Entertainment; recreation
13069,凝らす,こらす,코라스,옭아매다,N2,To concentrate; to focus; to devote
13083,懲りる,こりる,코리루,"넌더리 나다, 혼나서 질리다",N1,To learn by experience; to have enough of
13110,転がる,ころがる,코로가루,구르다. 굴러가다,N3,To roll; to tumble; to lie down
13156,根気,こんき,콘키,끈기,N2,Patience; perseverance
13158,根拠,こんきょ,콘쿄,근거,N4,Basis; grounds; foundation
13164,今月,こんげつ,콘게츠,이번달,N5,This month
13163,混血,こんけつ,콘케츠,혼혈,N1,Mixed race; mixed blood
13169,今後,こんご,콘고,금후. 앞으로,N3,From now on; in the future
13170,混合,こんごう,콘고우,혼합,N2,Mixing; mixture
13175,混雑,こんざつ,콘자츠,혼잡,N3,Congestion; crowding
13180,今週,こんしゅう,콘슈우,이번주,N5,This week
13213,献立,こんだて,콘다테,식단. 메뉴,N2,Menu; program; schedule
13218,根底,こんてい,콘테이,"토대,근저",N1,Root; basis; foundation
13234,今度,こんど,콘도,"이번, 다음",N4,Next time; this time; recently
13235,混同,こんどう,콘도우,혼동,N1,Confusion; mixing up
13633,最,さい,사이,최- (가장),N4,The most; utmost (prefix)
13656,再会,さいかい,사이카이,재회,N4,Reunion; meeting again
13666,災害,さいがい,사이가이,재해,N4,Disaster; calamity
13680,細工,さいく,사이쿠,"세공,농간",N2,Workmanship; craft; trick
13681,採掘,さいくつ,사이쿠츠,채굴,N1,Mining; excavation
13688,採決,さいけつ,사이케츠,채결,N1,Voting; division
13693,再建,さいけん,사이켄,재건,N1,Reconstruction; rebuilding
13715,再三,さいさん,사이산,재삼. 여러 번,N2,Again and again; repeatedly
13716,採算,さいさん,사이산,채산,N1,Profit; balanced accounts
13728,最初,さいしょ,사이쇼,최초,N4,First; beginning
13748,再生,さいせい,사이세이,재생,N3,Playback; regeneration; recycling
13760,催促,さいそく,사이소쿠,재촉,N2,Urging; demand; reminder
13765,採択,さいたく,사이타쿠,채택,N2,Adoption; selection
13774,最中,さいちゅう,사이츄우,"가운데,최중",N2,In the middle of; amidst
13778,最低,さいてい,사이테이,최저,N3,Lowest; worst
13782,採点,さいてん,사이텐,채점,N3,Marking; grading; scoring
13794,災難,さいなん,사이난,재난,N2,Misfortune; disaster
13805,再発,さいはつ,사이하츠,재발,N1,Recurrence; relapse
13822,裁縫,さいほう,사이호우,재봉,N2,Sewing; needlework
13847,幸い,さいわい,사이와이,다행,N2,Happiness; fortunately
13867,冴える,さえる,사에루,맑다,N2,To be clear; to be serene; to be skillful
13620,さ,さ,사,~다 이 말이야,N2,(Indicator of degree/noun-forming suffix)
13879,境,さかい,사카이,경계. 갈림길. 기로,N2,Boundary; border
13935,差額,さがく,사가쿠,차액,N1,Balance; difference (amount)
13900,逆様,さかさま,사카사마,거꾸로 됨,N2,Inverted; upside down
13908,逆立ち,さかだち,사카다치,물구나무서기,N1,Handstand; headstand
13918,遡る,さかのぼる,사카노보루,거슬러 올라가다,N2,To go upstream; to go back (in time)
13925,逆らう,さからう,사카라우,거스르다,N2,To go against; to disobey; to defy
13931,盛ん,さかん,사칸,성행,N4,Prosperous; active; popular
13968,先程,さきほど,사키호도,조금 전,N2,Some time ago; a moment ago
13998,削減,さくげん,사쿠겐,삭감,N3,Reduction; cut
13999,錯誤,さくご,사쿠고,착오,N2,Error; mistake
14016,作製,さくせい,사쿠세이,"제작, 작제",N2,Manufacture; production
14019,作戦,さくせん,사쿠센,작전,N3,Strategy; military operation
14073,叫び,さけび,사케비,외침,N1,Shout; scream; cry
14078,避ける,さける,사케루,피하다,N5,To avoid; to dodge
14097,支える,ささえる,사사에루,지탱하다,N5,To support; to sustain; to hold up
14102,捧げる,ささげる,사사게루,바치다,N3,To offer; to devote; to sacrifice
14119,囁く,ささやく,사사야쿠,속삭이다,N2,To whisper; to murmur
14122,差さる,ささる,사사루,박히다,N3,To be stuck; to be inserted
14131,差し上げる,さしあげる,사시아게루,あげる의 낮춤말.,N4,To give (polite); to offer
14137,差し掛かる,さしかかる,사시카카루,다다르다,N1,To approach; to come near
14146,指図,さしず,사시즈,"지시,지도",N1,Instruction; mandate; direction
14150,差し出す,さしだす,사시다스,"내밀다,발송하다",N2,To present; to submit; to hold out
14152,差し支える,さしつかえる,사시츠카에루,지장이 있다,N1,To interfere with; to be hindered
14178,流石,さすが,사스가,역시,N3,As expected; truly; nevertheless
14185,させる,させる,사세루,시키다. 하게 만들다,N4,To make (someone) do; to allow
14213,定まる,さだまる,사다마루,정해지다,N2,To be fixed; to be settled
14219,定める,さだめる,사다메루,정하다,N2,To decide; to establish; to fix
14261,撮影,さつえい,사츠에이,촬영,N3,Photography; filming
14226,作家,さっか,삿카,작가,N4,Writer; author
14230,早急,そうきゅう,소우큐우,조급,N1,Urgent; immediate
14231,作曲,さっきょく,삿쿄쿠,작곡,N3,Composition (music)
14266,殺人,さつじん,사츠진,살인,N2,Murder; homicide
14245,察する,さっする,삿스루,살피다,N2,To guess; to sense; to sympathize
14247,早速,さっそく,삿소쿠,즉시. 바로,N2,At once; immediately
14269,扠,サテ,사테,"그런데,그럼",N2,Well; now (usually kana)
14337,裁く,さばく,사바쿠,"재판하다, 판가름하다",N1,To judge; to pass judgment
14361,差別,さべつ,사베츠,차별,N3,Discrimination; distinction
14378,冷ます,さます,사마스,식히다,N3,To cool down (something)
14381,妨げる,さまたげる,사마타게루,방해하다,N2,To disturb; to prevent; to obstruct
14394,寒気,さむけ,사무케,한기. 오한,N1,Chill; the cold; shivering
14418,左右,さゆう,사유우,좌우,N4,Left and right; influence; control
14534,山岳,さんがく,산가쿠,산악,N3,Mountains
14197,沙汰,さた,사타,"기별, 사태",N2,Affair; news; judgment
13818,再編,さいへん,사이헨,재편,N2,Reorganization; reshuffle
13904,杯,さかずき(はい),사카즈키(하이),잔(배),N4,Sake cup; wine glass
13953,先送り,さきおくり,사키오쿠리,"미룸, 연기",N1,Postponement; putting off
13154,今季,こんき,콘키,이번 시즌,N1,This season
13046,木漏れ日,こもれび,코모레비,나뭇잎 사이로 비치는 햇살,N1,Sunlight filtering through trees
13648,才媛,さいえん,사이엔,재원,N1,Talented woman
13067,古来,こらい,코라이,"옛날부터, 고래",N1,From time immemorial; anciently
14536,三脚,さんきゃく,산캬쿠,삼각,N1,Tripod
14368,サボる,さぼる,사보루,농땡이(사보타주)피다,N1,To slack off; to skip
13564,五目,ごもく,고모쿠,오목,N2,Mixture (of five ingredients)
13598,言上,ごんじょう,곤죠우,말씀드림,N1,Statement; report (to a superior)
14186,左遷,させん,사센,좌천,N1,Demotion; degradation
14106,査察,ささつ,사사츠,"사찰, 사찰",N1,Inspection; investigation
13629,差異,さい,사이,차이,N1,Difference; disparity
14166,詐取,さしゅ,사슈,사취,N1,Swindling; fraud
14169,詐称,さしょう,사쇼우,사칭,N1,Misrepresentation; false statement
14088,鎖国,さこく,사코쿠,쇄국,N1,National isolation
13661,才覚,さいかく,사이카쿠,"재주, 기지",N1,Ready wit; resourcefulness
13789,再度,さいど,사이도,"재차, 다시 한번",N1,Twice; again; second time
13718,妻子,さいし,사이시,"처자, 아내와 자식",N1,Wife and children
13803,采配,さいはい,사이하이,지휘봉,N1,Command; baton; leadership
13833,宰領,さいりょう,사이료우,"관리, 통솔",N1,Supervision; manager
13730,宰相,さいしょう,사이쇼우,재상,N1,Prime minister; chancellor
13720,彩色,さいしき,사이시키,채색,N1,Coloring; painting
13701,採光,さいこう,사이코우,채광,N1,Lighting; natural light
13838,祭礼,さいれい,사이레이,제례,N2,Festival; ritual
13739,斎場,さいじょう,사이죠우,장례식장,N1,Funeral hall
13733,菜食,さいしょく,사이쇼쿠,채식,N1,Vegetarian diet
14240,冊子,さっし,삿시,책자,N1,Booklet; pamphlet
14243,刷新,さっしん,삿신,"개편,쇄신",N1,Reform; renovation; renewal
14067,鮭,さけ,사케,연어,N4,Salmon
13872,竿竹,さおだけ,사오다케,장대,N1,Bamboo pole
13272,混紡,こんぼう,콘보우,혼방,N1,Spun yarn; blended fabric
13028,米粒,こめつぶ,코메츠부,쌀알,N1,Grain of rice
13974,先行き,사키유키,사키유키,"장래, 앞날",N1,Future prospects; outlook
13983,作,さく,사쿠,작,N4,Work; harvest; production
14156,差し伸べる,さしのべる,사시노베루,뻗지르다,N1,To reach out; to extend
13389,合否,ごうひ,고우히,합격 여부,N1,Pass or fail; result
13442,五々,ゴゴ,名詞,体,N1,Fives; in groups of five
12621,心掛ける,こころがける,코코로가케루,마음에 새기다,N3,To keep in mind; to bear in mind
11640,元気,げんき,겡키,잘 지내,N5,Vigor; energy; health
12710,個人,こじん,코진,개인,N3,Individual; person
11803,鯉,こい,코이,잉어,N3,Carp (fish)
12445,高齢,こうれい,코우레이,고령,N3,Advanced age; elderly
11932,交換,こうかん,코우칸,교환,N4,Exchange; replacement
11786,子,こ,코,아이,N4,Child
12579,国民,こくみん,코쿠민,국민,N4,National; citizen; people
12040,交差,こうさ,코우사,교차,N3,Crossing; intersection
11666,現在,げんざい,겐자이,현재,N3,Present; now; current
11535,激励,げきれい,게키레이,격려,N1,Encouragement; cheering on
11546,下車,げしゃ,게샤,하차,N2,Alighting (from a train/bus); getting off
11547,下宿,げしゅく,게슈쿠,하숙,N4,Lodging; boarding house
11549,下旬,げじゅん,게쥰,하순,N3,The last ten days of a month
11555,下水,げすい,게스이,하수,N3,Sewage; drainage
11578,月賦,げっぶ,겟부,월부,N1,Monthly installment
11584,月末,げつまつ,게츠마츠,월말,N3,End of the month
11595,下品,げひん,게힌,저질,N3,Vulgar; indecent; coarse
11624,原因,げんいん,겐인,원인,N5,Cause; source; origin
11634,限界,げんかい,겐카이,한계,N3,Limit; bound; boundary
11660,言語,げんご,겐고,언어,N3,Language
11654,現行,げんこう,겐코우,현행,N1,Current; present; existing
11663,原作,げんさく,겐사쿠,원작,N1,"Original work (of a book, movie, etc.)"
11664,原産,げんさん,겐산,원산(지),N2,Origin; native (to a place)
11670,原子,げんし,겐시,원자,N1,Atom
11669,原始,げんし,겐시,원시,N2,Primitive; origin
11690,厳重,げんじゅう,겐쥬우,엄중,N3,Strict; severe; secure
11678,減少,げんしょう,겐쇼우,감소,N2,Decrease; reduction; decline
11692,現状,げんじょう,겐죠우,현재 상황,N2,Current status; present condition
11713,原則,げんそく,겐소쿠,원칙,N2,Principle; general rule
11736,限度,げんど,겐도,한도. 한계,N3,Limit; bounds
11740,現に,げんに,겐니,실제로. 목전에,N2,Actually; really
11750,原文,げんぶん,겐분,원문,N1,The original text
11757,厳密,げんみつ,겐미츠,엄밀,N2,Strict; close; precise
11765,原油,げんゆ,겐유,원유,N2,Crude oil
11767,原理,げんり,겐리,원리,N2,Principle; theory
11769,原料,げんりょう,겐료우,원료,N2,Raw materials
11772,言論,げんろん,겐론,언론,N2,Speech; public discussion
11802,濃い,こい,코이,짙다,N3,Thick; dark; strong (taste)
11870,好意,こうい,코우이,호의,N2,Goodwill; favor; kindness
11897,公演,こうえん,코우엔,공연,N2,Public performance
11912,硬貨,こうか,코우카,동전,N2,Coin; hard currency
11941,公害,こうがい,코우가이,공해,N2,Pollution; public nuisance
11926,航海,こうかい,코우카이,항해,N2,Voyage; navigation
11946,郊外,こうがい,코우가이,교외,N4,Suburbs; outskirts
11948,工学,こうがく,코우가쿠,공학,N3,Engineering
11982,抗議,こうぎ,코우기,항의,N3,Protest; objection
11983,講義,こうぎ,코우기,강의,N4,Lecture
11972,皇居,こおきょ,코오쿄,황궁,N2,Imperial Palace
11985,興業,こうぎょう,코우교우,흥업,N2,Promotion of industry; new enterprise
11977,好況,こうきょう,코우쿄우,호황. 호경기,N2,Prosperous conditions; boom
11984,工業,こうぎょう,코우교우,공업,N4,Industry (manufacturing)
11987,鉱業,こうぎょう,코우교우,광업,N2,Mining industry
12008,工芸,こうげい,코우게이,공예,N2,Industrial arts; craft
12005,貢献,こうけん,코우켄,공헌,N2,Contribution; service
12026,高校,こうこう,코우코우,고등학교,N4,High school
12019,考古,こうこ,코우코,고고학,N2,Archaeology
12030,広告,こうこく,코우코쿠,광고,N4,Advertisement
12035,交互,こうご,코우고,교대,N2,Mutual; reciprocal; alternate
12042,交際,こうさい,코우사이,교제,N3,Company; association; dating
12047,工作,こうさく,코우사쿠,공작,N2,Work; construction; maneuvering (spy/political)
12048,耕作,こうさく,코우사쿠,경작,N2,Cultivation; farming
12063,鉱山,こうざん,코우잔,광산,N2,Mine (ore)
12081,校舎,こうしゃ,코우샤,교사 (학교 건물),N2,School building
12090,公衆,こうしゅう,코우슈우,공중,N2,The public
12095,講習,こうしゅう,코우슈우,강습,N2,Short course; training
12136,口述,こうじゅつ,코우쥬츠,구술,N2,Dictation; oral statement
12139,控除,こうじょ,코우죠,공제,N2,Deduction; subtraction
12142,向上,こうじょう,코우죠우,향상,N3,Improvement; advancement
12107,高尚,こうしょう,코우쇼우,고상,N2,Noble; refined; lofty
12123,香辛,こうしん,코우신,향신,N2,Spices; spicy
12150,降水,こうすい,코우스이,강수,N2,Precipitation
12151,香水,こうすい,코우스이,향수,N3,Perfume
12169,構成,こうせい,코우세이,구성,N2,Composition; organization; makeup
12160,公正,こうせい,코우세이,공정한,N2,Justice; fairness; impartiality
12178,光線,こうせん,코우센,광선,N2,Light beam; ray
12182,公然,こうぜん,코우젠,공공연,N1,Public; open; official
12187,抗争,こうそう,코우소우,항쟁,N2,Dispute; conflict; feud
12188,構想,こうそう,코우소우,구상,N2,Conception; plan; idea
12199,構造,こうぞう,코우조우,구조,N4,Structure; construction
12192,拘束,こうそく,코우소쿠,구속,N2,Restriction; restraint; binding
12195,高速,こうそく,코우소쿠,고속,N4,High speed
12203,後退,こうたい,코우타이,후퇴,N2,Retreat; backspace; recession
12202,交代,こうたい,코우타이,교체. 교대,N3,Alternation; shift; change
12217,公団,こうだん,코우단,공단,N2,Public corporation
12225,耕地,こうち,코우치,경지. 경작지,N2,Arable land; cultivated land
12236,好調,こうちょう,코우쵸우,호조,N3,In good shape; favorable; smooth
12243,交通,こうつう,코우츠우,교통,N4,Traffic; transportation
12251,肯定,こうてい,코우테이,긍정,N2,Affirmation; positive
12282,高度,こうど,코우도,고도,N3,Altitude; high-degree; advanced
12267,口頭,こうとう,코우토우,구두,N2,Oral; verbal
12286,講堂,こうどう,코우도우,강당,N4,Lecture hall; auditorium
12274,高等,こうとう,코우토우,고등,N3,High grade; advanced
12288,講読,こうどく,코우도쿠,강독,N2,Reading (and explaining)
12289,購読,こうどく,코우도쿠,구독,N2,"Subscription (to a magazine, etc.)"
12299,公認,こうにん,코우닌,공인,N2,Official recognition; authorization
12303,光熱,こうねつ,코우네츠,광열 (빛과 열),N1,Light and heat
12317,後輩,こうはい,코우하이,후배,N3,Junior (at work/school)
12318,荒廃,こうはい,코우하이,황폐,N2,Ruin; devastation; decay
12329,購買,こうばい,코우바이,"구매,매점",N2,Purchase; buying
12337,公表,こうひょう,코우효우,공표,N2,Official announcement; proclamation
12342,交付,こうふ,코우후,교부,N2,Delivery; grant; issuance
12348,降伏,こうふく,코우후쿠,항복,N2,Surrender; submission
12354,鉱物,こうぶつ,코우부츠,광물,N2,Mineral
12364,候補,こうほ,코우호,후보,N3,Candidate; prospect
12373,公募,こうぼ,코우보,공모,N2,Public appeal; open recruitment
12387,公務,こうむ,코우무,공무원,N4,Official business; public service
12393,項目,こうもく,코우모쿠,항목,N2,Item; heading; entry
12408,公用,こうよう,코우요우,"공용,관용",N2,Public use; official business
12484,小柄,こがら,코가라,왜소,N1,Small build; short stature; small pattern
12498,小切手,こぎって,코깃테,수표,N1,Check (money)
12493,故郷,こきょう,코쿄우,고향,N4,Hometown; birthplace
12521,国語,こくご,코쿠고,국어,N3,National language (Japanese)
12524,国際,こくさい,코쿠사이,국제,N4,International
12542,国籍,こくせき,코쿠세키,국적,N2,Nationality; citizenship
12553,国定,こくてい,코쿠테이,국정,N1,State-sanctioned; national
12560,告白,こくはく,코쿠하쿠,고백,N1,Confession; profession of love
12569,克服,こくふく,코쿠후쿠,극복,N2,Conquest; overcoming
12578,国防,こくぼう,코쿠보우,국방,N1,National defense
12583,穀物,こくもつ,코쿠모츠,곡물,N2,Grain; cereal
12585,国有,こくゆう,코쿠유우,국유,N1,National ownership; state-owned
12590,国連,こくれん,코쿠렌,UN,N2,United Nations (UN)
12605,焦げる,こげる,코게루,눋다. 타다,N2,To burn; to be scorched
12606,個々,ここ,코코,개개,N1,Individual; one by one
12643,凍える,こごえる,코고에루,얼어붙다,N2,To freeze; to be chilled
12617,心得る,こころえる,코코로에루,알다. 납득하다,N2,To be aware of; to understand; to consent
12624,志,こころざし,코코로자시,하려고 하는 의지,N4,Will; intention; ambition
12631,心細い,こころぼそい,코코로보소이,마음이 허전하다,N1,Helpless; lonely; discouraging
12633,試み,こころみ,코코로미,시도,N2,Attempt; trial; experiment
12637,快い,こころよい,코코로요이,기분 좋은,N2,Pleasant; agreeable; comfortable
12697,孤児,こじ,코지,고아,N1,Orphan
12665,腰掛け,こしかけ,코시카케,걸상,N2,Chair; seat; stepping stone
12666,腰掛ける,こしかける,코시카케루,걸터앉다,N2,To sit down
12689,故障,こしょう,코쇼우,고장,N4,Breakdown; fault; failure
12693,拵える,"こしらえる,こさえる","코시라에루,코사에루","만들다,마련하다,꾸미다",N2,To make; to manufacture; to prepare
12715,越す,こす,코스,넘다. 초과하다,N3,To cross; to pass; to move (house)
10388,雲,くも,쿠모,구름,N5,Cloud
12731,梢,こずえ,코즈에,나뭇가지 끝,N4,Treetop; tip of a branch
12748,個体,こたい,코타이,개체,N2,Individual (organism); solid body
12776,誇張,こちょう,코쵸우,과장,N1,Exaggeration
12832,古典,こてん,코텐,고전,N3,"Classic (literature, etc.)"
12156,講ずる,こうずる,코우즈루,강구하다,N1,To take (measures); to lecture
11734,減点,げんてん,겐텐,감점,N1,Demerit; subtraction of points
12642,小声,こごえ,코고에,작은 목소리,N2,Low voice; whisper
11833,好,こう,코우,호(좋을 호),N4,Good; favorite (prefix)
11562,解脱,げだつ,게다츠,해탈,N1,Moksha; liberation; deliverance
11592,解熱,げねつ,게네츠,해열,N1,Alleviation of fever
11591,解毒,げどく,게도쿠,해독,N1,Detoxification; antidote
11801,故意,こい,코이,고의,N1,Intention; purpose; deliberate
12661,枯死,こし,코시,고사,N1,Withering; dying (plants)
12755,枯淡,こたん,코탄,고담 (세속을 벗어나 담백함),N1,Refined simplicity; plain
12486,木枯らし,こがらし,코가라시,초겨울 찬 바람,N1,Cold wintry wind
12690,湖沼,こしょう,코쇼우,"호수와 늪,호소",N1,Lakes and marshes
11649,原型,げんけい,겐케이,원형,N1,Prototype; model; pattern
11981,広義,こうぎ,코우기,광의,N1,Broad sense
12434,拘留,こうりゅう,코우류우,구류,N1,Detention; lockup
12223,拘置,こうち,코우치,구치,N1,Detention; lockup
12140,厚情,こうじょう,코우죠우,후정,N1,Kindness; favor
12161,厚生,こうせい,코우세이,후생,N1,Welfare; public health
12144,恒常,こうじょう,코우죠우,항상,N1,Constancy; stability
12439,綱領,こうりょう,코우료우,강령,N1,Platform; program; creed
12535,告示,こくじ,코쿠지,공지,N1,Public notice; announcement
12801,骨子,こっし,콧시,골자,N1,Gist; essence; main points
12064,高山,こうざん,코우잔,고산,N2,High mountain; alpine
12869,寿,ことぶき,코토부키,장수,N4,Congratulations; long life
11829,功,こお,코오,공,N4,Merit; success; achievement
12461,肥える,こえる,코에루,"살찌다,풍부하다",N1,To grow fat; to become fertile
12377,公僕,こうぼく,코우보쿠,공직자,N1,Public servant
11629,原価,げんか,겐카,원가,N1,Cost price
11825,光,ひかり(こう),히카리(코우),광,N4,Light; ray
11915,降下,こうか,코우카,강하,N1,Descent; fall; drop
12165,攻勢,こうせい,코우세이,공세,N1,Offensive (movement)
12743,こそこそ,こそこそ,코소코소,소곤소곤,N1,Sneakingly; stealthily
12490,小刻み,こきざみ,코키자미,"잘게 썸,질름질름",N1,Short intervals; mincing steps
12805,こってり,こってり,콧테리,꾸덕,N1,Rich; heavy (food); thickly
12228,構築,こうちく,코우치쿠,구축,N1,Construction; building (up)
12762,小出し,こだし,코다시,조금씩,N1,Dosing out; in small quantities
12707,拗らせる,こじらせる,코지라세루,악화시키다,N1,To aggravate; to complicate (a situation)
12420,行楽,こうらく,코우라쿠,행락,N1,Pleasure trip; excursion; outing
11177,決意,けつい,케츠이,결의,N3,Decision; determination; resolve
11264,権威,けんい,켄이,권위,N2,Authority; influence; prestige
10479,繰り返す,くりかえす,쿠리카에스,반복하다,N4,To repeat
10923,軽々,かるがる,카루가루,가뿐하다,N3,Lightly; easily; carelessly
11082,怪我,けが,케가,상처,N4,Injury; wound
10323,首輪,くびわ,쿠비와,목걸이,N1,Collar
11084,毛皮,てがわ,테가와,털가죽,N1,Fur; skin; pelt
11476,芸,げい,게이,"끼, 재주",N2,Art; craft; performance
10173,癖,くせ,쿠세,버릇,N3,Habit; quirk
11186,決断,けつたん,케츠탄,결단,N3,Decision; determination
11320,検索,けんさく,켄사쿠,검색,N1,Search; retrieval
10111,腐る,くさる,쿠사루,썩다,N2,To rot; to go bad; to decay
9968,疑惑,ぎわく,기와쿠,의혹,N2,Doubt; suspicion
10690,具合,ぐあい,구아이,(몸)상태,N4,Condition; state; health
10011,区域,くいき,쿠이키,구역,N3,Area; district; zone
10016,食い違う,くいちがう,쿠이치가우,엇갈리다,N2,To differ; to clash; to disagree
10724,具体,ぐたい,구타이,구체,N2,Concrete; tangible; material
10185,砕ける,くだける,쿠다케루,부서지다. 깨지다,N3,To break; to be smashed; to be informal
10182,草臥れる,くたびれる,쿠타비레루,지치다,N3,To get tired; to be worn out
10193,下る,くだる,쿠다루,내려가다,N3,To go down; to descend; to be less than
10190,下り,くだり,쿠다리,"내리막,내려감",N3,Down-train; going down
10211,口ずさむ,くちずさむ,쿠치즈사무,흥얼거리다,N3,To hum; to croon
10217,嘴,くちばし,쿠치바시,"부리, 주둥이",N2,Beak; bill
10224,口紅,くちべに,쿠치베니,입술연지,N2,Lipstick
10256,苦痛,くつう,쿠츠우,고통,N2,Pain; suffering; agony
10733,ぐっすり,ぐっすり,굿스리,푹 (+자다),N3,Soundly (asleep)
10737,ぐっ,ぐっ,굿,쑥,N3,Suddenly; firmly; deeply
10270,くどい,くどい,쿠도이,지루할 정도로 장황하다,N2,Wordy; repetitive; heavy (taste)
10269,句読点,くとうてん,쿠토우텐,구두점,N3,Punctuation marks
10317,配る,くばる,쿠바루,나누어 주다,N4,To distribute; to deliver
10325,工夫,くふう,쿠후우,궁리,N3,Device; scheme; figuring out
10327,区分,くぶん,쿠분,구분,N2,Division; section; classification
10328,区別,くべつ,쿠베츠,구별,N3,Distinction; differentiation
10355,組,くみ,쿠미,조,N2,Set; group; class; gang
10357,組合,くみあい,쿠미아이,(노동)조합,N2,Association; union; guild
10361,組み合わせ,くみあわせ,쿠미아와세,조합,N2,Combination; assortment
10362,組み合わせる,くみあわせる,쿠미아와세루,배합하다,N1,To join together; to combine
10382,汲む,くむ,쿠무,"긷다,이어받다",N2,To scoop; to pump; to consider
10393,曇る,くもる,쿠모루,흐리다. 흐려지다,N4,To become cloudy; to fog up
10396,悔しい,くやしい,쿠야시이,분하다,N3,Vexing; frustrating; regrettable
10455,比べる,くらべる,쿠라베루,비교하다,N4,To compare
10521,狂う,くるう,쿠루우,이상해지다,N2,To go mad; to be out of order
10527,苦しむ,くるしむ,쿠루시무,괴로워하다,N3,To suffer; to groan
10551,暮れ,くれ,쿠레,"해질 녘,연말",N3,Year-end; sunset; end
10568,暮れる,くれる,쿠레루,저물다,N4,To get dark; to end (day/year)
10582,苦労,くろう,쿠로우,고생,N3,Hardship; trouble; toil
10596,黒字,くろじ,쿠로지,흑자,N2,In the black; surplus
10637,銜える,くわえる,쿠와에루,물다,N3,To hold in one's mouth
10639,詳しい,くわしい,쿠와시이,상세한,N5,Detailed; well-informed
10652,加わる,くわわる,쿠와와루,더해지다,N3,To join; to be added; to increase
10831,軍艦,ぐんかん,군칸,군함,N1,Warship
10839,軍事,ぐんじ,군지,군사,N1,Military affairs
10661,君主,くんしゅ,쿤슈,군주,N1,Monarch; sovereign
10837,群集,ぐんしゅう,군슈우,군중,N1,Crowd; throng; mass
10847,軍隊,ぐんたい,군타이,군대,N2,Army; troops
10671,訓読,くんどく,쿤도쿠,훈독,N2,Kun-reading (Japanese reading of kanji)
10855,軍備,ぐんび,군비,군비,N1,Armaments; military preparations
10674,訓練,くんれん,쿤렌,훈련,N3,Training; drill; practice
10903,経過,けいか,케이카,경과,N2,Passage (of time); progress; course
10904,警戒,けいかい,케이카이,경계,N3,Warning; caution; vigilance
10905,軽快,けいかい,케이카이,경쾌,N2,Light; nimble; cheerful
10912,契機,けいき,케이키,계기,N2,Opportunity; turning point; motive
10913,景気,けいき,케이키,경기,N4,Business conditions; the economy
10916,計器,けいき,케이키,계기,N1,Meter; gauge; instrument
10926,軽減,けいげん,케이겐,경감,N1,Reduction; mitigation
10937,敬語,けいご,케이고,경어,N2,Honorific language
10929,傾向,けいこう,케이코우,경향,N2,Tendency; trend
10932,蛍光,けいこう,케이코우,형광,N2,Fluorescence
10934,警告,けいこく,케이코쿠,경고,N3,Warning; advice
10941,掲載,けいさい,케이사이,게재,N2,Publication; appearance (in a magazine)
10944,計算,けいさん,케이산,계산,N4,Calculation; reckoning
10969,刑事,けいじ,케이지,형사,N2,Criminal case; (police) detective
10973,掲示,けいじ,케이지,게시,N3,Notice; bulletin; posting
10952,形式,けいしき,케이시키,형식,N3,Form; formality; style
10953,傾斜,けいしゃ,케이샤,경사,N1,Slope; inclination; slant
11000,継続,けいぞく,케이조쿠,계속,N2,Continuation
11002,形態,けいたい,케이타이,형태,N2,Form; shape; aspect
11003,携帯,けいたい,케이타이,휴대,N3,Portable; mobile phone; carrying
11021,毛糸,けいと,케이토,털실,N3,Knitting wool; wool yarn
11024,系統,けいとう,케이토우,계통,N3,System; lineage; genealogy
11489,芸能,げいのう,게이노우,예능,N2,Public entertainment; performing arts
11033,競馬,けいば,케이바,경마,N2,Horse racing
11036,刑罰,けいばつ,케이바츠,형벌,N1,Punishment; penalty
11042,警部,けいぶ,케이부,경부,N1,Police Inspector
11045,軽蔑,けいべつ,케이베츠,경멸,N1,Scorn; disdain; contempt
11056,契約,けいやく,케이야쿠,계약,N5,Contract; agreement
11057,経由,けいゆ,케이유,경유,N2,Via; by way of
11062,形容,けいよう,케이요우,형용,N2,Description; metaphor; adjective
11074,経歴,けいれき,케이레키,경력,N2,Personal history; career
11495,外科,げか,게카,외과,N2,Surgery; department of surgery
11497,劇,げき,게키,극. 연극,N3,Play; drama
11507,劇場,げきじょう,게키죠우,극장,N3,Theater
11514,激増,げきぞう,게키조우,격증,N2,Sudden increase; surge
11096,化粧,けしょう,케쇼우,화장,N3,Makeup; cosmetics
11102,桁,けた,케타,자릿수,N2,Digit; beam; girder
11109,けち,けち,케치,인색,N3,Stingy; miser; petty
11176,血圧,けつあつ,케츠아츠,혈압,N2,Blood pressure
11116,結核,けっかく,켓카쿠,결핵,N1,Tuberculosis (TB)
11117,欠陥,けっかん,켓칸,결함,N2,Defect; flaw; fault
11162,決定,けってい,켓테이,결정,N4,Decision; determination
11163,欠点,けってん,켓텐,결점,N3,Fault; defect; weak point
11191,欠乏,けつぼう,케츠보우,결핍,N1,Want; shortage; famine
11199,結論,けつろん,케츠론,결론,N4,Conclusion
11204,貶す,けなす,케나스,깎아내리다,N2,To speak ill of; to disparage
11210,気配,けはい,케하이,기색,N3,Indication; sign; presence
11220,煙たい,けむたい,케무타이,(연기 등이) 맵다. 냅다,N2,Smoky; stifling; awkward (person)
11223,煙る,けむる,케무루,자욱하다,N2,To be smoky; to be misty
11226,家来,けらい,케라이,가신,N2,Retainer; servant; follower
11238,けれど,ケレド,케레도모,하지만. 그렇지만,N5,But; however
11243,険しい,けわしい,케와시이,험하다,N3,Steep; rugged; stern (face)
11246,件,けん,켄,"건,사항",N4,Case; matter; incident
11283,見解,けんかい,켄카이,견해,N2,Opinion; point of view
11304,兼業,けんぎょう,켄교우,겸업,N2,Side business; holding two jobs
11298,謙虚,けんきょ,켄쿄,겸허,N2,Modesty; humility
11310,権限,けんげん,켄겐,권한,N2,Authority; power; jurisdiction
11325,健在,けんざい,켄자이,건재,N2,In good health; alive and well
11355,検事,けんじ,켄지,검사,N2,Public prosecutor
11337,研修,けんしゅう,켄슈우,연수,N3,Training; induction course
11343,懸賞,けんしょう,켄쇼우,"상을 걺,현상",N2,Prize; award
11373,建設,けんせつ,켄세츠,건설,N4,Construction; establishment
11375,健全,けんぜん,켄젠,건전,N1,Healthy; sound; wholesome
11390,見地,けんち,켄치,"관점,견지",N2,Point of view; standpoint
11403,検討,けんとう,켄토우,검토,N3,Consideration; examination
11418,顕微,けんび,켄비,현미,N3,Microscopic
11430,憲法,けんぽう,켄포우,헌법,N3,Constitution
11446,権利,けんり,켄리,권리,N3,Right; privilege
11448,権力,けんりょく,켄료쿠,권력,N3,Power; authority; influence
10828,群,むれ,무레,무리 (떼),N2,Group; crowd; flock
10403,くらい,くらい,쿠라이,"정도, 만큼",N4,About; approximately; grade
10528,苦しめる,くるしめる,쿠루시메루,괴롭히다,N1,To torment; to harass; to cause pain
11349,検診,けんしん,켄신,검진,N2,Medical examination; checkup
10502,繰り広げる,くりひろげる,쿠리히로게루,펼치다,N2,To unfold; to open out
10879,系,けい,케이,"계열, 계통",N4,System; lineage; group
10898,敬遠,けいえん,케이에이,경원 (멀리함),N1,Keeping at a distance; intentional walk (baseball)
11305,県警,けんけい,켄케이,현경 (일본 현의 경찰),N1,Prefectural police
10699,宮司,ぐうじ,구우지,궁사 (신사의 신관),N1,Chief priest of a Shinto shrine
9957,ぎりぎり,ぎりぎり,기리기리,아슬아슬,N2,At the last moment; just barely
10059,句会,くかい,쿠카이,시회 (하이쿠 모임),N1,Haiku party; poetry meeting
10076,苦吟,くぎん,쿠긴,고심하며 시를 씀,N1,Struggling to compose (a poem/text)
9973,銀貨,ぎんか,긴카,은화,N1,Silver coin
10129,句集,くしゅう,쿠슈우,하이쿠집,N1,Haiku collection
11480,迎合,げいごう,게이고우,영합,N1,Catering to; pandering
10746,具備,ぐび,구비,구비,N1,Equipment; possession; fulfillment
10128,串焼き,くしやき,쿠시야키,꼬치구이,N1,Skewer-grilling; kushiyaki
10261,屈辱,くつじょく,쿠츠죠쿠,굴욕,N1,Humiliation; insult; disgrace
10248,屈伸,くっしん,쿳신,"굽힘과 폄,굴신",N1,Bending and stretching; calisthenics
10672,君臨,くんりん,쿤린,군림,N1,Reign; dictate; control
11366,件数,けんすう,켄스우,건수,N1,Number of cases
11060,恵与,けいよ,케이요,혜여,N1,Gift; favor; bestowal
11030,啓発,けいはつ,케이하츠,계발,N1,Enlightenment; development; edification
10971,啓示,けいじ,케이지,계시,N1,Revelation
10933,渓谷,けいこく,케이코쿠,계곡,N2,Valley; ravine; canyon
11041,敬服,けいふく,케이후쿠,"감복,경복",N1,Admiration; esteem
11029,軽薄,けいはく,케이하쿠,경박함,N1,Frivolous; flippant; shallow
11022,傾倒,けいとう,케이토우,"심취,경도",N1,Devotion; infatuation; admiration
11381,建造,けんぞう,켄조우,건조,N1,Construction; building
11302,建議,けんぎ,켄기,건의,N1,Proposal; suggestion
11409,県内,けんない,켄나이,현내,N1,Within the prefecture
11447,県立,けんりつ,켄리츠,현립,N1,Prefectural (institution)
11411,兼任,けんにん,켄닌,겸임,N1,Holding two posts concurrently
11347,兼職,けんしょく,켄쇼쿠,겸직,N1,Holding two posts
11406,剣道,けんどう,켄도우,검도,N2,Kendo (Japanese fencing)
11357,堅実,けんじつ,켄지츠,견실,N1,Steady; sound; reliable
11276,嫌惡,けんお,켄오,혐오,N1,Hatred; loathing; detestation
11361,献上,けんじょう,켄죠우,"헌상, 바침",N1,Presentation (to a superior)
11351,献身,けんしん,켄신,헌신,N1,Devotion; dedication
11167,血統,けっとう,켓토우,혈통,N1,Lineage; pedigree; bloodline
11197,決裂,けつれつ,케츠레츠,결렬,N2,Rupture; breakdown (of negotiations)
10669,薫陶,くんとう,쿤토우,훈도 (가르쳐 길러냄),N2,Training; grooming; influence
10834,群居,ぐんきょ,군쿄,"떼지어 생활함, 군거",N1,Living in a group; gregarious
10968,兄事,けいじ,케이지,형으로 모심(형사),N1,Looking up to as an elder brother/mentor
11192,結末,けつまつ,케츠마츠,결말,N2,(Possible typo for 結末) End; conclusion; settlement
10415,食らう,くらう,쿠라우,"먹다, (욕을) 먹다",N1,To eat; to drink; to receive (a blow)
11018,警笛,けいてき,케이테키,경적,N2,Horn; whistle; alarm
10428,クラシキ,クラシキ,쿠라시키,쿠라시키 (지명),N1,Kurashiki
10223,口笛,くちぶえ,쿠치부에,휘파람,N1,Whistle
11070,計量,けいりょう,케이료우,계량,N1,Measurement; weighing
11161,決着,けっちゃく,켓챠쿠,"결판, 매듭",N1,Conclusion; settlement
10042,空洞,くうどう,쿠우도우,공동 (텅 빈 굴),N1,Cave; hollow; cavity
11031,ケイハン,ケイハン,케이한,교토-오사카 지역,N1,Keihan (Kyoto-Osaka area)
10963,軽傷,けいしょう,케이쇼우,경상,N1,Slight wound; minor injury
11251,圏,けん,켄,권,N1,Sphere; circle; range
11452,兼六,けんろく,켄로쿠,겐로쿠,N1,Kenroku (as in Kenrokuen garden)
11360,健常,けんじょう,켄죠우,"건강,건상",N1,Normal; healthy
10372,組み立て,くみたて,쿠미타테,조립식,N1,Assembly; construction; framework
10792,ぐるみ,#NAME?,#NAME?,#NAME?,N1,Including; together with (suffix)
10749,弘法,ぐほう,구호우,홍법,N1,Propagation of Buddhism (also Kobo-daishi)
9418,巨大,きょだい,쿄다이,거대,N5,Huge; gigantic; enormous
9611,禁煙,きんえん,킨엔,금연,N3,No smoking; quitting smoking
9875,牛肉,ぎゅうにく,규우니쿠,소고기,N2,Beef
9562,奇麗,きれい,키레이,예쁘다,N5,Beautiful; clean; tidy
9901,業者,ぎょうしゃ,교우샤,업자,N3,Trader; dealer; businessman
9441,距離,きょり,쿄리,거리,N5,Distance; range; gap
8547,傷付ける,きずつける,키즈츠케루,상처입히다,N3,To hurt; to injure; to damage
9485,きらきら,きらきら,키라키라,반짝반짝,N4,Glitter; sparkle; twinkle
9816,ぎっしり,ぎっしり,깃시리,빼곡히,N3,Tightly; packed; closely
9346,協力,きょうりょく,쿄우료쿠,협력,N4,Cooperation; collaboration
8517,記事,きじ,키지,기사,N3,Article; news story; report
9536,切り開く,きりひらく,키리히라쿠,개척하다,N2,To clear (land); to open up; to cut through
9226,教師,きょうし,쿄우시,교사,N3,Teacher; instructor
9762,議員,ぎいん,기인,의원,N2,Member of parliament/assembly
9773,戯曲,ぎきょく,기쿄쿠,희곡,N1,Play; drama
9780,議決,ぎけつ,기케츠,의결,N1,Decision; resolution; vote
9788,技師,ぎし,기시,기사 (엔지니어),N2,Engineer; technician
8520,期日,きじつ,키지츠,기일,N2,Fixed date; deadline
9796,議事,ぎじ,기지,의사,N2,Proceedings; business
8525,記述,きじゅつ,키쥬츠,기술,N1,Description; notation; writing
8526,基準,きじゅん,키쥰,기준,N3,Standard; criterion; benchmark
8528,規準,きじゅん,키쥰,기준,N1,Standard; norm; canon
8506,気象,きしょう,키쇼우,기상,N2,Weather; atmospheric phenomena
8508,起床,きしょう,키쇼우,기상. 일어남,N2,Rising; getting out of bed
8556,規制,きせい,키세이,규제,N2,Regulation; control; restriction
9805,犠牲,ぎせい,기세이,희생,N2,Sacrifice; victim
8566,着せる,きせる,키세루,입히다,N2,To put clothes on (someone); to dress
8568,汽船,きせん,키센,기선,N2,Steamship
8584,寄贈,きぞう,키조우,기증,N3,Donation; gift; presentation
9811,偽造,ぎぞう,기조우,위조,N1,Forgery; counterfeiting
8580,規則,きそく,키소쿠,규칙,N4,Rule; regulation
8586,貴族,きぞく,키조쿠,귀족,N3,Noble; aristocrat
8646,基地,きち,키치,기지,N2,Base (military/expedition)
9815,議長,ぎちょう,기쵸우,의장,N2,Chairman; speaker; president
8658,几帳面,きちょうめん,키쵸우멘,"꼼꼼,골밀이",N1,Methodical; punctual; steady
8687,きつい,きつい,키츠이,꼭 끼다,N3,Tight; harsh; hard; intense
8661,切っ掛け,きっかけ,킷카케,계기,N3,Trigger; start; opportunity; motive
8683,きっぱり,きっぱり,킷파리,단호히,N3,Clearly; flatly; once and for all
8709,規定,きてい,키테이,규정,N2,Stipulation; provision; regulation
8712,起点,きてん,키텐,기점,N1,Starting point; origin
8730,軌道,きどう,키도우,궤도,N2,Orbit; track; railroad
8738,記入,きにゅう,키뉴우,기입,N4,Entry; filling in (a form)
9822,技能,ぎのう,기노우,기능,N1,Skill; technical ability
8765,気の毒,きのどく,키노도쿠,"안타까움,송구함",N2,"Pitiful; regrettable; ""I'm sorry to hear"""
8785,基盤,きばん,키반,기반,N2,Foundation; basis; infrastructure
8788,気品,きひん,키힌,기품,N1,Dignity; grace; refinement
8795,寄付,きふ,키후,기부,N3,Contribution; donation
8798,気風,きふう,키후우,기풍,N1,Character; spirit; air; ethos
8800,起伏,きふく,키후쿠,기복,N1,Undulation; ups and downs
8814,生真面目,きまじめ,키마지메,고지식함,N1,Deadly earnest; very serious
8820,君-代名詞,きみ,키미,자네. 너,N4,You (informal/masculine)
8837,奇妙,きみょう,키묘우,기묘,N2,Strange; odd; peculiar
8845,記名,きめい,키메이,기명,N1,Signature; register; name entry
8850,決める,きめる,키메루,정하다,N5,To decide; to choose; to determine
9837,疑問,ぎもん,기몬,의문,N3,Question; doubt; problem
9839,逆,ぎゃく,갸쿠,"거꾸로, 역",N4,Reverse; opposite; contrary
8865,脚色,きゃくしょく,캬쿠쇼쿠,각색,N1,Dramatization; adaptation
8867,客席,きゃくせき,캬쿠세키,객석,N2,Guest seats; audience
8881,客観,きゃっかん,캿칸,객관,N2,Objectivity
8945,救援,きゅうえん,큐우엔,구원,N2,Relief; rescue; reinforcement
8948,休暇,きゅうか,큐우카,휴가,N3,Vacation; holiday; leave
8957,休学,きゅうがく,큐우가쿠,휴학,N1,Leave of absence from school
8962,究極,きゅうきょく,큐우쿄쿠,궁극,N1,Ultimate; extreme
8967,休憩,きゅうけい,큐우케이,휴게,N3,Rest; break; recess
8976,休講,きゅうこう,큐우코우,휴강,N2,Cancellation of a lecture
8977,急行,きゅうこう,큐우코우,급행,N4,Express (train); rushing to
8988,救済,きゅうさい,큐우사이,구제,N1,Relief; aid; salvation; bailout
8997,吸収,きゅうしゅう,큐우슈우,흡수,N2,Absorption; suction
9019,救助,きゅうじょ,큐우죠,구조,N3,Rescue; help; aid
9034,休戦,きゅうせん,큐우센,휴전,N1,Truce; armistice
9039,急速,きゅうそく,큐우소쿠,급속,N2,Rapid (progress/speed)
9047,旧知,きゅうち,큐우치,"구면,구지",N1,Old friend; old acquaintance
9057,宮殿,きゅうでん,큐우덴,궁전,N2,Palace
9081,窮乏,きゅうぼう,큐우보우,궁핍,N1,Poverty; destitution
9095,休養,きゅうよう,큐우요우,휴양,N3,Rest; recuperation; recreation
9103,丘陵,きゅうりょう,큐우료우,구릉,N2,Hill; hillock
9104,給料,きゅうりょう,큐우료우,급료,N3,Salary; wages
9446,寄与,きよ,키요,기여,N1,Contribution; service
9448,清い,きよい,키요이,깨끗하다,N2,Pure; clean; noble
9167,強化,きょうか,쿄우카,강화,N3,Strengthening; reinforcement
9170,協会,きょうかい,쿄우카이,협회,N2,Association; society; organization
9172,教会,きょうかい,쿄우카이,교회,N4,Church
9179,共学,きょうがく,쿄우가쿠,공학,N1,Coeducation
9176,共感,きょうかん,쿄우칸,공감,N1,Empathy; sympathy
9192,競技,きょうぎ,쿄우기,경기,N2,Game; match; contest
9189,協議,きょうぎ,쿄우기,협의,N1,Conference; consultation; discussion
9187,供給,きょうきゅう,쿄우큐우,공급,N2,Supply; provision
9197,境遇,きょうぐう,쿄우구우,경우,N1,Circumstances; environment
9196,教訓,きょうくん,쿄우쿤,교훈,N2,Lesson; precept; moral
9208,強行,きょうこう,쿄우코우,강행,N1,Forced; enforcement
9207,強硬,きょうこう,쿄우코우,강경,N1,Firm; stiff; unyielding
9225,教材,きょうざい,쿄우자이,교재,N1,Teaching materials
9222,凶作,きょうさく,쿄우사쿠,흉작,N1,Bad harvest; crop failure
9223,共産,きょうさん,쿄우산,공산,N2,Communism
9906,行事,ぎょうじ,교우지,행사,N3,Event; function; ceremony
9252,享受,きょうじゅ,쿄우쥬,"받아들여 누림,향수",N2,Enjoyment; reception; benefit
9233,教習,きょうしゅう,쿄우슈우,교습,N1,Training; instruction
9234,郷愁,きょうしゅう,쿄우슈우,향수,N1,Nostalgia; homesickness
9241,教職,きょうしょく,쿄우쇼쿠,교직,N1,Teaching profession
9257,興ずる,きょうじる,쿄우지루,흥겨워하다,N1,To amuse oneself; to enjoy
9260,強制,きょうせい,쿄우세이,강제,N1,Compulsion; coercion; forcing
9269,競争,きょうそう,쿄우소우,경쟁,N3,Competition; contest
9287,協調,きょうちょう,쿄우쵸우,협조,N2,Cooperation; harmony; coordination
9288,強調,きょうちょう,쿄우쵸우,강조,N3,Emphasis; stress; highlight
9313,脅迫,きょうはく,쿄우하쿠,협박,N2,Threat; coercion; intimidation
9317,恐怖,きょうふ,쿄우후,공포,N2,Fear; terror; dread
9327,興味,きょうみ,쿄우미,흥미. 관심,N4,Interest
9920,業務,ぎょうむ,교우무,업무,N3,Business; affairs; duties
9328,共鳴,きょうめい,쿄우메이,공명,N1,Resonance; sympathy
9337,教養,きょうよう,쿄우요우,교양,N2,Culture; education; refinement
9342,郷里,きょうり,쿄우리,고향,N2,Birthplace; hometown
9351,共和,きょうわ,쿄우와,공화,N1,Republic; harmony; concord
9354,許可,きょか,쿄카,허가,N3,Permission; approval; license
9928,漁業,ぎょぎょう,교교우,어업,N2,Fishing industry
9372,極限,きょくげん,쿄쿠겐,극한,N1,Limit; extremity
9379,曲線,きょくせん,쿄쿠센,곡선,N2,Curve; curved line
9381,極端,きょくたん,쿄쿠탄,극단,N1,Extreme; extremity
9411,居住,きょじゅう,쿄쥬우,거주,N1,Residing; dwelling; residence
9416,拒絶,きょぜつ,쿄제츠,거절,N1,Refusal; rejection
9941,漁船,ぎょせん,교센,어선,N3,Fishing boat
9942,漁村,ぎょそん,교손,어촌,N2,Fishing village
9433,拒否,きょひ,쿄히,거부,N2,Refusal; denial; veto
9439,許容,きょよう,쿄요우,허용,N2,Permission; tolerance; allowance
9490,煌びやか,きらびやか,키라비야카,눈부시게 아름다운,N1,Gorgeous; brilliant; dazzling
9502,切り替える,きりかえる,키리카에루,전환,N3,To switch; to exchange; to renew
9543,気流,きりゅう,키류우,기류,N2,Air current
9601,菌,きん,킨,균,N2,Fungus; bacteria; germ
9667,禁ずる,きんじる,킨지루,금하다. 금지하다,N2,To forbid; to prohibit
9675,金銭,きんせん,킨센,금전,N2,Money; cash
9679,金属,きんぞく,킨조쿠,금속,N4,Metal
9681,近代,きんだい,킨다이,근대,N3,Modern ages; modern era
9724,勤務,きんむ,킨무,근무,N3,Service; duty; work
8838,キム,きむ,키무,김,N2,Kim (surname)
9561,切れ味,きれあじ,키레아지,칼 드는 정도,N1,Sharpness (of a blade); wit
9428,きょとん,きょとん,쿄톤,멀뚱,N1,Dazed; blankly; wide-eyed
9053,宮廷,きゅうてい,큐우테이,궁정,N2,Imperial Court; royal court
9609,金色,きんいろ,킨이로,금색,N2,Golden color
8739,帰任,きにゅう,키뉴우,복귀,N1,Returning to one's post
9763,議院,ぎいん,기인,의원,N1,House (of parliament); chamber
9926,漁獲,ぎょかく,교카쿠,어획,N1,Catch (of fish)
8551,帰省,きせい,키세이,귀성,N2,Homecoming; returning home
8786,忌避,きひ,키히,기피,N1,Evasion; avoidance; shunning
8537,奇数,きすう,키스우,"홀수,기수",N2,Odd number
8752,祈念,きねい,키네이,기원,N1,Prayer
9526,起立,きりつ,키리츠,기립,N2,Standing up; rising
8756,帰納,きのう,키노우,귀납,N1,Induction (logic)
9027,急逝,きゅうせい,큐우세이,급작,N1,Sudden death
9046,糾弾,きゅうだん,큐우단,규탄,N1,Denunciation; condemnation
8969,球形,きゅうけい,큐우케이,구형,N1,Spherical shape
8964,球技,きゅうぎ,큐우기,구기,N1,Ball game
9592,極まる,きわまる,키와마루,극에 달하다,N1,To reach an extreme; to end
9407,巨匠,きょしょう,쿄쇼우,거장,N1,Master; maestro
9861,逆境,ぎゃっきょう,걋쿄우,역경,N2,Adversity
9284,境地,きょうち,쿄우치,경지,N2,State (of mind); situation; ground
8697,詰問,きつもん,키츠몬,힐문,N1,Cross-examination; interrogation
9566,亀裂,きれつ,키레츠,균열,N2,Crack; fissure; rift
9848,逆上,ぎゃくじょう,갸쿠죠우,"격분,역상",N1,Rushing of blood to head; dizziness; frenzy
9044,及第,きゅうだい,큐우다이,급제 (합격),N2,Passing (an exam/standard)
9915,仰天,ぎょうてん,교우텐,깜짝 놀람,N1,Being amazed; astounded
9896,凝固,ぎょうこ,교우코,응고,N1,Solidification; coagulation; freezing
9894,凝結,ぎょうけつ,교우케츠,응결,N1,Condensation; freezing; coagulation
9900,凝視,ぎょうし,교우시,응시,N1,Stare; gaze; scrutiny
9063,吸入,きゅうにゅう,큐우뉴우,흡입,N1,Inhalation; suction
9003,求職,きゅうしょく,큐우쇼쿠,구직,N1,Job hunting; seeking employment
9950,魚類,ぎょるい,교루이,어류,N1,Fishes
9184,狂気,きょうき,쿄우키,광기,N1,Madness; insanity
9202,狂言,きょうげん,쿄우겐,교겐,N1,Noh farce; make-believe; trick
9318,京風,きょうふう,쿄우후우,교토풍,N1,Kyoto style
9331,享有,きょうゆう,쿄우유우,향유,N1,Enjoyment (of rights)
9338,享楽,きょうらく,쿄우라쿠,향락,N1,Pleasure; enjoyment
9211,峡谷,きょうこく,쿄우코쿠,협곡,N1,Canyon; gorge; ravine
9201,挟撃,きょうげき,쿄우게키,협공,N1,Pincer attack
9152,胸囲,きょうい,쿄우이,가슴둘레,N1,Chest measurement
9285,胸中,きょうちゅう,쿄우츄우,가슴속,N1,One's heart; true intention
9722,緊密,きんみつ,킨미츠,긴밀함,N1,Close; intimate; tight
9655,謹慎,きんしん,킨신,근신,N1,Self-restraint; suspension (from school/job)
9692,謹呈,きんてい,킨테이,근정 (삼가 올림),N1,Presentation (complimentary)
8498,寄宿,きしゅく,키슈쿠,기숙,N1,Lodging; boarding
8868,客船,きゃくせん,캬쿠센,객선,N1,Passenger ship
8774,揮発,きはつ,키하츠,휘발,N1,Volatilization; evaporation
8583,毀損,きそん,키손,훼손,N1,Damage; injury; defamation
9593,極み,きわみ,키와미,"정점, 극치",N1,Height; peak; limit
9933,玉石,ぎょくせき,교쿠세키,옥석,N1,Gems and stones; mixture of good and bad
9779,義兄,ぎけい,기케이,친형,N1,Brother-in-law (older)
9613,金貨,きんか,킨카,금화,N1,Gold coin
9218,教唆,きょうさ,쿄우사,교사 (부추김),N1,Instigation; incitement
9092,旧友,きゅうゆう,큐우유우,"구유, 오랜 친구",N1,Old friend
8716,帰途,きと,키토,귀로,N1,On the way back; return journey
9023,求人,きゅうじん,큐우진,구인,N1,Help wanted; recruitment
9059,急騰,きゅうとう,큐우토우,급등,N1,Sudden jump (in price)
8731,気取る,きどる,키도루,젠체하다,N1,To put on airs; to affect; to pose
8621,来す,きたす,키타스,유발하다,N1,To cause; to bring about; to induce
9070,急場,きゅうば,큐우바,급한 고비,N1,Emergency; critical moment
9304,協同,きょうどう,쿄우도우,협동,N1,Cooperation; collaboration
9256,強靭,きょうじん,쿄우진,강인,N1,Tough; tenacious; strong
